사고번호,사고일시,요일,시군구,사고내용,사망자수,중상자수,경상자수,부상신고자수,사고유형,법규위반,노면상태,기상상태,도로형태,가해운전자 차종,가해운전자 성별,가해운전자 연령,가해운전자 상해정도,피해운전자 차종,피해운전자 성별,피해운전자 연령,피해운전자 상해정도
2014011400100302,2014년 1월 14일 16시,화요일,인천광역시 남동구 논현동,부상신고사고,0,0,0,1,차대사람 - 기타,안전운전불이행,건조,맑음,단일로 - 기타,화물,남,63세,상해없음,보행자,여,48세,부상신고
2014011400100327,2014년 1월 14일 17시,화요일,인천광역시 남구 도화동,중상사고,0,1,0,0,차대사람 - 기타,안전운전불이행,건조,맑음,단일로 - 기타,승합,남,54세,상해없음,보행자,여,65세,중상
2014011400100328,2014년 1월 14일 17시,화요일,인천광역시 부평구 부개동,경상사고,0,0,1,0,차대차 - 측면직각충돌,안전운전불이행,건조,맑음,교차로 - 교차로안,승용,남,27세,상해없음,이륜,남,18세,경상
2014011400100362,2014년 1월 14일 18시,화요일,인천광역시 동구 송림동,경상사고,0,0,1,0,차대차 - 측면직각충돌,안전운전불이행,건조,맑음,교차로 - 교차로안,승용,남,65세,상해없음,이륜,남,19세,경상
2014011400100393,2014년 1월 14일 19시,화요일,인천광역시 부평구 갈산동,경상사고,0,0,2,0,차대차 - 측면직각충돌,교차로운행방법위반,건조,맑음,교차로 - 교차로안,승용,남,24세,상해없음,승용,남,26세,경상
2014011400100414,2014년 1월 14일 20시,화요일,인천광역시 남동구 간석동,중상사고,0,1,0,0,차대사람 - 횡단중,안전운전불이행,건조,맑음,단일로 - 기타,승용,남,51세,상해없음,보행자,남,67세,중상
2014011400100415,2014년 1월 14일 20시,화요일,인천광역시 강화군 강화읍,중상사고,0,1,0,0,차대차 - 측면직각충돌,안전운전불이행,건조,맑음,단일로 - 기타,승용,여,26세,상해없음,승용,남,27세,중상
2014011400100443,2014년 1월 14일 21시,화요일,인천광역시 동구 송림동,경상사고,0,0,1,0,차대사람 - 기타,신호위반,건조,맑음,교차로 - 교차로부근,승용,남,28세,상해없음,보행자,남,67세,경상
2014011400100462,2014년 1월 14일 22시,화요일,인천광역시 남동구 구월동,경상사고,0,0,2,0,차대차 - 추돌 - 진행중,안전운전불이행,건조,맑음,교차로 - 교차로안,승용,남,43세,상해없음,승용,남,22세,경상
2014011400100490,2014년 1월 14일 23시,화요일,인천광역시 서구 심곡동,중상사고,0,1,0,0,차대차 - 추돌 - 주정차중,안전운전불이행,건조,맑음,교차로 - 교차로부근,승용,남,41세,상해없음,승용,남,45세,중상
2014011400100491,2014년 1월 14일 23시,화요일,인천광역시 서구 검암동,경상사고,0,0,1,0,차대차 - 기타,신호위반,건조,맑음,교차로 - 교차로안,기타불명,기타불명,기타불명,기타불명,승용,여,44세,경상
2014011500100014,2014년 1월 15일 00시,수요일,인천광역시 남구 주안동,경상사고,0,0,2,0,차대차 - 기타,안전운전불이행,건조,맑음,단일로 - 기타,승용,남,36세,경상,승용,남,44세,경상
2014011500100015,2014년 1월 15일 00시,수요일,인천광역시 계양구 작전동,중상사고,0,1,0,0,차대사람 - 횡단중,안전운전불이행,건조,맑음,미분류 - 미분류,승용,남,52세,상해없음,보행자,남,50세,중상
2014011500100024,2014년 1월 15일 01시,수요일,인천광역시 남동구 만수동,중상사고,0,1,0,0,차대차 - 정면충돌,신호위반,건조,맑음,교차로 - 교차로안,화물,남,34세,상해없음,승용,남,33세,중상
2014011500100025,2014년 1월 15일 01시,수요일,인천광역시 부평구 부평동,중상사고,0,1,0,0,차대사람 - 횡단중,신호위반,건조,맑음,단일로 - 기타,승용,남,35세,상해없음,보행자,여,59세,중상
2014011500100036,2014년 1월 15일 02시,수요일,인천광역시 남동구 구월동,경상사고,0,0,1,0,차대사람 - 기타,안전운전불이행,습기,맑음,교차로 - 교차로부근,승용,남,34세,상해없음,보행자,남,62세,경상
2014011500100094,2014년 1월 15일 07시,수요일,인천광역시 남구 주안동,경상사고,0,0,1,0,차대사람 - 기타,중앙선침범,건조,맑음,단일로 - 교량,승용,여,54세,상해없음,보행자,여,39세,경상
2014011500100095,2014년 1월 15일 07시,수요일,인천광역시 서구 가정동,경상사고,0,0,1,0,차대차 - 추돌 - 진행중,안전운전불이행,건조,맑음,미분류 - 미분류,승합,남,41세,상해없음,승용,남,37세,경상
2014011500100127,2014년 1월 15일 08시,수요일,인천광역시 강화군 불은면,경상사고,0,0,1,0,차대차 - 기타,교차로운행방법위반,건조,맑음,교차로 - 교차로안,승용,여,54세,상해없음,승용,여,39세,경상
2014011500100175,2014년 1월 15일 10시,수요일,인천광역시 서구 연희동,경상사고,0,0,2,0,차대차 - 추돌 - 주정차중,안전거리미확보,건조,맑음,단일로 - 기타,승용,남,44세,상해없음,승용,남,44세,경상
2014011500100219,2014년 1월 15일 12시,수요일,인천광역시 옹진군 대청면,경상사고,0,0,1,0,차대사람 - 기타,안전운전불이행,건조,맑음,단일로 - 기타,화물,남,43세,상해없음,보행자,남,58세,경상
2014011500100220,2014년 1월 15일 12시,수요일,인천광역시 서구 경서동,경상사고,0,0,1,0,차대차 - 측면직각충돌,직진우회전진행방해,건조,맑음,교차로 - 교차로안,승용,남,45세,상해없음,승용,여,30세,경상
2014011500100389,2014년 1월 15일 18시,수요일,인천광역시 남구 숭의동,경상사고,0,0,1,0,차대차 - 추돌 - 진행중,안전운전불이행,건조,맑음,교차로 - 교차로부근,승합,남,46세,상해없음,승용,남,31세,경상
2014011500100419,2014년 1월 15일 19시,수요일,인천광역시 계양구 효성동,중상사고,0,1,0,0,차대차 - 측면직각충돌,안전운전불이행,건조,맑음,단일로 - 기타,승용,남,62세,상해없음,이륜,남,54세,중상
2014011500100457,2014년 1월 15일 20시,수요일,인천광역시 부평구 산곡동,중상사고,0,1,0,0,차대사람 - 차도통행중,안전운전불이행,건조,맑음,교차로 - 교차로부근,승용,남,31세,상해없음,보행자,여,70세,중상
2014011500100458,2014년 1월 15일 20시,수요일,인천광역시 서구 연희동,경상사고,0,0,2,0,차대차 - 추돌 - 주정차중,안전운전불이행,건조,맑음,교차로 - 교차로부근,승용,여,41세,상해없음,승용,남,27세,경상
2014011500100487,2014년 1월 15일 21시,수요일,인천광역시 동구 송현동,중상사고,0,1,0,0,차대사람 - 횡단중,보행자보호의무위반,건조,맑음,단일로 - 횡단보도상,승용,남,53세,상해없음,보행자,여,17세,중상
2014011500100488,2014년 1월 15일 21시,수요일,인천광역시 남동구 구월동,경상사고,0,0,1,0,차대차 - 추돌 - 진행중,교차로운행방법위반,건조,맑음,교차로 - 교차로부근,승용,여,33세,상해없음,화물,여,45세,경상
2014011500100509,2014년 1월 15일 22시,수요일,인천광역시 남구 주안동,중상사고,0,1,0,0,차대사람 - 기타,안전운전불이행,건조,맑음,단일로 - 횡단보도상,원동기,남,18세,상해없음,보행자,남,64세,중상
2014011500100510,2014년 1월 15일 22시,수요일,인천광역시 남동구 간석동,중상사고,0,1,0,0,차대사람 - 기타,안전운전불이행,건조,맑음,교차로 - 교차로안,승용,남,41세,상해없음,보행자,여,17세,중상
2014011500100511,2014년 1월 15일 22시,수요일,인천광역시 남동구 구월동,부상신고사고,0,0,0,1,차대차 - 추돌 - 주정차중,안전운전불이행,건조,맑음,단일로 - 기타,승용,남,38세,상해없음,승합,남,45세,부상신고
2014011500100512,2014년 1월 15일 22시,수요일,인천광역시 서구 경서동,경상사고,0,0,1,0,차대차 - 측면직각충돌,신호위반,건조,맑음,교차로 - 교차로안,승합,남,49세,상해없음,승용,남,39세,경상
2014011500100513,2014년 1월 15일 22시,수요일,인천광역시 계양구 방축동,중상사고,0,1,0,0,차대사람 - 횡단중,보행자보호의무위반,건조,맑음,교차로 - 교차로안,승용,남,25세,상해없음,보행자,남,33세,중상
2014011500100538,2014년 1월 15일 23시,수요일,인천광역시 남구 주안동,중상사고,0,1,0,0,차대차 - 추돌 - 주정차중,안전운전불이행,건조,맑음,단일로 - 횡단보도부근,승용,여,53세,상해없음,화물,남,41세,중상
2014011500100539,2014년 1월 15일 23시,수요일,인천광역시 남동구 만수동,경상사고,0,0,1,0,차대사람 - 기타,안전운전불이행,건조,맑음,교차로 - 교차로부근,승용,남,23세,상해없음,보행자,여,21세,경상
2014011500100540,2014년 1월 15일 23시,수요일,인천광역시 부평구 부평동,중상사고,0,1,0,0,차대사람 - 기타,신호위반,건조,맑음,단일로 - 기타,승용,남,25세,기타불명,보행자,여,20세,상해없음
2014011600100018,2014년 1월 16일 00시,목요일,인천광역시 남동구 구월동,경상사고,0,0,1,0,차대차 - 추돌 - 주정차중,안전거리미확보,건조,맑음,단일로 - 기타,원동기,남,31세,상해없음,승용,남,56세,경상
2014011600100030,2014년 1월 16일 01시,목요일,인천광역시 부평구 부평동,경상사고,0,0,1,0,차대차 - 측면직각충돌,중앙선침범,건조,맑음,교차로 - 교차로부근,승용,남,22세,상해없음,승용,남,53세,경상
2014011600100031,2014년 1월 16일 01시,목요일,인천광역시 서구 신현동,경상사고,0,0,2,0,차대차 - 기타,안전운전불이행,건조,맑음,단일로 - 기타,승용,남,34세,상해없음,승용,여,51세,경상
2014011600100037,2014년 1월 16일 02시,목요일,인천광역시 남동구 간석동,경상사고,0,0,1,0,차대차 - 기타,신호위반,건조,맑음,교차로 - 교차로부근,승용,남,42세,상해없음,승용,남,42세,경상
2014011600100095,2014년 1월 16일 07시,목요일,인천광역시 부평구 부평동,경상사고,0,0,2,0,차대차 - 측면직각충돌,안전운전불이행,건조,맑음,교차로 - 교차로부근,승용,남,64세,상해없음,승용,남,74세,경상
2014011600100146,2014년 1월 16일 09시,목요일,인천광역시 계양구 작전동,중상사고,0,1,1,0,차대차 - 측면직각충돌,안전운전불이행,건조,맑음,교차로 - 교차로안,승용,여,43세,상해없음,승용,남,49세,경상
2014011600100184,2014년 1월 16일 11시,목요일,인천광역시 연수구 옥련동,경상사고,0,0,1,0,차대차 - 측면직각충돌,안전운전불이행,건조,맑음,단일로 - 기타,승용,남,59세,상해없음,승용,여,52세,경상
2014011600100259,2014년 1월 16일 14시,목요일,인천광역시 남구 관교동,경상사고,0,0,3,0,차대차 - 기타,안전거리미확보,건조,맑음,단일로 - 기타,승용,기타불명,기타불명,기타불명,승합,남,62세,상해없음
2014011600100260,2014년 1월 16일 14시,목요일,인천광역시 남동구 구월동,중상사고,0,1,1,0,차대차 - 기타,안전거리미확보,건조,맑음,교차로 - 교차로부근,승용,남,69세,중상,화물,남,23세,경상
2014011600100302,2014년 1월 16일 16시,목요일,인천광역시 동구 송현동,경상사고,0,0,1,0,차대차 - 추돌 - 진행중,기타,건조,맑음,단일로 - 기타,승용,남,43세,상해없음,승용,남,60세,경상
2014011600100303,2014년 1월 16일 16시,목요일,인천광역시 남구 주안동,경상사고,0,0,1,0,차대사람 - 기타,신호위반,건조,맑음,단일로 - 횡단보도상,승합,남,48세,상해없음,보행자,남,4세,경상
2014011600100326,2014년 1월 16일 17시,목요일,인천광역시 부평구 산곡동,경상사고,0,0,1,0,차대차 - 측면직각충돌,안전운전불이행,건조,맑음,단일로 - 기타,화물,남,28세,상해없음,자전거,남,14세,경상
2014011600100407,2014년 1월 16일 19시,목요일,인천광역시 연수구 선학동,경상사고,0,0,1,0,차대차 - 추돌 - 진행중,안전운전불이행,건조,맑음,교차로 - 교차로부근,승용,남,49세,상해없음,승용,여,56세,경상
2014011600100431,2014년 1월 16일 20시,목요일,인천광역시 남동구 논현동,중상사고,0,1,0,0,차대사람 - 기타,보행자보호의무위반,건조,맑음,교차로 - 교차로부근,승용,남,45세,상해없음,보행자,남,32세,중상
2014011600100432,2014년 1월 16일 20시,목요일,인천광역시 남동구 만수동,경상사고,0,0,2,0,차대차 - 측면직각충돌,직진우회전진행방해,건조,맑음,교차로 - 교차로안,승용,남,57세,상해없음,원동기,남,26세,경상
2014011600100433,2014년 1월 16일 20시,목요일,인천광역시 남동구 도림동,경상사고,0,0,2,0,차대차 - 추돌 - 진행중,안전거리미확보,건조,맑음,기타 - 기타,승용,남,27세,기타불명,승용,남,57세,경상
2014011600100434,2014년 1월 16일 20시,목요일,인천광역시 남동구 간석동,경상사고,0,0,2,0,차대차 - 측면직각충돌,안전운전불이행,건조,맑음,단일로 - 기타,승합,여,46세,경상,승용,남,44세,경상
2014011600100491,2014년 1월 16일 22시,목요일,인천광역시 계양구 계산동,중상사고,0,1,0,0,차대차 - 추돌 - 진행중,안전운전불이행,건조,맑음,단일로 - 기타,승용,남,37세,상해없음,승용,남,43세,중상
2014011700100022,2014년 1월 17일 00시,금요일,인천광역시 남구 도화동,경상사고,0,0,1,0,차대차 - 추돌 - 주정차중,안전운전불이행,건조,맑음,교차로 - 교차로부근,승용,남,44세,상해없음,승용,남,53세,경상
2014011700100039,2014년 1월 17일 01시,금요일,인천광역시 남구 용현동,경상사고,0,0,1,0,차대차 - 측면직각충돌,교차로운행방법위반,건조,맑음,교차로 - 교차로안,승용,여,37세,상해없음,승용,남,53세,경상
2014011700100040,2014년 1월 17일 01시,금요일,인천광역시 계양구 작전동,경상사고,0,0,1,0,차대차 - 측면직각충돌,교차로운행방법위반,건조,맑음,교차로 - 교차로안,승용,남,47세,상해없음,승용,남,26세,경상
2014011700100049,2014년 1월 17일 02시,금요일,인천광역시 남구 용현동,중상사고,0,1,2,0,차대차 - 추돌 - 주정차중,안전운전불이행,건조,맑음,단일로 - 기타,승용,남,32세,상해없음,승용,여,49세,중상
2014011700100084,2014년 1월 17일 06시,금요일,인천광역시 남동구 만수동,경상사고,0,0,1,0,차대차 - 추돌 - 주정차중,안전운전불이행,건조,흐림,단일로 - 횡단보도부근,승용,남,29세,상해없음,화물,남,60세,경상
2014011700100129,2014년 1월 17일 08시,금요일,인천광역시 중구 운서동,경상사고,0,0,2,0,차대차 - 기타,중앙선침범,결빙,맑음,단일로 - 기타,화물,남,42세,상해없음,승용,남,28세,경상
2014011700100130,2014년 1월 17일 08시,금요일,인천광역시 연수구 연수동,경상사고,0,0,5,0,차대차 - 측면직각충돌,교차로운행방법위반,건조,맑음,교차로 - 교차로안,승용,남,50세,상해없음,승용,남,21세,경상
2014011700100131,2014년 1월 17일 08시,금요일,인천광역시 연수구 옥련동,중상사고,0,1,0,0,차대사람 - 기타,안전운전불이행,건조,맑음,교차로 - 교차로부근,승합,남,44세,상해없음,보행자,여,56세,중상
2014011700100179,2014년 1월 17일 10시,금요일,인천광역시 서구 석남동,경상사고,0,0,1,0,차대사람 - 기타,기타,건조,맑음,단일로 - 기타,승용,여,27세,상해없음,보행자,여,27세,경상
2014011700100265,2014년 1월 17일 14시,금요일,인천광역시 남구 주안동,중상사고,0,1,0,0,차대차 - 기타,안전운전불이행,건조,맑음,단일로 - 기타,승용,여,48세,상해없음,승용,여,48세,중상
2014011700100320,2014년 1월 17일 16시,금요일,인천광역시 계양구 용종동,경상사고,0,0,2,0,차대차 - 추돌 - 주정차중,안전운전불이행,건조,맑음,단일로 - 기타,화물,남,56세,상해없음,승용,남,48세,경상
2014011700100348,2014년 1월 17일 17시,금요일,인천광역시 서구 석남동,중상사고,0,1,0,0,차대차 - 측면직각충돌,신호위반,건조,맑음,교차로 - 교차로안,화물,남,71세,상해없음,승용,남,70세,중상
2014011700100402,2014년 1월 17일 18시,금요일,인천광역시 남구 주안동,경상사고,0,0,1,0,차대사람 - 횡단중,안전운전불이행,건조,맑음,단일로 - 횡단보도상,승용,남,74세,기타불명,보행자,여,50세,경상
2014011700100432,2014년 1월 17일 19시,금요일,인천광역시 계양구 귤현동,중상사고,0,3,1,0,차대차 - 정면충돌,중앙선침범,건조,맑음,단일로 - 기타,승용,남,53세,중상,승용,남,60세,중상
2014011700100433,2014년 1월 17일 19시,금요일,인천광역시 부평구 갈산동,부상신고사고,0,0,0,1,차대차 - 추돌 - 진행중,안전운전불이행,건조,맑음,교차로 - 교차로안,승용,남,62세,상해없음,이륜,남,17세,부상신고
2014011700100463,2014년 1월 17일 20시,금요일,인천광역시 서구 연희동,중상사고,0,1,0,0,차대차 - 추돌 - 진행중,안전운전불이행,건조,맑음,단일로 - 기타,승용,남,37세,상해없음,승용,남,52세,중상
2014011700100505,2014년 1월 17일 21시,금요일,인천광역시 중구 도원동,경상사고,0,0,1,0,차대차 - 측면직각충돌,안전운전불이행,건조,맑음,교차로 - 교차로안,승용,남,73세,상해없음,승용,여,58세,경상
2014011700100569,2014년 1월 17일 23시,금요일,인천광역시 서구 가좌동,경상사고,0,0,1,0,차대사람 - 기타,안전운전불이행,건조,맑음,단일로 - 기타,승합,남,46세,상해없음,보행자,여,44세,경상
2014011800100035,2014년 1월 18일 00시,토요일,인천광역시 남동구 만수동,경상사고,0,0,2,0,차대차 - 추돌 - 진행중,안전운전불이행,건조,맑음,교차로 - 교차로안,승합,남,31세,상해없음,원동기,남,38세,경상
2014011800100054,2014년 1월 18일 01시,토요일,인천광역시 서구 석남동,경상사고,0,0,1,0,차대차 - 기타,안전운전불이행,건조,맑음,교차로 - 교차로안,승용,남,54세,상해없음,승용,남,54세,경상
2014011800100075,2014년 1월 18일 02시,토요일,인천광역시 남구 도화동,경상사고,0,0,4,0,차대차 - 추돌 - 진행중,중앙선침범,건조,맑음,교차로 - 교차로부근,승용,남,24세,상해없음,승용,남,56세,경상
2014011800100083,2014년 1월 18일 03시,토요일,인천광역시 남동구 만수동,경상사고,0,0,2,0,차대차 - 기타,안전운전불이행,건조,맑음,단일로 - 기타,승용,여,37세,상해없음,승용,남,58세,경상
2014011800100090,2014년 1월 18일 04시,토요일,인천광역시 서구 석남동,중상사고,0,1,0,0,차대차 - 추돌 - 진행중,안전운전불이행,건조,맑음,단일로 - 기타,승용,남,29세,상해없음,승용,남,70세,중상
2014011800100105,2014년 1월 18일 06시,토요일,인천광역시 남동구 만수동,경상사고,0,0,1,0,차대차 - 정면충돌,직진우회전진행방해,건조,맑음,교차로 - 교차로안,승용,남,44세,기타불명,승용,여,39세,경상
2014011800100106,2014년 1월 18일 06시,토요일,인천광역시 계양구 작전동,중상사고,0,1,0,0,차대차 - 측면직각충돌,안전운전불이행,건조,맑음,단일로 - 기타,승용,남,64세,상해없음,승용,남,32세,중상
2014011800100120,2014년 1월 18일 07시,토요일,인천광역시 중구 북성동1가,중상사고,0,1,0,0,차대차 - 기타,신호위반,건조,맑음,교차로 - 교차로안,화물,남,48세,상해없음,승용,남,70세,중상
2014011800100121,2014년 1월 18일 07시,토요일,인천광역시 남동구 남촌동,경상사고,0,0,1,0,차대차 - 측면직각충돌,안전거리미확보,건조,맑음,단일로 - 기타,기타불명,기타불명,기타불명,기타불명,승용,남,22세,경상
2014011800100136,2014년 1월 18일 08시,토요일,인천광역시 남구 주안동,경상사고,0,0,2,0,차대차 - 기타,안전운전불이행,건조,맑음,단일로 - 기타,승용,남,43세,상해없음,승용,남,32세,경상
2014011800100158,2014년 1월 18일 09시,토요일,인천광역시 남동구 논현동,사망사고,1,0,0,0,차대차 - 기타,안전운전불이행,건조,맑음,교차로 - 교차로부근,승용,여,49세,상해없음,자전거,여,51세,사망
2014011800100182,2014년 1월 18일 10시,토요일,인천광역시 남동구 남촌동,경상사고,0,0,1,0,차대사람 - 기타,안전운전불이행,건조,맑음,교차로 - 교차로안,승용,남,28세,상해없음,보행자,남,35세,경상
2014011800100205,2014년 1월 18일 11시,토요일,인천광역시 남구 도화동,경상사고,0,0,1,0,차대차 - 기타,안전운전불이행,건조,맑음,단일로 - 횡단보도부근,승용,여,44세,상해없음,원동기,남,47세,경상
2014011800100206,2014년 1월 18일 11시,토요일,인천광역시 서구 원창동,경상사고,0,0,2,0,차대차 - 기타,신호위반,건조,맑음,교차로 - 교차로안,승용,남,59세,상해없음,승용,남,39세,경상
2014011800100281,2014년 1월 18일 14시,토요일,인천광역시 남동구 구월동,경상사고,0,0,1,0,차대사람 - 기타,안전운전불이행,건조,맑음,단일로 - 기타,화물,남,27세,상해없음,보행자,여,77세,경상
2014011800100282,2014년 1월 18일 14시,토요일,인천광역시 서구 가좌동,중상사고,0,1,0,0,차대차 - 기타,안전거리미확보,건조,맑음,단일로 - 기타,승용,남,38세,상해없음,이륜,남,65세,중상
2014011800100301,2014년 1월 18일 15시,토요일,인천광역시 부평구 산곡동,중상사고,0,1,0,0,차대차 - 기타,차로위반,건조,맑음,단일로 - 기타,화물,남,40세,상해없음,승합,남,42세,상해없음
2014011800100334,2014년 1월 18일 16시,토요일,인천광역시 서구 석남동,경상사고,0,0,1,0,차대차 - 측면직각충돌,안전거리미확보,건조,맑음,교차로 - 교차로부근,승용,여,49세,상해없음,승용,여,34세,경상
2014011800100361,2014년 1월 18일 17시,토요일,인천광역시 부평구 부평동,경상사고,0,0,1,0,차대차 - 기타,안전운전불이행,기타,기타,기타 - 기타,승용,여,55세,상해없음,승용,여,36세,경상
2014011800100362,2014년 1월 18일 17시,토요일,인천광역시 서구 당하동,경상사고,0,0,1,0,차대차 - 측면직각충돌,안전운전불이행,건조,맑음,교차로 - 교차로부근,화물,남,55세,상해없음,승용,남,43세,경상
2014011800100396,2014년 1월 18일 18시,토요일,인천광역시 동구 송림동,경상사고,0,0,1,0,차대차 - 정면충돌,신호위반,건조,맑음,교차로 - 교차로안,승용,남,47세,상해없음,승용,남,30세,경상
2014011800100427,2014년 1월 18일 19시,토요일,인천광역시 남동구 구월동,중상사고,0,1,0,0,차대차 - 정면충돌,중앙선침범,건조,맑음,단일로 - 기타,승용,남,28세,상해없음,이륜,남,20세,중상
2014011800100428,2014년 1월 18일 19시,토요일,인천광역시 부평구 부개동,경상사고,0,0,1,0,차대차 - 측면직각충돌,신호위반,건조,맑음,교차로 - 교차로안,승용,남,41세,상해없음,화물,남,59세,경상
2014011800100446,2014년 1월 18일 20시,토요일,인천광역시 부평구 삼산동,중상사고,0,1,0,0,차대차 - 측면직각충돌,안전운전불이행,건조,맑음,교차로 - 교차로안,승용,여,54세,상해없음,이륜,남,43세,중상
2014011800100509,2014년 1월 18일 23시,토요일,인천광역시 부평구 갈산동,중상사고,0,1,0,0,차대사람 - 기타,안전운전불이행,건조,맑음,교차로 - 교차로부근,승용,남,27세,상해없음,보행자,남,40세,중상
2014011900100041,2014년 1월 19일 01시,일요일,인천광역시 강화군 강화읍,중상사고,0,1,3,0,차대차 - 기타,신호위반,건조,맑음,교차로 - 교차로안,승용,남,18세,중상,승용,여,22세,경상
2014011900100054,2014년 1월 19일 02시,일요일,인천광역시 남동구 간석동,경상사고,0,0,2,0,차대차 - 측면직각충돌,교차로운행방법위반,건조,맑음,교차로 - 교차로안,승용,남,54세,경상,승용,남,33세,상해없음
2014011900100066,2014년 1월 19일 03시,일요일,인천광역시 계양구 효성동,중상사고,0,1,0,0,차대차 - 측면직각충돌,안전운전불이행,건조,맑음,교차로 - 교차로안,승용,남,57세,상해없음,이륜,남,21세,중상
2014011900100083,2014년 1월 19일 05시,일요일,인천광역시 계양구 효성동,경상사고,0,0,1,0,차대차 - 측면직각충돌,신호위반,건조,맑음,교차로 - 교차로안,승용,남,42세,상해없음,화물,남,45세,경상
2014011900100092,2014년 1월 19일 06시,일요일,인천광역시 부평구 부평동,경상사고,0,0,1,1,차대차 - 측면직각충돌,신호위반,건조,맑음,교차로 - 교차로부근,승용,여,53세,부상신고,승합,남,33세,경상
2014011900100103,2014년 1월 19일 07시,일요일,인천광역시 서구 석남동,경상사고,0,0,1,0,차대차 - 기타,안전운전불이행,건조,맑음,교차로 - 교차로안,승용,남,24세,상해없음,승용,남,67세,경상
2014011900100117,2014년 1월 19일 08시,일요일,인천광역시 남구 숭의동,중상사고,0,1,0,0,차대차 - 기타,안전운전불이행,건조,맑음,교차로 - 교차로안,승용,남,43세,상해없음,승용,남,48세,중상
2014011900100133,2014년 1월 19일 09시,일요일,인천광역시 서구 가정동,중상사고,0,1,0,0,차대사람 - 보도통행중,신호위반,건조,맑음,교차로 - 교차로부근,승용,남,72세,상해없음,보행자,여,62세,중상
2014011900100134,2014년 1월 19일 09시,일요일,인천광역시 서구 심곡동,경상사고,0,0,1,0,차대차 - 기타,안전운전불이행,건조,맑음,교차로 - 교차로안,승용,여,49세,상해없음,승용,남,54세,상해없음
2014011900100135,2014년 1월 19일 09시,일요일,인천광역시 연수구 선학동,경상사고,0,0,1,0,차대사람 - 기타,안전운전불이행,건조,맑음,단일로 - 기타,승용,남,21세,상해없음,보행자,여,54세,경상
2014011900100164,2014년 1월 19일 10시,일요일,인천광역시 부평구 청천동,경상사고,0,0,1,0,차대차 - 기타,교차로운행방법위반,건조,맑음,교차로 - 교차로안,승용,여,56세,상해없음,승용,남,26세,경상
2014011900100178,2014년 1월 19일 11시,일요일,인천광역시 남동구 구월동,경상사고,0,0,2,0,차대차 - 측면직각충돌,신호위반,건조,맑음,교차로 - 교차로안,승용,남,52세,상해없음,승용,남,36세,경상
2014011900100179,2014년 1월 19일 11시,일요일,인천광역시 서구 신현동,경상사고,0,0,1,0,차대사람 - 길가장자리구역통행중,안전운전불이행,건조,맑음,단일로 - 기타,승용,남,58세,상해없음,보행자,여,18세,경상
2014011900100180,2014년 1월 19일 11시,일요일,인천광역시 계양구 작전동,경상사고,0,0,4,0,차대차 - 측면직각충돌,신호위반,건조,맑음,교차로 - 교차로안,승용,여,32세,상해없음,승용,남,34세,경상
2014011900100223,2014년 1월 19일 13시,일요일,인천광역시 남구 도화동,중상사고,0,1,0,0,차대차 - 기타,안전운전불이행,기타,맑음,단일로 - 기타,승용,여,59세,상해없음,자전거,남,59세,중상
2014011900100246,2014년 1월 19일 14시,일요일,인천광역시 남구 문학동,부상신고사고,0,0,0,1,차대사람 - 기타,안전운전불이행,기타,맑음,기타 - 기타,승용,남,50세,기타불명,보행자,남,55세,부상신고
2014011900100247,2014년 1월 19일 14시,일요일,인천광역시 부평구 부평동,부상신고사고,0,0,0,1,차대차 - 추돌 - 진행중,안전운전불이행,건조,맑음,단일로 - 기타,승용,남,30세,상해없음,승용,여,40세,상해없음
2014011900100248,2014년 1월 19일 14시,일요일,인천광역시 부평구 부평동,경상사고,0,0,1,0,차대사람 - 기타,안전운전불이행,건조,흐림,단일로 - 기타,승용,남,22세,상해없음,보행자,여,27세,경상
2014011900100289,2014년 1월 19일 16시,일요일,인천광역시 중구 운서동,중상사고,0,2,4,1,차대차 - 추돌 - 진행중,안전운전불이행,건조,맑음,단일로 - 기타,승합,남,62세,부상신고,승용,남,55세,중상
2014011900100290,2014년 1월 19일 16시,일요일,인천광역시 중구 경동,경상사고,0,0,1,0,차대차 - 추돌 - 진행중,안전운전불이행,건조,맑음,교차로 - 교차로부근,원동기,남,51세,경상,승합,남,53세,상해없음
2014011900100343,2014년 1월 19일 18시,일요일,인천광역시 부평구 부개동,경상사고,0,0,1,0,차대차 - 추돌 - 진행중,안전운전불이행,건조,맑음,단일로 - 기타,승용,남,43세,기타불명,승용,남,54세,경상
2014011900100368,2014년 1월 19일 19시,일요일,인천광역시 남구 도화동,중상사고,0,1,0,0,차대차 - 기타,신호위반,건조,맑음,교차로 - 교차로안,승용,남,34세,상해없음,원동기,남,25세,중상
2014011900100369,2014년 1월 19일 19시,일요일,인천광역시 계양구 작전동,중상사고,0,1,0,0,차대사람 - 횡단중,신호위반,건조,맑음,교차로 - 교차로안,승용,남,65세,상해없음,보행자,남,62세,중상
2014011900100397,2014년 1월 19일 20시,일요일,인천광역시 부평구 십정동,경상사고,0,0,1,0,차대사람 - 횡단중,안전운전불이행,건조,맑음,교차로 - 교차로안,승용,기타불명,기타불명,기타불명,보행자,남,33세,경상
2014011900100398,2014년 1월 19일 20시,일요일,인천광역시 부평구 산곡동,중상사고,0,2,0,0,차대차 - 추돌 - 주정차중,안전운전불이행,건조,맑음,단일로 - 기타,승용,여,42세,상해없음,승용,남,37세,중상