사고번호,사고일시,요일,시군구,사고내용,사망자수,중상자수,경상자수,부상신고자수,사고유형,법규위반,노면상태,기상상태,도로형태,가해운전자 차종,가해운전자 성별,가해운전자 연령,가해운전자 상해정도,피해운전자 차종,피해운전자 성별,피해운전자 연령,피해운전자 상해정도
2014011900100429,2014년 1월 19일 22시,일요일,인천광역시 남동구 논현동,경상사고,0,0,1,0,차대사람 - 횡단중,안전운전불이행,건조,맑음,단일로 - 횡단보도부근,승용,남,41세,상해없음,보행자,남,44세,경상
2014011900100430,2014년 1월 19일 22시,일요일,인천광역시 부평구 삼산동,경상사고,0,0,2,0,차량단독 - 기타,안전운전불이행,건조,맑음,단일로 - 기타,승용,남,65세,상해없음,,,,
2014011900100447,2014년 1월 19일 23시,일요일,인천광역시 남구 주안동,경상사고,0,0,2,0,차대차 - 기타,안전운전불이행,건조,맑음,기타 - 기타,승용,남,28세,상해없음,승용,남,19세,경상
2014012000100052,2014년 1월 20일 04시,월요일,인천광역시 연수구 옥련동,경상사고,0,0,1,0,차량단독 - 공작물충돌,안전운전불이행,결빙,눈,교차로 - 교차로부근,승용,남,24세,상해없음,,,,
2014012000100053,2014년 1월 20일 04시,월요일,인천광역시 남동구 운연동,경상사고,0,0,1,0,차대차 - 추돌 - 진행중,안전운전불이행,적설,눈,기타 - 기타,승용,남,30세,상해없음,건설기계,남,55세,경상
2014012000100065,2014년 1월 20일 05시,월요일,인천광역시 연수구 청학동,사망사고,1,6,9,0,차량단독 - 공작물충돌,과속,습기,흐림,단일로 - 기타,승합,남,61세,경상,,,,
2014012000100080,2014년 1월 20일 06시,월요일,인천광역시 부평구 부평동,경상사고,0,0,2,0,차대차 - 측면직각충돌,교차로운행방법위반,결빙,눈,교차로 - 교차로안,승용,남,59세,상해없음,승용,남,52세,경상
2014012000100114,2014년 1월 20일 07시,월요일,인천광역시 서구 심곡동,경상사고,0,0,1,0,차대차 - 기타,안전운전불이행,결빙,눈,단일로 - 기타,승용,남,58세,기타불명,화물,남,46세,경상
2014012000100115,2014년 1월 20일 07시,월요일,인천광역시 부평구 갈산동,중상사고,0,1,1,0,차대차 - 추돌 - 주정차중,안전운전불이행,습기,흐림,단일로 - 기타,승용,남,43세,상해없음,승용,여,52세,중상
2014012000100116,2014년 1월 20일 07시,월요일,인천광역시 부평구 부평동,경상사고,0,0,1,0,차대차 - 기타,안전운전불이행,건조,맑음,단일로 - 기타,기타불명,기타불명,기타불명,기타불명,승용,남,30세,상해없음
2014012000100243,2014년 1월 20일 10시,월요일,인천광역시 남동구 논현동,경상사고,0,0,1,0,차대차 - 측면직각충돌,안전운전불이행,건조,맑음,단일로 - 기타,화물,남,61세,기타불명,화물,남,34세,경상
2014012000100280,2014년 1월 20일 11시,월요일,인천광역시 서구 연희동,중상사고,0,1,0,0,차대사람 - 보도통행중,신호위반,건조,맑음,단일로 - 기타,승용,여,30세,상해없음,보행자,남,8세,중상
2014012000100341,2014년 1월 20일 13시,월요일,인천광역시 계양구 동양동,경상사고,0,0,1,0,차대사람 - 차도통행중,안전운전불이행,건조,맑음,단일로 - 기타,승용,남,57세,상해없음,보행자,남,9세,경상
2014012000100462,2014년 1월 20일 17시,월요일,인천광역시 남구 용현동,중상사고,0,1,1,0,차대차 - 측면직각충돌,신호위반,습기,흐림,교차로 - 교차로안,승용,남,51세,상해없음,승용,남,68세,경상
2014012000100511,2014년 1월 20일 18시,월요일,인천광역시 남구 도화동,경상사고,0,0,1,0,차대사람 - 기타,안전운전불이행,건조,맑음,기타 - 기타,승합,남,43세,상해없음,보행자,여,62세,경상
2014012000100512,2014년 1월 20일 18시,월요일,인천광역시 남동구 만수동,중상사고,0,2,0,0,차대차 - 추돌 - 진행중,안전운전불이행,건조,맑음,단일로 - 기타,승용,남,34세,상해없음,화물,남,43세,중상
2014012000100513,2014년 1월 20일 18시,월요일,인천광역시 서구 석남동,중상사고,0,1,0,0,차대사람 - 기타,안전운전불이행,건조,맑음,단일로 - 기타,승용,남,45세,상해없음,보행자,여,45세,중상
2014012000100557,2014년 1월 20일 19시,월요일,인천광역시 계양구 효성동,경상사고,0,0,1,0,차대사람 - 횡단중,안전운전불이행,결빙,흐림,교차로 - 교차로안,승용,여,32세,상해없음,보행자,여,52세,경상
2014012000100595,2014년 1월 20일 20시,월요일,인천광역시 중구 운서동,경상사고,0,0,1,0,차대차 - 기타,안전운전불이행,건조,맑음,교차로 - 교차로부근,승합,남,51세,상해없음,승용,남,35세,경상
2014012000100596,2014년 1월 20일 20시,월요일,인천광역시 부평구 부평동,경상사고,0,0,1,0,차대차 - 기타,안전운전불이행,건조,맑음,교차로 - 교차로부근,승용,남,48세,상해없음,승용,남,24세,경상
2014012000100597,2014년 1월 20일 20시,월요일,인천광역시 남동구 만수동,부상신고사고,0,0,0,1,차대사람 - 기타,안전운전불이행,건조,맑음,단일로 - 기타,승합,남,42세,상해없음,보행자,남,63세,부상신고
2014012000100632,2014년 1월 20일 21시,월요일,인천광역시 남동구 구월동,경상사고,0,0,1,0,차대사람 - 횡단중,안전운전불이행,건조,맑음,단일로 - 기타,기타불명,기타불명,기타불명,기타불명,보행자,여,49세,경상
2014012000100633,2014년 1월 20일 21시,월요일,인천광역시 서구 석남동,경상사고,0,0,1,0,차대차 - 기타,안전운전불이행,결빙,기타,단일로 - 기타,화물,남,45세,상해없음,승합,남,46세,상해없음
2014012000100634,2014년 1월 20일 21시,월요일,인천광역시 서구 신현동,부상신고사고,0,0,0,1,차대사람 - 차도통행중,안전운전불이행,건조,맑음,기타 - 기타,승합,남,54세,상해없음,보행자,남,49세,부상신고
2014012000100685,2014년 1월 20일 23시,월요일,인천광역시 연수구 동춘동,중상사고,0,2,0,0,차대차 - 측면직각충돌,신호위반,습기,흐림,교차로 - 교차로안,승용,여,42세,상해없음,승용,남,58세,중상
2014012100100040,2014년 1월 21일 03시,화요일,인천광역시 부평구 십정동,중상사고,0,1,0,0,차대사람 - 횡단중,보행자보호의무위반,결빙,눈,단일로 - 횡단보도상,승용,여,32세,상해없음,보행자,여,49세,중상
2014012100100086,2014년 1월 21일 07시,화요일,인천광역시 남동구 남촌동,경상사고,0,0,1,0,차대차 - 측면직각충돌,신호위반,건조,맑음,교차로 - 교차로안,승용,여,63세,상해없음,승용,남,41세,경상
2014012100100087,2014년 1월 21일 07시,화요일,인천광역시 계양구 계산동,중상사고,0,1,0,0,차대사람 - 횡단중,안전운전불이행,건조,맑음,단일로 - 횡단보도상,승용,남,43세,상해없음,보행자,여,34세,중상
2014012100100195,2014년 1월 21일 10시,화요일,인천광역시 부평구 십정동,중상사고,0,1,0,0,차대사람 - 보도통행중,신호위반,건조,맑음,교차로 - 교차로부근,승용,남,33세,상해없음,보행자,여,49세,중상
2014012100100196,2014년 1월 21일 10시,화요일,인천광역시 연수구 연수동,경상사고,0,0,1,0,차대차 - 추돌 - 주정차중,안전운전불이행,건조,맑음,교차로 - 교차로부근,승용,남,25세,상해없음,승용,여,52세,경상
2014012100100232,2014년 1월 21일 12시,화요일,인천광역시 남동구 논현동,중상사고,0,2,0,0,차대차 - 정면충돌,신호위반,건조,맑음,교차로 - 교차로안,승용,남,31세,상해없음,승용,남,42세,중상
2014012100100255,2014년 1월 21일 13시,화요일,인천광역시 서구 가정동,경상사고,0,0,2,0,차대차 - 측면직각충돌,안전운전불이행,건조,맑음,교차로 - 교차로부근,승용,남,46세,상해없음,승용,남,61세,경상
2014012100100256,2014년 1월 21일 13시,화요일,인천광역시 계양구 계산동,경상사고,0,0,1,0,차대사람 - 길가장자리구역통행중,안전운전불이행,건조,맑음,단일로 - 기타,승용,기타불명,기타불명,기타불명,보행자,남,10세,경상
2014012100100257,2014년 1월 21일 13시,화요일,인천광역시 연수구 송도동,중상사고,0,1,2,0,차대차 - 정면충돌,안전운전불이행,건조,맑음,교차로 - 교차로안,화물,남,30세,상해없음,화물,남,39세,경상
2014012100100340,2014년 1월 21일 16시,화요일,인천광역시 계양구 계산동,경상사고,0,0,1,0,차대사람 - 길가장자리구역통행중,안전운전불이행,건조,맑음,단일로 - 기타,승용,기타불명,기타불명,기타불명,보행자,여,70세,경상
2014012100100341,2014년 1월 21일 16시,화요일,인천광역시 연수구 송도동,중상사고,0,1,0,0,차대사람 - 보도통행중,안전운전불이행,결빙,눈,교차로 - 교차로안,승용,기타불명,기타불명,기타불명,보행자,남,10세,중상
2014012100100363,2014년 1월 21일 17시,화요일,인천광역시 서구 검암동,경상사고,0,0,1,0,차대차 - 측면직각충돌,안전거리미확보,건조,맑음,단일로 - 기타,승용,남,61세,상해없음,승용,남,52세,경상
2014012100100364,2014년 1월 21일 17시,화요일,인천광역시 연수구 청학동,경상사고,0,0,1,0,차대차 - 기타,안전운전불이행,건조,맑음,단일로 - 기타,승용,남,45세,상해없음,화물,남,49세,경상
2014012100100413,2014년 1월 21일 18시,화요일,인천광역시 동구 송림동,중상사고,0,1,1,0,차량단독 - 공작물충돌,안전운전불이행,건조,맑음,단일로 - 기타,승합,여,46세,경상,,,,
2014012100100414,2014년 1월 21일 18시,화요일,인천광역시 계양구 작전동,경상사고,0,0,1,0,차대사람 - 기타,안전운전불이행,건조,맑음,단일로 - 기타,승용,남,58세,상해없음,보행자,여,52세,경상
2014012100100477,2014년 1월 21일 20시,화요일,인천광역시 남동구 구월동,중상사고,0,1,0,0,차대사람 - 횡단중,보행자보호의무위반,건조,맑음,교차로 - 교차로안,승합,남,73세,상해없음,보행자,여,22세,중상
2014012100100478,2014년 1월 21일 20시,화요일,인천광역시 남동구 서창동,부상신고사고,0,0,0,1,차대사람 - 기타,안전운전불이행,건조,맑음,단일로 - 기타,승용,기타불명,기타불명,기타불명,보행자,남,9세,부상신고
2014012100100529,2014년 1월 21일 22시,화요일,인천광역시 서구 불로동,경상사고,0,0,1,0,차대차 - 측면직각충돌,신호위반,건조,맑음,교차로 - 교차로안,이륜,남,16세,상해없음,승용,남,44세,상해없음
2014012100100530,2014년 1월 21일 22시,화요일,인천광역시 연수구 연수동,경상사고,0,0,1,0,차대차 - 추돌 - 주정차중,안전운전불이행,건조,맑음,교차로 - 교차로부근,승용,남,33세,상해없음,승용,남,41세,상해없음
2014012200100025,2014년 1월 22일 01시,수요일,인천광역시 남구 학익동,중상사고,0,1,0,0,차대차 - 측면직각충돌,신호위반,건조,맑음,교차로 - 교차로안,승용,여,34세,상해없음,승용,남,37세,중상
2014012200100026,2014년 1월 22일 01시,수요일,인천광역시 남동구 만수동,중상사고,0,1,0,0,차대차 - 추돌 - 주정차중,안전운전불이행,건조,맑음,단일로 - 기타,승용,남,42세,상해없음,승용,남,47세,중상
2014012200100027,2014년 1월 22일 01시,수요일,인천광역시 남동구 간석동,경상사고,0,0,3,0,차대차 - 측면직각충돌,신호위반,건조,맑음,교차로 - 교차로안,승용,남,57세,상해없음,승용,여,33세,경상
2014012200100113,2014년 1월 22일 08시,수요일,인천광역시 남구 도화동,경상사고,0,0,2,0,차대차 - 기타,안전운전불이행,건조,맑음,단일로 - 기타,승용,남,46세,상해없음,승합,남,40세,경상
2014012200100114,2014년 1월 22일 08시,수요일,인천광역시 남동구 고잔동,경상사고,0,0,3,0,차대차 - 기타,안전운전불이행,건조,맑음,단일로 - 기타,화물,남,34세,상해없음,승용,남,41세,경상
2014012200100115,2014년 1월 22일 08시,수요일,인천광역시 남동구 장수동,경상사고,0,0,1,0,차대차 - 추돌 - 진행중,차로위반,건조,맑음,단일로 - 기타,건설기계,남,54세,상해없음,승용,남,45세,경상
2014012200100151,2014년 1월 22일 09시,수요일,인천광역시 중구 북성동2가,사망사고,1,0,0,0,차대사람 - 횡단중,보행자보호의무위반,습기,맑음,교차로 - 교차로부근,화물,남,34세,상해없음,보행자,남,62세,사망
2014012200100152,2014년 1월 22일 09시,수요일,인천광역시 서구 가좌동,경상사고,0,0,1,0,차대사람 - 보도통행중,신호위반,건조,맑음,단일로 - 횡단보도상,승합,남,59세,상해없음,보행자,여,48세,경상
2014012200100205,2014년 1월 22일 11시,수요일,인천광역시 연수구 선학동,사망사고,1,0,0,0,차대차 - 기타,안전운전불이행,건조,맑음,교차로 - 교차로부근,화물,남,51세,상해없음,자전거,남,76세,사망
2014012200100253,2014년 1월 22일 13시,수요일,인천광역시 서구 검암동,중상사고,0,1,0,0,차대차 - 기타,안전운전불이행,건조,맑음,단일로 - 기타,승용,남,54세,상해없음,승용,여,48세,중상
2014012200100287,2014년 1월 22일 14시,수요일,인천광역시 남동구 간석동,경상사고,0,0,1,0,차대차 - 추돌 - 진행중,안전거리미확보,건조,맑음,단일로 - 기타,승용,남,30세,상해없음,승용,남,46세,상해없음
2014012200100348,2014년 1월 22일 16시,수요일,인천광역시 서구 불로동,중상사고,0,1,0,0,차대사람 - 기타,보행자보호의무위반,건조,맑음,단일로 - 횡단보도상,승용,여,50세,상해없음,보행자,여,7세,중상
2014012200100349,2014년 1월 22일 16시,수요일,인천광역시 연수구 선학동,경상사고,0,0,1,0,차대차 - 측면직각충돌,차로위반,습기,맑음,미분류 - 미분류,승용,남,36세,상해없음,승용,남,63세,경상
2014012200100420,2014년 1월 22일 18시,수요일,인천광역시 서구 가좌동,경상사고,0,0,1,0,차대사람 - 기타,안전운전불이행,건조,맑음,기타 - 기타,승용,남,31세,상해없음,보행자,남,26세,경상
2014012200100421,2014년 1월 22일 18시,수요일,인천광역시 연수구 송도동,경상사고,0,0,1,0,차대사람 - 횡단중,신호위반,건조,맑음,교차로 - 교차로안,승합,남,60세,상해없음,보행자,남,10세,경상
2014012200100422,2014년 1월 22일 18시,수요일,인천광역시 부평구 부평동,중상사고,0,1,1,0,차대차 - 추돌 - 진행중,안전운전불이행,건조,맑음,단일로 - 횡단보도부근,승용,여,42세,기타불명,승합,여,41세,경상
2014012200100463,2014년 1월 22일 19시,수요일,인천광역시 남구 용현동,중상사고,0,2,0,0,차대차 - 측면직각충돌,중앙선침범,건조,맑음,교차로 - 교차로부근,승용,남,48세,상해없음,승용,여,30세,중상
2014012200100464,2014년 1월 22일 19시,수요일,인천광역시 남동구 간석동,경상사고,0,0,2,0,차대차 - 측면직각충돌,안전운전불이행,결빙,맑음,단일로 - 기타,화물,남,61세,상해없음,승용,여,63세,경상
2014012200100465,2014년 1월 22일 19시,수요일,인천광역시 계양구 병방동,중상사고,0,1,0,0,차대사람 - 기타,안전운전불이행,건조,맑음,교차로 - 교차로부근,승용,남,45세,상해없음,보행자,여,52세,중상
2014012200100522,2014년 1월 22일 21시,수요일,인천광역시 부평구 부평동,경상사고,0,0,1,0,차량단독 - 기타,기타,건조,맑음,단일로 - 기타,승합,남,51세,상해없음,,,,
2014012200100564,2014년 1월 22일 22시,수요일,인천광역시 남동구 간석동,경상사고,0,0,1,0,차대차 - 기타,안전거리미확보,습기,맑음,교차로 - 교차로부근,승용,남,35세,상해없음,원동기,남,22세,경상
2014012200100565,2014년 1월 22일 22시,수요일,인천광역시 서구 가좌동,중상사고,0,1,0,0,차대사람 - 횡단중,보행자보호의무위반,건조,맑음,단일로 - 횡단보도상,승용,남,48세,상해없음,보행자,여,23세,중상
2014012200100592,2014년 1월 22일 23시,수요일,인천광역시 부평구 부평동,경상사고,0,0,2,0,차대차 - 측면직각충돌,안전운전불이행,습기,맑음,교차로 - 교차로안,승용,여,31세,상해없음,승용,남,49세,경상
2014012200100593,2014년 1월 22일 23시,수요일,인천광역시 남동구 논현동,경상사고,0,0,1,0,차대차 - 측면직각충돌,안전운전불이행,건조,맑음,교차로 - 교차로안,승용,남,41세,상해없음,승용,남,45세,상해없음
2014012200100594,2014년 1월 22일 23시,수요일,인천광역시 남동구 구월동,중상사고,0,1,1,0,차대차 - 정면충돌,중앙선침범,건조,맑음,교차로 - 교차로안,승용,남,21세,상해없음,승용,남,60세,중상
2014012200100595,2014년 1월 22일 23시,수요일,인천광역시 연수구 송도동,경상사고,0,0,1,0,차대차 - 기타,안전거리미확보,건조,맑음,단일로 - 기타,승용,남,27세,상해없음,승용,남,50세,경상
2014012300100056,2014년 1월 23일 03시,목요일,인천광역시 남구 주안동,경상사고,0,0,2,0,차대차 - 기타,안전운전불이행,건조,맑음,단일로 - 기타,승용,남,26세,상해없음,승용,여,55세,경상
2014012300100057,2014년 1월 23일 03시,목요일,인천광역시 계양구 작전동,경상사고,0,0,2,0,차대차 - 추돌 - 주정차중,안전운전불이행,건조,맑음,교차로 - 교차로부근,승용,남,39세,상해없음,승용,남,34세,경상
2014012300100064,2014년 1월 23일 04시,목요일,인천광역시 남동구 구월동,경상사고,0,0,1,0,차대사람 - 기타,중앙선침범,건조,맑음,단일로 - 횡단보도상,승용,남,52세,상해없음,보행자,남,49세,경상
2014012300100076,2014년 1월 23일 05시,목요일,인천광역시 남동구 구월동,경상사고,0,0,1,0,차대차 - 추돌 - 주정차중,안전운전불이행,건조,맑음,교차로 - 교차로부근,화물,남,42세,상해없음,화물,남,29세,경상
2014012300100145,2014년 1월 23일 08시,목요일,인천광역시 옹진군 영흥면,중상사고,0,2,0,0,차대차 - 기타,중앙선침범,결빙,맑음,단일로 - 교량,화물,여,59세,상해없음,화물,남,54세,중상
2014012300100188,2014년 1월 23일 09시,목요일,인천광역시 남동구 구월동,경상사고,0,0,1,0,차대차 - 기타,신호위반,건조,맑음,교차로 - 교차로안,기타불명,기타불명,기타불명,기타불명,승용,남,63세,상해없음
2014012300100189,2014년 1월 23일 09시,목요일,인천광역시 서구 석남동,중상사고,0,1,1,0,차대차 - 추돌 - 진행중,안전운전불이행,건조,맑음,단일로 - 기타,승용,남,31세,상해없음,승용,여,34세,중상
2014012300100212,2014년 1월 23일 10시,목요일,인천광역시 연수구 연수동,경상사고,0,0,1,0,차대차 - 측면직각충돌,안전운전불이행,건조,맑음,단일로 - 기타,승합,남,52세,상해없음,승용,남,58세,경상
2014012300100242,2014년 1월 23일 11시,목요일,인천광역시 계양구 효성동,중상사고,0,1,0,0,차대차 - 측면직각충돌,안전운전불이행,건조,맑음,단일로 - 기타,승용,남,50세,상해없음,이륜,남,38세,중상
2014012300100315,2014년 1월 23일 14시,목요일,인천광역시 계양구 박촌동,경상사고,0,0,2,0,차대차 - 추돌 - 주정차중,안전운전불이행,건조,맑음,교차로 - 교차로부근,화물,남,72세,상해없음,승용,남,52세,경상
2014012300100346,2014년 1월 23일 15시,목요일,인천광역시 남동구 남촌동,중상사고,0,1,0,0,차대사람 - 횡단중,안전운전불이행,건조,맑음,단일로 - 기타,승용,남,26세,상해없음,보행자,여,63세,중상
2014012300100447,2014년 1월 23일 18시,목요일,인천광역시 남구 주안동,중상사고,0,1,0,0,차대사람 - 기타,보행자보호의무위반,건조,맑음,단일로 - 기타,이륜,기타불명,기타불명,기타불명,보행자,남,44세,중상
2014012300100448,2014년 1월 23일 18시,목요일,인천광역시 남동구 만수동,부상신고사고,0,0,0,3,차대사람 - 기타,신호위반,건조,맑음,단일로 - 횡단보도상,이륜,기타불명,기타불명,기타불명,보행자,여,45세,부상신고
2014012300100449,2014년 1월 23일 18시,목요일,인천광역시 남동구 논현동,중상사고,0,1,0,0,차대차 - 측면직각충돌,안전운전불이행,건조,맑음,교차로 - 교차로부근,승용,여,49세,상해없음,승용,여,55세,중상
2014012300100450,2014년 1월 23일 18시,목요일,인천광역시 서구 공촌동,경상사고,0,0,2,0,차대차 - 추돌 - 진행중,안전운전불이행,기타,기타,단일로 - 기타,화물,남,56세,상해없음,승용,남,53세,상해없음
2014012300100451,2014년 1월 23일 18시,목요일,인천광역시 서구 공촌동,경상사고,0,0,2,0,차대차 - 추돌 - 진행중,안전운전불이행,습기,흐림,단일로 - 기타,승용,남,47세,상해없음,승용,남,47세,경상
2014012300100452,2014년 1월 23일 18시,목요일,인천광역시 부평구 갈산동,경상사고,0,0,1,0,차대차 - 측면직각충돌,안전거리미확보,건조,맑음,단일로 - 기타,승용,남,47세,상해없음,승용,여,35세,경상
2014012300100487,2014년 1월 23일 19시,목요일,인천광역시 중구 운서동,경상사고,0,0,1,0,차대차 - 기타,안전거리미확보,건조,맑음,교차로 - 교차로부근,승용,여,43세,상해없음,승용,여,32세,상해없음
2014012300100488,2014년 1월 23일 19시,목요일,인천광역시 부평구 산곡동,경상사고,0,0,2,0,차대차 - 추돌 - 주정차중,안전운전불이행,건조,맑음,단일로 - 기타,승용,여,29세,상해없음,화물,남,34세,경상
2014012300100517,2014년 1월 23일 20시,목요일,인천광역시 부평구 청천동,경상사고,0,0,4,0,차대차 - 추돌 - 진행중,안전거리미확보,결빙,맑음,단일로 - 기타,승합,남,41세,상해없음,승용,남,44세,경상
2014012300100518,2014년 1월 23일 20시,목요일,인천광역시 남동구 만수동,경상사고,0,0,1,0,차대차 - 기타,교차로운행방법위반,건조,맑음,교차로 - 교차로부근,승합,여,52세,상해없음,이륜,남,17세,경상
2014012300100519,2014년 1월 23일 20시,목요일,인천광역시 남동구 구월동,경상사고,0,0,1,0,차대차 - 기타,신호위반,건조,맑음,교차로 - 교차로안,승용,기타불명,기타불명,기타불명,이륜,남,18세,경상
2014012300100557,2014년 1월 23일 21시,목요일,인천광역시 부평구 산곡동,중상사고,0,1,0,0,차대차 - 기타,신호위반,습기,맑음,교차로 - 교차로안,원동기,남,33세,상해없음,원동기,남,48세,중상
2014012300100558,2014년 1월 23일 21시,목요일,인천광역시 계양구 방축동,경상사고,0,0,1,0,차대차 - 측면직각충돌,안전운전불이행,건조,맑음,단일로 - 기타,승용,남,41세,상해없음,승용,여,57세,경상
2014012300100593,2014년 1월 23일 22시,목요일,인천광역시 남동구 간석동,중상사고,0,1,1,0,차대차 - 기타,안전운전불이행,건조,맑음,교차로 - 교차로안,승용,남,59세,상해없음,승용,남,54세,경상
2014012300100594,2014년 1월 23일 22시,목요일,인천광역시 서구 연희동,중상사고,0,1,0,0,차량단독 - 기타,안전운전불이행,건조,맑음,교차로 - 교차로부근,승합,남,35세,상해없음,,,,
2014012300100595,2014년 1월 23일 22시,목요일,인천광역시 부평구 부개동,중상사고,0,1,0,0,차대차 - 측면직각충돌,안전운전불이행,건조,맑음,단일로 - 기타,승합,남,37세,상해없음,원동기,남,16세,중상
2014012300100620,2014년 1월 23일 23시,목요일,인천광역시 서구 석남동,부상신고사고,0,0,0,1,차대차 - 기타,안전거리미확보,건조,맑음,단일로 - 기타,승용,남,54세,부상신고,승용,남,35세,상해없음
2014012400100024,2014년 1월 24일 00시,금요일,인천광역시 남동구 구월동,경상사고,0,0,2,0,차대차 - 추돌 - 주정차중,안전운전불이행,건조,맑음,교차로 - 교차로부근,승용,남,34세,상해없음,승용,남,52세,경상
2014012400100025,2014년 1월 24일 00시,금요일,인천광역시 연수구 연수동,중상사고,0,1,0,0,차대차 - 기타,안전운전불이행,건조,맑음,교차로 - 교차로부근,기타불명,기타불명,기타불명,기타불명,승용,남,66세,중상
2014012400100046,2014년 1월 24일 01시,금요일,인천광역시 남동구 만수동,중상사고,0,2,0,0,차대차 - 추돌 - 진행중,안전운전불이행,결빙,맑음,단일로 - 기타,승용,남,28세,상해없음,승용,남,27세,중상
2014012400100060,2014년 1월 24일 02시,금요일,인천광역시 남구 학익동,중상사고,0,1,3,0,차대차 - 기타,신호위반,건조,맑음,교차로 - 교차로안,승용,남,30세,상해없음,승용,남,32세,경상
2014012400100104,2014년 1월 24일 06시,금요일,인천광역시 중구 운서동,중상사고,0,1,0,0,차대사람 - 횡단중,신호위반,건조,맑음,단일로 - 횡단보도상,승합,남,49세,상해없음,보행자,남,33세,중상
2014012400100131,2014년 1월 24일 07시,금요일,인천광역시 남동구 논현동,중상사고,0,1,0,0,차대사람 - 보도통행중,신호위반,건조,맑음,교차로 - 교차로안,승용,여,46세,상해없음,보행자,남,57세,중상
2014012400100154,2014년 1월 24일 08시,금요일,인천광역시 남구 도화동,경상사고,0,0,1,0,차대사람 - 기타,보행자보호의무위반,건조,맑음,단일로 - 기타,승용,여,31세,상해없음,보행자,여,26세,경상
2014012400100155,2014년 1월 24일 08시,금요일,인천광역시 부평구 십정동,경상사고,0,0,1,0,차대차 - 측면직각충돌,신호위반,건조,맑음,교차로 - 교차로안,승용,남,25세,상해없음,승용,남,55세,경상
2014012400100213,2014년 1월 24일 10시,금요일,인천광역시 부평구 십정동,중상사고,0,1,0,0,차대사람 - 기타,안전운전불이행,건조,맑음,단일로 - 기타,화물,남,51세,상해없음,보행자,남,66세,중상
2014012400100276,2014년 1월 24일 13시,금요일,인천광역시 남동구 장수동,중상사고,0,3,0,0,차대차 - 기타,차로위반,건조,맑음,단일로 - 기타,화물,남,43세,상해없음,승용,여,52세,중상
2014012400100300,2014년 1월 24일 14시,금요일,인천광역시 남동구 고잔동,경상사고,0,0,5,0,차대차 - 추돌 - 진행중,안전거리미확보,건조,맑음,미분류 - 미분류,화물,남,49세,경상,승용,남,30세,경상
2014012400100332,2014년 1월 24일 15시,금요일,인천광역시 남구 용현동,중상사고,0,1,1,0,차대차 - 측면직각충돌,안전거리미확보,건조,맑음,기타 - 기타,승용,남,29세,상해없음,승용,남,23세,중상
2014012400100363,2014년 1월 24일 16시,금요일,인천광역시 계양구 계산동,경상사고,0,0,1,0,차대차 - 기타,안전운전불이행,건조,맑음,단일로 - 기타,기타불명,기타불명,기타불명,기타불명,이륜,남,23세,경상
2014012400100387,2014년 1월 24일 17시,금요일,인천광역시 중구 선화동,경상사고,0,0,1,0,차대사람 - 차도통행중,안전운전불이행,건조,맑음,교차로 - 교차로안,승용,남,65세,상해없음,보행자,여,66세,경상
2014012400100388,2014년 1월 24일 17시,금요일,인천광역시 부평구 십정동,경상사고,0,0,1,0,차대사람 - 기타,안전운전불이행,건조,맑음,교차로 - 교차로안,승용,남,41세,상해없음,보행자,남,52세,경상
2014012400100444,2014년 1월 24일 18시,금요일,인천광역시 남구 도화동,경상사고,0,0,1,0,차대사람 - 횡단중,안전운전불이행,건조,맑음,교차로 - 교차로부근,승용,남,45세,상해없음,보행자,남,48세,경상
2014012400100445,2014년 1월 24일 18시,금요일,인천광역시 부평구 청천동,경상사고,0,0,1,0,차대사람 - 차도통행중,안전운전불이행,건조,맑음,단일로 - 기타,승용,여,29세,상해없음,보행자,여,42세,경상
2014012400100510,2014년 1월 24일 19시,금요일,인천광역시 남구 숭의동,중상사고,0,1,0,0,차대차 - 기타,신호위반,건조,맑음,단일로 - 기타,승용,여,20세,상해없음,원동기,남,51세,중상
2014012400100511,2014년 1월 24일 19시,금요일,인천광역시 서구 가정동,경상사고,0,0,1,0,차대사람 - 기타,안전운전불이행,건조,맑음,단일로 - 기타,승용,여,54세,상해없음,보행자,남,50세,경상
2014012400100512,2014년 1월 24일 19시,금요일,인천광역시 연수구 동춘동,중상사고,0,1,0,0,차대차 - 기타,불법유턴,건조,맑음,교차로 - 교차로부근,승용,남,60세,상해없음,승용,남,44세,상해없음
2014012400100544,2014년 1월 24일 20시,금요일,인천광역시 부평구 청천동,중상사고,0,1,0,0,차대차 - 측면직각충돌,안전운전불이행,건조,맑음,교차로 - 교차로안,승용,남,40세,상해없음,원동기,남,50세,중상
2014012400100545,2014년 1월 24일 20시,금요일,인천광역시 남동구 논현동,경상사고,0,0,1,0,차대차 - 추돌 - 진행중,중앙선침범,건조,맑음,교차로 - 교차로부근,자전거,여,48세,경상,화물,남,59세,상해없음
2014012400100546,2014년 1월 24일 20시,금요일,인천광역시 남동구 만수동,중상사고,0,1,1,0,차대차 - 추돌 - 진행중,차로위반,결빙,맑음,기타 - 기타,화물,남,53세,상해없음,승용,남,32세,중상
2014012400100630,2014년 1월 24일 22시,금요일,인천광역시 남동구 구월동,중상사고,0,1,0,0,차대차 - 측면직각충돌,안전운전불이행,기타,맑음,교차로 - 교차로부근,승용,남,48세,상해없음,원동기,남,17세,중상
2014012400100631,2014년 1월 24일 22시,금요일,인천광역시 남동구 구월동,경상사고,0,0,2,0,차대차 - 추돌 - 주정차중,안전운전불이행,습기,흐림,단일로 - 기타,승용,남,32세,상해없음,승용,남,30세,경상