사고번호,사고일시,요일,시군구,사고내용,사망자수,중상자수,경상자수,부상신고자수,사고유형,법규위반,노면상태,기상상태,도로형태,가해운전자 차종,가해운전자 성별,가해운전자 연령,가해운전자 상해정도,피해운전자 차종,피해운전자 성별,피해운전자 연령,피해운전자 상해정도
2014012400100675,2014년 1월 24일 23시,금요일,인천광역시 계양구 용종동,중상사고,0,2,0,0,차대차 - 측면직각충돌,안전운전불이행,습기,맑음,단일로 - 기타,승용,여,60세,상해없음,승용,남,18세,중상
2014012400100676,2014년 1월 24일 23시,금요일,인천광역시 계양구 작전동,중상사고,0,1,1,0,차대차 - 추돌 - 진행중,안전거리미확보,건조,맑음,교차로 - 교차로부근,승용,여,61세,상해없음,승용,남,60세,중상
2014012500100024,2014년 1월 25일 00시,토요일,인천광역시 남구 학익동,경상사고,0,0,3,0,차대차 - 추돌 - 진행중,안전운전불이행,건조,맑음,단일로 - 기타,승용,남,49세,상해없음,승용,남,66세,경상
2014012500100025,2014년 1월 25일 00시,토요일,인천광역시 남동구 도림동,경상사고,0,0,1,0,차대차 - 추돌 - 진행중,안전거리미확보,건조,맑음,기타 - 기타,승용,남,37세,상해없음,승용,여,59세,경상
2014012500100090,2014년 1월 25일 03시,토요일,인천광역시 서구 공촌동,경상사고,0,0,1,0,차대차 - 측면직각충돌,신호위반,건조,맑음,교차로 - 교차로안,승용,남,51세,상해없음,승용,남,46세,경상
2014012500100140,2014년 1월 25일 06시,토요일,인천광역시 중구 신흥동3가,중상사고,0,1,0,0,차대차 - 기타,안전운전불이행,건조,맑음,교차로 - 교차로부근,기타불명,기타불명,기타불명,기타불명,승용,여,49세,중상
2014012500100279,2014년 1월 25일 12시,토요일,인천광역시 남구 학익동,중상사고,0,1,0,0,차대차 - 기타,교차로운행방법위반,습기,비,교차로 - 교차로부근,승용,남,31세,상해없음,승용,여,47세,중상
2014012500100280,2014년 1월 25일 12시,토요일,인천광역시 계양구 서운동,경상사고,0,0,2,0,차대차 - 측면직각충돌,안전거리미확보,습기,비,단일로 - 기타,승용,남,52세,상해없음,승용,남,38세,경상
2014012500100310,2014년 1월 25일 13시,토요일,인천광역시 계양구 병방동,중상사고,0,1,1,0,차대차 - 측면직각충돌,중앙선침범,습기,비,교차로 - 교차로부근,승용,남,53세,상해없음,승용,남,45세,중상
2014012500100311,2014년 1월 25일 13시,토요일,인천광역시 계양구 상야동,경상사고,0,0,3,0,차대차 - 추돌 - 진행중,안전운전불이행,습기,비,단일로 - 기타,화물,남,48세,경상,승용,남,50세,상해없음
2014012500100337,2014년 1월 25일 14시,토요일,인천광역시 동구 화수동,중상사고,0,1,0,0,차대사람 - 횡단중,보행자보호의무위반,습기,비,단일로 - 횡단보도상,승용,남,53세,상해없음,보행자,남,38세,중상
2014012500100363,2014년 1월 25일 15시,토요일,인천광역시 남동구 구월동,경상사고,0,0,4,0,차대차 - 추돌 - 주정차중,안전운전불이행,습기,흐림,교차로 - 교차로안,승용,남,39세,상해없음,승용,남,33세,경상
2014012500100454,2014년 1월 25일 18시,토요일,인천광역시 남동구 구월동,경상사고,0,0,1,0,차대차 - 기타,중앙선침범,건조,맑음,단일로 - 기타,승용,남,59세,상해없음,이륜,남,30세,경상
2014012500100455,2014년 1월 25일 18시,토요일,인천광역시 서구 석남동,경상사고,0,0,3,0,차대차 - 추돌 - 진행중,안전운전불이행,건조,맑음,단일로 - 기타,승용,남,41세,상해없음,승용,남,72세,경상
2014012500100456,2014년 1월 25일 18시,토요일,인천광역시 계양구 계산동,부상신고사고,0,0,0,1,차대차 - 측면직각충돌,교차로운행방법위반,건조,맑음,교차로 - 교차로안,승용,남,38세,상해없음,이륜,남,56세,부상신고
2014012500100457,2014년 1월 25일 18시,토요일,인천광역시 계양구 계산동,경상사고,0,0,1,0,차대차 - 추돌 - 진행중,안전운전불이행,습기,맑음,미분류 - 미분류,승용,남,51세,상해없음,승용,남,28세,경상
2014012500100522,2014년 1월 25일 20시,토요일,인천광역시 남동구 구월동,중상사고,0,1,0,0,차대차 - 측면직각충돌,차로위반,건조,맑음,단일로 - 기타,승용,남,24세,상해없음,승용,남,28세,중상
2014012500100585,2014년 1월 25일 22시,토요일,인천광역시 서구 가좌동,경상사고,0,0,1,0,차대차 - 추돌 - 진행중,안전운전불이행,건조,맑음,교차로 - 교차로부근,화물,남,43세,상해없음,승용,남,31세,경상
2014012500100586,2014년 1월 25일 22시,토요일,인천광역시 남구 주안동,중상사고,0,2,1,0,차대차 - 추돌 - 진행중,과속,건조,맑음,미분류 - 미분류,승용,남,57세,상해없음,승용,여,41세,경상
2014012600100054,2014년 1월 26일 04시,일요일,인천광역시 연수구 송도동,경상사고,0,0,1,0,차대차 - 기타,신호위반,건조,맑음,교차로 - 교차로안,승용,남,32세,기타불명,승용,여,24세,경상
2014012600100097,2014년 1월 26일 07시,일요일,인천광역시 부평구 부개동,경상사고,0,0,1,0,차대차 - 기타,중앙선침범,건조,맑음,단일로 - 기타,승용,남,57세,상해없음,자전거,남,55세,경상
2014012600100134,2014년 1월 26일 09시,일요일,인천광역시 부평구 십정동,중상사고,0,1,0,0,차대사람 - 보도통행중,기타,건조,기타,기타 - 기타,화물,남,39세,상해없음,보행자,여,63세,중상
2014012600100155,2014년 1월 26일 10시,일요일,인천광역시 서구 가정동,중상사고,0,1,0,0,차대사람 - 보도통행중,신호위반,건조,맑음,단일로 - 횡단보도상,승용,여,43세,상해없음,보행자,여,17세,중상
2014012600100170,2014년 1월 26일 11시,일요일,인천광역시 남동구 구월동,경상사고,0,0,1,0,차대차 - 기타,차로위반,건조,맑음,교차로 - 교차로부근,승용,여,34세,상해없음,승용,남,70세,경상
2014012600100222,2014년 1월 26일 13시,일요일,인천광역시 계양구 작전동,중상사고,0,1,0,0,차대차 - 측면직각충돌,안전운전불이행,건조,맑음,기타 - 기타,승용,남,39세,상해없음,원동기,남,52세,중상
2014012600100240,2014년 1월 26일 14시,일요일,인천광역시 남구 주안동,경상사고,0,0,2,0,차대차 - 기타,안전거리미확보,건조,맑음,교차로 - 교차로부근,승용,남,67세,상해없음,승용,남,53세,경상
2014012600100241,2014년 1월 26일 14시,일요일,인천광역시 서구 경서동,경상사고,0,0,1,0,차대차 - 측면직각충돌,안전거리미확보,건조,맑음,단일로 - 기타,화물,남,39세,상해없음,승용,여,28세,상해없음
2014012600100316,2014년 1월 26일 17시,일요일,인천광역시 남동구 구월동,경상사고,0,0,1,0,차대사람 - 기타,보행자보호의무위반,건조,흐림,단일로 - 횡단보도상,승용,남,40세,상해없음,보행자,여,25세,경상
2014012600100339,2014년 1월 26일 18시,일요일,인천광역시 중구 운서동,경상사고,0,0,2,0,차대차 - 측면직각충돌,안전운전불이행,건조,맑음,단일로 - 기타,승용,여,22세,상해없음,승용,남,40세,경상
2014012600100340,2014년 1월 26일 18시,일요일,인천광역시 부평구 십정동,중상사고,0,1,0,0,차대사람 - 기타,안전운전불이행,건조,맑음,교차로 - 교차로부근,승용,남,50세,상해없음,보행자,남,15세,중상
2014012600100341,2014년 1월 26일 18시,일요일,인천광역시 서구 검암동,경상사고,0,0,1,0,차량단독 - 기타,안전운전불이행,건조,맑음,단일로 - 기타,승합,남,57세,상해없음,,,,
2014012600100361,2014년 1월 26일 19시,일요일,인천광역시 남구 학익동,경상사고,0,0,1,0,차대차 - 정면충돌,신호위반,건조,맑음,교차로 - 교차로안,승용,남,34세,상해없음,승용,남,64세,경상
2014012600100362,2014년 1월 26일 19시,일요일,인천광역시 남동구 논현동,중상사고,0,2,0,0,차대사람 - 기타,안전운전불이행,건조,맑음,단일로 - 기타,기타불명,기타불명,기타불명,기타불명,보행자,남,40세,중상
2014012600100363,2014년 1월 26일 19시,일요일,인천광역시 서구 심곡동,경상사고,0,0,1,0,차대차 - 기타,안전거리미확보,건조,맑음,단일로 - 기타,승용,여,44세,상해없음,승용,여,42세,경상
2014012600100403,2014년 1월 26일 21시,일요일,인천광역시 남동구 논현동,중상사고,0,1,5,0,차대사람 - 기타,안전운전불이행,건조,맑음,교차로 - 교차로부근,승용,남,45세,상해없음,보행자,남,42세,경상
2014012600100433,2014년 1월 26일 23시,일요일,인천광역시 계양구 계산동,중상사고,0,1,0,0,차대사람 - 기타,안전운전불이행,건조,맑음,교차로 - 교차로부근,승용,남,52세,상해없음,보행자,남,25세,중상
2014012700100013,2014년 1월 27일 00시,월요일,인천광역시 남동구 논현동,중상사고,0,1,0,0,차대차 - 측면직각충돌,신호위반,건조,맑음,교차로 - 교차로안,승용,남,37세,상해없음,승용,남,48세,중상
2014012700100014,2014년 1월 27일 00시,월요일,인천광역시 계양구 계산동,중상사고,0,2,0,0,차대차 - 기타,신호위반,건조,맑음,교차로 - 교차로안,원동기,남,36세,중상,원동기,남,60세,중상
2014012700100024,2014년 1월 27일 01시,월요일,인천광역시 중구 북성동1가,중상사고,0,1,0,0,차량단독 - 공작물충돌,안전운전불이행,건조,맑음,교차로 - 교차로안,승용,남,36세,상해없음,,,,
2014012700100031,2014년 1월 27일 02시,월요일,인천광역시 계양구 귤현동,경상사고,0,0,2,0,차대차 - 측면직각충돌,안전운전불이행,건조,맑음,단일로 - 기타,승용,남,46세,상해없음,화물,남,59세,경상
2014012700100043,2014년 1월 27일 04시,월요일,인천광역시 계양구 계산동,중상사고,0,1,0,0,차대사람 - 기타,보행자보호의무위반,건조,맑음,교차로 - 교차로부근,승용,남,49세,상해없음,보행자,여,66세,중상
2014012700100067,2014년 1월 27일 06시,월요일,인천광역시 동구 화수동,중상사고,0,1,3,0,차대차 - 추돌 - 진행중,안전운전불이행,건조,맑음,단일로 - 기타,화물,남,33세,상해없음,승합,남,63세,경상
2014012700100068,2014년 1월 27일 06시,월요일,인천광역시 부평구 부평동,경상사고,0,0,1,0,차대사람 - 횡단중,보행자보호의무위반,건조,맑음,단일로 - 횡단보도상,승용,여,32세,상해없음,보행자,여,32세,경상
2014012700100069,2014년 1월 27일 06시,월요일,인천광역시 강화군 선원면,중상사고,0,1,0,0,차대사람 - 기타,안전운전불이행,건조,맑음,단일로 - 기타,승용,남,57세,상해없음,보행자,남,67세,중상
2014012700100117,2014년 1월 27일 08시,월요일,인천광역시 부평구 삼산동,중상사고,0,2,1,0,차대차 - 정면충돌,중앙선침범,건조,맑음,단일로 - 기타,화물,남,58세,경상,승용,남,57세,중상
2014012700100141,2014년 1월 27일 09시,월요일,인천광역시 서구 석남동,경상사고,0,0,1,0,차대차 - 측면직각충돌,교차로운행방법위반,건조,맑음,교차로 - 교차로안,화물,남,57세,상해없음,승용,여,52세,경상
2014012700100291,2014년 1월 27일 14시,월요일,인천광역시 남동구 구월동,부상신고사고,0,0,0,1,차대사람 - 길가장자리구역통행중,안전운전불이행,건조,맑음,교차로 - 교차로부근,기타불명,기타불명,기타불명,기타불명,보행자,남,38세,부상신고
2014012700100326,2014년 1월 27일 15시,월요일,인천광역시 남구 숭의동,경상사고,0,0,1,0,차대차 - 추돌 - 주정차중,안전운전불이행,건조,맑음,교차로 - 교차로부근,기타불명,기타불명,기타불명,기타불명,승용,남,60세,상해없음
2014012700100361,2014년 1월 27일 16시,월요일,인천광역시 서구 연희동,경상사고,0,0,1,0,차대차 - 추돌 - 주정차중,안전운전불이행,건조,맑음,단일로 - 기타,승합,여,33세,상해없음,승용,남,40세,경상
2014012700100362,2014년 1월 27일 16시,월요일,인천광역시 연수구 청학동,중상사고,0,1,0,0,차대차 - 정면충돌,중앙선침범,건조,맑음,교차로 - 교차로부근,승용,여,41세,상해없음,승용,남,33세,중상
2014012700100386,2014년 1월 27일 17시,월요일,인천광역시 남구 관교동,중상사고,0,1,0,0,차량단독 - 기타,안전운전불이행,건조,맑음,기타 - 기타,승합,남,53세,상해없음,,,,
2014012700100387,2014년 1월 27일 17시,월요일,인천광역시 서구 가좌동,경상사고,0,0,1,0,차대차 - 측면직각충돌,안전운전불이행,건조,맑음,교차로 - 교차로부근,승용,남,40세,상해없음,이륜,남,27세,경상
2014012700100419,2014년 1월 27일 18시,월요일,인천광역시 서구 당하동,경상사고,0,0,1,0,차대차 - 측면직각충돌,안전거리미확보,건조,흐림,단일로 - 기타,승용,여,34세,상해없음,승용,여,47세,경상
2014012700100453,2014년 1월 27일 19시,월요일,인천광역시 서구 심곡동,경상사고,0,0,1,0,차대차 - 기타,교차로운행방법위반,건조,맑음,교차로 - 교차로안,승용,남,30세,상해없음,승용,여,44세,경상
2014012700100483,2014년 1월 27일 20시,월요일,인천광역시 계양구 계산동,경상사고,0,0,1,0,차대사람 - 차도통행중,안전운전불이행,건조,맑음,단일로 - 기타,기타불명,기타불명,기타불명,기타불명,보행자,여,34세,경상
2014012700100484,2014년 1월 27일 20시,월요일,인천광역시 부평구 부개동,중상사고,0,1,0,0,차대차 - 기타,중앙선침범,건조,맑음,단일로 - 기타,원동기,남,64세,상해없음,원동기,남,34세,중상
2014012700100522,2014년 1월 27일 21시,월요일,인천광역시 중구 율목동,부상신고사고,0,0,0,1,차대사람 - 기타,안전운전불이행,건조,맑음,단일로 - 기타,승용,여,39세,상해없음,보행자,남,5세,부상신고
2014012700100523,2014년 1월 27일 21시,월요일,인천광역시 남구 주안동,경상사고,0,0,2,0,차대차 - 기타,안전운전불이행,건조,맑음,교차로 - 교차로안,승용,남,20세,상해없음,승용,여,48세,경상
2014012700100548,2014년 1월 27일 22시,월요일,인천광역시 중구 운서동,사망사고,1,0,1,0,차대차 - 추돌 - 진행중,안전운전불이행,건조,맑음,교차로 - 교차로부근,화물,남,51세,사망,승합,남,38세,경상
2014012700100549,2014년 1월 27일 22시,월요일,인천광역시 서구 경서동,경상사고,0,0,1,0,차대차 - 기타,안전운전불이행,건조,맑음,단일로 - 기타,승합,남,59세,상해없음,승용,남,44세,경상
2014012800100013,2014년 1월 28일 00시,화요일,인천광역시 연수구 동춘동,경상사고,0,0,3,0,차대차 - 측면직각충돌,불법유턴,건조,맑음,단일로 - 기타,승용,남,31세,상해없음,승용,남,25세,경상
2014012800100027,2014년 1월 28일 01시,화요일,인천광역시 서구 석남동,중상사고,0,1,0,0,차대차 - 기타,신호위반,건조,맑음,단일로 - 기타,이륜,남,16세,중상,승용,남,51세,상해없음
2014012800100028,2014년 1월 28일 01시,화요일,인천광역시 부평구 부개동,경상사고,0,0,2,0,차대차 - 측면직각충돌,신호위반,건조,맑음,교차로 - 교차로안,승용,남,51세,상해없음,승합,남,46세,상해없음
2014012800100029,2014년 1월 28일 01시,화요일,인천광역시 부평구 부평동,경상사고,0,0,1,0,차대차 - 추돌 - 주정차중,안전운전불이행,건조,흐림,교차로 - 교차로부근,승용,남,54세,상해없음,승용,남,45세,경상
2014012800100038,2014년 1월 28일 02시,화요일,인천광역시 남동구 간석동,중상사고,0,1,0,0,차대사람 - 횡단중,신호위반,건조,맑음,단일로 - 횡단보도상,승용,남,30세,상해없음,보행자,남,49세,중상
2014012800100126,2014년 1월 28일 06시,화요일,인천광역시 남구 숭의동,중상사고,0,1,0,0,차대사람 - 기타,신호위반,습기,흐림,단일로 - 횡단보도상,승용,남,65세,상해없음,보행자,남,71세,중상
2014012800100127,2014년 1월 28일 06시,화요일,인천광역시 계양구 계산동,경상사고,0,0,2,0,차대차 - 추돌 - 주정차중,안전운전불이행,건조,맑음,단일로 - 기타,승합,남,54세,상해없음,승용,남,52세,경상
2014012800100128,2014년 1월 28일 06시,화요일,인천광역시 서구 마전동,경상사고,0,0,2,0,차량단독 - 전도전복,안전운전불이행,건조,흐림,단일로 - 기타,승용,남,22세,기타불명,,,,
2014012800100165,2014년 1월 28일 07시,화요일,인천광역시 서구 가정동,중상사고,0,1,0,0,차대사람 - 횡단중,신호위반,건조,맑음,교차로 - 교차로안,화물,남,52세,상해없음,보행자,남,52세,중상
2014012800100166,2014년 1월 28일 07시,화요일,인천광역시 서구 공촌동,중상사고,0,1,3,0,차대차 - 기타,안전운전불이행,건조,맑음,단일로 - 기타,승합,남,42세,중상,승용,남,35세,경상
2014012800100167,2014년 1월 28일 07시,화요일,인천광역시 연수구 송도동,중상사고,0,1,0,0,차대차 - 기타,안전운전불이행,건조,맑음,단일로 - 기타,기타불명,기타불명,기타불명,기타불명,승합,남,41세,중상
2014012800100168,2014년 1월 28일 07시,화요일,인천광역시 연수구 선학동,경상사고,0,0,1,0,차대차 - 측면직각충돌,신호위반,건조,맑음,교차로 - 교차로안,승용,남,51세,상해없음,승용,여,64세,경상
2014012800100218,2014년 1월 28일 08시,화요일,인천광역시 계양구 임학동,경상사고,0,0,1,0,차대사람 - 차도통행중,안전운전불이행,건조,맑음,단일로 - 기타,승용,여,41세,상해없음,보행자,여,27세,경상
2014012800100309,2014년 1월 28일 11시,화요일,인천광역시 옹진군 영흥면,경상사고,0,0,1,0,차대차 - 기타,안전운전불이행,건조,맑음,교차로 - 교차로안,건설기계,남,51세,상해없음,화물,남,60세,경상
2014012800100310,2014년 1월 28일 11시,화요일,인천광역시 남구 학익동,부상신고사고,0,0,0,1,차량단독 - 기타,안전운전불이행,건조,맑음,단일로 - 기타,승합,남,61세,상해없음,,,,
2014012800100311,2014년 1월 28일 11시,화요일,인천광역시 남구 주안동,경상사고,0,0,1,0,차대차 - 측면직각충돌,안전운전불이행,건조,맑음,단일로 - 기타,승합,남,52세,상해없음,화물,남,45세,경상
2014012800100312,2014년 1월 28일 11시,화요일,인천광역시 남동구 간석동,경상사고,0,0,2,0,차대차 - 기타,안전거리미확보,건조,맑음,단일로 - 기타,승용,남,55세,경상,건설기계,남,49세,경상
2014012800100341,2014년 1월 28일 12시,화요일,인천광역시 부평구 산곡동,경상사고,0,0,1,0,차대차 - 측면직각충돌,안전운전불이행,건조,맑음,단일로 - 기타,승용,여,42세,상해없음,승용,남,58세,경상
2014012800100342,2014년 1월 28일 12시,화요일,인천광역시 연수구 옥련동,경상사고,0,0,1,0,차대차 - 추돌 - 주정차중,안전운전불이행,건조,맑음,교차로 - 교차로안,승용,남,40세,상해없음,승용,여,53세,경상
2014012800100375,2014년 1월 28일 13시,화요일,인천광역시 중구 운남동,경상사고,0,0,1,0,차대차 - 기타,안전운전불이행,건조,맑음,미분류 - 미분류,승용,여,35세,상해없음,승용,여,37세,경상
2014012800100376,2014년 1월 28일 13시,화요일,인천광역시 서구 연희동,경상사고,0,0,1,0,차대사람 - 기타,안전운전불이행,건조,맑음,교차로 - 교차로부근,기타불명,기타불명,기타불명,기타불명,보행자,여,15세,경상
2014012800100417,2014년 1월 28일 14시,화요일,인천광역시 중구 신흥동3가,경상사고,0,0,1,0,차대사람 - 기타,안전운전불이행,건조,맑음,단일로 - 횡단보도부근,화물,남,42세,상해없음,보행자,여,46세,경상
2014012800100418,2014년 1월 28일 14시,화요일,인천광역시 연수구 송도동,경상사고,0,0,1,0,차대사람 - 차도통행중,안전운전불이행,건조,맑음,단일로 - 기타,승용,여,35세,상해없음,보행자,남,30세,경상
2014012800100453,2014년 1월 28일 15시,화요일,인천광역시 남구 주안동,중상사고,0,1,0,0,차대사람 - 횡단중,안전운전불이행,건조,맑음,단일로 - 기타,승합,남,54세,상해없음,보행자,남,47세,중상
2014012800100454,2014년 1월 28일 15시,화요일,인천광역시 남동구 구월동,중상사고,0,1,0,0,차대사람 - 기타,안전운전불이행,건조,맑음,단일로 - 기타,이륜,남,17세,상해없음,보행자,남,32세,중상
2014012800100455,2014년 1월 28일 15시,화요일,인천광역시 남동구 구월동,중상사고,0,1,0,0,차대사람 - 보도통행중,안전운전불이행,건조,맑음,단일로 - 기타,승용,남,61세,상해없음,보행자,남,16세,중상
2014012800100456,2014년 1월 28일 15시,화요일,인천광역시 남동구 만수동,중상사고,0,1,0,0,차량단독 - 기타,기타,건조,맑음,단일로 - 기타,승합,남,55세,상해없음,,,,
2014012800100457,2014년 1월 28일 15시,화요일,인천광역시 부평구 십정동,중상사고,0,1,0,0,차대사람 - 기타,안전운전불이행,건조,맑음,교차로 - 교차로안,승용,남,37세,상해없음,보행자,남,44세,중상
2014012800100458,2014년 1월 28일 15시,화요일,인천광역시 부평구 부개동,중상사고,0,1,0,0,차대사람 - 기타,안전운전불이행,건조,맑음,단일로 - 기타,승용,남,58세,기타불명,보행자,여,67세,중상
2014012800100459,2014년 1월 28일 15시,화요일,인천광역시 부평구 부평동,경상사고,0,0,2,0,차대차 - 측면직각충돌,안전운전불이행,건조,맑음,단일로 - 횡단보도부근,승합,남,44세,상해없음,승용,남,59세,경상
2014012800100494,2014년 1월 28일 16시,화요일,인천광역시 남구 도화동,중상사고,0,1,0,0,차대차 - 측면직각충돌,중앙선침범,건조,맑음,단일로 - 기타,승용,남,29세,상해없음,승용,남,40세,중상
2014012800100531,2014년 1월 28일 17시,화요일,인천광역시 서구 경서동,중상사고,0,1,1,0,차대차 - 측면직각충돌,안전운전불이행,건조,맑음,단일로 - 기타,승용,남,48세,경상,승용,남,32세,상해없음
2014012800100566,2014년 1월 28일 18시,화요일,인천광역시 연수구 연수동,경상사고,0,0,1,0,차량단독 - 기타,안전운전불이행,건조,맑음,교차로 - 교차로부근,승합,남,53세,상해없음,,,,
2014012800100567,2014년 1월 28일 18시,화요일,인천광역시 남구 용현동,경상사고,0,0,1,0,차대차 - 추돌 - 진행중,안전거리미확보,건조,맑음,기타 - 기타,승용,여,46세,상해없음,승용,남,52세,경상
2014012800100656,2014년 1월 28일 21시,화요일,인천광역시 남동구 남촌동,경상사고,0,0,1,0,차대차 - 추돌 - 진행중,중앙선침범,건조,맑음,교차로 - 교차로안,자전거,남,40세,경상,화물,남,35세,상해없음
2014012800100657,2014년 1월 28일 21시,화요일,인천광역시 서구 신현동,경상사고,0,0,1,0,차대사람 - 횡단중,신호위반,건조,맑음,교차로 - 교차로안,승용,남,52세,상해없음,보행자,여,44세,경상
2014012800100658,2014년 1월 28일 21시,화요일,인천광역시 서구 심곡동,부상신고사고,0,0,0,1,차대사람 - 기타,기타,건조,맑음,기타 - 기타,승용,남,47세,상해없음,보행자,남,68세,부상신고
2014012800100687,2014년 1월 28일 22시,화요일,인천광역시 부평구 청천동,중상사고,0,1,0,0,차대사람 - 횡단중,안전운전불이행,건조,맑음,단일로 - 기타,승합,남,58세,상해없음,보행자,남,24세,중상
2014012800100724,2014년 1월 28일 23시,화요일,인천광역시 서구 원당동,경상사고,0,0,1,0,차대사람 - 기타,안전운전불이행,건조,맑음,단일로 - 기타,승용,여,29세,상해없음,보행자,남,35세,경상
2014012800100725,2014년 1월 28일 23시,화요일,인천광역시 연수구 동춘동,경상사고,0,0,1,0,차대차 - 기타,중앙선침범,건조,맑음,교차로 - 교차로안,승용,기타불명,기타불명,기타불명,승용,남,49세,경상
2014012900100026,2014년 1월 29일 00시,수요일,인천광역시 남동구 구월동,경상사고,0,0,1,0,차대차 - 측면직각충돌,신호위반,건조,맑음,교차로 - 교차로안,승용,남,41세,상해없음,승용,남,65세,경상
2014012900100027,2014년 1월 29일 00시,수요일,인천광역시 연수구 옥련동,경상사고,0,0,1,0,차대차 - 정면충돌,신호위반,건조,맑음,교차로 - 교차로안,승용,여,34세,상해없음,승용,남,30세,경상
2014012900100028,2014년 1월 29일 00시,수요일,인천광역시 부평구 부개동,중상사고,0,1,0,0,차대사람 - 기타,안전운전불이행,건조,흐림,기타 - 기타,승용,남,35세,상해없음,보행자,남,34세,중상
2014012900100045,2014년 1월 29일 01시,수요일,인천광역시 남구 주안동,중상사고,0,2,1,0,차대차 - 측면직각충돌,안전운전불이행,건조,맑음,단일로 - 기타,승합,남,39세,상해없음,승용,남,52세,경상
2014012900100084,2014년 1월 29일 05시,수요일,인천광역시 서구 가좌동,중상사고,0,1,0,0,차대사람 - 횡단중,신호위반,건조,맑음,단일로 - 횡단보도상,이륜,남,77세,상해없음,보행자,여,73세,중상
2014012900100148,2014년 1월 29일 08시,수요일,인천광역시 남동구 남촌동,중상사고,0,1,1,0,차대차 - 측면직각충돌,신호위반,건조,맑음,교차로 - 교차로안,승용,여,39세,상해없음,승용,여,58세,중상
2014012900100209,2014년 1월 29일 10시,수요일,인천광역시 계양구 계산동,경상사고,0,0,1,0,차대사람 - 횡단중,안전운전불이행,건조,맑음,단일로 - 기타,승용,남,45세,상해없음,보행자,여,48세,경상
2014012900100237,2014년 1월 29일 11시,수요일,인천광역시 중구 항동7가,경상사고,0,0,1,0,차대차 - 측면직각충돌,신호위반,건조,맑음,교차로 - 교차로안,화물,남,71세,상해없음,승용,남,42세,경상
2014012900100238,2014년 1월 29일 11시,수요일,인천광역시 남동구 구월동,경상사고,0,0,1,0,차대사람 - 보도통행중,안전운전불이행,건조,맑음,단일로 - 횡단보도상,승용,남,34세,상해없음,보행자,남,53세,경상
2014012900100239,2014년 1월 29일 11시,수요일,인천광역시 남동구 구월동,중상사고,0,2,3,0,차대차 - 정면충돌,중앙선침범,건조,맑음,단일로 - 기타,승용,남,30세,상해없음,승용,남,31세,경상
2014012900100240,2014년 1월 29일 11시,수요일,인천광역시 남동구 논현동,중상사고,0,2,0,0,차대차 - 정면충돌,안전운전불이행,건조,맑음,단일로 - 기타,자전거,여,61세,중상,이륜,남,46세,중상
2014012900100279,2014년 1월 29일 13시,수요일,인천광역시 부평구 산곡동,부상신고사고,0,0,0,1,차대차 - 기타,신호위반,건조,맑음,교차로 - 교차로안,이륜,기타불명,기타불명,기타불명,승용,여,47세,부상신고
2014012900100280,2014년 1월 29일 13시,수요일,인천광역시 연수구 옥련동,중상사고,0,1,0,0,차대사람 - 기타,안전운전불이행,건조,맑음,단일로 - 기타,기타불명,기타불명,기타불명,기타불명,보행자,여,43세,중상
2014012900100311,2014년 1월 29일 14시,수요일,인천광역시 계양구 계산동,중상사고,0,1,1,0,차대사람 - 기타,안전운전불이행,건조,맑음,단일로 - 기타,승용,남,38세,상해없음,보행자,여,10세,중상
2014012900100344,2014년 1월 29일 15시,수요일,인천광역시 서구 석남동,경상사고,0,0,1,0,차대차 - 기타,안전운전불이행,건조,맑음,단일로 - 기타,승용,여,40세,상해없음,원동기,남,36세,경상
2014012900100405,2014년 1월 29일 17시,수요일,인천광역시 계양구 계산동,경상사고,0,0,2,0,차대차 - 측면직각충돌,안전운전불이행,건조,맑음,교차로 - 교차로안,승용,남,56세,상해없음,승합,남,64세,상해없음
2014012900100406,2014년 1월 29일 17시,수요일,인천광역시 계양구 효성동,경상사고,0,0,3,0,차대차 - 측면직각충돌,교차로운행방법위반,건조,맑음,교차로 - 교차로부근,화물,남,32세,경상,화물,남,51세,경상
2014012900100407,2014년 1월 29일 17시,수요일,인천광역시 연수구 동춘동,중상사고,0,1,0,0,차대사람 - 횡단중,안전운전불이행,건조,맑음,단일로 - 기타,승용,남,47세,상해없음,보행자,여,53세,중상
2014012900100453,2014년 1월 29일 18시,수요일,인천광역시 남구 학익동,중상사고,0,1,0,0,차대차 - 측면직각충돌,안전운전불이행,건조,맑음,단일로 - 횡단보도상,승용,남,33세,상해없음,원동기,남,51세,중상
2014012900100491,2014년 1월 29일 19시,수요일,인천광역시 서구 석남동,경상사고,0,0,1,0,차대차 - 측면직각충돌,안전운전불이행,건조,맑음,단일로 - 기타,승용,남,50세,상해없음,원동기,여,45세,경상
2014012900100492,2014년 1월 29일 19시,수요일,인천광역시 서구 경서동,중상사고,0,1,0,0,차대차 - 측면직각충돌,신호위반,건조,맑음,단일로 - 기타,승용,남,40세,상해없음,자전거,여,12세,중상
2014012900100493,2014년 1월 29일 19시,수요일,인천광역시 서구 가좌동,경상사고,0,0,3,0,차대차 - 기타,안전운전불이행,건조,맑음,교차로 - 교차로부근,화물,남,56세,상해없음,승용,여,39세,경상
2014012900100494,2014년 1월 29일 19시,수요일,인천광역시 부평구 부평동,경상사고,0,0,3,0,차대차 - 측면직각충돌,안전운전불이행,건조,맑음,교차로 - 교차로부근,승합,남,50세,상해없음,승용,여,24세,경상