사고번호,사고일시,요일,시군구,사고내용,사망자수,중상자수,경상자수,부상신고자수,사고유형,법규위반,노면상태,기상상태,도로형태,가해운전자 차종,가해운전자 성별,가해운전자 연령,가해운전자 상해정도,피해운전자 차종,피해운전자 성별,피해운전자 연령,피해운전자 상해정도
2014012900100525,2014년 1월 29일 20시,수요일,인천광역시 서구 가좌동,중상사고,0,1,1,0,차대차 - 측면직각충돌,중앙선침범,건조,맑음,단일로 - 기타,승용,남,46세,상해없음,승합,남,48세,경상
2014012900100576,2014년 1월 29일 22시,수요일,인천광역시 계양구 병방동,중상사고,0,1,0,0,차대차 - 기타,안전운전불이행,건조,맑음,교차로 - 교차로부근,승용,남,30세,상해없음,이륜,남,47세,중상
2014012900100577,2014년 1월 29일 22시,수요일,인천광역시 부평구 삼산동,중상사고,0,1,0,0,차대사람 - 기타,안전운전불이행,습기,맑음,단일로 - 기타,승합,남,42세,상해없음,보행자,여,52세,중상
2014012900100618,2014년 1월 29일 23시,수요일,인천광역시 남구 용현동,경상사고,0,0,1,0,차대차 - 측면직각충돌,안전거리미확보,건조,맑음,단일로 - 기타,승용,여,57세,상해없음,승용,남,37세,경상
2014012900100619,2014년 1월 29일 23시,수요일,인천광역시 부평구 십정동,경상사고,0,0,1,0,차대차 - 기타,차로위반,건조,맑음,단일로 - 기타,승용,여,54세,상해없음,승용,남,55세,경상
2014012900100620,2014년 1월 29일 23시,수요일,인천광역시 남동구 구월동,경상사고,0,0,1,0,차대차 - 측면직각충돌,신호위반,건조,맑음,교차로 - 교차로안,승합,남,53세,상해없음,승용,남,57세,경상
2014013000100025,2014년 1월 30일 00시,목요일,인천광역시 남동구 고잔동,중상사고,0,2,1,0,차대차 - 추돌 - 주정차중,안전운전불이행,건조,맑음,단일로 - 기타,화물,남,53세,중상,승용,남,60세,중상
2014013000100026,2014년 1월 30일 00시,목요일,인천광역시 서구 원창동,경상사고,0,0,2,0,차대차 - 추돌 - 진행중,안전운전불이행,건조,맑음,단일로 - 기타,승용,남,53세,상해없음,승용,남,47세,상해없음
2014013000100027,2014년 1월 30일 00시,목요일,인천광역시 부평구 삼산동,중상사고,0,1,0,0,차대사람 - 기타,안전운전불이행,건조,맑음,단일로 - 횡단보도상,승용,남,45세,상해없음,보행자,남,55세,중상
2014013000100069,2014년 1월 30일 02시,목요일,인천광역시 남구 관교동,경상사고,0,0,4,0,차대차 - 추돌 - 주정차중,안전운전불이행,건조,맑음,단일로 - 기타,승용,남,30세,상해없음,승용,남,44세,경상
2014013000100104,2014년 1월 30일 04시,목요일,인천광역시 남동구 간석동,경상사고,0,0,2,0,차대차 - 기타,차로위반,건조,맑음,단일로 - 기타,승용,남,26세,상해없음,승용,남,58세,경상
2014013000100128,2014년 1월 30일 06시,목요일,인천광역시 남구 주안동,경상사고,0,0,3,0,차대차 - 추돌 - 진행중,안전운전불이행,습기,맑음,단일로 - 기타,승용,남,40세,상해없음,승용,남,49세,경상
2014013000100150,2014년 1월 30일 08시,목요일,인천광역시 서구 경서동,경상사고,0,0,1,0,차대차 - 기타,안전운전불이행,건조,맑음,교차로 - 교차로안,기타불명,기타불명,기타불명,기타불명,자전거,여,42세,경상
2014013000100242,2014년 1월 30일 13시,목요일,인천광역시 남동구 간석동,중상사고,0,1,0,0,차대사람 - 기타,안전운전불이행,건조,맑음,교차로 - 교차로부근,승용,남,39세,상해없음,보행자,남,79세,중상
2014013000100299,2014년 1월 30일 16시,목요일,인천광역시 서구 검암동,중상사고,0,1,0,0,차대차 - 기타,안전운전불이행,건조,맑음,단일로 - 기타,승용,남,64세,상해없음,자전거,여,55세,중상
2014013000100368,2014년 1월 30일 19시,목요일,인천광역시 남구 학익동,중상사고,0,1,4,0,차대차 - 기타,신호위반,건조,맑음,교차로 - 교차로안,승용,남,35세,상해없음,승용,남,38세,중상
2014013000100369,2014년 1월 30일 19시,목요일,인천광역시 강화군 교동면,중상사고,0,1,0,0,차대사람 - 차도통행중,안전운전불이행,건조,맑음,단일로 - 기타,기타불명,기타불명,기타불명,기타불명,보행자,여,15세,중상
2014013100100071,2014년 1월 31일 07시,금요일,인천광역시 남구 용현동,중상사고,0,3,0,0,차대차 - 기타,신호위반,습기,비,교차로 - 교차로안,승용,남,74세,상해없음,승용,남,56세,중상
2014013100100072,2014년 1월 31일 07시,금요일,인천광역시 부평구 십정동,경상사고,0,0,2,1,차대차 - 기타,안전거리미확보,건조,맑음,단일로 - 기타,화물,남,63세,상해없음,승용,남,58세,경상
2014013100100133,2014년 1월 31일 11시,금요일,인천광역시 남동구 구월동,경상사고,0,0,2,0,차대차 - 측면직각충돌,안전운전불이행,건조,맑음,단일로 - 기타,승용,남,21세,상해없음,승용,남,28세,경상
2014013100100148,2014년 1월 31일 12시,금요일,인천광역시 남동구 간석동,경상사고,0,0,1,0,차대차 - 기타,안전운전불이행,건조,맑음,단일로 - 기타,승용,남,42세,상해없음,자전거,남,52세,경상
2014013100100179,2014년 1월 31일 14시,금요일,인천광역시 남동구 만수동,경상사고,0,0,2,0,차대차 - 기타,안전거리미확보,건조,맑음,교차로 - 교차로부근,기타불명,기타불명,기타불명,기타불명,승용,남,54세,기타불명
2014013100100204,2014년 1월 31일 15시,금요일,인천광역시 계양구 용종동,경상사고,0,0,2,0,차대차 - 측면직각충돌,안전운전불이행,건조,맑음,교차로 - 교차로안,승용,남,27세,상해없음,승용,남,30세,경상
2014013100100225,2014년 1월 31일 16시,금요일,인천광역시 서구 금곡동,경상사고,0,0,5,0,차대차 - 기타,안전운전불이행,건조,맑음,단일로 - 기타,승용,남,56세,상해없음,승용,남,67세,상해없음
2014013100100226,2014년 1월 31일 16시,금요일,인천광역시 계양구 작전동,중상사고,0,4,0,0,차대차 - 정면충돌,신호위반,건조,맑음,교차로 - 교차로안,승용,남,40세,중상,승용,여,53세,중상
2014013100100246,2014년 1월 31일 17시,금요일,인천광역시 부평구 부개동,중상사고,0,1,4,0,차대차 - 기타,중앙선침범,건조,맑음,단일로 - 기타,승용,남,37세,상해없음,승용,여,59세,경상
2014013100100262,2014년 1월 31일 18시,금요일,인천광역시 부평구 부평동,경상사고,0,0,2,0,차대차 - 측면직각충돌,안전운전불이행,건조,맑음,단일로 - 기타,승용,여,41세,상해없음,승용,남,34세,경상
2014013100100301,2014년 1월 31일 20시,금요일,인천광역시 남구 도화동,경상사고,0,0,1,1,차대차 - 기타,안전운전불이행,건조,맑음,단일로 - 기타,승용,남,19세,상해없음,승용,남,29세,부상신고
2014020100100008,2014년 2월 1일 00시,토요일,인천광역시 서구 가좌동,경상사고,0,0,1,0,차대사람 - 기타,안전운전불이행,건조,맑음,단일로 - 기타,승용,남,23세,상해없음,보행자,남,37세,경상
2014020100100027,2014년 2월 1일 03시,토요일,인천광역시 남동구 구월동,부상신고사고,0,0,0,2,차대차 - 기타,신호위반,건조,맑음,단일로 - 기타,이륜,기타불명,기타불명,기타불명,승용,남,44세,부상신고
2014020100100034,2014년 2월 1일 04시,토요일,인천광역시 계양구 작전동,중상사고,0,1,0,0,차대차 - 측면직각충돌,신호위반,건조,맑음,교차로 - 교차로안,승용,남,30세,상해없음,이륜,남,64세,중상
2014020100100102,2014년 2월 1일 12시,토요일,인천광역시 남동구 구월동,경상사고,0,0,2,0,차대차 - 추돌 - 주정차중,안전운전불이행,건조,맑음,단일로 - 기타,승용,남,38세,상해없음,승용,남,26세,경상
2014020100100119,2014년 2월 1일 13시,토요일,인천광역시 강화군 화도면,경상사고,0,0,1,0,차대차 - 기타,안전운전불이행,건조,맑음,기타 - 기타,승용,남,50세,상해없음,승용,남,29세,상해없음
2014020100100157,2014년 2월 1일 15시,토요일,인천광역시 동구 송현동,경상사고,0,0,1,0,차대사람 - 기타,안전운전불이행,습기,비,단일로 - 기타,승용,남,41세,기타불명,보행자,여,56세,경상
2014020100100239,2014년 2월 1일 18시,토요일,인천광역시 부평구 청천동,중상사고,0,1,0,0,차대차 - 기타,중앙선침범,습기,비,단일로 - 기타,승용,남,45세,상해없음,이륜,남,26세,중상
2014020100100240,2014년 2월 1일 18시,토요일,인천광역시 남동구 간석동,부상신고사고,0,0,0,1,차대사람 - 보도통행중,신호위반,습기,비,단일로 - 횡단보도상,승용,기타불명,기타불명,기타불명,보행자,남,13세,부상신고
2014020100100241,2014년 2월 1일 18시,토요일,인천광역시 남동구 논현동,경상사고,0,0,1,0,차대사람 - 횡단중,보행자보호의무위반,습기,비,단일로 - 기타,승용,여,28세,상해없음,보행자,여,24세,경상
2014020100100242,2014년 2월 1일 18시,토요일,인천광역시 연수구 송도동,중상사고,0,1,0,0,차대차 - 측면직각충돌,안전운전불이행,습기,맑음,단일로 - 기타,승용,남,22세,상해없음,승용,여,53세,중상
2014020100100316,2014년 2월 1일 20시,토요일,인천광역시 부평구 부평동,경상사고,0,0,1,0,차대차 - 기타,교차로운행방법위반,건조,맑음,교차로 - 교차로부근,승합,남,64세,상해없음,승용,여,32세,경상
2014020100100347,2014년 2월 1일 21시,토요일,인천광역시 계양구 동양동,경상사고,0,0,1,0,차대사람 - 횡단중,보행자보호의무위반,습기,맑음,교차로 - 교차로안,승용,남,28세,상해없음,보행자,남,29세,경상
2014020100100381,2014년 2월 1일 22시,토요일,인천광역시 남구 숭의동,경상사고,0,0,2,0,차대차 - 측면직각충돌,교차로운행방법위반,건조,맑음,교차로 - 교차로안,승용,남,57세,상해없음,승용,남,32세,경상
2014020100100382,2014년 2월 1일 22시,토요일,인천광역시 계양구 작전동,경상사고,0,0,1,0,차대차 - 측면직각충돌,안전운전불이행,습기,흐림,교차로 - 교차로안,승용,남,25세,상해없음,승용,남,28세,경상
2014020100100383,2014년 2월 1일 22시,토요일,인천광역시 계양구 동양동,경상사고,0,0,2,0,차대차 - 측면직각충돌,중앙선침범,습기,흐림,단일로 - 기타,승용,남,50세,상해없음,승용,남,38세,경상
2014020100100409,2014년 2월 1일 23시,토요일,인천광역시 남구 학익동,중상사고,0,1,0,0,차대사람 - 기타,안전운전불이행,건조,맑음,단일로 - 기타,원동기,남,32세,상해없음,보행자,여,37세,중상
2014020200100016,2014년 2월 2일 00시,일요일,인천광역시 남구 주안동,부상신고사고,0,0,0,1,차대사람 - 기타,안전운전불이행,건조,맑음,단일로 - 기타,기타불명,기타불명,기타불명,기타불명,보행자,남,72세,부상신고
2014020200100017,2014년 2월 2일 00시,일요일,인천광역시 서구 연희동,경상사고,0,0,1,0,차대차 - 추돌 - 주정차중,안전거리미확보,건조,맑음,단일로 - 기타,승용,남,42세,상해없음,승용,여,49세,경상
2014020200100018,2014년 2월 2일 00시,일요일,인천광역시 계양구 작전동,경상사고,0,0,1,0,차대차 - 측면직각충돌,교차로운행방법위반,습기,비,교차로 - 교차로안,화물,남,68세,상해없음,원동기,남,45세,경상
2014020200100029,2014년 2월 2일 01시,일요일,인천광역시 남동구 구월동,경상사고,0,0,1,0,차대차 - 측면직각충돌,신호위반,습기,비,교차로 - 교차로안,승용,남,57세,기타불명,이륜,남,17세,경상
2014020200100043,2014년 2월 2일 02시,일요일,인천광역시 연수구 선학동,사망사고,1,0,0,0,차대사람 - 차도통행중,안전운전불이행,습기,비,교차로 - 교차로안,승용,남,67세,상해없음,보행자,여,81세,사망
2014020200100074,2014년 2월 2일 05시,일요일,인천광역시 계양구 작전동,중상사고,0,1,1,0,차대차 - 측면직각충돌,신호위반,습기,맑음,교차로 - 교차로안,승용,남,25세,상해없음,승용,남,61세,중상
2014020200100091,2014년 2월 2일 07시,일요일,인천광역시 부평구 십정동,중상사고,0,1,0,0,차대사람 - 횡단중,안전운전불이행,습기,비,교차로 - 교차로안,승용,여,50세,상해없음,보행자,남,74세,중상
2014020200100181,2014년 2월 2일 14시,일요일,인천광역시 부평구 십정동,경상사고,0,0,1,0,차대차 - 측면직각충돌,안전운전불이행,습기,흐림,교차로 - 교차로안,승용,남,31세,상해없음,승용,여,44세,경상
2014020200100242,2014년 2월 2일 17시,일요일,인천광역시 남동구 구월동,중상사고,0,1,1,0,차대차 - 추돌 - 주정차중,안전운전불이행,건조,맑음,교차로 - 교차로부근,승용,남,45세,상해없음,승용,남,33세,중상
2014020200100275,2014년 2월 2일 18시,일요일,인천광역시 남동구 간석동,경상사고,0,0,1,0,차대사람 - 기타,안전운전불이행,건조,맑음,단일로 - 기타,승용,여,39세,상해없음,보행자,남,44세,경상
2014020200100276,2014년 2월 2일 18시,일요일,인천광역시 서구 마전동,경상사고,0,0,1,0,차대차 - 기타,안전거리미확보,건조,맑음,단일로 - 기타,자전거,남,69세,상해없음,이륜,남,16세,경상
2014020200100290,2014년 2월 2일 19시,일요일,인천광역시 서구 석남동,중상사고,0,1,5,0,차대차 - 측면직각충돌,신호위반,건조,맑음,교차로 - 교차로안,승용,남,71세,상해없음,승용,남,62세,경상
2014020200100334,2014년 2월 2일 21시,일요일,인천광역시 부평구 부평동,중상사고,0,1,0,0,차대차 - 기타,안전거리미확보,건조,맑음,단일로 - 기타,승용,남,38세,상해없음,이륜,남,35세,중상
2014020200100352,2014년 2월 2일 22시,일요일,인천광역시 남동구 간석동,경상사고,0,0,1,0,차대차 - 기타,차로위반,건조,맑음,단일로 - 기타,승용,남,47세,상해없음,승용,여,48세,경상
2014020200100360,2014년 2월 2일 23시,일요일,인천광역시 남동구 남촌동,중상사고,0,1,2,0,차대차 - 정면충돌,안전운전불이행,건조,맑음,단일로 - 기타,승용,남,31세,상해없음,승용,남,34세,경상
2014020200100361,2014년 2월 2일 23시,일요일,인천광역시 계양구 작전동,경상사고,0,0,3,0,차대차 - 측면직각충돌,안전운전불이행,건조,맑음,단일로 - 기타,승용,남,56세,상해없음,승용,남,19세,경상
2014020300100048,2014년 2월 3일 06시,월요일,인천광역시 남동구 논현동,중상사고,0,1,0,0,차대사람 - 횡단중,안전운전불이행,건조,맑음,단일로 - 기타,승용,남,41세,상해없음,보행자,여,16세,중상
2014020300100070,2014년 2월 3일 07시,월요일,인천광역시 중구 송월동1가,경상사고,0,0,1,0,차대사람 - 횡단중,안전운전불이행,건조,맑음,교차로 - 교차로부근,승용,남,38세,상해없음,보행자,남,59세,경상
2014020300100071,2014년 2월 3일 07시,월요일,인천광역시 서구 신현동,중상사고,0,1,0,0,차대사람 - 횡단중,안전운전불이행,건조,맑음,단일로 - 횡단보도부근,승용,남,49세,상해없음,보행자,남,59세,중상
2014020300100111,2014년 2월 3일 09시,월요일,인천광역시 서구 신현동,경상사고,0,0,1,0,차대사람 - 기타,안전운전불이행,건조,맑음,교차로 - 교차로안,승용,여,35세,상해없음,보행자,남,54세,경상
2014020300100145,2014년 2월 3일 11시,월요일,인천광역시 중구 신흥동3가,중상사고,0,1,2,0,차대차 - 측면직각충돌,교차로운행방법위반,건조,흐림,교차로 - 교차로안,건설기계,남,42세,중상,승합,남,39세,경상
2014020300100175,2014년 2월 3일 12시,월요일,인천광역시 남구 용현동,경상사고,0,0,1,0,차대차 - 기타,안전운전불이행,건조,맑음,기타 - 기타,화물,남,39세,상해없음,승합,남,55세,상해없음
2014020300100251,2014년 2월 3일 15시,월요일,인천광역시 부평구 갈산동,경상사고,0,0,4,0,차대차 - 측면직각충돌,안전운전불이행,건조,맑음,교차로 - 교차로부근,승용,여,45세,상해없음,승용,남,64세,경상
2014020300100338,2014년 2월 3일 18시,월요일,인천광역시 남동구 구월동,경상사고,0,0,1,0,차대차 - 추돌 - 주정차중,안전거리미확보,건조,맑음,교차로 - 교차로부근,승용,남,43세,상해없음,승용,여,48세,경상
2014020300100373,2014년 2월 3일 19시,월요일,인천광역시 남구 용현동,경상사고,0,0,2,0,차대차 - 추돌 - 진행중,안전운전불이행,건조,맑음,단일로 - 기타,화물,남,69세,상해없음,승용,남,52세,경상
2014020300100400,2014년 2월 3일 20시,월요일,인천광역시 서구 석남동,경상사고,0,0,3,0,차대차 - 기타,신호위반,건조,맑음,교차로 - 교차로안,승용,남,50세,상해없음,승용,남,30세,경상
2014020300100456,2014년 2월 3일 23시,월요일,인천광역시 계양구 박촌동,중상사고,0,1,0,0,차대사람 - 기타,안전운전불이행,건조,맑음,단일로 - 기타,승용,남,25세,상해없음,보행자,남,40세,중상
2014020400100022,2014년 2월 4일 01시,화요일,인천광역시 남구 숭의동,경상사고,0,0,3,0,차대차 - 기타,안전운전불이행,건조,맑음,교차로 - 교차로부근,승용,여,39세,상해없음,승용,남,55세,경상
2014020400100081,2014년 2월 4일 07시,화요일,인천광역시 연수구 선학동,부상신고사고,0,0,0,1,차대사람 - 횡단중,안전운전불이행,건조,맑음,단일로 - 횡단보도상,승용,남,64세,상해없음,보행자,남,23세,부상신고
2014020400100132,2014년 2월 4일 09시,화요일,인천광역시 부평구 부평동,경상사고,0,0,1,0,차대차 - 측면직각충돌,교차로운행방법위반,건조,맑음,교차로 - 교차로부근,승용,남,69세,상해없음,승용,여,47세,경상
2014020400100133,2014년 2월 4일 09시,화요일,인천광역시 부평구 부평동,경상사고,0,0,1,0,차대차 - 추돌 - 진행중,차로위반,건조,맑음,교차로 - 교차로부근,화물,남,27세,상해없음,승용,여,31세,경상
2014020400100134,2014년 2월 4일 09시,화요일,인천광역시 서구 검암동,중상사고,0,1,0,0,차대사람 - 기타,안전운전불이행,건조,맑음,단일로 - 기타,승용,여,30세,상해없음,보행자,여,60세,중상
2014020400100161,2014년 2월 4일 10시,화요일,인천광역시 서구 심곡동,중상사고,0,1,0,0,차대사람 - 횡단중,보행자보호의무위반,건조,맑음,교차로 - 교차로안,승합,여,53세,상해없음,보행자,여,44세,중상
2014020400100198,2014년 2월 4일 12시,화요일,인천광역시 부평구 갈산동,경상사고,0,0,1,0,차대차 - 추돌 - 진행중,차로위반,건조,맑음,단일로 - 기타,승용,여,52세,경상,화물,남,51세,상해없음
2014020400100272,2014년 2월 4일 15시,화요일,인천광역시 부평구 부평동,경상사고,0,0,1,0,차대차 - 기타,중앙선침범,건조,맑음,단일로 - 횡단보도부근,승용,남,63세,상해없음,승합,여,40세,경상
2014020400100273,2014년 2월 4일 15시,화요일,인천광역시 남동구 구월동,경상사고,0,0,1,0,차대차 - 측면직각충돌,안전운전불이행,건조,맑음,단일로 - 기타,이륜,남,37세,경상,화물,남,30세,상해없음
2014020400100326,2014년 2월 4일 17시,화요일,인천광역시 남구 도화동,중상사고,0,1,0,0,차대차 - 기타,안전운전불이행,건조,맑음,단일로 - 기타,승용,남,54세,상해없음,승용,남,54세,상해없음
2014020400100327,2014년 2월 4일 17시,화요일,인천광역시 남동구 수산동,중상사고,0,2,2,0,차대차 - 측면직각충돌,안전거리미확보,건조,맑음,교차로 - 교차로부근,승용,남,71세,중상,승용,남,44세,경상
2014020400100328,2014년 2월 4일 17시,화요일,인천광역시 남동구 간석동,경상사고,0,0,1,0,차대차 - 추돌 - 주정차중,안전운전불이행,건조,맑음,단일로 - 기타,승용,남,47세,상해없음,승용,여,33세,경상
2014020400100355,2014년 2월 4일 18시,화요일,인천광역시 서구 가정동,경상사고,0,0,1,0,차대차 - 추돌 - 진행중,안전운전불이행,건조,맑음,교차로 - 교차로안,승용,여,48세,상해없음,승용,여,52세,경상
2014020400100356,2014년 2월 4일 18시,화요일,인천광역시 연수구 옥련동,경상사고,0,0,1,0,차대사람 - 차도통행중,안전운전불이행,건조,맑음,단일로 - 기타,승용,남,52세,상해없음,보행자,여,83세,경상
2014020400100384,2014년 2월 4일 19시,화요일,인천광역시 남동구 논현동,중상사고,0,1,0,0,차대사람 - 보도통행중,신호위반,건조,맑음,단일로 - 횡단보도상,승용,남,40세,상해없음,보행자,남,49세,중상
2014020400100385,2014년 2월 4일 19시,화요일,인천광역시 남동구 간석동,중상사고,0,1,0,0,차대차 - 추돌 - 진행중,안전운전불이행,건조,맑음,기타 - 기타,승용,남,53세,상해없음,승용,남,52세,중상
2014020400100386,2014년 2월 4일 19시,화요일,인천광역시 연수구 청학동,중상사고,0,1,0,0,차대사람 - 횡단중,보행자보호의무위반,건조,맑음,단일로 - 횡단보도상,승용,남,54세,상해없음,보행자,남,32세,중상
2014020400100405,2014년 2월 4일 20시,화요일,인천광역시 부평구 부평동,중상사고,0,1,0,0,차대차 - 측면직각충돌,중앙선침범,건조,맑음,단일로 - 기타,이륜,남,44세,상해없음,이륜,남,16세,중상
2014020400100427,2014년 2월 4일 21시,화요일,인천광역시 부평구 청천동,경상사고,0,0,1,0,차대차 - 측면직각충돌,신호위반,건조,맑음,교차로 - 교차로안,원동기,남,16세,상해없음,승용,여,41세,경상
2014020400100450,2014년 2월 4일 22시,화요일,인천광역시 남동구 장수동,사망사고,1,0,0,0,차량단독 - 공작물충돌,안전운전불이행,건조,맑음,단일로 - 기타,이륜,남,54세,사망,,,,
2014020400100451,2014년 2월 4일 22시,화요일,인천광역시 부평구 삼산동,경상사고,0,0,1,0,차대차 - 측면직각충돌,안전운전불이행,건조,맑음,단일로 - 기타,승용,남,60세,상해없음,승용,남,39세,상해없음
2014020400100466,2014년 2월 4일 23시,화요일,인천광역시 강화군 강화읍,중상사고,0,1,0,0,차대사람 - 횡단중,신호위반,건조,맑음,교차로 - 교차로안,승용,남,43세,상해없음,보행자,여,46세,중상
2014020500100075,2014년 2월 5일 07시,수요일,인천광역시 부평구 산곡동,경상사고,0,0,1,0,차대차 - 측면직각충돌,교차로운행방법위반,건조,맑음,교차로 - 교차로안,승합,남,62세,상해없음,승용,남,30세,경상
2014020500100095,2014년 2월 5일 08시,수요일,인천광역시 계양구 갈현동,중상사고,0,5,10,0,차대차 - 측면직각충돌,안전거리미확보,건조,맑음,단일로 - 기타,승용,여,41세,상해없음,승합,남,49세,경상
2014020500100117,2014년 2월 5일 10시,수요일,인천광역시 중구 항동7가,중상사고,0,2,0,0,차대차 - 추돌 - 진행중,신호위반,건조,맑음,교차로 - 교차로안,승용,남,53세,상해없음,승용,남,75세,중상
2014020500100118,2014년 2월 5일 10시,수요일,인천광역시 남구 학익동,경상사고,0,0,1,0,차대차 - 추돌 - 진행중,안전거리미확보,건조,맑음,단일로 - 기타,승합,남,44세,기타불명,승용,남,55세,경상
2014020500100119,2014년 2월 5일 10시,수요일,인천광역시 남동구 간석동,경상사고,0,0,2,1,차대차 - 측면직각충돌,신호위반,건조,맑음,교차로 - 교차로안,승용,남,46세,상해없음,승용,남,50세,경상
2014020500100193,2014년 2월 5일 14시,수요일,인천광역시 남구 도화동,경상사고,0,0,1,0,차대사람 - 기타,안전운전불이행,건조,맑음,단일로 - 기타,승용,남,55세,상해없음,보행자,남,21세,경상
2014020500100194,2014년 2월 5일 14시,수요일,인천광역시 계양구 작전동,경상사고,0,0,1,0,차량단독 - 기타,기타,건조,맑음,단일로 - 기타,승합,남,64세,상해없음,,,,
2014020500100221,2014년 2월 5일 15시,수요일,인천광역시 서구 마전동,중상사고,0,1,0,0,차대사람 - 기타,안전운전불이행,건조,맑음,단일로 - 기타,승합,남,75세,상해없음,보행자,여,43세,중상
2014020500100250,2014년 2월 5일 16시,수요일,인천광역시 서구 검암동,경상사고,0,0,2,0,차대차 - 추돌 - 주정차중,안전운전불이행,건조,맑음,교차로 - 교차로부근,승용,여,36세,상해없음,승용,남,26세,경상
2014020500100251,2014년 2월 5일 16시,수요일,인천광역시 강화군 선원면,경상사고,0,0,2,0,차대차 - 추돌 - 진행중,안전운전불이행,건조,맑음,교차로 - 교차로부근,승합,남,57세,상해없음,승합,남,50세,경상
2014020500100271,2014년 2월 5일 17시,수요일,인천광역시 연수구 연수동,중상사고,0,1,0,0,차대사람 - 기타,안전운전불이행,건조,맑음,단일로 - 기타,승용,남,48세,상해없음,보행자,여,33세,중상
2014020500100324,2014년 2월 5일 19시,수요일,인천광역시 부평구 산곡동,중상사고,0,5,14,0,차대차 - 추돌 - 주정차중,안전운전불이행,건조,맑음,단일로 - 기타,승합,남,40세,상해없음,승합,남,32세,경상
2014020500100325,2014년 2월 5일 19시,수요일,인천광역시 부평구 부평동,경상사고,0,0,1,0,차대사람 - 기타,신호위반,건조,맑음,교차로 - 교차로부근,이륜,남,17세,상해없음,보행자,남,25세,경상
2014020500100344,2014년 2월 5일 20시,수요일,인천광역시 남동구 구월동,부상신고사고,0,0,0,1,차대차 - 추돌 - 진행중,안전운전불이행,건조,맑음,기타 - 기타,원동기,남,23세,부상신고,승용,남,55세,상해없음
2014020500100345,2014년 2월 5일 20시,수요일,인천광역시 남동구 간석동,경상사고,0,0,1,0,차대차 - 추돌 - 주정차중,안전운전불이행,건조,맑음,단일로 - 기타,승용,남,45세,상해없음,승용,남,48세,경상
2014020500100346,2014년 2월 5일 20시,수요일,인천광역시 서구 신현동,경상사고,0,0,1,0,차대사람 - 기타,안전운전불이행,건조,맑음,교차로 - 교차로부근,승합,남,56세,상해없음,보행자,남,67세,경상
2014020500100367,2014년 2월 5일 21시,수요일,인천광역시 남동구 구월동,중상사고,0,3,1,0,차대차 - 측면직각충돌,신호위반,건조,맑음,교차로 - 교차로안,승용,남,32세,상해없음,승용,남,63세,중상
2014020500100368,2014년 2월 5일 21시,수요일,인천광역시 남동구 구월동,경상사고,0,0,1,0,차대사람 - 기타,안전운전불이행,건조,맑음,교차로 - 교차로부근,기타불명,기타불명,기타불명,기타불명,보행자,남,55세,경상
2014020500100369,2014년 2월 5일 21시,수요일,인천광역시 남동구 만수동,경상사고,0,0,1,0,차대사람 - 보도통행중,기타,건조,맑음,단일로 - 기타,이륜,남,17세,상해없음,보행자,남,50세,경상
2014020500100370,2014년 2월 5일 21시,수요일,인천광역시 서구 가정동,중상사고,0,2,2,1,차대차 - 추돌 - 주정차중,안전거리미확보,건조,맑음,교차로 - 교차로부근,승용,남,47세,부상신고,승용,여,39세,경상
2014020500100428,2014년 2월 5일 23시,수요일,인천광역시 남동구 논현동,경상사고,0,0,1,0,차대차 - 측면직각충돌,신호위반,건조,맑음,교차로 - 교차로안,승용,여,25세,상해없음,승용,남,32세,경상
2014020600100013,2014년 2월 6일 00시,목요일,인천광역시 서구 가좌동,경상사고,0,0,3,0,차대차 - 기타,안전운전불이행,결빙,흐림,교차로 - 교차로부근,승용,남,29세,상해없음,승용,남,47세,경상
2014020600100024,2014년 2월 6일 01시,목요일,인천광역시 남동구 간석동,경상사고,0,0,1,0,차대차 - 기타,신호위반,건조,맑음,교차로 - 교차로안,승용,여,45세,상해없음,승용,남,38세,경상
2014020600100050,2014년 2월 6일 04시,목요일,인천광역시 서구 가좌동,중상사고,0,1,0,0,차대사람 - 기타,보행자보호의무위반,건조,맑음,교차로 - 교차로부근,승용,남,64세,상해없음,보행자,여,73세,중상
2014020600100057,2014년 2월 6일 05시,목요일,인천광역시 남동구 장수동,경상사고,0,0,1,0,차대차 - 기타,안전운전불이행,건조,맑음,기타 - 기타,원동기,남,37세,상해없음,자전거,남,64세,경상
2014020600100072,2014년 2월 6일 06시,목요일,인천광역시 동구 만석동,중상사고,0,1,0,0,차대사람 - 기타,안전운전불이행,건조,맑음,단일로 - 기타,승합,남,61세,기타불명,보행자,여,88세,중상
2014020600100073,2014년 2월 6일 06시,목요일,인천광역시 연수구 옥련동,중상사고,0,1,0,0,차대차 - 기타,신호위반,건조,맑음,교차로 - 교차로안,승용,남,52세,상해없음,승합,남,61세,상해없음
2014020600100094,2014년 2월 6일 07시,목요일,인천광역시 남동구 만수동,경상사고,0,0,1,0,차대차 - 추돌 - 진행중,안전운전불이행,건조,맑음,단일로 - 기타,건설기계,남,41세,상해없음,자전거,남,70세,경상
2014020600100120,2014년 2월 6일 08시,목요일,인천광역시 남구 학익동,중상사고,0,1,0,0,차대사람 - 차도통행중,안전운전불이행,건조,맑음,단일로 - 기타,승용,남,54세,상해없음,보행자,여,81세,중상
2014020600100121,2014년 2월 6일 08시,목요일,인천광역시 연수구 송도동,중상사고,0,2,0,0,차대차 - 정면충돌,안전운전불이행,건조,맑음,교차로 - 교차로안,승용,남,40세,상해없음,승용,남,50세,중상
2014020600100146,2014년 2월 6일 09시,목요일,인천광역시 중구 운서동,사망사고,1,0,0,0,차대차 - 측면직각충돌,신호위반,건조,맑음,교차로 - 교차로안,화물,남,49세,상해없음,이륜,남,77세,사망