사고번호,사고일시,요일,시군구,사고내용,사망자수,중상자수,경상자수,부상신고자수,사고유형,법규위반,노면상태,기상상태,도로형태,가해운전자 차종,가해운전자 성별,가해운전자 연령,가해운전자 상해정도,피해운전자 차종,피해운전자 성별,피해운전자 연령,피해운전자 상해정도
2014020600100226,2014년 2월 6일 13시,목요일,인천광역시 서구 오류동,경상사고,0,0,3,0,차대차 - 측면직각충돌,중앙선침범,건조,맑음,단일로 - 기타,승용,남,58세,경상,화물,남,61세,경상
2014020600100293,2014년 2월 6일 16시,목요일,인천광역시 남동구 고잔동,중상사고,0,1,3,0,차대차 - 측면직각충돌,교차로운행방법위반,건조,맑음,교차로 - 교차로안,승용,남,42세,경상,승용,남,48세,중상
2014020600100313,2014년 2월 6일 17시,목요일,인천광역시 남구 주안동,경상사고,0,0,2,0,차대차 - 추돌 - 진행중,안전거리미확보,건조,맑음,단일로 - 기타,승합,남,55세,상해없음,승용,남,44세,상해없음
2014020600100345,2014년 2월 6일 18시,목요일,인천광역시 서구 석남동,경상사고,0,0,1,0,차대사람 - 보도통행중,신호위반,건조,맑음,단일로 - 횡단보도상,이륜,남,59세,상해없음,보행자,여,18세,경상
2014020600100346,2014년 2월 6일 18시,목요일,인천광역시 연수구 송도동,경상사고,0,0,1,0,차대차 - 측면직각충돌,안전거리미확보,건조,맑음,단일로 - 기타,승용,남,56세,상해없음,이륜,남,17세,경상
2014020600100375,2014년 2월 6일 19시,목요일,인천광역시 남동구 남촌동,경상사고,0,0,3,0,차대차 - 측면직각충돌,교차로운행방법위반,건조,맑음,교차로 - 교차로안,승합,남,38세,경상,승합,남,42세,상해없음
2014020600100392,2014년 2월 6일 20시,목요일,인천광역시 연수구 옥련동,경상사고,0,0,1,0,차대차 - 측면직각충돌,신호위반,건조,맑음,교차로 - 교차로안,승용,남,31세,상해없음,승합,남,62세,경상
2014020600100416,2014년 2월 6일 21시,목요일,인천광역시 남동구 남촌동,경상사고,0,0,2,0,차대차 - 기타,기타,건조,맑음,교차로 - 교차로안,승용,남,22세,경상,승용,남,25세,경상
2014020600100431,2014년 2월 6일 22시,목요일,인천광역시 남동구 간석동,중상사고,0,1,0,0,차대사람 - 기타,안전운전불이행,건조,맑음,교차로 - 교차로부근,승용,남,35세,상해없음,보행자,남,39세,중상
2014020600100432,2014년 2월 6일 22시,목요일,인천광역시 계양구 상야동,중상사고,0,1,0,0,차대차 - 추돌 - 진행중,안전운전불이행,건조,맑음,단일로 - 기타,승합,남,49세,상해없음,승용,남,39세,중상
2014020700100016,2014년 2월 7일 00시,금요일,인천광역시 계양구 작전동,경상사고,0,0,1,0,차대차 - 추돌 - 주정차중,안전운전불이행,건조,맑음,교차로 - 교차로부근,승용,남,28세,상해없음,승용,남,47세,경상
2014020700100017,2014년 2월 7일 00시,금요일,인천광역시 부평구 삼산동,중상사고,0,1,0,0,차대사람 - 횡단중,보행자보호의무위반,건조,맑음,단일로 - 횡단보도상,승용,남,53세,상해없음,보행자,남,36세,중상
2014020700100050,2014년 2월 7일 05시,금요일,인천광역시 부평구 청천동,경상사고,0,0,1,1,차대차 - 기타,신호위반,건조,맑음,단일로 - 기타,화물,남,47세,상해없음,승합,남,33세,부상신고
2014020700100109,2014년 2월 7일 08시,금요일,인천광역시 연수구 연수동,경상사고,0,0,1,0,차대사람 - 기타,안전운전불이행,건조,맑음,단일로 - 기타,승용,남,31세,기타불명,보행자,남,33세,경상
2014020700100144,2014년 2월 7일 10시,금요일,인천광역시 남동구 구월동,경상사고,0,0,1,0,차대차 - 기타,안전운전불이행,건조,맑음,단일로 - 기타,승용,기타불명,기타불명,기타불명,승용,여,53세,경상
2014020700100193,2014년 2월 7일 12시,금요일,인천광역시 강화군 강화읍,경상사고,0,0,1,0,차대차 - 기타,안전운전불이행,건조,맑음,단일로 - 횡단보도부근,화물,남,65세,상해없음,승용,여,45세,경상
2014020700100210,2014년 2월 7일 13시,금요일,인천광역시 서구 경서동,경상사고,0,0,1,0,차대차 - 추돌 - 진행중,안전운전불이행,건조,맑음,단일로 - 기타,화물,남,50세,상해없음,승용,남,59세,경상
2014020700100211,2014년 2월 7일 13시,금요일,인천광역시 계양구 효성동,사망사고,1,0,2,0,차대차 - 측면직각충돌,안전운전불이행,건조,맑음,교차로 - 교차로안,원동기,남,71세,사망,승용,남,54세,경상
2014020700100236,2014년 2월 7일 14시,금요일,인천광역시 부평구 청천동,경상사고,0,0,1,0,차대사람 - 횡단중,보행자보호의무위반,건조,맑음,단일로 - 횡단보도상,화물,남,29세,상해없음,보행자,남,11세,경상
2014020700100237,2014년 2월 7일 14시,금요일,인천광역시 남동구 만수동,중상사고,0,1,0,0,차대차 - 기타,안전운전불이행,건조,맑음,교차로 - 교차로부근,승용,남,56세,상해없음,이륜,남,35세,중상
2014020700100238,2014년 2월 7일 14시,금요일,인천광역시 서구 당하동,경상사고,0,0,1,0,차대차 - 기타,신호위반,건조,맑음,교차로 - 교차로안,건설기계,남,52세,상해없음,화물,남,47세,경상
2014020700100271,2014년 2월 7일 15시,금요일,인천광역시 강화군 강화읍,중상사고,0,1,0,0,차대차 - 기타,안전운전불이행,건조,맑음,교차로 - 교차로부근,승용,남,70세,상해없음,화물,남,42세,중상
2014020700100303,2014년 2월 7일 17시,금요일,인천광역시 남구 주안동,중상사고,0,1,0,0,차대차 - 기타,안전운전불이행,건조,맑음,단일로 - 기타,원동기,남,20세,기타불명,승합,남,68세,상해없음
2014020700100350,2014년 2월 7일 18시,금요일,인천광역시 부평구 부평동,경상사고,0,0,1,0,차대차 - 기타,신호위반,건조,맑음,교차로 - 교차로안,승용,남,18세,상해없음,승용,여,45세,경상
2014020700100396,2014년 2월 7일 19시,금요일,인천광역시 연수구 송도동,중상사고,0,1,0,0,차량단독 - 기타,안전운전불이행,건조,맑음,단일로 - 기타,승합,남,57세,상해없음,,,,
2014020700100427,2014년 2월 7일 20시,금요일,인천광역시 서구 연희동,경상사고,0,0,1,0,차대차 - 추돌 - 진행중,안전운전불이행,건조,맑음,단일로 - 기타,승용,남,45세,상해없음,승용,남,61세,경상
2014020700100500,2014년 2월 7일 22시,금요일,인천광역시 서구 당하동,경상사고,0,0,1,0,차대차 - 기타,안전운전불이행,건조,맑음,단일로 - 기타,승용,남,36세,상해없음,승용,남,63세,경상
2014020700100532,2014년 2월 7일 23시,금요일,인천광역시 부평구 산곡동,경상사고,0,0,3,0,차대차 - 측면직각충돌,신호위반,건조,기타,교차로 - 교차로안,원동기,남,17세,상해없음,승용,남,73세,경상
2014020700100533,2014년 2월 7일 23시,금요일,인천광역시 부평구 산곡동,경상사고,0,0,1,0,차량단독 - 기타,안전운전불이행,건조,맑음,교차로 - 교차로부근,승용,남,51세,상해없음,,,,
2014020700100534,2014년 2월 7일 23시,금요일,인천광역시 서구 검암동,중상사고,0,1,1,0,차대차 - 기타,중앙선침범,건조,맑음,단일로 - 기타,승용,여,31세,상해없음,승용,남,39세,중상
2014020700100535,2014년 2월 7일 23시,금요일,인천광역시 서구 심곡동,중상사고,0,1,1,0,차대차 - 측면직각충돌,안전운전불이행,건조,맑음,교차로 - 교차로부근,승용,남,47세,상해없음,승용,남,34세,경상
2014020800100066,2014년 2월 8일 02시,토요일,인천광역시 서구 검암동,경상사고,0,0,2,0,차대차 - 추돌 - 주정차중,안전운전불이행,건조,맑음,단일로 - 기타,승용,남,58세,상해없음,승합,남,59세,경상
2014020800100100,2014년 2월 8일 05시,토요일,인천광역시 남구 관교동,경상사고,0,0,1,0,차대차 - 기타,중앙선침범,건조,맑음,교차로 - 교차로안,승용,남,70세,상해없음,이륜,남,22세,경상
2014020800100126,2014년 2월 8일 07시,토요일,인천광역시 남동구 논현동,중상사고,0,1,1,0,차대차 - 측면직각충돌,신호위반,건조,흐림,교차로 - 교차로안,승용,여,34세,경상,승합,남,70세,중상
2014020800100143,2014년 2월 8일 08시,토요일,인천광역시 남동구 수산동,부상신고사고,0,0,0,1,차대차 - 측면직각충돌,안전운전불이행,기타,흐림,단일로 - 기타,이륜,남,33세,부상신고,화물,남,47세,상해없음
2014020800100203,2014년 2월 8일 11시,토요일,인천광역시 남동구 만수동,중상사고,0,2,0,0,차대차 - 측면직각충돌,안전거리미확보,습기,눈,단일로 - 기타,승용,여,28세,상해없음,승용,남,30세,중상
2014020800100204,2014년 2월 8일 11시,토요일,인천광역시 서구 경서동,경상사고,0,0,2,0,차대차 - 추돌 - 주정차중,안전운전불이행,건조,맑음,교차로 - 교차로부근,승용,남,40세,상해없음,승용,남,47세,경상
2014020800100205,2014년 2월 8일 11시,토요일,인천광역시 서구 오류동,경상사고,0,0,2,0,차대차 - 기타,안전운전불이행,건조,맑음,단일로 - 기타,승용,남,50세,상해없음,승용,남,24세,경상
2014020800100253,2014년 2월 8일 13시,토요일,인천광역시 남구 도화동,경상사고,0,0,1,0,차대차 - 측면직각충돌,중앙선침범,건조,맑음,단일로 - 기타,승합,남,63세,상해없음,화물,남,32세,경상
2014020800100279,2014년 2월 8일 14시,토요일,인천광역시 남구 숭의동,경상사고,0,0,2,0,차대차 - 기타,신호위반,건조,맑음,교차로 - 교차로안,승용,남,57세,상해없음,승용,남,47세,경상
2014020800100306,2014년 2월 8일 15시,토요일,인천광역시 남구 도화동,중상사고,0,1,0,0,차대사람 - 횡단중,보행자보호의무위반,습기,눈,단일로 - 횡단보도상,화물,남,48세,상해없음,보행자,여,11세,중상
2014020800100334,2014년 2월 8일 16시,토요일,인천광역시 서구 연희동,경상사고,0,0,2,1,차대차 - 기타,안전운전불이행,습기,맑음,교차로 - 교차로부근,승용,남,57세,상해없음,승용,남,48세,부상신고
2014020800100335,2014년 2월 8일 16시,토요일,인천광역시 연수구 연수동,경상사고,0,0,2,0,차대차 - 기타,안전운전불이행,습기,비,교차로 - 교차로안,승용,여,37세,상해없음,승용,남,58세,경상
2014020800100401,2014년 2월 8일 18시,토요일,인천광역시 남구 주안동,경상사고,0,0,1,0,차대사람 - 기타,기타,건조,맑음,단일로 - 기타,승합,남,46세,상해없음,보행자,여,24세,경상
2014020800100402,2014년 2월 8일 18시,토요일,인천광역시 연수구 청학동,중상사고,0,1,0,0,차대차 - 기타,안전거리미확보,습기,눈,교차로 - 교차로부근,자전거,남,55세,중상,승용,여,49세,상해없음
2014020800100440,2014년 2월 8일 19시,토요일,인천광역시 계양구 병방동,경상사고,0,0,1,0,차대차 - 기타,안전운전불이행,습기,눈,단일로 - 기타,승용,남,45세,상해없음,승용,여,45세,경상
2014020800100473,2014년 2월 8일 20시,토요일,인천광역시 남동구 만수동,경상사고,0,0,1,0,차대사람 - 기타,안전운전불이행,습기,눈,단일로 - 기타,승용,남,51세,상해없음,보행자,남,21세,경상
2014020800100506,2014년 2월 8일 21시,토요일,인천광역시 부평구 부평동,경상사고,0,0,1,0,차대차 - 측면직각충돌,안전운전불이행,적설,눈,단일로 - 기타,승용,남,63세,상해없음,승용,남,48세,경상
2014020800100539,2014년 2월 8일 22시,토요일,인천광역시 남동구 구월동,경상사고,0,0,1,0,차대사람 - 기타,안전운전불이행,습기,눈,교차로 - 교차로안,승용,남,34세,상해없음,보행자,남,21세,경상
2014020800100563,2014년 2월 8일 23시,토요일,인천광역시 부평구 청천동,경상사고,0,0,6,0,차대차 - 측면직각충돌,안전운전불이행,결빙,눈,단일로 - 기타,승용,남,45세,상해없음,승용,남,38세,경상
2014020900100014,2014년 2월 9일 00시,일요일,인천광역시 남구 주안동,중상사고,0,1,2,0,차대차 - 측면직각충돌,신호위반,습기,흐림,교차로 - 교차로안,화물,남,36세,상해없음,승용,남,58세,중상
2014020900100015,2014년 2월 9일 00시,일요일,인천광역시 남동구 간석동,중상사고,0,3,0,0,차대사람 - 기타,안전운전불이행,습기,눈,단일로 - 기타,승용,남,68세,상해없음,보행자,남,51세,중상
2014020900100039,2014년 2월 9일 01시,일요일,인천광역시 남구 학익동,경상사고,0,0,1,0,차대차 - 기타,신호위반,건조,맑음,교차로 - 교차로안,승용,남,40세,상해없음,화물,남,32세,경상
2014020900100058,2014년 2월 9일 02시,일요일,인천광역시 계양구 작전동,경상사고,0,0,1,0,차대사람 - 기타,안전운전불이행,습기,흐림,교차로 - 교차로안,승용,남,44세,상해없음,보행자,남,40세,경상
2014020900100079,2014년 2월 9일 04시,일요일,인천광역시 남구 주안동,경상사고,0,0,2,0,차대차 - 기타,안전거리미확보,건조,맑음,교차로 - 교차로부근,승용,남,50세,상해없음,승용,남,57세,경상
2014020900100080,2014년 2월 9일 04시,일요일,인천광역시 서구 석남동,경상사고,0,0,1,0,차대차 - 측면직각충돌,차로위반,건조,맑음,교차로 - 교차로부근,승용,남,51세,상해없음,승용,여,44세,경상
2014020900100096,2014년 2월 9일 06시,일요일,인천광역시 남구 주안동,경상사고,0,0,1,0,차대차 - 기타,안전운전불이행,건조,맑음,단일로 - 기타,기타불명,기타불명,기타불명,기타불명,승용,남,44세,경상
2014020900100139,2014년 2월 9일 11시,일요일,인천광역시 강화군 강화읍,중상사고,0,1,0,0,차대차 - 기타,안전운전불이행,습기,맑음,단일로 - 기타,승용,여,55세,중상,승용,여,61세,상해없음
2014020900100140,2014년 2월 9일 11시,일요일,인천광역시 연수구 송도동,중상사고,0,1,1,0,차대차 - 측면직각충돌,신호위반,건조,맑음,교차로 - 교차로안,승용,여,53세,상해없음,승용,남,51세,중상
2014020900100170,2014년 2월 9일 13시,일요일,인천광역시 강화군 강화읍,사망사고,1,0,0,0,차대사람 - 횡단중,안전운전불이행,건조,맑음,교차로 - 교차로안,승용,여,46세,상해없음,보행자,여,73세,사망
2014020900100223,2014년 2월 9일 15시,일요일,인천광역시 연수구 연수동,경상사고,0,0,1,0,차대차 - 측면직각충돌,안전운전불이행,건조,맑음,교차로 - 교차로안,승용,남,42세,상해없음,원동기,남,60세,경상
2014020900100224,2014년 2월 9일 15시,일요일,인천광역시 부평구 삼산동,경상사고,0,0,1,0,차대차 - 측면직각충돌,신호위반,건조,맑음,교차로 - 교차로안,승용,남,34세,상해없음,승용,남,31세,경상
2014020900100263,2014년 2월 9일 17시,일요일,인천광역시 남동구 서창동,중상사고,0,3,0,0,차대차 - 기타,신호위반,건조,맑음,단일로 - 기타,승용,여,45세,중상,승용,남,40세,중상
2014020900100264,2014년 2월 9일 17시,일요일,인천광역시 서구 석남동,중상사고,0,1,0,0,차량단독 - 기타,안전운전불이행,건조,맑음,단일로 - 기타,승합,남,54세,상해없음,,,,
2014020900100265,2014년 2월 9일 17시,일요일,인천광역시 연수구 청학동,중상사고,0,1,2,0,차대차 - 측면직각충돌,안전운전불이행,건조,맑음,교차로 - 교차로안,승용,남,54세,상해없음,승용,남,50세,경상
2014020900100324,2014년 2월 9일 19시,일요일,인천광역시 계양구 계산동,중상사고,0,1,2,0,차대차 - 측면직각충돌,신호위반,건조,맑음,교차로 - 교차로안,원동기,남,18세,중상,승용,남,36세,경상
2014020900100368,2014년 2월 9일 21시,일요일,인천광역시 서구 경서동,경상사고,0,0,7,0,차대차 - 추돌 - 진행중,안전운전불이행,건조,맑음,단일로 - 기타,승용,남,53세,상해없음,승용,남,63세,경상
2014020900100369,2014년 2월 9일 21시,일요일,인천광역시 계양구 계산동,경상사고,0,0,1,0,차대차 - 측면직각충돌,중앙선침범,건조,맑음,교차로 - 교차로안,승합,남,25세,상해없음,이륜,남,17세,경상
2014021000100017,2014년 2월 10일 01시,월요일,인천광역시 계양구 효성동,중상사고,0,1,0,0,차대차 - 측면직각충돌,신호위반,건조,맑음,교차로 - 교차로안,승용,남,61세,상해없음,승용,남,55세,상해없음
2014021000100018,2014년 2월 10일 01시,월요일,인천광역시 계양구 계산동,중상사고,0,1,0,0,차대차 - 측면직각충돌,신호위반,건조,맑음,교차로 - 교차로안,승용,남,47세,상해없음,승용,남,23세,중상
2014021000100024,2014년 2월 10일 02시,월요일,인천광역시 중구 항동7가,중상사고,0,1,0,0,차대차 - 추돌 - 진행중,안전운전불이행,건조,맑음,단일로 - 기타,화물,남,37세,상해없음,이륜,남,51세,중상
2014021000100029,2014년 2월 10일 03시,월요일,인천광역시 서구 원창동,경상사고,0,0,2,0,차대차 - 정면충돌,신호위반,건조,맑음,교차로 - 교차로안,승용,여,20세,상해없음,승용,여,41세,경상
2014021000100030,2014년 2월 10일 03시,월요일,인천광역시 서구 가좌동,경상사고,0,0,1,0,차대차 - 측면직각충돌,안전운전불이행,습기,눈,단일로 - 기타,승용,남,24세,상해없음,화물,남,44세,경상
2014021000100038,2014년 2월 10일 04시,월요일,인천광역시 계양구 계산동,중상사고,0,1,0,0,차대사람 - 횡단중,안전운전불이행,건조,맑음,단일로 - 횡단보도상,승용,남,30세,상해없음,보행자,남,22세,중상
2014021000100067,2014년 2월 10일 06시,월요일,인천광역시 중구 신흥동2가,중상사고,0,2,2,0,차대차 - 측면직각충돌,신호위반,건조,흐림,교차로 - 교차로안,승용,남,27세,경상,승용,남,39세,중상
2014021000100068,2014년 2월 10일 06시,월요일,인천광역시 서구 신현동,경상사고,0,0,1,0,차대사람 - 기타,기타,건조,맑음,단일로 - 기타,승합,남,53세,상해없음,보행자,남,16세,경상
2014021000100097,2014년 2월 10일 07시,월요일,인천광역시 동구 송림동,중상사고,0,3,0,0,차대차 - 추돌 - 진행중,안전운전불이행,건조,맑음,단일로 - 기타,승용,여,48세,중상,승용,남,71세,중상
2014021000100150,2014년 2월 10일 08시,월요일,인천광역시 중구 신흥동2가,중상사고,0,1,1,0,차대차 - 측면직각충돌,교차로운행방법위반,건조,맑음,교차로 - 교차로안,승용,여,55세,상해없음,승용,남,76세,경상
2014021000100151,2014년 2월 10일 08시,월요일,인천광역시 남동구 구월동,경상사고,0,0,1,0,차대차 - 기타,안전운전불이행,건조,맑음,교차로 - 교차로안,화물,남,48세,상해없음,승용,남,53세,경상
2014021000100178,2014년 2월 10일 09시,월요일,인천광역시 남구 문학동,경상사고,0,0,1,0,차대차 - 기타,신호위반,건조,맑음,교차로 - 교차로안,승용,남,60세,상해없음,승용,남,35세,경상
2014021000100179,2014년 2월 10일 09시,월요일,인천광역시 서구 석남동,경상사고,0,0,1,0,차대차 - 추돌 - 진행중,안전거리미확보,건조,맑음,단일로 - 기타,승용,남,34세,상해없음,승용,여,42세,경상
2014021000100210,2014년 2월 10일 10시,월요일,인천광역시 남동구 간석동,부상신고사고,0,0,0,1,차대차 - 기타,차로위반,건조,맑음,단일로 - 기타,승용,기타불명,기타불명,기타불명,승합,남,46세,상해없음
2014021000100211,2014년 2월 10일 10시,월요일,인천광역시 서구 가정동,중상사고,0,3,1,0,차대차 - 기타,안전거리미확보,건조,맑음,단일로 - 기타,승용,남,51세,상해없음,승용,여,37세,중상
2014021000100253,2014년 2월 10일 12시,월요일,인천광역시 부평구 십정동,경상사고,0,0,1,0,차대차 - 측면직각충돌,신호위반,건조,맑음,교차로 - 교차로안,승용,남,59세,상해없음,이륜,남,54세,경상
2014021000100279,2014년 2월 10일 13시,월요일,인천광역시 서구 연희동,경상사고,0,0,1,0,차대차 - 추돌 - 진행중,안전운전불이행,건조,맑음,교차로 - 교차로안,승용,남,46세,상해없음,승용,여,31세,경상
2014021000100280,2014년 2월 10일 13시,월요일,인천광역시 강화군 선원면,경상사고,0,0,1,0,차대차 - 측면직각충돌,안전운전불이행,건조,맑음,단일로 - 기타,이륜,남,16세,경상,승용,남,51세,상해없음
2014021000100345,2014년 2월 10일 15시,월요일,인천광역시 부평구 산곡동,중상사고,0,1,0,0,차대차 - 기타,안전운전불이행,건조,맑음,교차로 - 교차로부근,승용,여,37세,상해없음,자전거,남,80세,중상
2014021000100368,2014년 2월 10일 16시,월요일,인천광역시 남동구 구월동,경상사고,0,0,1,0,차대사람 - 횡단중,안전운전불이행,건조,맑음,교차로 - 교차로안,승용,남,60세,상해없음,보행자,남,22세,경상
2014021000100369,2014년 2월 10일 16시,월요일,인천광역시 남동구 논현동,경상사고,0,0,2,0,차대차 - 추돌 - 주정차중,안전운전불이행,건조,맑음,단일로 - 기타,화물,남,34세,상해없음,승용,남,24세,경상
2014021000100370,2014년 2월 10일 16시,월요일,인천광역시 서구 원당동,경상사고,0,0,1,0,차대차 - 추돌 - 주정차중,안전거리미확보,건조,맑음,교차로 - 교차로부근,승용,여,37세,기타불명,승용,여,57세,경상
2014021000100443,2014년 2월 10일 18시,월요일,인천광역시 계양구 용종동,중상사고,0,1,3,0,차대차 - 추돌 - 주정차중,안전운전불이행,건조,맑음,교차로 - 교차로부근,승용,남,56세,상해없음,승용,여,30세,중상
2014021000100481,2014년 2월 10일 19시,월요일,인천광역시 서구 경서동,경상사고,0,0,1,0,차대차 - 기타,기타,건조,맑음,교차로 - 교차로안,승용,남,47세,상해없음,승합,남,51세,경상
2014021000100482,2014년 2월 10일 19시,월요일,인천광역시 계양구 작전동,경상사고,0,0,3,0,차대차 - 측면직각충돌,중앙선침범,습기,맑음,교차로 - 교차로안,화물,남,27세,상해없음,승용,여,58세,경상
2014021000100541,2014년 2월 10일 21시,월요일,인천광역시 서구 마전동,경상사고,0,0,3,0,차대차 - 추돌 - 진행중,안전운전불이행,건조,맑음,단일로 - 기타,승용,남,37세,상해없음,승합,남,51세,경상
2014021000100542,2014년 2월 10일 21시,월요일,인천광역시 계양구 계산동,경상사고,0,0,1,0,차대사람 - 횡단중,안전운전불이행,건조,맑음,단일로 - 기타,승용,남,60세,상해없음,보행자,남,43세,경상
2014021000100564,2014년 2월 10일 22시,월요일,인천광역시 계양구 효성동,경상사고,0,0,1,0,차대차 - 추돌 - 진행중,안전운전불이행,건조,맑음,교차로 - 교차로부근,승용,남,42세,상해없음,승용,남,64세,경상
2014021000100593,2014년 2월 10일 23시,월요일,인천광역시 남구 주안동,경상사고,0,0,1,0,차대차 - 기타,안전거리미확보,건조,맑음,단일로 - 기타,이륜,남,16세,상해없음,원동기,남,18세,경상
2014021000100594,2014년 2월 10일 23시,월요일,인천광역시 서구 연희동,중상사고,0,1,1,0,차대차 - 기타,안전운전불이행,건조,맑음,교차로 - 교차로부근,승용,남,31세,상해없음,승용,남,61세,경상
2014021000100595,2014년 2월 10일 23시,월요일,인천광역시 계양구 귤현동,중상사고,0,1,0,0,차대차 - 측면직각충돌,안전운전불이행,건조,맑음,단일로 - 기타,승용,남,35세,중상,승합,남,56세,상해없음
2014021100100015,2014년 2월 11일 00시,화요일,인천광역시 부평구 갈산동,경상사고,0,0,2,0,차대사람 - 기타,안전운전불이행,건조,맑음,단일로 - 기타,화물,남,25세,상해없음,보행자,여,39세,경상
2014021100100032,2014년 2월 11일 02시,화요일,인천광역시 남동구 구월동,경상사고,0,0,1,0,차대차 - 측면직각충돌,안전운전불이행,건조,맑음,교차로 - 교차로안,승용,남,19세,상해없음,승용,남,61세,경상
2014021100100044,2014년 2월 11일 03시,화요일,인천광역시 남구 도화동,경상사고,0,0,1,0,차대차 - 기타,기타,건조,맑음,교차로 - 교차로부근,승용,남,69세,상해없음,승용,기타불명,기타불명,기타불명
2014021100100045,2014년 2월 11일 03시,화요일,인천광역시 남구 용현동,경상사고,0,0,1,0,차대차 - 추돌 - 진행중,안전거리미확보,건조,맑음,단일로 - 기타,승용,남,36세,상해없음,승용,남,49세,상해없음
2014021100100052,2014년 2월 11일 04시,화요일,인천광역시 서구 원당동,경상사고,0,0,1,0,차대차 - 기타,신호위반,건조,맑음,교차로 - 교차로안,승용,남,42세,상해없음,이륜,남,17세,경상
2014021100100056,2014년 2월 11일 05시,화요일,인천광역시 남구 숭의동,중상사고,0,1,3,0,차대차 - 추돌 - 주정차중,안전운전불이행,건조,맑음,단일로 - 기타,승용,남,28세,상해없음,화물,남,53세,경상
2014021100100057,2014년 2월 11일 05시,화요일,인천광역시 계양구 작전동,중상사고,0,1,0,0,차대차 - 측면직각충돌,신호위반,건조,맑음,교차로 - 교차로안,승용,남,48세,상해없음,화물,남,39세,중상
2014021100100085,2014년 2월 11일 07시,화요일,인천광역시 남동구 간석동,경상사고,0,0,1,0,차대차 - 추돌 - 진행중,안전운전불이행,건조,맑음,단일로 - 기타,승용,남,24세,상해없음,승용,남,22세,경상
2014021100100119,2014년 2월 11일 08시,화요일,인천광역시 남구 주안동,중상사고,0,1,0,0,차대사람 - 기타,안전운전불이행,건조,맑음,교차로 - 교차로부근,승용,남,35세,상해없음,보행자,남,33세,중상
2014021100100120,2014년 2월 11일 08시,화요일,인천광역시 중구 신흥동3가,부상신고사고,0,0,0,1,차대차 - 기타,안전운전불이행,건조,맑음,교차로 - 교차로안,승용,남,40세,상해없음,자전거,남,70세,부상신고
2014021100100196,2014년 2월 11일 11시,화요일,인천광역시 남동구 만수동,경상사고,0,0,1,0,차대차 - 측면직각충돌,안전거리미확보,기타,기타,단일로 - 기타,승용,남,57세,상해없음,승용,남,59세,경상
2014021100100282,2014년 2월 11일 14시,화요일,인천광역시 서구 경서동,경상사고,0,0,1,0,차대차 - 추돌 - 진행중,안전운전불이행,건조,맑음,교차로 - 교차로안,승용,남,43세,상해없음,승용,여,41세,경상
2014021100100306,2014년 2월 11일 15시,화요일,인천광역시 남구 도화동,경상사고,0,0,1,0,차대차 - 추돌 - 진행중,교차로운행방법위반,건조,맑음,교차로 - 교차로안,승용,여,44세,상해없음,승합,남,56세,상해없음
2014021100100333,2014년 2월 11일 16시,화요일,인천광역시 남구 주안동,경상사고,0,0,1,0,차대사람 - 기타,안전운전불이행,건조,맑음,단일로 - 기타,승용,남,70세,상해없음,보행자,여,17세,경상
2014021100100334,2014년 2월 11일 16시,화요일,인천광역시 부평구 산곡동,중상사고,0,1,0,0,차대차 - 측면직각충돌,신호위반,건조,맑음,교차로 - 교차로안,이륜,남,19세,중상,승용,남,68세,상해없음
2014021100100335,2014년 2월 11일 16시,화요일,인천광역시 서구 가정동,경상사고,0,0,2,0,차대차 - 측면직각충돌,안전거리미확보,건조,맑음,단일로 - 기타,승용,여,24세,상해없음,승용,남,32세,경상
2014021100100364,2014년 2월 11일 17시,화요일,인천광역시 부평구 갈산동,경상사고,0,0,1,0,차대차 - 측면직각충돌,교차로운행방법위반,건조,맑음,교차로 - 교차로안,이륜,남,60세,상해없음,승용,여,52세,경상
2014021100100385,2014년 2월 11일 18시,화요일,인천광역시 서구 연희동,경상사고,0,0,2,0,차대차 - 기타,신호위반,건조,맑음,교차로 - 교차로부근,승용,여,51세,상해없음,승용,남,59세,경상
2014021100100386,2014년 2월 11일 18시,화요일,인천광역시 서구 신현동,경상사고,0,0,1,0,차대차 - 추돌 - 진행중,안전운전불이행,건조,맑음,단일로 - 기타,승합,남,39세,상해없음,승용,남,55세,경상
2014021100100387,2014년 2월 11일 18시,화요일,인천광역시 연수구 동춘동,경상사고,0,0,1,0,차대차 - 측면직각충돌,신호위반,건조,맑음,교차로 - 교차로안,화물,남,58세,상해없음,승용,남,46세,경상
2014021100100415,2014년 2월 11일 19시,화요일,인천광역시 남구 용현동,경상사고,0,0,1,0,차대사람 - 횡단중,보행자보호의무위반,건조,맑음,기타 - 기타,승용,남,34세,상해없음,보행자,남,62세,경상
2014021100100446,2014년 2월 11일 20시,화요일,인천광역시 남동구 구월동,경상사고,0,0,1,0,차대사람 - 기타,안전운전불이행,건조,맑음,교차로 - 교차로안,승용,남,51세,상해없음,보행자,남,50세,경상
2014021100100468,2014년 2월 11일 21시,화요일,인천광역시 남구 용현동,경상사고,0,0,1,0,차대차 - 측면직각충돌,중앙선침범,건조,맑음,단일로 - 기타,원동기,남,17세,기타불명,승용,남,53세,상해없음
2014021100100469,2014년 2월 11일 21시,화요일,인천광역시 남동구 만수동,경상사고,0,0,2,0,차대차 - 측면직각충돌,안전거리미확보,건조,맑음,단일로 - 기타,승용,여,46세,경상,승용,남,37세,상해없음
2014021100100470,2014년 2월 11일 21시,화요일,인천광역시 계양구 작전동,중상사고,0,1,0,0,차대사람 - 횡단중,보행자보호의무위반,건조,맑음,교차로 - 교차로안,승용,여,46세,상해없음,보행자,여,20세,중상