사고번호,사고일시,요일,시군구,사고내용,사망자수,중상자수,경상자수,부상신고자수,사고유형,법규위반,노면상태,기상상태,도로형태,가해운전자 차종,가해운전자 성별,가해운전자 연령,가해운전자 상해정도,피해운전자 차종,피해운전자 성별,피해운전자 연령,피해운전자 상해정도
2014021100100471,2014년 2월 11일 21시,화요일,인천광역시 연수구 송도동,중상사고,0,1,0,0,차대차 - 기타,안전운전불이행,건조,맑음,교차로 - 교차로안,승용,남,39세,상해없음,원동기,남,16세,중상
2014021100100522,2014년 2월 11일 23시,화요일,인천광역시 남동구 만수동,경상사고,0,0,1,0,차대사람 - 횡단중,안전운전불이행,건조,맑음,교차로 - 교차로안,승용,남,32세,상해없음,보행자,남,53세,경상
2014021100100523,2014년 2월 11일 23시,화요일,인천광역시 연수구 동춘동,중상사고,0,1,0,0,차대사람 - 횡단중,신호위반,건조,맑음,교차로 - 교차로부근,승합,남,42세,상해없음,보행자,여,22세,중상
2014021100100524,2014년 2월 11일 23시,화요일,인천광역시 부평구 부개동,중상사고,0,1,0,0,차대사람 - 횡단중,안전운전불이행,건조,맑음,단일로 - 기타,승용,남,53세,상해없음,보행자,남,24세,중상
2014021200100011,2014년 2월 12일 00시,수요일,인천광역시 남구 주안동,경상사고,0,0,3,0,차대차 - 추돌 - 진행중,안전운전불이행,건조,맑음,단일로 - 기타,승용,남,33세,상해없음,승용,남,54세,경상
2014021200100012,2014년 2월 12일 00시,수요일,인천광역시 서구 가정동,중상사고,0,2,0,0,차대차 - 기타,신호위반,건조,맑음,교차로 - 교차로안,승용,남,29세,중상,승용,남,39세,중상
2014021200100045,2014년 2월 12일 03시,수요일,인천광역시 부평구 부평동,중상사고,0,1,0,0,차대차 - 추돌 - 진행중,안전운전불이행,건조,맑음,단일로 - 기타,승용,기타불명,기타불명,기타불명,승용,남,57세,중상
2014021200100082,2014년 2월 12일 06시,수요일,인천광역시 서구 당하동,경상사고,0,0,1,0,차대사람 - 횡단중,보행자보호의무위반,건조,맑음,교차로 - 교차로안,승용,남,51세,상해없음,보행자,여,46세,경상
2014021200100132,2014년 2월 12일 08시,수요일,인천광역시 서구 당하동,경상사고,0,0,1,0,차대사람 - 기타,기타,건조,맑음,단일로 - 기타,승합,남,52세,상해없음,보행자,남,39세,경상
2014021200100152,2014년 2월 12일 09시,수요일,인천광역시 계양구 작전동,중상사고,0,1,0,0,차대사람 - 횡단중,신호위반,건조,맑음,단일로 - 횡단보도부근,승용,남,38세,상해없음,보행자,남,85세,중상
2014021200100172,2014년 2월 12일 10시,수요일,인천광역시 서구 왕길동,경상사고,0,0,1,0,차대차 - 추돌 - 진행중,안전운전불이행,건조,맑음,단일로 - 기타,건설기계,남,38세,상해없음,승합,남,42세,경상
2014021200100197,2014년 2월 12일 11시,수요일,인천광역시 남동구 장수동,경상사고,0,0,1,0,차대차 - 추돌 - 진행중,안전운전불이행,건조,맑음,교차로 - 교차로부근,승용,남,34세,상해없음,승용,여,45세,경상
2014021200100198,2014년 2월 12일 11시,수요일,인천광역시 연수구 연수동,경상사고,0,0,2,0,차대차 - 기타,안전운전불이행,건조,맑음,교차로 - 교차로부근,승합,남,66세,상해없음,화물,남,38세,경상
2014021200100250,2014년 2월 12일 13시,수요일,인천광역시 남동구 만수동,부상신고사고,0,0,0,1,차대차 - 측면직각충돌,안전운전불이행,건조,맑음,단일로 - 기타,원동기,남,42세,부상신고,승용,여,35세,상해없음
2014021200100333,2014년 2월 12일 16시,수요일,인천광역시 남동구 간석동,중상사고,0,1,0,0,차대사람 - 기타,안전운전불이행,건조,맑음,단일로 - 기타,승용,남,28세,상해없음,보행자,남,62세,중상
2014021200100334,2014년 2월 12일 16시,수요일,인천광역시 서구 석남동,경상사고,0,0,1,0,차대차 - 측면직각충돌,안전운전불이행,건조,맑음,단일로 - 기타,화물,남,53세,상해없음,승용,남,39세,경상
2014021200100409,2014년 2월 12일 18시,수요일,인천광역시 부평구 산곡동,중상사고,0,1,0,0,차대사람 - 기타,안전운전불이행,건조,맑음,단일로 - 기타,승용,남,52세,상해없음,보행자,남,9세,중상
2014021200100410,2014년 2월 12일 18시,수요일,인천광역시 서구 경서동,경상사고,0,0,1,0,차대차 - 기타,안전운전불이행,건조,맑음,단일로 - 기타,승용,남,25세,상해없음,이륜,남,16세,경상
2014021200100451,2014년 2월 12일 19시,수요일,인천광역시 남구 주안동,중상사고,0,1,0,0,차대차 - 추돌 - 주정차중,안전운전불이행,건조,맑음,단일로 - 기타,기타불명,기타불명,기타불명,기타불명,승용,남,51세,중상
2014021200100452,2014년 2월 12일 19시,수요일,인천광역시 서구 검암동,중상사고,0,1,0,0,차대사람 - 기타,안전운전불이행,건조,맑음,교차로 - 교차로부근,화물,남,48세,상해없음,보행자,여,80세,중상
2014021200100453,2014년 2월 12일 19시,수요일,인천광역시 부평구 삼산동,경상사고,0,0,2,0,차대차 - 기타,중앙선침범,건조,맑음,교차로 - 교차로부근,화물,남,40세,상해없음,승용,남,25세,경상
2014021200100484,2014년 2월 12일 20시,수요일,인천광역시 남동구 간석동,중상사고,0,1,0,0,차대사람 - 횡단중,보행자보호의무위반,건조,맑음,교차로 - 교차로부근,승용,남,56세,상해없음,보행자,여,26세,중상
2014021200100505,2014년 2월 12일 21시,수요일,인천광역시 남구 용현동,경상사고,0,0,1,0,차대사람 - 횡단중,안전운전불이행,건조,맑음,단일로 - 기타,승용,남,18세,상해없음,보행자,남,42세,경상
2014021200100506,2014년 2월 12일 21시,수요일,인천광역시 부평구 산곡동,경상사고,0,0,1,0,차대차 - 추돌 - 주정차중,안전운전불이행,건조,맑음,단일로 - 기타,승용,남,30세,상해없음,승용,남,41세,경상
2014021200100539,2014년 2월 12일 22시,수요일,인천광역시 남동구 간석동,중상사고,0,1,0,0,차대사람 - 횡단중,신호위반,건조,맑음,단일로 - 횡단보도상,이륜,남,19세,기타불명,보행자,남,35세,중상
2014021200100540,2014년 2월 12일 22시,수요일,인천광역시 남동구 구월동,경상사고,0,0,5,0,차대차 - 추돌 - 주정차중,안전거리미확보,건조,맑음,교차로 - 교차로부근,승용,남,35세,상해없음,승용,남,51세,경상
2014021200100541,2014년 2월 12일 22시,수요일,인천광역시 계양구 작전동,중상사고,0,1,0,0,차대차 - 측면직각충돌,신호위반,건조,맑음,단일로 - 횡단보도상,승용,남,58세,상해없음,자전거,여,53세,중상
2014021300100019,2014년 2월 13일 00시,목요일,인천광역시 남구 관교동,경상사고,0,0,1,0,차대차 - 기타,안전운전불이행,건조,맑음,단일로 - 횡단보도상,자전거,남,51세,경상,승용,남,62세,상해없음
2014021300100077,2014년 2월 13일 06시,목요일,인천광역시 남동구 간석동,중상사고,0,1,0,0,차대차 - 측면직각충돌,신호위반,건조,맑음,교차로 - 교차로안,승합,남,61세,상해없음,승용,남,62세,중상
2014021300100101,2014년 2월 13일 07시,목요일,인천광역시 남구 숭의동,중상사고,0,1,0,0,차대사람 - 횡단중,안전운전불이행,건조,맑음,단일로 - 횡단보도상,승용,남,43세,상해없음,보행자,여,22세,중상
2014021300100102,2014년 2월 13일 07시,목요일,인천광역시 부평구 부평동,경상사고,0,0,1,0,차대차 - 측면직각충돌,교차로운행방법위반,건조,맑음,교차로 - 교차로안,승용,남,61세,상해없음,승용,여,33세,경상
2014021300100103,2014년 2월 13일 07시,목요일,인천광역시 남동구 구월동,경상사고,0,0,1,0,차대차 - 측면직각충돌,안전거리미확보,건조,맑음,교차로 - 교차로부근,승합,남,65세,상해없음,승용,남,57세,경상
2014021300100176,2014년 2월 13일 09시,목요일,인천광역시 계양구 계산동,경상사고,0,0,1,0,차대차 - 기타,안전운전불이행,습기,맑음,교차로 - 교차로안,이륜,남,40세,경상,화물,남,36세,상해없음
2014021300100217,2014년 2월 13일 11시,목요일,인천광역시 남구 주안동,경상사고,0,0,1,0,차대사람 - 기타,안전운전불이행,건조,맑음,단일로 - 기타,승합,남,36세,상해없음,보행자,남,34세,경상
2014021300100218,2014년 2월 13일 11시,목요일,인천광역시 남동구 구월동,경상사고,0,0,2,0,차대차 - 추돌 - 진행중,안전거리미확보,건조,맑음,단일로 - 기타,승용,남,46세,경상,승용,여,47세,경상
2014021300100252,2014년 2월 13일 13시,목요일,인천광역시 남동구 구월동,경상사고,0,0,1,0,차대차 - 측면직각충돌,안전운전불이행,건조,맑음,단일로 - 기타,승용,여,43세,상해없음,승용,남,39세,경상
2014021300100253,2014년 2월 13일 13시,목요일,인천광역시 서구 가정동,경상사고,0,0,4,0,차대차 - 측면직각충돌,안전운전불이행,건조,맑음,교차로 - 교차로안,승용,남,64세,상해없음,승합,남,31세,경상
2014021300100333,2014년 2월 13일 16시,목요일,인천광역시 남구 문학동,경상사고,0,0,2,0,차대차 - 기타,안전운전불이행,건조,맑음,기타 - 기타,원동기,남,17세,상해없음,승용,남,25세,경상
2014021300100334,2014년 2월 13일 16시,목요일,인천광역시 강화군 길상면,경상사고,0,0,1,0,차대차 - 추돌 - 진행중,안전운전불이행,건조,맑음,단일로 - 교량,건설기계,남,51세,상해없음,승용,여,59세,상해없음
2014021300100391,2014년 2월 13일 18시,목요일,인천광역시 강화군 길상면,경상사고,0,0,1,0,차대차 - 기타,중앙선침범,건조,맑음,단일로 - 기타,화물,남,55세,상해없음,승용,여,22세,경상
2014021300100433,2014년 2월 13일 19시,목요일,인천광역시 동구 송현동,사망사고,1,0,5,0,차대차 - 기타,안전거리미확보,건조,맑음,단일로 - 기타,화물,남,58세,상해없음,승용,남,43세,사망
2014021300100434,2014년 2월 13일 19시,목요일,인천광역시 남구 주안동,경상사고,0,0,1,0,차대차 - 추돌 - 진행중,안전거리미확보,건조,맑음,단일로 - 기타,승용,남,32세,상해없음,승용,여,29세,경상
2014021300100462,2014년 2월 13일 20시,목요일,인천광역시 부평구 부평동,중상사고,0,1,0,0,차대사람 - 횡단중,안전운전불이행,건조,맑음,교차로 - 교차로부근,승용,남,55세,상해없음,보행자,남,39세,중상
2014021300100463,2014년 2월 13일 20시,목요일,인천광역시 서구 당하동,경상사고,0,0,1,0,차대차 - 추돌 - 진행중,안전운전불이행,건조,맑음,단일로 - 기타,승용,여,39세,상해없음,승용,남,56세,경상
2014021300100464,2014년 2월 13일 20시,목요일,인천광역시 계양구 효성동,경상사고,0,0,2,0,차대차 - 측면직각충돌,중앙선침범,건조,맑음,교차로 - 교차로부근,승용,남,25세,상해없음,승합,남,43세,경상
2014021300100498,2014년 2월 13일 21시,목요일,인천광역시 부평구 산곡동,경상사고,0,0,1,0,차대사람 - 기타,안전운전불이행,건조,맑음,단일로 - 기타,기타불명,기타불명,기타불명,기타불명,보행자,남,41세,경상
2014021300100530,2014년 2월 13일 22시,목요일,인천광역시 서구 가정동,중상사고,0,1,3,0,차대차 - 추돌 - 주정차중,안전운전불이행,건조,맑음,단일로 - 기타,승용,여,43세,상해없음,승용,남,35세,경상
2014021300100531,2014년 2월 13일 22시,목요일,인천광역시 서구 경서동,경상사고,0,0,1,0,차대차 - 추돌 - 진행중,안전운전불이행,건조,맑음,단일로 - 기타,승용,여,41세,상해없음,승용,남,37세,경상
2014021300100532,2014년 2월 13일 22시,목요일,인천광역시 부평구 부평동,중상사고,0,1,4,0,차대차 - 추돌 - 진행중,안전운전불이행,건조,맑음,단일로 - 기타,승용,남,31세,상해없음,승용,여,41세,경상
2014021300100554,2014년 2월 13일 23시,목요일,인천광역시 남동구 논현동,중상사고,0,2,0,0,차대차 - 측면직각충돌,중앙선침범,건조,맑음,교차로 - 교차로부근,승용,남,33세,상해없음,승용,남,49세,중상
2014021400100018,2014년 2월 14일 00시,금요일,인천광역시 계양구 용종동,경상사고,0,0,1,0,차대사람 - 길가장자리구역통행중,안전운전불이행,건조,맑음,단일로 - 기타,승용,남,53세,상해없음,보행자,남,22세,경상
2014021400100037,2014년 2월 14일 01시,금요일,인천광역시 중구 신흥동3가,중상사고,0,1,0,0,차대사람 - 기타,안전운전불이행,건조,맑음,단일로 - 기타,기타불명,기타불명,기타불명,기타불명,보행자,남,57세,중상
2014021400100061,2014년 2월 14일 04시,금요일,인천광역시 남구 주안동,중상사고,0,1,0,0,차대사람 - 횡단중,안전운전불이행,건조,맑음,기타 - 기타,승용,남,59세,상해없음,보행자,여,59세,중상
2014021400100075,2014년 2월 14일 05시,금요일,인천광역시 서구 신현동,중상사고,0,2,0,0,차대차 - 측면직각충돌,신호위반,건조,맑음,교차로 - 교차로안,승용,남,55세,상해없음,승용,남,61세,중상
2014021400100106,2014년 2월 14일 07시,금요일,인천광역시 계양구 갈현동,중상사고,0,1,0,0,차대사람 - 횡단중,안전운전불이행,건조,맑음,단일로 - 기타,화물,여,38세,상해없음,보행자,여,47세,중상
2014021400100173,2014년 2월 14일 10시,금요일,인천광역시 남구 용현동,경상사고,0,0,1,0,차대차 - 추돌 - 주정차중,안전운전불이행,건조,맑음,교차로 - 교차로부근,화물,남,64세,상해없음,승용,여,53세,경상
2014021400100174,2014년 2월 14일 10시,금요일,인천광역시 서구 경서동,경상사고,0,0,1,0,차대차 - 측면직각충돌,교차로운행방법위반,건조,맑음,교차로 - 교차로안,승용,남,62세,상해없음,승용,여,24세,경상
2014021400100198,2014년 2월 14일 11시,금요일,인천광역시 계양구 동양동,중상사고,0,1,0,0,차대차 - 정면충돌,중앙선침범,건조,맑음,단일로 - 기타,화물,남,43세,상해없음,이륜,남,54세,중상
2014021400100218,2014년 2월 14일 12시,금요일,인천광역시 계양구 동양동,경상사고,0,0,1,0,차대사람 - 보도통행중,보행자보호의무위반,건조,맑음,교차로 - 교차로안,화물,남,49세,상해없음,보행자,여,41세,경상
2014021400100249,2014년 2월 14일 13시,금요일,인천광역시 남구 주안동,경상사고,0,0,1,0,차대사람 - 기타,안전운전불이행,건조,맑음,단일로 - 기타,승용,남,37세,상해없음,보행자,남,36세,경상
2014021400100250,2014년 2월 14일 13시,금요일,인천광역시 남구 도화동,중상사고,0,1,0,0,차대사람 - 기타,안전운전불이행,건조,맑음,교차로 - 교차로부근,승용,남,29세,상해없음,보행자,남,23세,중상
2014021400100251,2014년 2월 14일 13시,금요일,인천광역시 남동구 구월동,경상사고,0,0,3,0,차대사람 - 기타,안전운전불이행,건조,맑음,단일로 - 기타,승합,남,55세,상해없음,보행자,여,73세,경상
2014021400100276,2014년 2월 14일 14시,금요일,인천광역시 남구 용현동,경상사고,0,0,1,0,차대사람 - 횡단중,안전운전불이행,건조,맑음,기타 - 기타,승용,여,38세,상해없음,보행자,남,11세,경상
2014021400100351,2014년 2월 14일 17시,금요일,인천광역시 남구 용현동,중상사고,0,1,0,0,차대사람 - 기타,보행자보호의무위반,건조,맑음,단일로 - 횡단보도상,승합,남,51세,상해없음,보행자,여,73세,중상
2014021400100395,2014년 2월 14일 18시,금요일,인천광역시 서구 검암동,경상사고,0,0,1,0,차대차 - 기타,안전운전불이행,건조,맑음,교차로 - 교차로부근,기타불명,기타불명,기타불명,기타불명,자전거,남,17세,경상
2014021400100396,2014년 2월 14일 18시,금요일,인천광역시 계양구 귤현동,중상사고,0,1,0,0,차대차 - 측면직각충돌,중앙선침범,건조,맑음,단일로 - 기타,승용,남,67세,상해없음,승용,남,64세,중상
2014021400100397,2014년 2월 14일 18시,금요일,인천광역시 계양구 효성동,경상사고,0,0,1,0,차대차 - 측면직각충돌,안전운전불이행,건조,맑음,교차로 - 교차로안,승용,남,33세,상해없음,승용,남,42세,경상
2014021400100445,2014년 2월 14일 19시,금요일,인천광역시 부평구 부평동,경상사고,0,0,2,0,차대차 - 기타,차로위반,건조,맑음,단일로 - 기타,승합,남,69세,상해없음,승용,남,48세,경상
2014021400100446,2014년 2월 14일 19시,금요일,인천광역시 남동구 구월동,경상사고,0,0,3,0,차대차 - 추돌 - 주정차중,안전운전불이행,건조,맑음,단일로 - 기타,승용,남,60세,상해없음,승용,여,30세,경상
2014021400100447,2014년 2월 14일 19시,금요일,인천광역시 계양구 작전동,중상사고,0,1,0,0,차대차 - 기타,안전운전불이행,건조,맑음,단일로 - 기타,승합,남,40세,상해없음,승용,남,54세,상해없음
2014021400100448,2014년 2월 14일 19시,금요일,인천광역시 연수구 연수동,경상사고,0,0,1,0,차대사람 - 횡단중,안전운전불이행,건조,맑음,교차로 - 교차로부근,승용,남,47세,상해없음,보행자,여,22세,경상
2014021400100478,2014년 2월 14일 20시,금요일,인천광역시 중구 사동,중상사고,0,1,1,0,차대차 - 측면직각충돌,신호위반,건조,맑음,교차로 - 교차로안,승용,남,32세,상해없음,승용,남,27세,경상
2014021400100506,2014년 2월 14일 21시,금요일,인천광역시 동구 금곡동,경상사고,0,0,5,0,차대차 - 추돌 - 진행중,안전운전불이행,건조,맑음,단일로 - 기타,승용,남,36세,상해없음,승용,남,38세,경상
2014021400100544,2014년 2월 14일 22시,금요일,인천광역시 서구 심곡동,경상사고,0,0,1,0,차대차 - 정면충돌,중앙선침범,건조,맑음,교차로 - 교차로안,승용,여,42세,상해없음,원동기,남,24세,경상
2014021400100580,2014년 2월 14일 23시,금요일,인천광역시 중구 을왕동,경상사고,0,0,1,0,차대차 - 기타,안전운전불이행,건조,맑음,단일로 - 기타,승용,남,42세,상해없음,승용,남,24세,경상
2014021400100581,2014년 2월 14일 23시,금요일,인천광역시 계양구 계산동,중상사고,0,1,0,0,차대차 - 추돌 - 진행중,안전거리미확보,건조,맑음,교차로 - 교차로안,승용,남,44세,상해없음,승용,남,40세,중상
2014021500100048,2014년 2월 15일 01시,토요일,인천광역시 남구 주안동,중상사고,0,1,0,0,차대차 - 측면직각충돌,신호위반,건조,맑음,교차로 - 교차로안,이륜,남,17세,중상,승용,남,54세,상해없음
2014021500100064,2014년 2월 15일 02시,토요일,인천광역시 서구 당하동,중상사고,0,1,0,0,차량단독 - 공작물충돌,안전운전불이행,건조,맑음,교차로 - 교차로안,승용,남,22세,상해없음,,,,
2014021500100082,2014년 2월 15일 03시,토요일,인천광역시 부평구 구산동,경상사고,0,0,2,0,차대차 - 추돌 - 주정차중,안전운전불이행,건조,맑음,교차로 - 교차로부근,승용,여,50세,경상,특수,남,55세,경상
2014021500100096,2014년 2월 15일 04시,토요일,인천광역시 남구 도화동,경상사고,0,0,2,0,차대차 - 기타,안전운전불이행,건조,맑음,미분류 - 미분류,승용,남,27세,경상,화물,남,50세,경상
2014021500100126,2014년 2월 15일 06시,토요일,인천광역시 동구 송현동,경상사고,0,0,1,0,차대사람 - 기타,안전운전불이행,건조,맑음,단일로 - 기타,승용,기타불명,기타불명,기타불명,보행자,남,27세,경상
2014021500100198,2014년 2월 15일 09시,토요일,인천광역시 서구 가좌동,중상사고,0,1,1,0,차대차 - 추돌 - 주정차중,안전운전불이행,건조,맑음,교차로 - 교차로부근,승용,여,53세,상해없음,승용,남,59세,경상
2014021500100236,2014년 2월 15일 11시,토요일,인천광역시 부평구 일신동,중상사고,0,1,3,0,차대차 - 추돌 - 진행중,안전운전불이행,건조,맑음,단일로 - 기타,승용,남,32세,상해없음,승용,남,37세,중상
2014021500100267,2014년 2월 15일 12시,토요일,인천광역시 부평구 부개동,중상사고,0,1,0,0,차대차 - 측면직각충돌,신호위반,건조,맑음,교차로 - 교차로안,화물,남,61세,상해없음,자전거,남,57세,중상
2014021500100301,2014년 2월 15일 13시,토요일,인천광역시 강화군 길상면,경상사고,0,0,1,0,차대차 - 추돌 - 주정차중,안전운전불이행,건조,맑음,단일로 - 기타,승용,남,45세,상해없음,승용,남,30세,경상
2014021500100348,2014년 2월 15일 15시,토요일,인천광역시 남동구 구월동,경상사고,0,0,1,0,차대차 - 기타,안전운전불이행,건조,맑음,단일로 - 기타,승용,남,32세,상해없음,승용,남,48세,경상
2014021500100349,2014년 2월 15일 15시,토요일,인천광역시 강화군 화도면,중상사고,0,3,0,0,차대차 - 측면직각충돌,안전운전불이행,건조,맑음,단일로 - 기타,승용,여,26세,상해없음,승용,여,49세,중상
2014021500100350,2014년 2월 15일 15시,토요일,인천광역시 부평구 청천동,경상사고,0,0,1,0,차대차 - 추돌 - 진행중,안전운전불이행,건조,맑음,단일로 - 기타,승용,여,53세,상해없음,화물,남,35세,경상
2014021500100390,2014년 2월 15일 16시,토요일,인천광역시 부평구 부평동,경상사고,0,0,1,0,차대차 - 정면충돌,안전운전불이행,건조,맑음,교차로 - 교차로부근,원동기,남,21세,상해없음,승합,남,49세,상해없음
2014021500100418,2014년 2월 15일 17시,토요일,인천광역시 남동구 만수동,경상사고,0,0,1,0,차량단독 - 기타,기타,건조,맑음,단일로 - 기타,승합,남,60세,상해없음,,,,
2014021500100487,2014년 2월 15일 19시,토요일,인천광역시 부평구 부평동,경상사고,0,0,3,0,차대차 - 측면직각충돌,중앙선침범,건조,맑음,단일로 - 기타,승용,남,51세,상해없음,승용,남,23세,경상
2014021500100559,2014년 2월 15일 21시,토요일,인천광역시 남구 주안동,경상사고,0,0,2,0,차대차 - 기타,안전운전불이행,건조,맑음,교차로 - 교차로안,승용,남,66세,상해없음,승용,여,35세,경상
2014021500100560,2014년 2월 15일 21시,토요일,인천광역시 연수구 청학동,경상사고,0,0,1,0,차대차 - 기타,신호위반,건조,맑음,교차로 - 교차로안,이륜,남,16세,상해없음,승용,남,35세,경상
2014021500100602,2014년 2월 15일 23시,토요일,인천광역시 중구 덕교동,중상사고,0,2,0,0,차량단독 - 공작물충돌,안전운전불이행,건조,맑음,단일로 - 기타,승용,남,62세,중상,,,,
2014021500100603,2014년 2월 15일 23시,토요일,인천광역시 부평구 부평동,경상사고,0,0,1,0,차대차 - 기타,중앙선침범,건조,맑음,단일로 - 기타,승용,남,68세,기타불명,원동기,남,17세,경상
2014021500100604,2014년 2월 15일 23시,토요일,인천광역시 부평구 부평동,경상사고,0,0,1,0,차대차 - 기타,안전거리미확보,건조,맑음,단일로 - 횡단보도부근,승용,남,33세,상해없음,원동기,남,29세,경상
2014021500100605,2014년 2월 15일 23시,토요일,인천광역시 연수구 송도동,중상사고,0,1,1,0,차대차 - 기타,신호위반,건조,맑음,교차로 - 교차로안,승용,여,49세,상해없음,승용,남,45세,경상
2014021600100020,2014년 2월 16일 00시,일요일,인천광역시 남구 학익동,경상사고,0,0,2,0,차대차 - 정면충돌,신호위반,건조,맑음,교차로 - 교차로안,승용,남,28세,상해없음,승용,남,29세,경상
2014021600100021,2014년 2월 16일 00시,일요일,인천광역시 남구 숭의동,경상사고,0,0,1,0,차대차 - 추돌 - 주정차중,안전운전불이행,건조,맑음,교차로 - 교차로부근,승용,여,46세,상해없음,승용,남,57세,경상
2014021600100022,2014년 2월 16일 00시,일요일,인천광역시 남구 주안동,중상사고,0,1,1,0,차대사람 - 횡단중,신호위반,건조,맑음,단일로 - 횡단보도상,이륜,남,17세,상해없음,보행자,여,17세,중상
2014021600100023,2014년 2월 16일 00시,일요일,인천광역시 부평구 십정동,경상사고,0,0,3,0,차대차 - 정면충돌,중앙선침범,건조,맑음,단일로 - 기타,화물,남,37세,상해없음,승용,남,42세,경상
2014021600100024,2014년 2월 16일 00시,일요일,인천광역시 서구 경서동,경상사고,0,0,1,0,차대차 - 기타,안전운전불이행,습기,흐림,단일로 - 기타,승용,남,53세,상해없음,이륜,남,18세,경상
2014021600100025,2014년 2월 16일 00시,일요일,인천광역시 서구 공촌동,경상사고,0,0,2,0,차대차 - 측면직각충돌,신호위반,건조,맑음,교차로 - 교차로안,승용,남,24세,상해없음,승용,남,36세,경상
2014021600100026,2014년 2월 16일 00시,일요일,인천광역시 서구 석남동,중상사고,0,2,0,0,차대차 - 측면직각충돌,안전운전불이행,건조,맑음,단일로 - 기타,승용,남,41세,상해없음,승용,남,56세,중상
2014021600100046,2014년 2월 16일 01시,일요일,인천광역시 부평구 부평동,부상신고사고,0,0,0,1,차대차 - 기타,교차로운행방법위반,건조,맑음,교차로 - 교차로안,원동기,여,64세,부상신고,승용,남,50세,상해없음
2014021600100072,2014년 2월 16일 02시,일요일,인천광역시 남구 주안동,중상사고,0,1,1,0,차대차 - 측면직각충돌,안전운전불이행,건조,맑음,단일로 - 기타,승용,남,27세,상해없음,승용,남,49세,중상
2014021600100073,2014년 2월 16일 02시,일요일,인천광역시 남구 주안동,중상사고,0,4,3,0,차대차 - 측면직각충돌,신호위반,건조,맑음,교차로 - 교차로안,승용,남,26세,상해없음,승용,남,62세,중상
2014021600100088,2014년 2월 16일 03시,일요일,인천광역시 부평구 삼산동,중상사고,0,2,0,0,차대차 - 측면직각충돌,안전운전불이행,건조,맑음,단일로 - 기타,승용,여,50세,상해없음,승용,남,53세,중상
2014021600100101,2014년 2월 16일 04시,일요일,인천광역시 남구 주안동,경상사고,0,0,2,0,차대차 - 정면충돌,신호위반,건조,맑음,교차로 - 교차로안,승용,남,25세,상해없음,승용,남,26세,경상
2014021600100146,2014년 2월 16일 08시,일요일,인천광역시 서구 왕길동,경상사고,0,0,1,0,차대차 - 측면직각충돌,신호위반,건조,맑음,교차로 - 교차로안,승용,남,64세,상해없음,승용,여,56세,경상
2014021600100161,2014년 2월 16일 09시,일요일,인천광역시 부평구 부평동,중상사고,0,1,0,0,차대차 - 측면직각충돌,안전운전불이행,건조,맑음,교차로 - 교차로부근,승용,기타불명,기타불명,기타불명,승용,여,43세,중상
2014021600100174,2014년 2월 16일 10시,일요일,인천광역시 남구 용현동,경상사고,0,0,4,0,차대차 - 기타,안전운전불이행,건조,맑음,단일로 - 기타,승합,남,40세,상해없음,화물,남,46세,경상
2014021600100288,2014년 2월 16일 16시,일요일,인천광역시 중구 신흥동3가,경상사고,0,0,1,0,차대차 - 기타,신호위반,건조,맑음,단일로 - 횡단보도상,승용,남,53세,상해없음,자전거,남,53세,경상
2014021600100315,2014년 2월 16일 17시,일요일,인천광역시 남동구 만수동,중상사고,0,1,0,0,차대차 - 추돌 - 진행중,교차로운행방법위반,건조,맑음,교차로 - 교차로안,승용,남,34세,상해없음,이륜,남,16세,중상
2014021600100348,2014년 2월 16일 18시,일요일,인천광역시 강화군 내가면,중상사고,0,1,0,0,차대사람 - 기타,안전운전불이행,건조,맑음,단일로 - 기타,승용,남,33세,상해없음,보행자,여,62세,중상
2014021600100404,2014년 2월 16일 20시,일요일,인천광역시 서구 가좌동,경상사고,0,0,1,0,차량단독 - 기타,안전운전불이행,건조,맑음,교차로 - 교차로부근,승합,남,42세,상해없음,,,,
2014021600100427,2014년 2월 16일 21시,일요일,인천광역시 남구 주안동,경상사고,0,0,6,0,차대차 - 추돌 - 진행중,안전운전불이행,건조,맑음,단일로 - 기타,승용,남,47세,상해없음,승합,남,59세,경상
2014021600100428,2014년 2월 16일 21시,일요일,인천광역시 남구 도화동,경상사고,0,0,1,0,차대차 - 측면직각충돌,안전운전불이행,건조,맑음,단일로 - 횡단보도상,승용,남,24세,상해없음,승용,여,50세,경상
2014021600100429,2014년 2월 16일 21시,일요일,인천광역시 남동구 간석동,중상사고,0,1,0,0,차대사람 - 횡단중,안전운전불이행,건조,맑음,단일로 - 기타,승용,여,45세,상해없음,보행자,남,57세,중상
2014021600100444,2014년 2월 16일 22시,일요일,인천광역시 남동구 간석동,중상사고,0,2,0,0,차대차 - 측면직각충돌,신호위반,건조,맑음,교차로 - 교차로안,승용,여,42세,상해없음,승용,남,60세,중상
2014021600100459,2014년 2월 16일 23시,일요일,인천광역시 남구 숭의동,경상사고,0,0,1,0,차대차 - 측면직각충돌,안전운전불이행,건조,맑음,단일로 - 기타,승용,남,44세,상해없음,원동기,남,55세,경상
2014021700100017,2014년 2월 17일 01시,월요일,인천광역시 계양구 작전동,경상사고,0,0,2,0,차량단독 - 공작물충돌,기타,건조,맑음,단일로 - 기타,승용,남,51세,상해없음,,,,
2014021700100051,2014년 2월 17일 06시,월요일,인천광역시 서구 석남동,경상사고,0,0,1,0,차대사람 - 횡단중,보행자보호의무위반,건조,맑음,단일로 - 횡단보도상,승용,남,56세,상해없음,보행자,여,54세,경상