사고번호,사고일시,요일,시군구,사고내용,사망자수,중상자수,경상자수,부상신고자수,사고유형,법규위반,노면상태,기상상태,도로형태,가해운전자 차종,가해운전자 성별,가해운전자 연령,가해운전자 상해정도,피해운전자 차종,피해운전자 성별,피해운전자 연령,피해운전자 상해정도
2014030100100292,2014년 3월 1일 13시,토요일,인천광역시 서구 석남동,중상사고,0,1,1,0,차대차 - 추돌 - 주정차중,안전운전불이행,건조,맑음,단일로 - 기타,승용,남,24세,상해없음,승용,남,32세,경상
2014030100100361,2014년 3월 1일 16시,토요일,인천광역시 중구 북성동2가,경상사고,0,0,1,0,차대사람 - 길가장자리구역통행중,안전운전불이행,건조,흐림,단일로 - 기타,승용,남,32세,상해없음,보행자,여,41세,경상
2014030100100414,2014년 3월 1일 18시,토요일,인천광역시 남동구 논현동,경상사고,0,0,1,0,차대차 - 기타,신호위반,건조,맑음,교차로 - 교차로안,승용,남,27세,상해없음,원동기,남,28세,경상
2014030100100415,2014년 3월 1일 18시,토요일,인천광역시 남동구 고잔동,중상사고,0,1,0,0,차대차 - 추돌 - 진행중,안전운전불이행,건조,맑음,단일로 - 기타,승용,남,37세,상해없음,이륜,남,49세,중상
2014030100100416,2014년 3월 1일 18시,토요일,인천광역시 남동구 장수동,경상사고,0,0,1,0,차량단독 - 기타,안전운전불이행,건조,맑음,단일로 - 기타,승합,남,56세,상해없음,,,,
2014030100100491,2014년 3월 1일 20시,토요일,인천광역시 남구 숭의동,경상사고,0,0,2,0,차대차 - 추돌 - 진행중,안전운전불이행,건조,맑음,기타 - 기타,승용,남,41세,상해없음,승용,여,39세,경상
2014030100100521,2014년 3월 1일 21시,토요일,인천광역시 부평구 부평동,경상사고,0,0,1,0,차대차 - 추돌 - 주정차중,안전운전불이행,건조,맑음,교차로 - 교차로부근,승용,여,38세,상해없음,승용,남,62세,경상
2014030100100522,2014년 3월 1일 21시,토요일,인천광역시 남동구 구월동,경상사고,0,0,1,0,차대차 - 기타,안전운전불이행,건조,맑음,단일로 - 기타,이륜,남,40세,경상,승용,남,22세,상해없음
2014030100100523,2014년 3월 1일 21시,토요일,인천광역시 계양구 효성동,경상사고,0,0,1,0,차대차 - 측면직각충돌,교차로운행방법위반,건조,맑음,교차로 - 교차로안,승용,여,50세,상해없음,승용,여,42세,경상
2014030100100552,2014년 3월 1일 22시,토요일,인천광역시 남구 주안동,경상사고,0,0,2,0,차대차 - 기타,신호위반,건조,맑음,교차로 - 교차로부근,승용,여,26세,상해없음,승용,남,31세,경상
2014030100100553,2014년 3월 1일 22시,토요일,인천광역시 남동구 구월동,중상사고,0,1,0,0,차량단독 - 공작물충돌,안전운전불이행,건조,맑음,단일로 - 기타,이륜,남,42세,중상,,,,
2014030100100573,2014년 3월 1일 23시,토요일,인천광역시 중구 을왕동,경상사고,0,0,2,0,차대차 - 측면직각충돌,안전운전불이행,건조,맑음,교차로 - 교차로부근,승용,남,34세,상해없음,화물,남,48세,경상
2014030100100574,2014년 3월 1일 23시,토요일,인천광역시 서구 경서동,중상사고,0,3,0,0,차대차 - 측면직각충돌,신호위반,건조,맑음,교차로 - 교차로안,승용,남,51세,상해없음,승용,남,31세,중상
2014030100100575,2014년 3월 1일 23시,토요일,인천광역시 연수구 송도동,경상사고,0,0,1,0,차대사람 - 기타,안전운전불이행,건조,맑음,단일로 - 기타,승용,남,44세,상해없음,보행자,여,26세,경상
2014030200100076,2014년 3월 2일 03시,일요일,인천광역시 연수구 송도동,경상사고,0,0,2,0,차대차 - 추돌 - 주정차중,안전운전불이행,건조,맑음,교차로 - 교차로안,승용,남,32세,상해없음,승용,여,45세,경상
2014030200100085,2014년 3월 2일 04시,일요일,인천광역시 계양구 작전동,경상사고,0,0,1,0,차대차 - 추돌 - 진행중,안전운전불이행,습기,맑음,교차로 - 교차로부근,승용,남,34세,상해없음,승용,남,36세,경상
2014030200100107,2014년 3월 2일 06시,일요일,인천광역시 남동구 간석동,경상사고,0,0,2,0,차대차 - 추돌 - 진행중,신호위반,건조,맑음,교차로 - 교차로안,승용,남,22세,상해없음,승용,남,74세,경상
2014030200100115,2014년 3월 2일 07시,일요일,인천광역시 남동구 고잔동,경상사고,0,0,1,0,차대차 - 측면직각충돌,안전거리미확보,건조,맑음,단일로 - 기타,승합,여,51세,상해없음,원동기,남,58세,경상
2014030200100153,2014년 3월 2일 10시,일요일,인천광역시 남구 주안동,중상사고,0,1,0,0,차대사람 - 기타,안전운전불이행,건조,맑음,단일로 - 기타,승용,여,64세,상해없음,보행자,여,67세,중상
2014030200100215,2014년 3월 2일 13시,일요일,인천광역시 남동구 남촌동,경상사고,0,0,3,0,차대차 - 추돌 - 주정차중,안전운전불이행,건조,맑음,교차로 - 교차로부근,화물,남,30세,상해없음,승용,남,55세,경상
2014030200100216,2014년 3월 2일 13시,일요일,인천광역시 남동구 고잔동,경상사고,0,0,2,0,차대차 - 측면직각충돌,안전운전불이행,건조,맑음,단일로 - 기타,승용,남,43세,상해없음,승용,남,49세,경상
2014030200100217,2014년 3월 2일 13시,일요일,인천광역시 서구 가좌동,경상사고,0,0,1,0,차대차 - 측면직각충돌,안전운전불이행,건조,맑음,교차로 - 교차로안,이륜,남,20세,경상,승용,남,49세,상해없음
2014030200100240,2014년 3월 2일 14시,일요일,인천광역시 남구 관교동,경상사고,0,0,1,0,차대차 - 기타,안전운전불이행,건조,맑음,교차로 - 교차로부근,승용,남,48세,상해없음,승합,남,42세,상해없음
2014030200100241,2014년 3월 2일 14시,일요일,인천광역시 서구 가좌동,경상사고,0,0,1,0,차대차 - 측면직각충돌,안전운전불이행,건조,맑음,교차로 - 교차로부근,승용,여,44세,상해없음,승합,남,55세,경상
2014030200100292,2014년 3월 2일 16시,일요일,인천광역시 서구 가정동,경상사고,0,0,1,0,차대차 - 추돌 - 진행중,안전운전불이행,건조,맑음,단일로 - 기타,승용,남,51세,상해없음,승용,여,45세,경상
2014030200100293,2014년 3월 2일 16시,일요일,인천광역시 서구 연희동,경상사고,0,0,1,0,차대차 - 기타,안전운전불이행,건조,맑음,단일로 - 기타,승용,여,23세,상해없음,화물,남,34세,경상
2014030200100311,2014년 3월 2일 17시,일요일,인천광역시 남구 주안동,중상사고,0,1,0,0,차대차 - 기타,신호위반,건조,맑음,단일로 - 횡단보도상,승용,남,57세,상해없음,이륜,남,52세,중상
2014030200100312,2014년 3월 2일 17시,일요일,인천광역시 부평구 청천동,경상사고,0,0,1,0,차대차 - 추돌 - 주정차중,안전거리미확보,건조,맑음,교차로 - 교차로부근,승용,남,33세,상해없음,승용,남,47세,경상
2014030200100313,2014년 3월 2일 17시,일요일,인천광역시 남동구 구월동,경상사고,0,0,2,0,차대차 - 추돌 - 주정차중,안전운전불이행,건조,맑음,교차로 - 교차로부근,승용,남,35세,상해없음,승용,남,55세,상해없음
2014030200100353,2014년 3월 2일 18시,일요일,인천광역시 중구 신흥동2가,경상사고,0,0,2,0,차대차 - 기타,신호위반,건조,맑음,교차로 - 교차로안,승용,남,23세,상해없음,승용,남,28세,경상
2014030200100385,2014년 3월 2일 19시,일요일,인천광역시 남구 도화동,경상사고,0,0,1,0,차대차 - 추돌 - 주정차중,안전운전불이행,건조,맑음,단일로 - 기타,승용,여,23세,기타불명,승용,남,40세,경상
2014030200100386,2014년 3월 2일 19시,일요일,인천광역시 서구 공촌동,경상사고,0,0,1,0,차대차 - 기타,안전운전불이행,건조,맑음,단일로 - 기타,기타불명,기타불명,기타불명,기타불명,승용,남,54세,상해없음
2014030200100405,2014년 3월 2일 20시,일요일,인천광역시 남동구 장수동,중상사고,0,1,1,0,차대사람 - 기타,보행자보호의무위반,건조,맑음,단일로 - 횡단보도상,승용,남,52세,상해없음,보행자,여,50세,중상
2014030200100444,2014년 3월 2일 22시,일요일,인천광역시 서구 마전동,중상사고,0,1,0,0,차대사람 - 횡단중,보행자보호의무위반,건조,맑음,단일로 - 기타,승용,여,38세,상해없음,보행자,남,60세,중상
2014030200100445,2014년 3월 2일 22시,일요일,인천광역시 서구 석남동,경상사고,0,0,1,0,차대사람 - 기타,안전운전불이행,건조,맑음,단일로 - 기타,승용,여,53세,기타불명,보행자,남,45세,경상
2014030300100021,2014년 3월 3일 02시,월요일,인천광역시 남구 주안동,경상사고,0,0,1,0,차대사람 - 기타,안전운전불이행,건조,맑음,단일로 - 기타,승용,남,24세,상해없음,보행자,남,30세,경상
2014030300100046,2014년 3월 3일 06시,월요일,인천광역시 부평구 부평동,중상사고,0,1,0,0,차대사람 - 길가장자리구역통행중,안전운전불이행,건조,맑음,단일로 - 기타,승합,남,40세,상해없음,보행자,여,69세,중상
2014030300100047,2014년 3월 3일 06시,월요일,인천광역시 부평구 갈산동,경상사고,0,0,3,0,차대차 - 측면직각충돌,안전운전불이행,건조,맑음,단일로 - 기타,승용,여,47세,상해없음,승용,여,58세,경상
2014030300100126,2014년 3월 3일 08시,월요일,인천광역시 남동구 구월동,중상사고,0,1,0,0,차대차 - 기타,안전운전불이행,건조,맑음,단일로 - 기타,화물,남,33세,상해없음,자전거,여,45세,중상
2014030300100127,2014년 3월 3일 08시,월요일,인천광역시 남동구 간석동,경상사고,0,0,1,0,차대차 - 측면직각충돌,교차로운행방법위반,건조,맑음,교차로 - 교차로안,승용,여,49세,상해없음,승용,여,43세,경상
2014030300100166,2014년 3월 3일 09시,월요일,인천광역시 서구 가정동,경상사고,0,0,1,0,차대차 - 추돌 - 진행중,안전운전불이행,건조,맑음,교차로 - 교차로부근,화물,남,51세,상해없음,승용,여,49세,경상
2014030300100186,2014년 3월 3일 10시,월요일,인천광역시 남동구 도림동,경상사고,0,0,1,0,차대차 - 측면직각충돌,신호위반,건조,맑음,교차로 - 교차로안,승용,남,38세,상해없음,자전거,여,61세,경상
2014030300100278,2014년 3월 3일 13시,월요일,인천광역시 부평구 산곡동,경상사고,0,0,2,0,차대차 - 추돌 - 주정차중,안전거리미확보,건조,맑음,교차로 - 교차로부근,승용,남,48세,상해없음,승용,남,62세,경상
2014030300100320,2014년 3월 3일 14시,월요일,인천광역시 서구 가좌동,중상사고,0,1,2,0,차대차 - 측면직각충돌,신호위반,건조,맑음,교차로 - 교차로안,승용,남,54세,상해없음,승용,남,57세,상해없음
2014030300100321,2014년 3월 3일 14시,월요일,인천광역시 부평구 갈산동,경상사고,0,0,1,0,차대차 - 추돌 - 진행중,교차로운행방법위반,건조,맑음,교차로 - 교차로안,승합,남,50세,상해없음,승용,여,47세,경상
2014030300100353,2014년 3월 3일 15시,월요일,인천광역시 계양구 작전동,경상사고,0,0,1,0,차대사람 - 차도통행중,안전운전불이행,건조,맑음,교차로 - 교차로부근,승용,남,45세,상해없음,보행자,남,37세,경상
2014030300100390,2014년 3월 3일 16시,월요일,인천광역시 남동구 구월동,경상사고,0,0,1,0,차대차 - 측면직각충돌,안전거리미확보,건조,맑음,단일로 - 기타,승합,남,60세,상해없음,이륜,남,25세,경상
2014030300100419,2014년 3월 3일 17시,월요일,인천광역시 남동구 구월동,경상사고,0,0,1,0,차대사람 - 기타,안전운전불이행,건조,맑음,단일로 - 기타,승용,남,71세,상해없음,보행자,남,40세,경상
2014030300100450,2014년 3월 3일 18시,월요일,인천광역시 남구 용현동,경상사고,0,0,1,0,차대차 - 기타,신호위반,건조,맑음,교차로 - 교차로안,승용,남,41세,상해없음,이륜,남,17세,경상
2014030300100519,2014년 3월 3일 20시,월요일,인천광역시 남동구 논현동,경상사고,0,0,1,0,차대차 - 추돌 - 주정차중,안전운전불이행,건조,맑음,교차로 - 교차로안,승용,남,51세,상해없음,승용,남,36세,경상
2014030300100520,2014년 3월 3일 20시,월요일,인천광역시 서구 경서동,경상사고,0,0,2,0,차대차 - 추돌 - 진행중,안전거리미확보,건조,맑음,단일로 - 기타,승용,남,57세,상해없음,승용,남,41세,경상
2014030300100521,2014년 3월 3일 20시,월요일,인천광역시 서구 경서동,경상사고,0,0,1,0,차대차 - 추돌 - 진행중,중앙선침범,건조,맑음,단일로 - 기타,승용,남,30세,상해없음,승용,여,42세,경상
2014030300100522,2014년 3월 3일 20시,월요일,인천광역시 부평구 부평동,중상사고,0,2,1,0,차대차 - 측면직각충돌,신호위반,건조,맑음,교차로 - 교차로안,이륜,남,23세,중상,승용,남,49세,경상
2014030300100523,2014년 3월 3일 20시,월요일,인천광역시 부평구 부평동,경상사고,0,0,1,0,차대차 - 추돌 - 진행중,안전거리미확보,건조,맑음,미분류 - 미분류,승용,남,29세,상해없음,승용,남,39세,경상
2014030300100551,2014년 3월 3일 21시,월요일,인천광역시 부평구 청천동,중상사고,0,1,0,0,차대차 - 추돌 - 진행중,안전운전불이행,건조,기타,기타 - 기타,승용,남,51세,상해없음,자전거,여,32세,중상
2014030300100552,2014년 3월 3일 21시,월요일,인천광역시 남동구 간석동,경상사고,0,0,1,0,차대사람 - 차도통행중,안전운전불이행,건조,맑음,단일로 - 기타,승용,남,55세,상해없음,보행자,남,45세,경상
2014030300100553,2014년 3월 3일 21시,월요일,인천광역시 부평구 부평동,경상사고,0,0,1,0,차대사람 - 기타,보행자보호의무위반,건조,흐림,교차로 - 교차로부근,승용,여,45세,상해없음,보행자,여,18세,경상
2014030300100580,2014년 3월 3일 22시,월요일,인천광역시 남동구 구월동,경상사고,0,0,1,0,차대차 - 추돌 - 진행중,안전운전불이행,건조,맑음,단일로 - 기타,화물,남,56세,상해없음,화물,남,49세,기타불명
2014030300100581,2014년 3월 3일 22시,월요일,인천광역시 남동구 만수동,중상사고,0,1,0,0,차대사람 - 기타,안전운전불이행,건조,맑음,교차로 - 교차로부근,승용,남,47세,상해없음,보행자,남,39세,중상
2014030300100582,2014년 3월 3일 22시,월요일,인천광역시 남동구 간석동,중상사고,0,1,0,0,차대사람 - 횡단중,보행자보호의무위반,건조,맑음,단일로 - 횡단보도상,승용,남,47세,상해없음,보행자,여,32세,중상
2014030300100583,2014년 3월 3일 22시,월요일,인천광역시 서구 가정동,경상사고,0,0,2,0,차대차 - 추돌 - 진행중,안전거리미확보,건조,맑음,단일로 - 기타,승용,남,46세,상해없음,승용,여,33세,경상
2014030300100584,2014년 3월 3일 22시,월요일,인천광역시 서구 가좌동,경상사고,0,0,1,0,차대차 - 측면직각충돌,안전운전불이행,건조,맑음,교차로 - 교차로부근,승용,여,60세,상해없음,이륜,남,33세,경상
2014030300100602,2014년 3월 3일 23시,월요일,인천광역시 서구 경서동,중상사고,0,1,1,0,차대차 - 기타,안전운전불이행,건조,맑음,단일로 - 기타,승용,여,36세,상해없음,화물,남,32세,중상
2014030400100055,2014년 3월 4일 06시,화요일,인천광역시 서구 연희동,경상사고,0,0,1,0,차대차 - 추돌 - 주정차중,안전운전불이행,건조,맑음,단일로 - 기타,승용,여,53세,상해없음,승용,여,50세,경상
2014030400100099,2014년 3월 4일 08시,화요일,인천광역시 부평구 산곡동,사망사고,1,0,0,1,차대사람 - 기타,안전운전불이행,건조,맑음,단일로 - 기타,자전거,남,73세,사망,보행자,남,14세,부상신고
2014030400100143,2014년 3월 4일 10시,화요일,인천광역시 중구 신흥동3가,중상사고,0,1,0,0,차대차 - 측면직각충돌,신호위반,건조,맑음,교차로 - 교차로안,승용,여,30세,상해없음,승용,남,52세,중상
2014030400100144,2014년 3월 4일 10시,화요일,인천광역시 남동구 만수동,경상사고,0,0,1,0,차대차 - 측면직각충돌,신호위반,건조,맑음,교차로 - 교차로안,화물,남,46세,상해없음,승용,여,49세,경상
2014030400100145,2014년 3월 4일 10시,화요일,인천광역시 강화군 내가면,경상사고,0,0,1,0,차대사람 - 기타,안전운전불이행,건조,맑음,단일로 - 기타,승용,여,53세,상해없음,보행자,여,64세,경상
2014030400100166,2014년 3월 4일 11시,화요일,인천광역시 남동구 구월동,경상사고,0,0,1,0,차대차 - 측면직각충돌,안전거리미확보,건조,맑음,단일로 - 기타,승용,남,65세,상해없음,화물,남,38세,경상
2014030400100167,2014년 3월 4일 11시,화요일,인천광역시 강화군 길상면,중상사고,0,1,0,0,차대차 - 기타,중앙선침범,건조,맑음,단일로 - 기타,화물,남,77세,상해없음,화물,남,42세,중상
2014030400100198,2014년 3월 4일 12시,화요일,인천광역시 남동구 남촌동,중상사고,0,1,0,0,차대차 - 추돌 - 진행중,차로위반,건조,맑음,단일로 - 기타,승용,여,22세,상해없음,화물,남,44세,중상
2014030400100217,2014년 3월 4일 13시,화요일,인천광역시 부평구 산곡동,중상사고,0,1,0,0,차대차 - 기타,교차로운행방법위반,건조,맑음,교차로 - 교차로부근,승용,여,40세,상해없음,승합,남,52세,상해없음
2014030400100236,2014년 3월 4일 14시,화요일,인천광역시 계양구 작전동,경상사고,0,0,1,0,차량단독 - 기타,기타,건조,맑음,단일로 - 기타,승합,남,59세,상해없음,,,,
2014030400100267,2014년 3월 4일 15시,화요일,인천광역시 연수구 동춘동,경상사고,0,0,1,0,차대차 - 기타,안전거리미확보,건조,맑음,교차로 - 교차로부근,승용,남,22세,상해없음,승용,여,52세,경상
2014030400100351,2014년 3월 4일 18시,화요일,인천광역시 부평구 부평동,중상사고,0,2,2,0,차대차 - 추돌 - 주정차중,안전운전불이행,건조,맑음,단일로 - 기타,승용,남,37세,상해없음,승용,남,30세,중상
2014030400100398,2014년 3월 4일 19시,화요일,인천광역시 계양구 작전동,중상사고,0,1,0,0,차대사람 - 길가장자리구역통행중,안전운전불이행,건조,맑음,교차로 - 교차로부근,화물,남,51세,상해없음,보행자,여,60세,중상
2014030400100399,2014년 3월 4일 19시,화요일,인천광역시 연수구 선학동,중상사고,0,1,0,0,차대차 - 기타,안전운전불이행,건조,맑음,교차로 - 교차로부근,승용,여,34세,상해없음,자전거,남,55세,중상
2014030400100429,2014년 3월 4일 20시,화요일,인천광역시 남동구 고잔동,경상사고,0,0,1,0,차대차 - 측면직각충돌,교차로운행방법위반,건조,맑음,교차로 - 교차로안,승용,남,57세,상해없음,자전거,남,49세,경상
2014030400100501,2014년 3월 4일 23시,화요일,인천광역시 남동구 구월동,중상사고,0,2,2,0,차대차 - 추돌 - 주정차중,안전운전불이행,건조,맑음,단일로 - 기타,승용,남,49세,상해없음,승용,남,38세,중상
2014030500100047,2014년 3월 5일 03시,수요일,인천광역시 계양구 작전동,중상사고,0,1,0,0,차대사람 - 횡단중,안전운전불이행,건조,맑음,교차로 - 교차로안,승용,남,52세,상해없음,보행자,남,80세,중상
2014030500100051,2014년 3월 5일 04시,수요일,인천광역시 남구 주안동,중상사고,0,2,0,0,차대사람 - 횡단중,안전운전불이행,건조,맑음,단일로 - 횡단보도상,승용,남,41세,상해없음,보행자,남,33세,중상
2014030500100061,2014년 3월 5일 05시,수요일,인천광역시 부평구 삼산동,중상사고,0,1,0,0,차대차 - 측면직각충돌,신호위반,건조,맑음,교차로 - 교차로안,승용,남,49세,상해없음,승용,남,26세,중상
2014030500100102,2014년 3월 5일 07시,수요일,인천광역시 서구 불로동,경상사고,0,0,2,0,차대차 - 추돌 - 진행중,안전운전불이행,건조,맑음,단일로 - 기타,승용,남,36세,상해없음,승용,남,54세,경상
2014030500100216,2014년 3월 5일 11시,수요일,인천광역시 남동구 간석동,경상사고,0,0,1,0,차대차 - 측면직각충돌,차로위반,건조,맑음,단일로 - 기타,승용,여,35세,상해없음,승용,남,48세,경상
2014030500100238,2014년 3월 5일 12시,수요일,인천광역시 부평구 십정동,경상사고,0,0,1,0,차대사람 - 기타,안전운전불이행,건조,맑음,기타 - 기타,기타불명,기타불명,기타불명,기타불명,보행자,여,56세,경상
2014030500100271,2014년 3월 5일 13시,수요일,인천광역시 남동구 논현동,경상사고,0,0,1,0,차대차 - 측면직각충돌,중앙선침범,건조,맑음,단일로 - 기타,승용,여,38세,상해없음,승용,여,37세,경상
2014030500100272,2014년 3월 5일 13시,수요일,인천광역시 계양구 작전동,중상사고,0,1,0,0,차대사람 - 횡단중,안전운전불이행,건조,맑음,단일로 - 기타,승용,남,25세,상해없음,보행자,남,11세,중상
2014030500100300,2014년 3월 5일 14시,수요일,인천광역시 강화군 강화읍,중상사고,0,1,0,0,차대차 - 기타,안전운전불이행,건조,맑음,단일로 - 기타,기타불명,기타불명,기타불명,기타불명,자전거,남,79세,중상
2014030500100337,2014년 3월 5일 15시,수요일,인천광역시 남동구 도림동,중상사고,0,1,0,0,차대차 - 측면직각충돌,교차로운행방법위반,건조,맑음,교차로 - 교차로안,승용,여,50세,기타불명,승용,남,66세,중상
2014030500100338,2014년 3월 5일 15시,수요일,인천광역시 서구 연희동,경상사고,0,0,1,0,차대사람 - 기타,보행자보호의무위반,건조,맑음,단일로 - 횡단보도상,화물,남,39세,상해없음,보행자,남,50세,경상
2014030500100363,2014년 3월 5일 16시,수요일,인천광역시 서구 당하동,경상사고,0,0,1,0,차대차 - 추돌 - 진행중,안전운전불이행,건조,맑음,단일로 - 기타,승합,남,63세,상해없음,승용,여,43세,경상
2014030500100364,2014년 3월 5일 16시,수요일,인천광역시 계양구 방축동,경상사고,0,0,1,0,차대차 - 측면직각충돌,안전운전불이행,건조,맑음,단일로 - 기타,승용,남,51세,상해없음,승용,남,31세,상해없음
2014030500100430,2014년 3월 5일 18시,수요일,인천광역시 남동구 구월동,중상사고,0,1,2,0,차대차 - 측면직각충돌,안전운전불이행,건조,맑음,단일로 - 기타,화물,남,43세,상해없음,승용,남,31세,경상
2014030500100431,2014년 3월 5일 18시,수요일,인천광역시 서구 경서동,중상사고,0,1,0,0,차대차 - 측면직각충돌,안전운전불이행,건조,맑음,단일로 - 기타,승용,남,70세,상해없음,승용,남,25세,중상
2014030500100432,2014년 3월 5일 18시,수요일,인천광역시 서구 공촌동,중상사고,0,1,0,0,차대사람 - 횡단중,보행자보호의무위반,건조,맑음,단일로 - 횡단보도상,승합,남,37세,상해없음,보행자,여,10세,중상
2014030500100433,2014년 3월 5일 18시,수요일,인천광역시 계양구 방축동,중상사고,0,2,0,0,차대사람 - 차도통행중,안전운전불이행,건조,맑음,교차로 - 교차로부근,승용,남,50세,상해없음,보행자,여,51세,중상
2014030500100481,2014년 3월 5일 19시,수요일,인천광역시 부평구 부평동,경상사고,0,0,1,0,차대차 - 기타,안전운전불이행,건조,맑음,단일로 - 기타,승용,남,37세,상해없음,이륜,남,17세,경상
2014030500100482,2014년 3월 5일 19시,수요일,인천광역시 계양구 병방동,중상사고,0,1,0,0,차대사람 - 횡단중,안전운전불이행,건조,맑음,교차로 - 교차로부근,승용,여,44세,상해없음,보행자,여,60세,중상
2014030500100547,2014년 3월 5일 21시,수요일,인천광역시 남구 주안동,중상사고,0,1,0,0,차대사람 - 횡단중,보행자보호의무위반,건조,맑음,교차로 - 교차로부근,승합,남,46세,상해없음,보행자,여,21세,중상
2014030500100548,2014년 3월 5일 21시,수요일,인천광역시 서구 마전동,경상사고,0,0,1,0,차대차 - 추돌 - 진행중,안전운전불이행,건조,맑음,단일로 - 기타,승용,남,33세,상해없음,승용,남,47세,경상
2014030500100577,2014년 3월 5일 22시,수요일,인천광역시 부평구 갈산동,경상사고,0,0,2,0,차대차 - 추돌 - 진행중,안전운전불이행,건조,흐림,단일로 - 기타,승용,남,44세,상해없음,승용,남,53세,경상
2014030500100598,2014년 3월 5일 23시,수요일,인천광역시 계양구 계산동,경상사고,0,0,1,0,차대차 - 측면직각충돌,안전운전불이행,건조,맑음,단일로 - 기타,승용,남,54세,상해없음,화물,남,62세,경상
2014030600100032,2014년 3월 6일 01시,목요일,인천광역시 남동구 구월동,경상사고,0,0,2,0,차대차 - 측면직각충돌,신호위반,건조,맑음,교차로 - 교차로안,승용,남,23세,기타불명,승용,남,65세,경상
2014030600100062,2014년 3월 6일 05시,목요일,인천광역시 남구 숭의동,중상사고,0,1,0,0,차대사람 - 횡단중,보행자보호의무위반,건조,맑음,단일로 - 기타,원동기,기타불명,기타불명,기타불명,보행자,여,61세,중상
2014030600100098,2014년 3월 6일 07시,목요일,인천광역시 남동구 논현동,중상사고,0,1,0,0,차대차 - 기타,안전운전불이행,건조,맑음,교차로 - 교차로안,화물,남,52세,상해없음,자전거,여,52세,중상
2014030600100140,2014년 3월 6일 08시,목요일,인천광역시 부평구 십정동,경상사고,0,0,1,0,차대차 - 기타,안전운전불이행,건조,맑음,단일로 - 기타,승용,여,37세,상해없음,승용,남,33세,경상
2014030600100162,2014년 3월 6일 09시,목요일,인천광역시 중구 신흥동3가,경상사고,0,0,1,0,차대차 - 기타,안전운전불이행,건조,맑음,교차로 - 교차로안,이륜,남,30세,경상,승용,여,52세,상해없음
2014030600100212,2014년 3월 6일 11시,목요일,인천광역시 중구 운서동,경상사고,0,0,1,0,차대차 - 측면직각충돌,안전운전불이행,건조,맑음,단일로 - 기타,승용,남,42세,상해없음,승합,남,44세,경상
2014030600100232,2014년 3월 6일 12시,목요일,인천광역시 계양구 작전동,경상사고,0,0,1,0,차대차 - 측면직각충돌,안전운전불이행,건조,맑음,교차로 - 교차로부근,승합,남,53세,상해없음,승용,남,35세,경상
2014030600100255,2014년 3월 6일 13시,목요일,인천광역시 남동구 논현동,경상사고,0,0,1,0,차대차 - 추돌 - 진행중,안전운전불이행,건조,맑음,단일로 - 기타,화물,남,44세,상해없음,승용,남,31세,경상
2014030600100279,2014년 3월 6일 14시,목요일,인천광역시 강화군 길상면,중상사고,0,1,0,0,차대사람 - 횡단중,안전운전불이행,건조,맑음,단일로 - 기타,승용,여,70세,상해없음,보행자,여,74세,중상
2014030600100342,2014년 3월 6일 16시,목요일,인천광역시 부평구 삼산동,중상사고,0,1,0,0,차대사람 - 길가장자리구역통행중,안전운전불이행,건조,맑음,교차로 - 교차로부근,승용,남,25세,상해없음,보행자,여,9세,중상
2014030600100343,2014년 3월 6일 16시,목요일,인천광역시 부평구 구산동,경상사고,0,0,1,0,차대차 - 기타,안전운전불이행,건조,맑음,단일로 - 기타,승용,남,57세,상해없음,승합,남,48세,상해없음
2014030600100364,2014년 3월 6일 17시,목요일,인천광역시 남동구 구월동,경상사고,0,0,1,0,차대사람 - 길가장자리구역통행중,안전운전불이행,건조,맑음,기타 - 기타,승용,여,59세,상해없음,보행자,남,25세,경상
2014030600100365,2014년 3월 6일 17시,목요일,인천광역시 서구 연희동,경상사고,0,0,1,0,차대차 - 기타,안전운전불이행,건조,맑음,단일로 - 기타,승용,남,35세,상해없음,승용,여,30세,경상
2014030600100388,2014년 3월 6일 18시,목요일,인천광역시 중구 남북동,경상사고,0,0,1,0,차대차 - 기타,안전운전불이행,건조,맑음,단일로 - 기타,승용,남,46세,상해없음,승용,여,53세,경상
2014030600100389,2014년 3월 6일 18시,목요일,인천광역시 남동구 간석동,경상사고,0,0,1,0,차대차 - 기타,안전운전불이행,건조,맑음,단일로 - 기타,화물,남,34세,상해없음,승용,여,34세,경상
2014030600100390,2014년 3월 6일 18시,목요일,인천광역시 연수구 동춘동,중상사고,0,2,0,0,차대차 - 추돌 - 주정차중,안전거리미확보,건조,맑음,단일로 - 기타,화물,남,42세,상해없음,승용,여,47세,중상
2014030600100442,2014년 3월 6일 20시,목요일,인천광역시 강화군 양도면,경상사고,0,0,1,0,차대차 - 정면충돌,안전운전불이행,건조,맑음,단일로 - 기타,화물,남,19세,상해없음,승용,남,44세,경상
2014030600100469,2014년 3월 6일 21시,목요일,인천광역시 서구 연희동,경상사고,0,0,1,0,차대차 - 기타,안전운전불이행,건조,맑음,교차로 - 교차로안,승용,기타불명,기타불명,기타불명,승용,여,44세,경상
2014030600100498,2014년 3월 6일 22시,목요일,인천광역시 부평구 갈산동,경상사고,0,0,1,0,차대차 - 측면직각충돌,안전운전불이행,건조,맑음,단일로 - 기타,승용,남,55세,상해없음,승용,남,57세,경상
2014030700100045,2014년 3월 7일 03시,금요일,인천광역시 부평구 부평동,중상사고,0,3,1,0,차대차 - 기타,안전운전불이행,건조,맑음,교차로 - 교차로부근,승용,남,28세,상해없음,승용,남,52세,경상
2014030700100052,2014년 3월 7일 04시,금요일,인천광역시 남동구 구월동,중상사고,0,2,2,0,차대차 - 기타,신호위반,건조,맑음,교차로 - 교차로안,승용,남,44세,중상,승용,남,42세,중상