사고번호,사고일시,요일,시군구,사고내용,사망자수,중상자수,경상자수,부상신고자수,사고유형,법규위반,노면상태,기상상태,도로형태,가해운전자 차종,가해운전자 성별,가해운전자 연령,가해운전자 상해정도,피해운전자 차종,피해운전자 성별,피해운전자 연령,피해운전자 상해정도
2014031200100518,2014년 3월 12일 19시,수요일,인천광역시 서구 공촌동,중상사고,0,1,0,0,차대사람 - 횡단중,신호위반,건조,맑음,단일로 - 횡단보도상,승용,여,57세,상해없음,보행자,남,49세,중상
2014031200100573,2014년 3월 12일 20시,수요일,인천광역시 계양구 효성동,중상사고,0,1,1,0,차대차 - 정면충돌,중앙선침범,건조,맑음,단일로 - 횡단보도부근,승합,남,57세,경상,승용,남,24세,중상
2014031200100633,2014년 3월 12일 21시,수요일,인천광역시 중구 신흥동3가,중상사고,0,1,0,0,차대차 - 추돌 - 주정차중,안전운전불이행,습기,맑음,단일로 - 기타,승용,남,50세,상해없음,화물,남,48세,기타불명
2014031200100634,2014년 3월 12일 21시,수요일,인천광역시 남구 용현동,중상사고,0,1,0,0,차대사람 - 기타,안전운전불이행,습기,맑음,단일로 - 기타,화물,남,54세,상해없음,보행자,여,73세,중상
2014031300100023,2014년 3월 13일 00시,목요일,인천광역시 연수구 선학동,중상사고,0,3,0,0,차대차 - 기타,안전운전불이행,건조,맑음,단일로 - 기타,승용,남,30세,상해없음,승용,남,61세,중상
2014031300100045,2014년 3월 13일 01시,목요일,인천광역시 부평구 부개동,경상사고,0,0,1,0,차대차 - 측면직각충돌,안전운전불이행,건조,맑음,단일로 - 기타,이륜,남,24세,상해없음,승용,여,61세,경상
2014031300100062,2014년 3월 13일 02시,목요일,인천광역시 연수구 동춘동,경상사고,0,0,1,0,차대차 - 측면직각충돌,신호위반,건조,맑음,교차로 - 교차로안,승용,남,62세,상해없음,승용,여,38세,경상
2014031300100105,2014년 3월 13일 06시,목요일,인천광역시 남구 주안동,중상사고,0,1,0,0,차대사람 - 횡단중,안전운전불이행,건조,맑음,단일로 - 횡단보도상,승용,남,53세,상해없음,보행자,여,57세,중상
2014031300100160,2014년 3월 13일 08시,목요일,인천광역시 서구 가좌동,경상사고,0,0,2,0,차대차 - 정면충돌,중앙선침범,건조,맑음,단일로 - 기타,승용,남,28세,상해없음,승용,남,48세,경상
2014031300100220,2014년 3월 13일 10시,목요일,인천광역시 계양구 계산동,중상사고,0,1,0,0,차량단독 - 공작물충돌,안전운전불이행,건조,맑음,교차로 - 교차로부근,승용,남,59세,중상,,,,
2014031300100248,2014년 3월 13일 11시,목요일,인천광역시 중구 운서동,경상사고,0,0,1,0,차대사람 - 기타,안전운전불이행,건조,맑음,단일로 - 기타,화물,남,60세,상해없음,보행자,남,35세,경상
2014031300100249,2014년 3월 13일 11시,목요일,인천광역시 남구 주안동,경상사고,0,0,1,0,차대차 - 정면충돌,중앙선침범,건조,맑음,교차로 - 교차로부근,승용,남,23세,상해없음,화물,남,45세,경상
2014031300100250,2014년 3월 13일 11시,목요일,인천광역시 서구 신현동,중상사고,0,1,0,0,차량단독 - 기타,기타,건조,맑음,단일로 - 기타,승합,남,56세,상해없음,,,,
2014031300100251,2014년 3월 13일 11시,목요일,인천광역시 남동구 장수동,경상사고,0,0,1,0,차대차 - 추돌 - 진행중,차로위반,건조,맑음,단일로 - 기타,화물,남,37세,기타불명,승용,남,59세,경상
2014031300100278,2014년 3월 13일 12시,목요일,인천광역시 부평구 부평동,중상사고,0,1,0,0,차대차 - 기타,안전운전불이행,건조,맑음,교차로 - 교차로안,승용,남,61세,기타불명,승용,남,32세,중상
2014031300100302,2014년 3월 13일 13시,목요일,인천광역시 강화군 강화읍,중상사고,0,1,0,0,차대차 - 기타,안전운전불이행,건조,맑음,단일로 - 기타,화물,남,58세,상해없음,자전거,남,73세,중상
2014031300100303,2014년 3월 13일 13시,목요일,인천광역시 부평구 부평동,중상사고,0,1,0,0,차량단독 - 기타,안전운전불이행,건조,맑음,단일로 - 기타,승합,남,60세,상해없음,,,,
2014031300100330,2014년 3월 13일 14시,목요일,인천광역시 남동구 만수동,중상사고,0,1,0,0,차대차 - 기타,교차로운행방법위반,건조,맑음,교차로 - 교차로부근,이륜,남,34세,상해없음,자전거,여,65세,중상
2014031300100418,2014년 3월 13일 17시,목요일,인천광역시 남구 주안동,경상사고,0,0,1,0,차대사람 - 기타,안전운전불이행,건조,맑음,교차로 - 교차로부근,승용,남,63세,상해없음,보행자,남,54세,경상
2014031300100419,2014년 3월 13일 17시,목요일,인천광역시 남동구 만수동,중상사고,0,1,0,0,차대차 - 기타,안전운전불이행,건조,맑음,단일로 - 기타,승용,남,57세,상해없음,화물,남,51세,중상
2014031300100420,2014년 3월 13일 17시,목요일,인천광역시 남동구 고잔동,중상사고,0,1,0,0,차대차 - 측면직각충돌,안전운전불이행,건조,맑음,단일로 - 기타,승용,남,49세,상해없음,자전거,남,42세,중상
2014031300100547,2014년 3월 13일 20시,목요일,인천광역시 서구 가좌동,중상사고,0,1,0,0,차대차 - 정면충돌,안전운전불이행,건조,맑음,단일로 - 기타,화물,남,53세,중상,화물,남,52세,상해없음
2014031300100548,2014년 3월 13일 20시,목요일,인천광역시 연수구 옥련동,중상사고,0,1,0,0,차대차 - 추돌 - 진행중,안전운전불이행,건조,맑음,단일로 - 기타,승합,남,40세,상해없음,승용,남,66세,중상
2014031300100580,2014년 3월 13일 21시,목요일,인천광역시 부평구 부평동,중상사고,0,3,1,0,차대차 - 추돌 - 주정차중,안전운전불이행,건조,맑음,교차로 - 교차로안,승합,남,49세,상해없음,승용,남,53세,중상
2014031300100581,2014년 3월 13일 21시,목요일,인천광역시 서구 심곡동,경상사고,0,0,1,0,차대차 - 추돌 - 주정차중,안전운전불이행,건조,맑음,단일로 - 기타,승용,남,50세,상해없음,승용,남,53세,경상
2014031300100609,2014년 3월 13일 22시,목요일,인천광역시 중구 북성동2가,경상사고,0,0,2,0,차대차 - 기타,안전운전불이행,건조,맑음,단일로 - 기타,승용,남,56세,상해없음,승용,남,21세,경상
2014031300100610,2014년 3월 13일 22시,목요일,인천광역시 연수구 동춘동,경상사고,0,0,2,0,차대차 - 기타,차로위반,건조,맑음,단일로 - 기타,승합,남,67세,상해없음,승용,남,50세,상해없음
2014031300100639,2014년 3월 13일 23시,목요일,인천광역시 중구 도원동,중상사고,0,1,0,0,차량단독 - 기타,안전운전불이행,건조,맑음,교차로 - 교차로부근,승용,남,45세,상해없음,,,,
2014031300100640,2014년 3월 13일 23시,목요일,인천광역시 남구 주안동,경상사고,0,0,1,0,차대사람 - 횡단중,안전운전불이행,건조,맑음,단일로 - 기타,승용,남,57세,상해없음,보행자,남,22세,경상
2014031300100641,2014년 3월 13일 23시,목요일,인천광역시 남구 용현동,경상사고,0,0,1,0,차대차 - 측면직각충돌,신호위반,건조,맑음,교차로 - 교차로안,승용,남,25세,상해없음,승용,남,59세,상해없음
2014031300100642,2014년 3월 13일 23시,목요일,인천광역시 서구 검암동,경상사고,0,0,1,0,차대사람 - 보도통행중,보행자보호의무위반,건조,맑음,교차로 - 교차로안,승용,남,34세,상해없음,보행자,남,40세,경상
2014031300100643,2014년 3월 13일 23시,목요일,인천광역시 계양구 계산동,경상사고,0,0,1,0,차대사람 - 길가장자리구역통행중,안전운전불이행,건조,맑음,단일로 - 기타,승용,남,56세,상해없음,보행자,남,41세,경상
2014031400100015,2014년 3월 14일 00시,금요일,인천광역시 남구 도화동,경상사고,0,0,2,0,차대차 - 측면직각충돌,신호위반,건조,맑음,교차로 - 교차로안,승용,남,53세,상해없음,승용,남,52세,경상
2014031400100016,2014년 3월 14일 00시,금요일,인천광역시 부평구 십정동,경상사고,0,0,2,0,차대차 - 측면직각충돌,안전운전불이행,건조,맑음,교차로 - 교차로안,승용,남,34세,상해없음,승용,남,54세,경상
2014031400100017,2014년 3월 14일 00시,금요일,인천광역시 남동구 간석동,중상사고,0,1,0,0,차대차 - 측면직각충돌,신호위반,건조,맑음,교차로 - 교차로안,자전거,여,44세,중상,승용,남,58세,상해없음
2014031400100048,2014년 3월 14일 02시,금요일,인천광역시 남동구 도림동,경상사고,0,0,1,0,차대차 - 추돌 - 진행중,안전운전불이행,건조,맑음,단일로 - 횡단보도부근,승용,남,32세,상해없음,화물,남,61세,경상
2014031400100068,2014년 3월 14일 05시,금요일,인천광역시 남구 용현동,중상사고,0,1,0,0,차대차 - 측면직각충돌,안전운전불이행,건조,맑음,단일로 - 기타,승용,여,60세,상해없음,자전거,남,68세,중상
2014031400100069,2014년 3월 14일 05시,금요일,인천광역시 계양구 효성동,중상사고,0,1,0,0,차대사람 - 횡단중,안전운전불이행,건조,맑음,단일로 - 기타,승합,남,39세,상해없음,보행자,여,83세,중상
2014031400100158,2014년 3월 14일 08시,금요일,인천광역시 서구 경서동,경상사고,0,0,2,0,차대차 - 측면직각충돌,교차로운행방법위반,건조,맑음,교차로 - 교차로안,승용,여,31세,경상,승용,남,64세,경상
2014031400100159,2014년 3월 14일 08시,금요일,인천광역시 부평구 구산동,중상사고,0,1,0,0,차대차 - 추돌 - 진행중,안전거리미확보,건조,맑음,미분류 - 미분류,승용,남,25세,상해없음,승합,남,59세,중상
2014031400100195,2014년 3월 14일 09시,금요일,인천광역시 남구 학익동,중상사고,0,1,0,0,차대차 - 추돌 - 주정차중,안전운전불이행,건조,맑음,기타 - 기타,승용,남,31세,상해없음,승용,여,36세,중상
2014031400100196,2014년 3월 14일 09시,금요일,인천광역시 서구 경서동,중상사고,0,1,1,0,차대차 - 추돌 - 진행중,안전운전불이행,건조,맑음,교차로 - 교차로안,승합,남,53세,상해없음,승용,여,33세,경상
2014031400100256,2014년 3월 14일 11시,금요일,인천광역시 중구 신흥동2가,중상사고,0,1,0,0,차대사람 - 횡단중,안전운전불이행,건조,맑음,단일로 - 횡단보도부근,화물,남,43세,상해없음,보행자,여,81세,중상
2014031400100281,2014년 3월 14일 12시,금요일,인천광역시 남구 주안동,경상사고,0,0,1,0,차대차 - 기타,안전운전불이행,건조,맑음,교차로 - 교차로부근,승용,여,46세,상해없음,승합,남,51세,경상
2014031400100282,2014년 3월 14일 12시,금요일,인천광역시 부평구 산곡동,경상사고,0,0,1,0,차대사람 - 기타,기타,건조,맑음,단일로 - 기타,승합,여,46세,상해없음,보행자,여,62세,경상
2014031400100385,2014년 3월 14일 15시,금요일,인천광역시 남동구 논현동,부상신고사고,0,0,0,1,차대사람 - 기타,기타,건조,맑음,단일로 - 기타,기타불명,기타불명,기타불명,기타불명,보행자,여,65세,부상신고
2014031400100424,2014년 3월 14일 16시,금요일,인천광역시 부평구 부평동,경상사고,0,0,1,0,차대차 - 기타,안전운전불이행,건조,맑음,교차로 - 교차로안,승용,남,53세,상해없음,이륜,남,16세,경상
2014031400100499,2014년 3월 14일 18시,금요일,인천광역시 남구 용현동,경상사고,0,0,1,1,차대차 - 기타,안전운전불이행,건조,맑음,단일로 - 기타,이륜,남,23세,부상신고,승용,남,28세,상해없음
2014031400100500,2014년 3월 14일 18시,금요일,인천광역시 서구 석남동,경상사고,0,0,1,0,차대사람 - 보도통행중,신호위반,건조,맑음,단일로 - 기타,원동기,남,55세,상해없음,보행자,여,42세,경상
2014031400100501,2014년 3월 14일 18시,금요일,인천광역시 서구 심곡동,경상사고,0,0,1,0,차대차 - 기타,기타,건조,맑음,교차로 - 교차로안,승용,남,45세,상해없음,승용,남,50세,경상
2014031400100551,2014년 3월 14일 19시,금요일,인천광역시 남구 학익동,경상사고,0,0,1,0,차대사람 - 기타,안전운전불이행,건조,맑음,단일로 - 기타,승용,여,51세,상해없음,보행자,남,28세,경상
2014031400100552,2014년 3월 14일 19시,금요일,인천광역시 남구 용현동,경상사고,0,0,1,0,차대차 - 추돌 - 진행중,교차로운행방법위반,건조,맑음,교차로 - 교차로안,승용,남,46세,상해없음,승용,여,34세,경상
2014031400100631,2014년 3월 14일 21시,금요일,인천광역시 남구 도화동,경상사고,0,0,1,0,차대차 - 추돌 - 진행중,안전운전불이행,건조,맑음,교차로 - 교차로부근,화물,남,40세,상해없음,승용,남,27세,경상
2014031400100632,2014년 3월 14일 21시,금요일,인천광역시 남동구 구월동,부상신고사고,0,0,0,1,차대사람 - 횡단중,보행자보호의무위반,건조,맑음,교차로 - 교차로부근,기타불명,기타불명,기타불명,기타불명,보행자,남,31세,부상신고
2014031400100633,2014년 3월 14일 21시,금요일,인천광역시 남동구 만수동,경상사고,0,0,1,0,차대차 - 기타,교차로운행방법위반,건조,맑음,교차로 - 교차로안,승용,여,37세,상해없음,승용,남,30세,경상
2014031400100634,2014년 3월 14일 21시,금요일,인천광역시 계양구 계산동,경상사고,0,0,2,0,차대차 - 추돌 - 주정차중,안전거리미확보,건조,맑음,단일로 - 기타,승용,남,54세,상해없음,승용,남,39세,경상
2014031400100667,2014년 3월 14일 22시,금요일,인천광역시 남동구 구월동,중상사고,0,2,3,0,차대차 - 추돌 - 주정차중,안전운전불이행,건조,맑음,단일로 - 기타,승용,여,40세,상해없음,승용,남,57세,중상
2014031400100668,2014년 3월 14일 22시,금요일,인천광역시 남동구 구월동,경상사고,0,0,1,0,차대차 - 기타,안전운전불이행,건조,맑음,교차로 - 교차로안,승합,여,46세,기타불명,승용,남,55세,상해없음
2014031400100669,2014년 3월 14일 22시,금요일,인천광역시 연수구 동춘동,경상사고,0,0,1,0,차대사람 - 차도통행중,안전운전불이행,건조,맑음,교차로 - 교차로안,승용,남,25세,상해없음,보행자,남,14세,경상
2014031400100711,2014년 3월 14일 23시,금요일,인천광역시 중구 남북동,경상사고,0,0,1,0,차대사람 - 길가장자리구역통행중,안전운전불이행,건조,맑음,단일로 - 기타,승용,남,42세,상해없음,보행자,여,62세,경상
2014031400100712,2014년 3월 14일 23시,금요일,인천광역시 남동구 논현동,경상사고,0,0,1,0,차대사람 - 횡단중,안전운전불이행,건조,맑음,단일로 - 횡단보도상,기타불명,기타불명,기타불명,기타불명,보행자,여,32세,경상
2014031400100713,2014년 3월 14일 23시,금요일,인천광역시 서구 원창동,부상신고사고,0,0,0,1,차대차 - 측면직각충돌,안전운전불이행,건조,맑음,단일로 - 기타,승용,여,52세,상해없음,승합,남,41세,상해없음
2014031500100026,2014년 3월 15일 00시,토요일,인천광역시 계양구 계산동,부상신고사고,0,0,0,1,차대사람 - 횡단중,안전운전불이행,건조,맑음,교차로 - 교차로부근,승용,남,43세,상해없음,보행자,남,52세,부상신고
2014031500100027,2014년 3월 15일 00시,토요일,인천광역시 부평구 부평동,중상사고,0,1,0,0,차대차 - 측면직각충돌,안전운전불이행,건조,맑음,단일로 - 기타,승용,남,25세,상해없음,승용,남,25세,중상
2014031500100054,2014년 3월 15일 01시,토요일,인천광역시 서구 심곡동,경상사고,0,0,1,0,차대사람 - 길가장자리구역통행중,안전운전불이행,건조,맑음,단일로 - 기타,승용,여,49세,상해없음,보행자,남,34세,경상
2014031500100094,2014년 3월 15일 04시,토요일,인천광역시 서구 연희동,중상사고,0,1,2,0,차대차 - 추돌 - 진행중,안전운전불이행,건조,맑음,단일로 - 기타,승용,남,46세,상해없음,승용,여,27세,경상
2014031500100108,2014년 3월 15일 05시,토요일,인천광역시 부평구 일신동,경상사고,0,0,3,0,차대차 - 추돌 - 진행중,안전운전불이행,건조,맑음,단일로 - 기타,승용,남,42세,상해없음,승용,남,51세,상해없음
2014031500100141,2014년 3월 15일 07시,토요일,인천광역시 중구 중앙동1가,경상사고,0,0,1,0,차대차 - 기타,안전운전불이행,건조,맑음,교차로 - 교차로안,승용,남,38세,상해없음,승용,남,45세,경상
2014031500100241,2014년 3월 15일 11시,토요일,인천광역시 서구 오류동,부상신고사고,0,0,0,1,차대차 - 기타,안전운전불이행,건조,맑음,교차로 - 교차로안,화물,남,38세,부상신고,건설기계,남,42세,상해없음
2014031500100242,2014년 3월 15일 11시,토요일,인천광역시 서구 연희동,중상사고,0,1,0,0,차대차 - 측면직각충돌,직진우회전진행방해,건조,맑음,교차로 - 교차로안,승용,남,34세,상해없음,원동기,남,39세,중상
2014031500100313,2014년 3월 15일 13시,토요일,인천광역시 남동구 장수동,경상사고,0,0,3,0,차대차 - 추돌 - 진행중,안전운전불이행,건조,맑음,단일로 - 기타,승용,남,57세,상해없음,승용,남,47세,경상
2014031500100314,2014년 3월 15일 13시,토요일,인천광역시 계양구 귤현동,경상사고,0,0,1,0,차대차 - 측면직각충돌,안전거리미확보,건조,맑음,단일로 - 기타,화물,남,47세,상해없음,승용,여,48세,경상
2014031500100374,2014년 3월 15일 15시,토요일,인천광역시 남구 도화동,경상사고,0,0,1,0,차대차 - 기타,안전운전불이행,건조,맑음,단일로 - 기타,승용,여,43세,상해없음,승용,남,51세,상해없음
2014031500100413,2014년 3월 15일 16시,토요일,인천광역시 중구 운북동,중상사고,0,2,0,0,차대차 - 측면직각충돌,직진우회전진행방해,건조,맑음,교차로 - 교차로안,승용,남,33세,상해없음,승용,남,42세,중상
2014031500100414,2014년 3월 15일 16시,토요일,인천광역시 서구 마전동,경상사고,0,0,1,0,차대차 - 기타,안전거리미확보,건조,맑음,단일로 - 기타,승용,여,48세,상해없음,승합,남,34세,경상
2014031500100450,2014년 3월 15일 17시,토요일,인천광역시 남동구 구월동,경상사고,0,0,1,0,차대차 - 정면충돌,안전운전불이행,건조,맑음,단일로 - 기타,화물,남,58세,상해없음,승용,남,32세,상해없음
2014031500100451,2014년 3월 15일 17시,토요일,인천광역시 계양구 갈현동,중상사고,0,2,0,0,차대차 - 추돌 - 진행중,안전운전불이행,건조,맑음,교차로 - 교차로안,승용,남,51세,상해없음,승용,남,40세,중상
2014031500100486,2014년 3월 15일 18시,토요일,인천광역시 남동구 구월동,경상사고,0,0,1,0,차대사람 - 보도통행중,안전운전불이행,건조,흐림,단일로 - 기타,승용,여,55세,상해없음,보행자,남,67세,경상
2014031500100529,2014년 3월 15일 19시,토요일,인천광역시 남구 용현동,중상사고,0,1,0,0,차대차 - 기타,신호위반,건조,맑음,단일로 - 횡단보도상,승용,남,46세,상해없음,이륜,남,44세,중상
2014031500100567,2014년 3월 15일 20시,토요일,인천광역시 남동구 만수동,중상사고,0,1,0,0,차대사람 - 기타,안전운전불이행,건조,맑음,단일로 - 기타,승합,기타불명,기타불명,기타불명,보행자,여,14세,중상
2014031500100568,2014년 3월 15일 20시,토요일,인천광역시 연수구 옥련동,중상사고,0,1,0,0,차대차 - 추돌 - 진행중,안전운전불이행,건조,맑음,교차로 - 교차로부근,승용,남,46세,상해없음,승용,여,57세,중상
2014031500100569,2014년 3월 15일 20시,토요일,인천광역시 연수구 옥련동,경상사고,0,0,2,0,차대차 - 측면직각충돌,신호위반,건조,맑음,교차로 - 교차로안,승용,남,46세,상해없음,승용,여,39세,경상
2014031500100592,2014년 3월 15일 21시,토요일,인천광역시 부평구 부개동,경상사고,0,0,5,0,차대차 - 추돌 - 주정차중,안전운전불이행,건조,흐림,교차로 - 교차로부근,화물,남,49세,상해없음,승용,남,39세,경상
2014031500100628,2014년 3월 15일 22시,토요일,인천광역시 남구 숭의동,경상사고,0,0,1,0,차대차 - 추돌 - 주정차중,안전운전불이행,건조,맑음,교차로 - 교차로부근,승합,남,67세,상해없음,승용,남,45세,경상
2014031500100629,2014년 3월 15일 22시,토요일,인천광역시 부평구 청천동,경상사고,0,0,1,0,차대사람 - 기타,안전운전불이행,건조,맑음,교차로 - 교차로안,승용,남,62세,상해없음,보행자,남,56세,경상
2014031500100630,2014년 3월 15일 22시,토요일,인천광역시 남동구 논현동,경상사고,0,0,4,0,차대차 - 측면직각충돌,안전운전불이행,건조,맑음,교차로 - 교차로부근,승용,남,26세,상해없음,승용,남,25세,기타불명
2014031500100660,2014년 3월 15일 23시,토요일,인천광역시 남구 도화동,경상사고,0,0,1,0,차대사람 - 횡단중,보행자보호의무위반,건조,흐림,단일로 - 횡단보도상,이륜,남,33세,상해없음,보행자,남,48세,경상
2014031500100661,2014년 3월 15일 23시,토요일,인천광역시 남동구 간석동,경상사고,0,0,1,0,차대차 - 측면직각충돌,안전운전불이행,건조,맑음,교차로 - 교차로부근,승용,남,42세,상해없음,승용,남,66세,경상
2014031500100662,2014년 3월 15일 23시,토요일,인천광역시 서구 경서동,경상사고,0,0,3,0,차대차 - 측면직각충돌,신호위반,건조,맑음,교차로 - 교차로안,화물,남,58세,상해없음,승용,남,32세,경상
2014031500100663,2014년 3월 15일 23시,토요일,인천광역시 서구 검암동,경상사고,0,0,1,0,차대차 - 측면직각충돌,차로위반,건조,맑음,단일로 - 기타,승용,여,35세,상해없음,승용,남,47세,상해없음
2014031600100017,2014년 3월 16일 00시,일요일,인천광역시 서구 연희동,중상사고,0,1,5,0,차대차 - 기타,신호위반,건조,맑음,교차로 - 교차로안,승용,남,51세,상해없음,승용,남,52세,중상
2014031600100042,2014년 3월 16일 01시,일요일,인천광역시 계양구 효성동,중상사고,0,2,3,1,차대차 - 측면직각충돌,신호위반,건조,맑음,교차로 - 교차로안,승합,남,56세,부상신고,승용,남,59세,중상
2014031600100081,2014년 3월 16일 03시,일요일,인천광역시 남구 용현동,경상사고,0,0,1,0,차대사람 - 횡단중,신호위반,건조,맑음,단일로 - 횡단보도상,기타불명,기타불명,기타불명,기타불명,보행자,남,30세,경상
2014031600100082,2014년 3월 16일 03시,일요일,인천광역시 남동구 구월동,부상신고사고,0,0,0,1,차대차 - 추돌 - 주정차중,안전운전불이행,건조,맑음,단일로 - 기타,승용,남,21세,상해없음,승용,남,72세,상해없음
2014031600100094,2014년 3월 16일 04시,일요일,인천광역시 남구 주안동,경상사고,0,0,4,0,차대차 - 기타,안전운전불이행,건조,맑음,단일로 - 기타,승용,남,61세,기타불명,승용,남,49세,경상
2014031600100106,2014년 3월 16일 05시,일요일,인천광역시 서구 공촌동,경상사고,0,0,1,0,차대차 - 측면직각충돌,신호위반,건조,맑음,교차로 - 교차로안,승용,남,58세,상해없음,승용,남,71세,경상
2014031600100107,2014년 3월 16일 05시,일요일,인천광역시 계양구 귤현동,중상사고,0,1,1,0,차량단독 - 공작물충돌,안전운전불이행,건조,맑음,단일로 - 기타,승용,남,35세,상해없음,,,,
2014031600100120,2014년 3월 16일 06시,일요일,인천광역시 서구 석남동,경상사고,0,0,1,0,차대사람 - 기타,안전운전불이행,건조,맑음,단일로 - 기타,승용,남,56세,상해없음,보행자,남,18세,경상
2014031600100121,2014년 3월 16일 06시,일요일,인천광역시 계양구 작전동,중상사고,0,1,0,0,차대사람 - 횡단중,보행자보호의무위반,건조,맑음,교차로 - 교차로부근,승합,남,60세,상해없음,보행자,여,59세,중상
2014031600100134,2014년 3월 16일 07시,일요일,인천광역시 계양구 박촌동,중상사고,0,1,0,0,차대차 - 측면직각충돌,교차로운행방법위반,건조,맑음,교차로 - 교차로안,승용,여,53세,상해없음,자전거,남,52세,중상
2014031600100135,2014년 3월 16일 07시,일요일,인천광역시 연수구 선학동,중상사고,0,1,1,0,차대차 - 추돌 - 진행중,안전운전불이행,건조,맑음,교차로 - 교차로부근,승용,남,71세,상해없음,자전거,남,85세,경상
2014031600100175,2014년 3월 16일 10시,일요일,인천광역시 부평구 일신동,중상사고,0,1,0,0,차대사람 - 차도통행중,안전운전불이행,건조,맑음,교차로 - 교차로안,승용,남,45세,상해없음,보행자,여,81세,중상
2014031600100193,2014년 3월 16일 11시,일요일,인천광역시 남구 학익동,사망사고,1,4,0,0,차량단독 - 기타,안전운전불이행,건조,맑음,미분류 - 미분류,화물,남,52세,중상,,,,
2014031600100216,2014년 3월 16일 12시,일요일,인천광역시 부평구 십정동,경상사고,0,0,1,0,차대사람 - 차도통행중,안전운전불이행,건조,맑음,단일로 - 기타,승용,여,55세,상해없음,보행자,남,54세,경상
2014031600100276,2014년 3월 16일 14시,일요일,인천광역시 남구 주안동,경상사고,0,0,1,0,차대사람 - 횡단중,보행자보호의무위반,건조,맑음,단일로 - 기타,승용,남,33세,기타불명,보행자,여,9세,경상
2014031600100277,2014년 3월 16일 14시,일요일,인천광역시 서구 왕길동,경상사고,0,0,1,0,차대사람 - 횡단중,안전운전불이행,건조,맑음,단일로 - 기타,승합,남,62세,상해없음,보행자,남,76세,경상
2014031600100310,2014년 3월 16일 15시,일요일,인천광역시 동구 송림동,경상사고,0,0,1,0,차대차 - 추돌 - 주정차중,안전운전불이행,건조,맑음,단일로 - 기타,승용,남,30세,상해없음,승용,남,33세,상해없음
2014031600100345,2014년 3월 16일 16시,일요일,인천광역시 남동구 만수동,경상사고,0,0,2,0,차대차 - 추돌 - 주정차중,안전운전불이행,건조,맑음,단일로 - 기타,승용,남,34세,상해없음,승용,여,37세,상해없음
2014031600100374,2014년 3월 16일 17시,일요일,인천광역시 서구 당하동,경상사고,0,0,2,0,차대차 - 기타,신호위반,건조,맑음,교차로 - 교차로안,승용,남,25세,상해없음,승용,남,44세,경상
2014031600100397,2014년 3월 16일 18시,일요일,인천광역시 동구 송림동,중상사고,0,1,0,0,차대사람 - 차도통행중,안전운전불이행,건조,맑음,교차로 - 교차로부근,화물,남,32세,상해없음,보행자,남,69세,중상
2014031600100398,2014년 3월 16일 18시,일요일,인천광역시 부평구 부평동,경상사고,0,0,1,0,차대차 - 추돌 - 주정차중,안전운전불이행,건조,맑음,교차로 - 교차로부근,승용,남,59세,상해없음,승용,여,32세,경상
2014031600100482,2014년 3월 16일 21시,일요일,인천광역시 남구 관교동,경상사고,0,0,1,0,차대차 - 추돌 - 주정차중,안전거리미확보,건조,맑음,교차로 - 교차로부근,승용,남,69세,상해없음,원동기,남,31세,경상
2014031600100483,2014년 3월 16일 21시,일요일,인천광역시 남구 도화동,경상사고,0,0,1,0,차대차 - 기타,안전운전불이행,건조,맑음,단일로 - 기타,승용,남,63세,상해없음,승용,남,30세,경상
2014031600100484,2014년 3월 16일 21시,일요일,인천광역시 부평구 부평동,경상사고,0,0,1,0,차대사람 - 횡단중,보행자보호의무위반,건조,맑음,단일로 - 횡단보도상,화물,남,36세,상해없음,보행자,남,40세,경상
2014031600100485,2014년 3월 16일 21시,일요일,인천광역시 남동구 간석동,경상사고,0,0,1,0,차대사람 - 기타,안전운전불이행,건조,맑음,단일로 - 기타,승용,남,47세,상해없음,보행자,여,79세,경상
2014031600100486,2014년 3월 16일 21시,일요일,인천광역시 서구 백석동,경상사고,0,0,2,0,차대차 - 추돌 - 주정차중,안전운전불이행,건조,흐림,단일로 - 기타,승용,남,35세,상해없음,승용,남,39세,경상
2014031600100520,2014년 3월 16일 23시,일요일,인천광역시 남동구 구월동,중상사고,0,1,1,0,차대차 - 기타,안전거리미확보,건조,맑음,단일로 - 기타,이륜,남,46세,중상,승용,남,51세,경상
2014031600100521,2014년 3월 16일 23시,일요일,인천광역시 계양구 계산동,경상사고,0,0,1,1,차대차 - 측면직각충돌,안전운전불이행,건조,맑음,교차로 - 교차로안,승용,남,48세,상해없음,승용,남,40세,경상
2014031700100013,2014년 3월 17일 00시,월요일,인천광역시 남동구 구월동,경상사고,0,0,1,0,차대차 - 기타,교차로운행방법위반,건조,맑음,교차로 - 교차로부근,승용,남,59세,상해없음,승용,여,28세,상해없음
2014031700100039,2014년 3월 17일 04시,월요일,인천광역시 부평구 부개동,중상사고,0,3,0,0,차대차 - 측면직각충돌,차로위반,건조,맑음,단일로 - 기타,승용,남,51세,상해없음,승합,남,42세,중상
2014031700100043,2014년 3월 17일 05시,월요일,인천광역시 연수구 동춘동,중상사고,0,1,1,0,차대차 - 측면직각충돌,신호위반,건조,맑음,교차로 - 교차로안,승용,남,62세,상해없음,승용,남,53세,경상
2014031700100063,2014년 3월 17일 06시,월요일,인천광역시 남동구 간석동,경상사고,0,0,1,0,차대차 - 측면직각충돌,중앙선침범,건조,맑음,단일로 - 기타,승용,남,66세,상해없음,이륜,남,33세,경상