사고번호,사고일시,요일,시군구,사고내용,사망자수,중상자수,경상자수,부상신고자수,사고유형,법규위반,노면상태,기상상태,도로형태,가해운전자 차종,가해운전자 성별,가해운전자 연령,가해운전자 상해정도,피해운전자 차종,피해운전자 성별,피해운전자 연령,피해운전자 상해정도
2014032200100288,2014년 3월 22일 12시,토요일,인천광역시 남구 주안동,경상사고,0,0,1,0,차대차 - 측면직각충돌,안전운전불이행,건조,맑음,단일로 - 기타,승합,남,56세,상해없음,승용,남,46세,경상
2014032200100289,2014년 3월 22일 12시,토요일,인천광역시 서구 당하동,경상사고,0,0,1,0,차대차 - 추돌 - 주정차중,안전운전불이행,건조,흐림,단일로 - 기타,승용,남,72세,상해없음,승용,남,42세,경상
2014032200100312,2014년 3월 22일 13시,토요일,인천광역시 연수구 동춘동,중상사고,0,1,3,0,차대차 - 정면충돌,중앙선침범,건조,맑음,미분류 - 미분류,승용,남,44세,상해없음,승용,남,37세,경상
2014032200100448,2014년 3월 22일 17시,토요일,인천광역시 중구 운남동,경상사고,0,0,2,0,차대차 - 기타,안전거리미확보,건조,맑음,교차로 - 교차로부근,승용,남,65세,상해없음,승용,여,42세,경상
2014032200100449,2014년 3월 22일 17시,토요일,인천광역시 계양구 효성동,경상사고,0,0,4,0,차대차 - 추돌 - 진행중,차로위반,건조,맑음,단일로 - 기타,승용,남,64세,상해없음,승용,남,30세,경상
2014032200100479,2014년 3월 22일 18시,토요일,인천광역시 강화군 길상면,중상사고,0,1,0,0,차대사람 - 보도통행중,보행자보호의무위반,건조,맑음,단일로 - 기타,승용,남,57세,상해없음,보행자,남,77세,중상
2014032200100554,2014년 3월 22일 20시,토요일,인천광역시 남동구 간석동,중상사고,0,1,0,0,차대사람 - 기타,안전운전불이행,건조,맑음,단일로 - 기타,승합,남,51세,상해없음,보행자,남,68세,중상
2014032200100555,2014년 3월 22일 20시,토요일,인천광역시 연수구 선학동,중상사고,0,1,0,0,차대차 - 추돌 - 주정차중,안전운전불이행,건조,맑음,단일로 - 기타,승용,남,41세,상해없음,승용,남,32세,중상
2014032200100611,2014년 3월 22일 22시,토요일,인천광역시 남구 용현동,중상사고,0,2,0,1,차대차 - 정면충돌,중앙선침범,건조,맑음,단일로 - 기타,승용,남,67세,부상신고,승용,남,59세,중상
2014032200100612,2014년 3월 22일 22시,토요일,인천광역시 부평구 부평동,경상사고,0,0,7,0,차대차 - 측면직각충돌,차로위반,건조,맑음,단일로 - 기타,승용,여,39세,상해없음,승용,남,59세,상해없음
2014032200100613,2014년 3월 22일 22시,토요일,인천광역시 서구 신현동,경상사고,0,0,1,0,차대차 - 추돌 - 진행중,안전운전불이행,건조,맑음,단일로 - 기타,승용,남,56세,상해없음,승용,남,57세,경상
2014032200100614,2014년 3월 22일 22시,토요일,인천광역시 연수구 동춘동,중상사고,0,1,0,0,차대사람 - 횡단중,안전운전불이행,건조,맑음,단일로 - 기타,승용,여,54세,상해없음,보행자,남,51세,중상
2014032200100642,2014년 3월 22일 23시,토요일,인천광역시 남동구 논현동,중상사고,0,1,1,0,차대사람 - 기타,안전운전불이행,건조,맑음,단일로 - 기타,승용,여,27세,상해없음,보행자,남,31세,중상
2014032200100643,2014년 3월 22일 23시,토요일,인천광역시 계양구 효성동,경상사고,0,0,1,0,차대차 - 측면직각충돌,신호위반,건조,맑음,교차로 - 교차로안,화물,남,43세,상해없음,승용,남,57세,경상
2014032300100049,2014년 3월 23일 01시,일요일,인천광역시 남동구 구월동,경상사고,0,0,1,0,차대차 - 측면직각충돌,차로위반,건조,맑음,단일로 - 기타,승용,남,59세,상해없음,승용,남,52세,경상
2014032300100062,2014년 3월 23일 02시,일요일,인천광역시 부평구 산곡동,중상사고,0,2,0,0,차대차 - 기타,안전운전불이행,건조,맑음,단일로 - 횡단보도부근,승용,남,59세,상해없음,승용,남,31세,중상
2014032300100073,2014년 3월 23일 03시,일요일,인천광역시 동구 송림동,경상사고,0,0,2,0,차대차 - 측면직각충돌,신호위반,건조,맑음,교차로 - 교차로안,승용,남,43세,상해없음,승용,남,37세,경상
2014032300100114,2014년 3월 23일 06시,일요일,인천광역시 계양구 계산동,경상사고,0,0,1,0,차대차 - 측면직각충돌,안전운전불이행,건조,맑음,교차로 - 교차로안,승합,여,41세,상해없음,승용,여,46세,경상
2014032300100129,2014년 3월 23일 07시,일요일,인천광역시 부평구 청천동,경상사고,0,0,1,0,차대차 - 기타,안전운전불이행,건조,맑음,단일로 - 기타,승용,남,24세,상해없음,원동기,남,36세,경상
2014032300100229,2014년 3월 23일 12시,일요일,인천광역시 남구 숭의동,경상사고,0,0,1,0,차대차 - 측면직각충돌,신호위반,건조,맑음,교차로 - 교차로부근,승용,남,40세,상해없음,승용,남,41세,경상
2014032300100230,2014년 3월 23일 12시,일요일,인천광역시 남동구 논현동,경상사고,0,0,4,0,차대차 - 측면직각충돌,신호위반,건조,맑음,교차로 - 교차로안,승용,여,30세,상해없음,승용,남,62세,경상
2014032300100254,2014년 3월 23일 13시,일요일,인천광역시 남구 용현동,중상사고,0,2,1,0,차대차 - 측면직각충돌,안전거리미확보,건조,맑음,단일로 - 기타,화물,남,58세,상해없음,승용,남,34세,경상
2014032300100255,2014년 3월 23일 13시,일요일,인천광역시 남동구 만수동,경상사고,0,0,1,0,차대사람 - 횡단중,안전운전불이행,건조,맑음,교차로 - 교차로부근,이륜,남,16세,상해없음,보행자,남,49세,경상
2014032300100257,2014년 3월 23일 13시,일요일,인천광역시 계양구 임학동,경상사고,0,0,1,0,차대차 - 측면직각충돌,교차로운행방법위반,건조,맑음,교차로 - 교차로안,화물,남,51세,상해없음,이륜,남,43세,경상
2014032300100258,2014년 3월 23일 13시,일요일,인천광역시 연수구 연수동,경상사고,0,0,4,0,차대차 - 측면직각충돌,교차로운행방법위반,건조,맑음,교차로 - 교차로안,승용,남,36세,상해없음,승용,남,60세,경상
2014032300100259,2014년 3월 23일 13시,일요일,인천광역시 부평구 부개동,경상사고,0,0,1,0,차대차 - 측면직각충돌,안전운전불이행,건조,맑음,단일로 - 기타,기타불명,기타불명,기타불명,기타불명,자전거,남,17세,경상
2014032300100287,2014년 3월 23일 14시,일요일,인천광역시 중구 북성동2가,경상사고,0,0,1,0,차대사람 - 기타,안전운전불이행,건조,맑음,단일로 - 기타,승용,남,36세,상해없음,보행자,남,48세,경상
2014032300100288,2014년 3월 23일 14시,일요일,인천광역시 부평구 부평동,중상사고,0,1,3,0,차대차 - 기타,신호위반,건조,맑음,교차로 - 교차로안,승용,남,35세,상해없음,승용,남,49세,경상
2014032300100321,2014년 3월 23일 15시,일요일,인천광역시 중구 북성동2가,경상사고,0,0,1,1,차대사람 - 길가장자리구역통행중,안전운전불이행,건조,맑음,단일로 - 기타,승용,남,64세,상해없음,보행자,남,39세,경상
2014032300100322,2014년 3월 23일 15시,일요일,인천광역시 부평구 일신동,중상사고,0,1,0,0,차대사람 - 기타,안전운전불이행,건조,맑음,교차로 - 교차로안,승용,여,34세,상해없음,보행자,남,37세,중상
2014032300100346,2014년 3월 23일 16시,일요일,인천광역시 부평구 산곡동,경상사고,0,0,2,0,차대차 - 측면직각충돌,안전운전불이행,건조,맑음,교차로 - 교차로안,승용,남,34세,상해없음,승용,남,29세,상해없음
2014032300100347,2014년 3월 23일 16시,일요일,인천광역시 서구 석남동,중상사고,0,1,0,0,차대차 - 추돌 - 진행중,안전운전불이행,건조,맑음,단일로 - 기타,승용,여,56세,상해없음,자전거,남,67세,중상
2014032300100382,2014년 3월 23일 17시,일요일,인천광역시 중구 항동7가,경상사고,0,0,7,0,차대차 - 기타,교차로운행방법위반,건조,맑음,교차로 - 교차로안,승용,남,55세,상해없음,승용,남,37세,경상
2014032300100444,2014년 3월 23일 19시,일요일,인천광역시 남구 주안동,경상사고,0,0,1,0,차대차 - 기타,안전운전불이행,건조,흐림,기타 - 기타,승합,남,33세,기타불명,승용,남,57세,경상
2014032300100445,2014년 3월 23일 19시,일요일,인천광역시 부평구 부평동,중상사고,0,1,3,0,차대차 - 측면직각충돌,중앙선침범,건조,맑음,단일로 - 기타,승용,남,32세,상해없음,승용,남,51세,중상
2014032300100446,2014년 3월 23일 19시,일요일,인천광역시 연수구 송도동,중상사고,0,3,2,0,차대차 - 기타,중앙선침범,건조,맑음,교차로 - 교차로부근,승용,남,23세,상해없음,승용,남,43세,중상
2014032300100447,2014년 3월 23일 19시,일요일,인천광역시 연수구 연수동,경상사고,0,0,1,0,차대사람 - 기타,안전운전불이행,건조,맑음,단일로 - 기타,기타불명,기타불명,기타불명,기타불명,보행자,남,14세,경상
2014032300100478,2014년 3월 23일 20시,일요일,인천광역시 동구 화평동,중상사고,0,1,0,0,차대사람 - 횡단중,신호위반,건조,맑음,교차로 - 교차로부근,승용,남,27세,상해없음,보행자,여,75세,중상
2014032300100479,2014년 3월 23일 20시,일요일,인천광역시 부평구 부평동,중상사고,0,1,0,0,차대차 - 측면직각충돌,안전운전불이행,건조,맑음,교차로 - 교차로안,승용,남,27세,상해없음,이륜,남,24세,중상
2014032300100504,2014년 3월 23일 21시,일요일,인천광역시 계양구 작전동,부상신고사고,0,0,0,1,차대사람 - 횡단중,보행자보호의무위반,건조,맑음,교차로 - 교차로안,승용,남,56세,상해없음,보행자,여,45세,부상신고
2014032300100542,2014년 3월 23일 23시,일요일,인천광역시 서구 가좌동,경상사고,0,0,2,0,차대차 - 기타,안전거리미확보,건조,맑음,단일로 - 기타,이륜,남,16세,상해없음,승용,남,54세,상해없음
2014032400100011,2014년 3월 24일 00시,월요일,인천광역시 중구 덕교동,사망사고,1,0,0,0,차대사람 - 길가장자리구역통행중,안전운전불이행,습기,흐림,단일로 - 기타,화물,남,55세,상해없음,보행자,여,66세,사망
2014032400100012,2014년 3월 24일 00시,월요일,인천광역시 남동구 논현동,중상사고,0,1,1,0,차대차 - 측면직각충돌,안전운전불이행,건조,맑음,단일로 - 기타,승용,여,45세,상해없음,승용,남,68세,중상
2014032400100043,2014년 3월 24일 03시,월요일,인천광역시 부평구 부평동,중상사고,0,1,0,0,차대사람 - 차도통행중,안전운전불이행,건조,맑음,단일로 - 기타,승용,남,44세,상해없음,보행자,남,20세,중상
2014032400100044,2014년 3월 24일 03시,월요일,인천광역시 남동구 논현동,경상사고,0,0,1,0,차량단독 - 공작물충돌,안전운전불이행,건조,맑음,교차로 - 교차로안,승용,남,19세,경상,,,,
2014032400100140,2014년 3월 24일 08시,월요일,인천광역시 부평구 십정동,경상사고,0,0,1,0,차대차 - 측면직각충돌,차로위반,건조,맑음,단일로 - 기타,화물,남,26세,상해없음,승용,남,31세,경상
2014032400100141,2014년 3월 24일 08시,월요일,인천광역시 서구 시천동,중상사고,0,1,0,0,차대차 - 기타,안전운전불이행,건조,맑음,단일로 - 기타,기타불명,기타불명,기타불명,기타불명,자전거,남,58세,중상
2014032400100142,2014년 3월 24일 08시,월요일,인천광역시 계양구 작전동,중상사고,0,1,0,0,차대차 - 측면직각충돌,안전운전불이행,건조,맑음,단일로 - 기타,승용,여,45세,상해없음,자전거,남,25세,중상
2014032400100177,2014년 3월 24일 09시,월요일,인천광역시 연수구 청학동,중상사고,0,1,2,0,차대차 - 기타,안전운전불이행,건조,맑음,교차로 - 교차로안,승용,남,47세,상해없음,승용,여,52세,중상
2014032400100207,2014년 3월 24일 10시,월요일,인천광역시 서구 가좌동,경상사고,0,0,3,0,차대차 - 추돌 - 진행중,안전운전불이행,건조,맑음,단일로 - 기타,승용,남,18세,상해없음,승용,남,40세,경상
2014032400100208,2014년 3월 24일 10시,월요일,인천광역시 계양구 작전동,경상사고,0,0,1,0,차대차 - 추돌 - 주정차중,안전운전불이행,건조,맑음,교차로 - 교차로부근,승용,남,50세,상해없음,승용,남,21세,경상
2014032400100239,2014년 3월 24일 11시,월요일,인천광역시 남동구 수산동,경상사고,0,0,4,0,차대차 - 측면직각충돌,안전거리미확보,건조,맑음,단일로 - 기타,승용,여,50세,상해없음,승용,남,54세,경상
2014032400100282,2014년 3월 24일 13시,월요일,인천광역시 서구 가좌동,경상사고,0,0,1,0,차대차 - 측면직각충돌,안전운전불이행,건조,맑음,교차로 - 교차로부근,승용,남,40세,상해없음,원동기,남,49세,경상
2014032400100310,2014년 3월 24일 14시,월요일,인천광역시 남구 도화동,중상사고,0,1,0,0,차대사람 - 보도통행중,기타,건조,맑음,단일로 - 기타,원동기,남,76세,상해없음,보행자,여,32세,중상
2014032400100345,2014년 3월 24일 15시,월요일,인천광역시 부평구 삼산동,중상사고,0,1,0,0,차대차 - 추돌 - 진행중,안전운전불이행,건조,맑음,기타 - 기타,승용,여,40세,상해없음,승용,여,54세,중상
2014032400100380,2014년 3월 24일 16시,월요일,인천광역시 남구 도화동,중상사고,0,2,0,0,차대차 - 추돌 - 주정차중,안전운전불이행,건조,맑음,단일로 - 기타,건설기계,남,49세,상해없음,승용,여,49세,중상
2014032400100381,2014년 3월 24일 16시,월요일,인천광역시 남동구 장수동,중상사고,0,1,0,0,차대차 - 추돌 - 진행중,안전거리미확보,건조,맑음,교차로 - 교차로부근,승합,남,67세,상해없음,화물,남,34세,중상
2014032400100491,2014년 3월 24일 19시,월요일,인천광역시 부평구 산곡동,경상사고,0,0,1,0,차대차 - 기타,안전운전불이행,건조,맑음,교차로 - 교차로부근,원동기,남,17세,상해없음,승용,남,46세,상해없음
2014032400100492,2014년 3월 24일 19시,월요일,인천광역시 계양구 임학동,경상사고,0,0,4,0,차대차 - 측면직각충돌,안전운전불이행,건조,맑음,교차로 - 교차로부근,승용,여,46세,상해없음,승용,남,21세,경상
2014032400100517,2014년 3월 24일 20시,월요일,인천광역시 남동구 만수동,중상사고,0,1,0,0,차대사람 - 횡단중,보행자보호의무위반,건조,맑음,교차로 - 교차로안,승용,남,35세,상해없음,보행자,여,57세,중상
2014032400100518,2014년 3월 24일 20시,월요일,인천광역시 남동구 만수동,부상신고사고,0,0,0,1,차대차 - 기타,안전거리미확보,건조,맑음,단일로 - 기타,이륜,남,28세,부상신고,승용,여,46세,상해없음
2014032400100548,2014년 3월 24일 21시,월요일,인천광역시 동구 송림동,중상사고,0,1,0,0,차대차 - 정면충돌,중앙선침범,건조,맑음,교차로 - 교차로부근,승용,여,36세,상해없음,이륜,남,16세,중상
2014032400100549,2014년 3월 24일 21시,월요일,인천광역시 서구 경서동,경상사고,0,0,1,0,차대차 - 기타,안전운전불이행,건조,맑음,교차로 - 교차로안,승용,남,24세,상해없음,승용,남,51세,경상
2014032400100589,2014년 3월 24일 23시,월요일,인천광역시 연수구 선학동,경상사고,0,0,1,0,차대사람 - 기타,안전운전불이행,건조,맑음,단일로 - 기타,승용,남,37세,상해없음,보행자,남,40세,경상
2014032500100061,2014년 3월 25일 05시,화요일,인천광역시 계양구 갈현동,중상사고,0,1,0,0,차대사람 - 횡단중,보행자보호의무위반,건조,맑음,교차로 - 교차로안,승용,남,54세,상해없음,보행자,남,71세,중상
2014032500100079,2014년 3월 25일 06시,화요일,인천광역시 계양구 서운동,경상사고,0,0,2,0,차대차 - 측면직각충돌,신호위반,건조,맑음,교차로 - 교차로안,승용,남,42세,상해없음,승용,남,47세,상해없음
2014032500100198,2014년 3월 25일 11시,화요일,인천광역시 중구 신흥동2가,경상사고,0,0,1,0,차대차 - 측면직각충돌,안전거리미확보,건조,맑음,교차로 - 교차로안,건설기계,남,49세,상해없음,화물,남,39세,경상
2014032500100245,2014년 3월 25일 13시,화요일,인천광역시 남동구 간석동,경상사고,0,0,2,0,차대차 - 기타,교차로운행방법위반,건조,맑음,교차로 - 교차로안,승용,여,58세,경상,승용,남,47세,경상
2014032500100246,2014년 3월 25일 13시,화요일,인천광역시 연수구 선학동,경상사고,0,0,1,0,차대차 - 기타,안전거리미확보,건조,맑음,단일로 - 기타,승용,남,18세,상해없음,승용,여,45세,경상
2014032500100273,2014년 3월 25일 14시,화요일,인천광역시 남구 주안동,경상사고,0,0,1,0,차대차 - 측면직각충돌,안전운전불이행,건조,맑음,단일로 - 기타,승용,남,46세,기타불명,승용,여,63세,경상
2014032500100274,2014년 3월 25일 14시,화요일,인천광역시 계양구 상야동,중상사고,0,1,0,0,차대차 - 추돌 - 주정차중,안전거리미확보,건조,맑음,교차로 - 교차로안,화물,남,58세,상해없음,승용,남,43세,중상
2014032500100301,2014년 3월 25일 15시,화요일,인천광역시 계양구 계산동,중상사고,0,1,0,0,차대차 - 측면직각충돌,안전운전불이행,건조,맑음,교차로 - 교차로안,화물,남,45세,상해없음,승용,남,48세,중상
2014032500100404,2014년 3월 25일 18시,화요일,인천광역시 서구 가좌동,경상사고,0,0,1,0,차대차 - 측면직각충돌,안전운전불이행,건조,맑음,교차로 - 교차로안,승용,여,22세,상해없음,승용,여,60세,경상
2014032500100405,2014년 3월 25일 18시,화요일,인천광역시 계양구 작전동,경상사고,0,0,1,0,차대사람 - 횡단중,보행자보호의무위반,건조,맑음,교차로 - 교차로부근,승용,여,47세,상해없음,보행자,남,13세,경상
2014032500100459,2014년 3월 25일 19시,화요일,인천광역시 남동구 논현동,부상신고사고,0,0,0,1,차대차 - 측면직각충돌,교차로운행방법위반,건조,맑음,교차로 - 교차로안,자전거,남,28세,부상신고,승용,남,35세,상해없음
2014032500100509,2014년 3월 25일 20시,화요일,인천광역시 부평구 삼산동,경상사고,0,0,2,0,차대차 - 측면직각충돌,차로위반,건조,맑음,단일로 - 기타,승용,남,35세,상해없음,승용,여,26세,경상
2014032500100544,2014년 3월 25일 21시,화요일,인천광역시 중구 운북동,경상사고,0,0,8,0,차대차 - 측면직각충돌,안전운전불이행,건조,맑음,교차로 - 교차로부근,승용,남,55세,상해없음,승용,여,35세,경상
2014032500100545,2014년 3월 25일 21시,화요일,인천광역시 서구 가좌동,중상사고,0,1,0,0,차대사람 - 기타,안전운전불이행,건조,맑음,단일로 - 기타,승용,남,30세,상해없음,보행자,남,42세,중상
2014032500100546,2014년 3월 25일 21시,화요일,인천광역시 계양구 작전동,경상사고,0,0,2,0,차대차 - 측면직각충돌,안전거리미확보,건조,맑음,단일로 - 기타,승합,남,50세,상해없음,승용,남,28세,경상
2014032600100027,2014년 3월 26일 00시,수요일,인천광역시 남동구 논현동,중상사고,0,1,0,0,차대차 - 정면충돌,중앙선침범,습기,흐림,단일로 - 기타,승용,남,32세,상해없음,승용,남,23세,중상
2014032600100028,2014년 3월 26일 00시,수요일,인천광역시 남동구 간석동,중상사고,0,1,1,0,차대차 - 측면직각충돌,직진우회전진행방해,습기,비,교차로 - 교차로안,원동기,남,32세,중상,승용,여,25세,경상
2014032600100055,2014년 3월 26일 01시,수요일,인천광역시 서구 검암동,경상사고,0,0,1,0,차대차 - 측면직각충돌,교차로운행방법위반,건조,맑음,교차로 - 교차로안,승용,남,66세,상해없음,승용,남,53세,경상
2014032600100056,2014년 3월 26일 01시,수요일,인천광역시 서구 왕길동,중상사고,0,1,0,0,차대사람 - 기타,안전운전불이행,습기,비,기타 - 기타,승용,여,45세,상해없음,보행자,남,51세,중상
2014032600100057,2014년 3월 26일 01시,수요일,인천광역시 계양구 귤현동,경상사고,0,0,3,0,차대차 - 측면직각충돌,안전운전불이행,습기,비,단일로 - 기타,승용,여,32세,상해없음,승용,남,40세,경상
2014032600100079,2014년 3월 26일 03시,수요일,인천광역시 계양구 병방동,중상사고,0,1,0,0,차대차 - 정면충돌,안전운전불이행,습기,비,단일로 - 기타,승용,남,51세,상해없음,이륜,남,69세,중상
2014032600100089,2014년 3월 26일 04시,수요일,인천광역시 부평구 부평동,중상사고,0,1,0,0,차대사람 - 차도통행중,안전운전불이행,건조,맑음,단일로 - 횡단보도상,승용,남,42세,상해없음,보행자,남,64세,중상
2014032600100116,2014년 3월 26일 06시,수요일,인천광역시 서구 가좌동,경상사고,0,0,2,0,차대차 - 추돌 - 주정차중,안전운전불이행,건조,맑음,단일로 - 기타,승용,남,26세,상해없음,승용,남,58세,경상
2014032600100117,2014년 3월 26일 06시,수요일,인천광역시 계양구 동양동,중상사고,0,1,0,0,차대차 - 정면충돌,중앙선침범,건조,맑음,단일로 - 기타,승용,남,33세,상해없음,승용,남,53세,중상
2014032600100151,2014년 3월 26일 07시,수요일,인천광역시 계양구 효성동,중상사고,0,1,2,0,차대차 - 측면직각충돌,신호위반,건조,맑음,교차로 - 교차로안,승용,남,59세,중상,승용,남,45세,경상
2014032600100189,2014년 3월 26일 08시,수요일,인천광역시 부평구 부평동,중상사고,0,1,0,0,차대사람 - 차도통행중,안전운전불이행,건조,맑음,단일로 - 기타,화물,남,52세,상해없음,보행자,남,31세,중상
2014032600100245,2014년 3월 26일 10시,수요일,인천광역시 부평구 일신동,경상사고,0,0,3,0,차대차 - 추돌 - 주정차중,안전운전불이행,건조,맑음,단일로 - 기타,승용,남,26세,경상,승용,남,28세,경상
2014032600100374,2014년 3월 26일 15시,수요일,인천광역시 중구 유동,경상사고,0,0,1,0,차대차 - 기타,안전운전불이행,건조,맑음,교차로 - 교차로부근,승용,기타불명,기타불명,기타불명,승용,남,47세,경상
2014032600100375,2014년 3월 26일 15시,수요일,인천광역시 남구 학익동,경상사고,0,0,1,0,차대차 - 측면직각충돌,중앙선침범,건조,맑음,단일로 - 기타,화물,남,44세,상해없음,승용,남,64세,경상
2014032600100398,2014년 3월 26일 16시,수요일,인천광역시 남구 용현동,경상사고,0,0,3,0,차대차 - 추돌 - 주정차중,안전운전불이행,건조,맑음,기타 - 기타,이륜,남,24세,경상,승용,남,58세,경상
2014032600100399,2014년 3월 26일 16시,수요일,인천광역시 남구 주안동,경상사고,0,0,1,0,차대차 - 기타,안전운전불이행,건조,맑음,교차로 - 교차로안,승용,남,29세,상해없음,이륜,남,32세,경상
2014032600100400,2014년 3월 26일 16시,수요일,인천광역시 부평구 십정동,경상사고,0,0,1,0,차대사람 - 길가장자리구역통행중,기타,건조,맑음,단일로 - 기타,화물,남,35세,상해없음,보행자,남,44세,경상
2014032600100443,2014년 3월 26일 17시,수요일,인천광역시 남동구 남촌동,중상사고,0,1,0,0,차대차 - 측면직각충돌,교차로운행방법위반,건조,맑음,교차로 - 교차로부근,승합,남,46세,상해없음,승합,남,32세,중상
2014032600100444,2014년 3월 26일 17시,수요일,인천광역시 서구 신현동,경상사고,0,0,1,0,차량단독 - 기타,안전운전불이행,건조,맑음,교차로 - 교차로안,승합,남,56세,기타불명,,,,
2014032600100529,2014년 3월 26일 19시,수요일,인천광역시 남구 주안동,경상사고,0,0,1,0,차대차 - 기타,안전운전불이행,건조,맑음,교차로 - 교차로안,승용,남,58세,상해없음,자전거,기타불명,기타불명,기타불명
2014032600100530,2014년 3월 26일 19시,수요일,인천광역시 연수구 선학동,경상사고,0,0,1,0,차대차 - 측면직각충돌,안전운전불이행,건조,맑음,단일로 - 기타,승용,남,25세,상해없음,승용,남,44세,경상
2014032600100579,2014년 3월 26일 20시,수요일,인천광역시 부평구 청천동,경상사고,0,0,1,0,차대차 - 추돌 - 진행중,안전운전불이행,건조,맑음,단일로 - 기타,승용,남,39세,상해없음,승용,남,55세,경상
2014032600100580,2014년 3월 26일 20시,수요일,인천광역시 남동구 간석동,중상사고,0,1,0,0,차대사람 - 횡단중,안전운전불이행,건조,맑음,단일로 - 기타,승용,남,54세,상해없음,보행자,남,42세,중상
2014032600100602,2014년 3월 26일 21시,수요일,인천광역시 동구 금곡동,중상사고,0,1,0,0,차대차 - 정면충돌,신호위반,건조,맑음,교차로 - 교차로안,승용,남,40세,상해없음,승용,남,55세,중상
2014032600100603,2014년 3월 26일 21시,수요일,인천광역시 남구 용현동,경상사고,0,0,1,0,차대차 - 기타,안전운전불이행,건조,맑음,교차로 - 교차로안,이륜,남,17세,상해없음,자전거,남,15세,경상
2014032600100637,2014년 3월 26일 22시,수요일,인천광역시 부평구 십정동,경상사고,0,0,1,0,차대사람 - 차도통행중,안전운전불이행,건조,맑음,단일로 - 기타,승용,남,46세,상해없음,보행자,남,36세,경상
2014032600100662,2014년 3월 26일 23시,수요일,인천광역시 부평구 부개동,경상사고,0,0,2,0,차대차 - 기타,안전운전불이행,건조,맑음,단일로 - 기타,승용,남,43세,상해없음,승용,남,50세,경상
2014032700100016,2014년 3월 27일 00시,목요일,인천광역시 남구 주안동,중상사고,0,2,1,0,차대차 - 측면직각충돌,안전운전불이행,건조,맑음,단일로 - 기타,승용,여,59세,경상,승용,남,58세,중상
2014032700100017,2014년 3월 27일 00시,목요일,인천광역시 남동구 구월동,경상사고,0,0,1,0,차대차 - 추돌 - 주정차중,안전운전불이행,건조,맑음,단일로 - 기타,화물,남,29세,상해없음,승용,남,56세,경상
2014032700100036,2014년 3월 27일 01시,목요일,인천광역시 서구 원창동,경상사고,0,0,1,0,차량단독 - 기타,안전운전불이행,건조,맑음,교차로 - 교차로안,이륜,남,37세,경상,,,,
2014032700100052,2014년 3월 27일 03시,목요일,인천광역시 서구 검암동,중상사고,0,1,0,0,차대사람 - 기타,안전운전불이행,건조,맑음,단일로 - 기타,승용,남,56세,상해없음,보행자,남,40세,중상
2014032700100080,2014년 3월 27일 06시,목요일,인천광역시 연수구 선학동,중상사고,0,1,2,0,차대차 - 추돌 - 주정차중,안전운전불이행,건조,맑음,단일로 - 기타,승용,남,35세,상해없음,승합,남,45세,경상
2014032700100107,2014년 3월 27일 07시,목요일,인천광역시 남구 학익동,사망사고,1,0,0,0,차대사람 - 횡단중,안전운전불이행,건조,맑음,단일로 - 기타,승용,남,32세,상해없음,보행자,남,55세,사망
2014032700100108,2014년 3월 27일 07시,목요일,인천광역시 남동구 만수동,경상사고,0,0,1,0,차대차 - 기타,안전운전불이행,건조,맑음,단일로 - 기타,승용,남,64세,상해없음,승용,남,36세,경상
2014032700100109,2014년 3월 27일 07시,목요일,인천광역시 연수구 송도동,중상사고,0,1,0,0,차대차 - 기타,신호위반,건조,맑음,교차로 - 교차로안,건설기계,여,51세,상해없음,승용,남,22세,중상
2014032700100110,2014년 3월 27일 07시,목요일,인천광역시 부평구 일신동,사망사고,1,0,0,0,차대차 - 추돌 - 주정차중,안전운전불이행,건조,맑음,단일로 - 기타,승용,남,54세,상해없음,화물,남,53세,사망
2014032700100225,2014년 3월 27일 11시,목요일,인천광역시 부평구 청천동,부상신고사고,0,0,0,1,차대사람 - 기타,교차로운행방법위반,건조,맑음,교차로 - 교차로부근,승용,여,52세,기타불명,보행자,남,40세,부상신고
2014032700100268,2014년 3월 27일 13시,목요일,인천광역시 서구 가정동,부상신고사고,0,0,0,1,차대차 - 측면직각충돌,신호위반,건조,맑음,교차로 - 교차로안,자전거,남,66세,부상신고,승용,남,57세,상해없음
2014032700100299,2014년 3월 27일 14시,목요일,인천광역시 부평구 청천동,경상사고,0,0,1,0,차대차 - 측면직각충돌,안전운전불이행,건조,맑음,교차로 - 교차로안,승용,여,65세,상해없음,자전거,남,78세,경상
2014032700100337,2014년 3월 27일 15시,목요일,인천광역시 남구 주안동,부상신고사고,0,0,0,2,차대차 - 기타,안전운전불이행,건조,맑음,교차로 - 교차로부근,화물,남,50세,상해없음,승용,여,49세,부상신고
2014032700100338,2014년 3월 27일 15시,목요일,인천광역시 남동구 논현동,부상신고사고,0,0,0,1,차대사람 - 횡단중,보행자보호의무위반,건조,맑음,교차로 - 교차로부근,승용,기타불명,기타불명,기타불명,보행자,남,63세,부상신고
2014032700100339,2014년 3월 27일 15시,목요일,인천광역시 남동구 고잔동,경상사고,0,0,1,0,차대차 - 추돌 - 진행중,안전운전불이행,건조,맑음,단일로 - 기타,화물,남,60세,기타불명,화물,남,55세,경상
2014032700100340,2014년 3월 27일 15시,목요일,인천광역시 부평구 부평동,경상사고,0,0,1,0,차대차 - 측면직각충돌,기타,건조,맑음,교차로 - 교차로부근,승용,여,52세,상해없음,이륜,남,46세,경상
2014032700100370,2014년 3월 27일 16시,목요일,인천광역시 남동구 만수동,중상사고,0,1,1,0,차대차 - 측면직각충돌,안전운전불이행,건조,맑음,단일로 - 기타,이륜,남,17세,중상,승용,여,34세,경상