사고번호,사고일시,요일,시군구,사고내용,사망자수,중상자수,경상자수,부상신고자수,사고유형,법규위반,노면상태,기상상태,도로형태,가해운전자 차종,가해운전자 성별,가해운전자 연령,가해운전자 상해정도,피해운전자 차종,피해운전자 성별,피해운전자 연령,피해운전자 상해정도
2014032700100408,2014년 3월 27일 17시,목요일,인천광역시 동구 송현동,중상사고,0,2,1,0,차대차 - 추돌 - 진행중,안전운전불이행,건조,맑음,단일로 - 기타,승용,여,24세,중상,승용,여,40세,중상
2014032700100409,2014년 3월 27일 17시,목요일,인천광역시 남구 용현동,부상신고사고,0,0,0,1,차대사람 - 기타,안전운전불이행,건조,맑음,교차로 - 교차로안,기타불명,기타불명,기타불명,기타불명,보행자,남,6세,부상신고
2014032700100441,2014년 3월 27일 18시,목요일,인천광역시 남동구 논현동,경상사고,0,0,1,0,차대차 - 측면직각충돌,안전운전불이행,건조,맑음,단일로 - 기타,화물,남,45세,상해없음,이륜,남,49세,경상
2014032700100442,2014년 3월 27일 18시,목요일,인천광역시 계양구 작전동,중상사고,0,1,0,0,차대차 - 측면직각충돌,신호위반,건조,맑음,교차로 - 교차로안,승용,여,42세,상해없음,승용,여,55세,중상
2014032700100485,2014년 3월 27일 19시,목요일,인천광역시 중구 신흥동3가,경상사고,0,0,1,0,차대차 - 기타,안전운전불이행,건조,맑음,단일로 - 기타,승용,여,26세,상해없음,승용,남,22세,경상
2014032700100560,2014년 3월 27일 22시,목요일,인천광역시 중구 중산동,경상사고,0,0,1,0,차대차 - 측면직각충돌,신호위반,건조,맑음,교차로 - 교차로안,승용,남,47세,상해없음,승합,남,40세,경상
2014032700100561,2014년 3월 27일 22시,목요일,인천광역시 부평구 부평동,경상사고,0,0,1,0,차대사람 - 횡단중,안전운전불이행,건조,맑음,교차로 - 교차로안,승용,남,20세,상해없음,보행자,남,51세,경상
2014032700100562,2014년 3월 27일 22시,목요일,인천광역시 연수구 선학동,중상사고,0,2,1,0,차대차 - 추돌 - 진행중,안전운전불이행,건조,맑음,교차로 - 교차로부근,승용,남,30세,상해없음,승용,남,52세,중상
2014032700100580,2014년 3월 27일 23시,목요일,인천광역시 남동구 남촌동,중상사고,0,1,0,0,차대차 - 측면직각충돌,신호위반,건조,맑음,교차로 - 교차로부근,승용,여,47세,상해없음,승용,여,38세,중상
2014032800100017,2014년 3월 28일 00시,금요일,인천광역시 서구 금곡동,경상사고,0,0,2,0,차대차 - 기타,안전운전불이행,건조,맑음,단일로 - 기타,승용,여,44세,상해없음,승용,남,51세,경상
2014032800100052,2014년 3월 28일 03시,금요일,인천광역시 부평구 부개동,경상사고,0,0,2,0,차대차 - 측면직각충돌,직진우회전진행방해,건조,맑음,교차로 - 교차로안,승용,남,42세,상해없음,이륜,여,45세,경상
2014032800100062,2014년 3월 28일 04시,금요일,인천광역시 중구 신흥동3가,중상사고,0,1,0,0,차대사람 - 횡단중,안전운전불이행,습기,비,단일로 - 기타,승용,남,39세,상해없음,보행자,여,64세,중상
2014032800100075,2014년 3월 28일 06시,금요일,인천광역시 남구 주안동,경상사고,0,0,2,0,차대차 - 기타,신호위반,건조,맑음,교차로 - 교차로안,승합,남,57세,상해없음,승용,남,43세,경상
2014032800100102,2014년 3월 28일 07시,금요일,인천광역시 계양구 계산동,중상사고,0,1,0,0,차대차 - 측면직각충돌,중앙선침범,건조,맑음,단일로 - 기타,승용,남,28세,상해없음,이륜,남,48세,중상
2014032800100171,2014년 3월 28일 09시,금요일,인천광역시 남동구 남촌동,중상사고,0,1,0,0,차대차 - 기타,교차로운행방법위반,건조,맑음,교차로 - 교차로안,승용,남,29세,상해없음,이륜,남,72세,중상
2014032800100219,2014년 3월 28일 11시,금요일,인천광역시 남동구 남촌동,경상사고,0,0,2,0,차대차 - 기타,안전운전불이행,건조,맑음,단일로 - 기타,승용,남,55세,상해없음,승합,남,29세,경상
2014032800100220,2014년 3월 28일 11시,금요일,인천광역시 남동구 간석동,경상사고,0,0,1,0,차대차 - 추돌 - 주정차중,안전운전불이행,건조,맑음,단일로 - 기타,화물,남,43세,상해없음,승용,남,60세,경상
2014032800100243,2014년 3월 28일 12시,금요일,인천광역시 남동구 논현동,경상사고,0,0,2,0,차대차 - 측면직각충돌,중앙선침범,건조,맑음,교차로 - 교차로부근,승용,남,22세,상해없음,이륜,남,17세,경상
2014032800100244,2014년 3월 28일 12시,금요일,인천광역시 서구 가정동,경상사고,0,0,1,0,차대차 - 추돌 - 주정차중,안전운전불이행,건조,맑음,단일로 - 기타,승용,남,26세,상해없음,승용,여,37세,경상
2014032800100303,2014년 3월 28일 14시,금요일,인천광역시 남동구 만수동,경상사고,0,0,1,0,차대차 - 측면직각충돌,기타,건조,맑음,단일로 - 기타,승용,남,50세,상해없음,자전거,남,7세,경상
2014032800100304,2014년 3월 28일 14시,금요일,인천광역시 계양구 효성동,중상사고,0,2,0,0,차대차 - 측면직각충돌,안전거리미확보,건조,맑음,단일로 - 기타,승용,남,19세,상해없음,승용,남,31세,중상
2014032800100338,2014년 3월 28일 15시,금요일,인천광역시 중구 운서동,중상사고,0,1,0,0,차대차 - 측면직각충돌,안전운전불이행,건조,맑음,단일로 - 기타,승합,여,51세,상해없음,자전거,남,7세,중상
2014032800100339,2014년 3월 28일 15시,금요일,인천광역시 부평구 갈산동,경상사고,0,0,2,0,차대사람 - 보도통행중,신호위반,건조,맑음,교차로 - 교차로부근,승합,남,60세,상해없음,보행자,여,25세,경상
2014032800100376,2014년 3월 28일 16시,금요일,인천광역시 중구 신흥동3가,경상사고,0,0,1,0,차량단독 - 기타,안전운전불이행,건조,맑음,교차로 - 교차로부근,승합,남,53세,상해없음,,,,
2014032800100377,2014년 3월 28일 16시,금요일,인천광역시 남동구 논현동,경상사고,0,0,1,0,차대사람 - 횡단중,신호위반,건조,맑음,교차로 - 교차로부근,승용,남,48세,상해없음,보행자,여,11세,경상
2014032800100415,2014년 3월 28일 17시,금요일,인천광역시 중구 항동7가,경상사고,0,0,1,0,차대차 - 기타,안전운전불이행,건조,맑음,단일로 - 기타,승용,남,35세,상해없음,승합,남,47세,상해없음
2014032800100416,2014년 3월 28일 17시,금요일,인천광역시 남구 문학동,경상사고,0,0,1,0,차량단독 - 기타,안전운전불이행,건조,맑음,단일로 - 기타,승합,남,56세,상해없음,,,,
2014032800100417,2014년 3월 28일 17시,금요일,인천광역시 남동구 남촌동,중상사고,0,1,0,0,차대사람 - 기타,안전운전불이행,건조,맑음,단일로 - 기타,승용,남,47세,상해없음,보행자,여,90세,중상
2014032800100447,2014년 3월 28일 18시,금요일,인천광역시 서구 가정동,중상사고,0,1,0,0,차대차 - 기타,안전운전불이행,건조,맑음,교차로 - 교차로부근,승용,여,42세,상해없음,이륜,여,54세,중상
2014032800100448,2014년 3월 28일 18시,금요일,인천광역시 계양구 계산동,경상사고,0,0,1,0,차량단독 - 기타,기타,건조,맑음,단일로 - 기타,승합,남,56세,상해없음,,,,
2014032800100538,2014년 3월 28일 20시,금요일,인천광역시 남구 주안동,경상사고,0,0,1,0,차대사람 - 기타,안전운전불이행,건조,맑음,교차로 - 교차로안,승용,남,54세,상해없음,보행자,여,27세,경상
2014032800100539,2014년 3월 28일 20시,금요일,인천광역시 남구 주안동,경상사고,0,0,2,0,차대차 - 기타,안전거리미확보,건조,맑음,단일로 - 기타,승용,남,57세,상해없음,승용,남,50세,경상
2014032800100578,2014년 3월 28일 21시,금요일,인천광역시 남동구 남촌동,중상사고,0,1,0,0,차대차 - 기타,교차로운행방법위반,건조,맑음,교차로 - 교차로안,승용,남,53세,상해없음,이륜,남,39세,중상
2014032800100579,2014년 3월 28일 21시,금요일,인천광역시 연수구 선학동,중상사고,0,1,0,0,차대차 - 기타,안전운전불이행,건조,맑음,단일로 - 기타,원동기,남,59세,중상,승용,남,53세,상해없음
2014032800100650,2014년 3월 28일 23시,금요일,인천광역시 남동구 구월동,경상사고,0,0,1,0,차대사람 - 횡단중,기타,건조,맑음,단일로 - 기타,승용,남,53세,상해없음,보행자,남,37세,경상
2014032800100651,2014년 3월 28일 23시,금요일,인천광역시 연수구 선학동,경상사고,0,0,1,0,차대사람 - 기타,안전운전불이행,건조,맑음,교차로 - 교차로안,승용,남,54세,상해없음,보행자,남,43세,경상
2014032900100032,2014년 3월 29일 00시,토요일,인천광역시 남구 문학동,경상사고,0,0,1,0,차대차 - 기타,안전운전불이행,건조,맑음,단일로 - 기타,승용,남,35세,상해없음,승용,남,48세,경상
2014032900100058,2014년 3월 29일 01시,토요일,인천광역시 남동구 간석동,중상사고,0,1,0,0,차대사람 - 횡단중,안전운전불이행,건조,맑음,단일로 - 기타,승용,남,39세,상해없음,보행자,남,31세,중상
2014032900100059,2014년 3월 29일 01시,토요일,인천광역시 부평구 삼산동,중상사고,0,1,0,0,차대사람 - 길가장자리구역통행중,안전운전불이행,건조,맑음,단일로 - 기타,승용,남,43세,상해없음,보행자,남,49세,중상
2014032900100077,2014년 3월 29일 02시,토요일,인천광역시 남동구 간석동,경상사고,0,0,2,0,차대차 - 기타,안전운전불이행,건조,맑음,단일로 - 기타,승용,여,54세,상해없음,승용,남,54세,경상
2014032900100125,2014년 3월 29일 05시,토요일,인천광역시 동구 만석동,경상사고,0,0,1,0,차대차 - 측면직각충돌,안전운전불이행,건조,맑음,교차로 - 교차로부근,승용,남,57세,상해없음,원동기,남,42세,경상
2014032900100159,2014년 3월 29일 07시,토요일,인천광역시 연수구 송도동,경상사고,0,0,1,0,차대차 - 측면직각충돌,불법유턴,건조,맑음,단일로 - 기타,승용,남,48세,상해없음,승용,남,64세,경상
2014032900100248,2014년 3월 29일 11시,토요일,인천광역시 남구 주안동,경상사고,0,0,1,0,차대차 - 측면직각충돌,신호위반,건조,맑음,교차로 - 교차로안,승용,남,52세,상해없음,승용,남,34세,경상
2014032900100249,2014년 3월 29일 11시,토요일,인천광역시 부평구 산곡동,경상사고,0,0,1,0,차대차 - 추돌 - 진행중,안전운전불이행,건조,맑음,교차로 - 교차로부근,승용,남,54세,상해없음,승용,남,53세,경상
2014032900100250,2014년 3월 29일 11시,토요일,인천광역시 계양구 계산동,경상사고,0,0,1,0,차대차 - 측면직각충돌,안전운전불이행,건조,맑음,교차로 - 교차로안,이륜,남,17세,상해없음,승용,여,47세,경상
2014032900100274,2014년 3월 29일 12시,토요일,인천광역시 남동구 구월동,중상사고,0,1,0,0,차대차 - 측면직각충돌,신호위반,건조,맑음,교차로 - 교차로부근,승용,여,60세,상해없음,승용,남,66세,중상
2014032900100306,2014년 3월 29일 13시,토요일,인천광역시 남동구 간석동,경상사고,0,0,1,0,차대사람 - 기타,안전운전불이행,건조,흐림,단일로 - 기타,화물,남,58세,상해없음,보행자,여,55세,경상
2014032900100346,2014년 3월 29일 14시,토요일,인천광역시 중구 을왕동,경상사고,0,0,4,0,차대차 - 추돌 - 진행중,안전운전불이행,건조,흐림,단일로 - 기타,이륜,남,49세,상해없음,승용,남,22세,경상
2014032900100347,2014년 3월 29일 14시,토요일,인천광역시 부평구 청천동,부상신고사고,0,0,0,1,차대차 - 추돌 - 진행중,안전운전불이행,건조,맑음,단일로 - 횡단보도부근,원동기,남,17세,부상신고,승용,남,56세,상해없음
2014032900100379,2014년 3월 29일 15시,토요일,인천광역시 부평구 부평동,경상사고,0,0,1,0,차대사람 - 횡단중,안전운전불이행,건조,맑음,단일로 - 기타,승용,남,44세,상해없음,보행자,여,56세,경상
2014032900100411,2014년 3월 29일 16시,토요일,인천광역시 중구 중산동,중상사고,0,1,0,0,차대차 - 기타,신호위반,건조,맑음,교차로 - 교차로안,승용,남,41세,상해없음,승용,여,53세,중상
2014032900100412,2014년 3월 29일 16시,토요일,인천광역시 남구 관교동,경상사고,0,0,1,0,차대사람 - 길가장자리구역통행중,안전운전불이행,습기,흐림,단일로 - 기타,화물,남,45세,상해없음,보행자,남,4세,경상
2014032900100449,2014년 3월 29일 17시,토요일,인천광역시 남동구 남촌동,중상사고,0,2,0,0,차대차 - 정면충돌,안전운전불이행,습기,비,교차로 - 교차로부근,승용,남,44세,상해없음,원동기,남,51세,중상
2014032900100450,2014년 3월 29일 17시,토요일,인천광역시 남동구 구월동,경상사고,0,0,1,0,차대차 - 기타,안전거리미확보,건조,맑음,단일로 - 횡단보도부근,승용,남,30세,상해없음,승용,남,32세,경상
2014032900100488,2014년 3월 29일 18시,토요일,인천광역시 남구 숭의동,경상사고,0,0,2,0,차대차 - 측면직각충돌,안전거리미확보,습기,비,기타 - 기타,승용,남,51세,기타불명,승용,남,56세,경상
2014032900100531,2014년 3월 29일 19시,토요일,인천광역시 동구 창영동,중상사고,0,1,0,0,차대차 - 기타,안전운전불이행,습기,비,교차로 - 교차로안,승용,남,54세,상해없음,이륜,남,18세,중상
2014032900100532,2014년 3월 29일 19시,토요일,인천광역시 남구 관교동,경상사고,0,0,1,0,차대차 - 기타,안전운전불이행,건조,맑음,교차로 - 교차로부근,승용,남,57세,상해없음,승용,남,29세,경상
2014032900100533,2014년 3월 29일 19시,토요일,인천광역시 부평구 십정동,중상사고,0,1,0,0,차대차 - 기타,안전운전불이행,습기,비,교차로 - 교차로안,승용,남,47세,상해없음,이륜,남,48세,중상
2014032900100568,2014년 3월 29일 20시,토요일,인천광역시 남구 도화동,중상사고,0,1,0,0,차대사람 - 횡단중,안전운전불이행,습기,흐림,단일로 - 기타,이륜,남,34세,상해없음,보행자,여,77세,중상
2014032900100569,2014년 3월 29일 20시,토요일,인천광역시 부평구 삼산동,경상사고,0,0,8,0,차대차 - 기타,안전운전불이행,건조,맑음,미분류 - 미분류,승용,남,53세,상해없음,승용,남,43세,상해없음
2014032900100647,2014년 3월 29일 22시,토요일,인천광역시 남구 주안동,중상사고,0,2,0,0,차대사람 - 횡단중,보행자보호의무위반,습기,비,교차로 - 교차로부근,승용,여,59세,상해없음,보행자,남,58세,중상
2014032900100648,2014년 3월 29일 22시,토요일,인천광역시 남동구 논현동,경상사고,0,0,1,0,차대차 - 측면직각충돌,신호위반,습기,비,단일로 - 횡단보도부근,승용,여,43세,상해없음,이륜,남,16세,경상
2014032900100704,2014년 3월 29일 23시,토요일,인천광역시 남구 주안동,경상사고,0,0,1,0,차대차 - 기타,중앙선침범,건조,맑음,기타 - 기타,승용,남,29세,상해없음,승용,남,63세,상해없음
2014032900100705,2014년 3월 29일 23시,토요일,인천광역시 서구 검암동,경상사고,0,0,1,0,차대차 - 측면직각충돌,중앙선침범,건조,맑음,교차로 - 교차로안,승용,여,45세,상해없음,승용,여,46세,경상
2014032900100706,2014년 3월 29일 23시,토요일,인천광역시 서구 마전동,경상사고,0,0,1,0,차대사람 - 기타,안전운전불이행,습기,비,단일로 - 횡단보도상,화물,남,45세,상해없음,보행자,남,17세,경상
2014033000100027,2014년 3월 30일 00시,일요일,인천광역시 남구 용현동,중상사고,0,1,0,0,차대차 - 측면직각충돌,안전거리미확보,습기,비,단일로 - 기타,화물,남,45세,상해없음,원동기,남,43세,중상
2014033000100028,2014년 3월 30일 00시,일요일,인천광역시 서구 연희동,중상사고,0,1,1,0,차대차 - 측면직각충돌,신호위반,건조,흐림,단일로 - 횡단보도부근,승용,남,55세,중상,승용,남,45세,상해없음
2014033000100094,2014년 3월 30일 03시,일요일,인천광역시 서구 석남동,부상신고사고,0,0,0,1,차대사람 - 기타,안전운전불이행,건조,맑음,단일로 - 기타,승용,기타불명,기타불명,기타불명,보행자,남,22세,부상신고
2014033000100150,2014년 3월 30일 08시,일요일,인천광역시 계양구 작전동,중상사고,0,1,0,0,차대사람 - 차도통행중,안전운전불이행,건조,맑음,교차로 - 교차로안,승용,남,59세,상해없음,보행자,여,20세,중상
2014033000100171,2014년 3월 30일 09시,일요일,인천광역시 남동구 서창동,중상사고,0,1,1,0,차대차 - 정면충돌,신호위반,건조,맑음,교차로 - 교차로안,승용,남,30세,상해없음,승용,남,64세,경상
2014033000100172,2014년 3월 30일 09시,일요일,인천광역시 서구 가정동,중상사고,0,1,0,0,차대차 - 정면충돌,중앙선침범,건조,맑음,단일로 - 기타,승용,여,41세,상해없음,승용,남,48세,중상
2014033000100173,2014년 3월 30일 09시,일요일,인천광역시 부평구 갈산동,중상사고,0,2,0,0,차대차 - 정면충돌,신호위반,건조,맑음,교차로 - 교차로안,승용,남,33세,상해없음,승용,남,69세,중상
2014033000100204,2014년 3월 30일 10시,일요일,인천광역시 남구 숭의동,경상사고,0,0,4,0,차대차 - 기타,안전운전불이행,건조,맑음,기타 - 기타,승용,남,32세,상해없음,승합,남,53세,경상
2014033000100205,2014년 3월 30일 10시,일요일,인천광역시 남동구 서창동,경상사고,0,0,1,0,차대차 - 측면직각충돌,안전운전불이행,건조,맑음,단일로 - 기타,승용,여,71세,경상,승용,여,35세,상해없음
2014033000100314,2014년 3월 30일 14시,일요일,인천광역시 부평구 산곡동,중상사고,0,1,0,0,차대차 - 기타,안전운전불이행,건조,맑음,기타 - 기타,원동기,남,16세,상해없음,자전거,남,58세,중상
2014033000100372,2014년 3월 30일 16시,일요일,인천광역시 남구 주안동,경상사고,0,0,3,0,차대차 - 추돌 - 주정차중,안전운전불이행,건조,맑음,단일로 - 기타,승용,남,52세,상해없음,승용,남,48세,경상
2014033000100433,2014년 3월 30일 18시,일요일,인천광역시 남구 주안동,중상사고,0,1,1,0,차대차 - 기타,중앙선침범,건조,맑음,단일로 - 기타,승용,남,57세,상해없음,승용,남,46세,경상
2014033000100465,2014년 3월 30일 19시,일요일,인천광역시 중구 신흥동3가,경상사고,0,0,1,0,차대차 - 추돌 - 주정차중,안전거리미확보,건조,맑음,단일로 - 기타,승용,남,32세,상해없음,승용,남,30세,경상
2014033000100466,2014년 3월 30일 19시,일요일,인천광역시 계양구 작전동,경상사고,0,0,6,3,차대차 - 측면직각충돌,신호위반,건조,맑음,교차로 - 교차로안,승용,남,23세,상해없음,승합,남,38세,경상
2014033000100485,2014년 3월 30일 20시,일요일,인천광역시 남구 숭의동,중상사고,0,1,4,0,차대차 - 측면직각충돌,신호위반,건조,맑음,교차로 - 교차로안,승용,남,28세,상해없음,승합,남,46세,경상
2014033000100514,2014년 3월 30일 21시,일요일,인천광역시 남구 주안동,중상사고,0,1,0,0,차대차 - 기타,안전거리미확보,건조,맑음,단일로 - 기타,승용,남,42세,상해없음,이륜,남,16세,중상
2014033000100533,2014년 3월 30일 22시,일요일,인천광역시 서구 가좌동,경상사고,0,0,2,0,차대차 - 추돌 - 진행중,안전운전불이행,건조,맑음,교차로 - 교차로안,승용,남,36세,상해없음,승용,남,52세,경상
2014033100100032,2014년 3월 31일 02시,월요일,인천광역시 서구 가정동,경상사고,0,0,1,0,차대차 - 추돌 - 진행중,안전운전불이행,건조,맑음,기타 - 기타,기타불명,기타불명,기타불명,기타불명,승용,남,26세,경상
2014033100100061,2014년 3월 31일 06시,월요일,인천광역시 남동구 남촌동,경상사고,0,0,1,0,차대차 - 측면직각충돌,신호위반,건조,맑음,교차로 - 교차로안,승용,남,56세,상해없음,승용,남,34세,경상
2014033100100062,2014년 3월 31일 06시,월요일,인천광역시 연수구 동춘동,경상사고,0,0,1,0,차대차 - 기타,안전운전불이행,건조,맑음,단일로 - 기타,승용,여,56세,상해없음,자전거,남,63세,경상
2014033100100092,2014년 3월 31일 07시,월요일,인천광역시 연수구 옥련동,중상사고,0,1,2,0,차대차 - 추돌 - 주정차중,안전운전불이행,건조,맑음,단일로 - 기타,승합,남,45세,상해없음,화물,남,59세,중상
2014033100100093,2014년 3월 31일 07시,월요일,인천광역시 부평구 삼산동,중상사고,0,1,0,0,차대차 - 측면직각충돌,안전운전불이행,건조,맑음,교차로 - 교차로안,승용,여,49세,상해없음,자전거,남,17세,중상
2014033100100094,2014년 3월 31일 07시,월요일,인천광역시 남동구 서창동,경상사고,0,0,1,0,차대차 - 측면직각충돌,안전거리미확보,건조,맑음,단일로 - 기타,화물,남,53세,상해없음,승용,남,32세,경상
2014033100100122,2014년 3월 31일 08시,월요일,인천광역시 서구 공촌동,중상사고,0,3,1,0,차대차 - 추돌 - 주정차중,안전운전불이행,건조,맑음,교차로 - 교차로부근,승용,남,24세,상해없음,승용,남,60세,중상
2014033100100150,2014년 3월 31일 09시,월요일,인천광역시 계양구 장기동,경상사고,0,0,1,0,차대차 - 측면직각충돌,안전운전불이행,건조,맑음,단일로 - 기타,승합,남,39세,상해없음,농기계,남,76세,경상
2014033100100179,2014년 3월 31일 10시,월요일,인천광역시 남구 문학동,중상사고,0,1,0,0,차대차 - 측면직각충돌,중앙선침범,건조,맑음,단일로 - 기타,승용,여,61세,상해없음,이륜,남,46세,중상
2014033100100198,2014년 3월 31일 11시,월요일,인천광역시 남동구 구월동,중상사고,0,1,1,0,차대차 - 추돌 - 주정차중,안전거리미확보,건조,맑음,단일로 - 기타,승용,여,37세,중상,화물,남,48세,경상
2014033100100220,2014년 3월 31일 12시,월요일,인천광역시 부평구 부평동,중상사고,0,1,0,0,차대사람 - 보도통행중,기타,건조,맑음,기타 - 기타,화물,남,49세,상해없음,보행자,여,77세,중상
2014033100100245,2014년 3월 31일 13시,월요일,인천광역시 부평구 부평동,경상사고,0,0,3,0,차대차 - 추돌 - 진행중,안전거리미확보,건조,맑음,교차로 - 교차로부근,승용,남,31세,상해없음,승용,남,71세,경상
2014033100100246,2014년 3월 31일 13시,월요일,인천광역시 남동구 남촌동,중상사고,0,1,1,0,차대차 - 추돌 - 주정차중,안전운전불이행,건조,맑음,교차로 - 교차로부근,승용,여,39세,상해없음,승용,남,35세,중상
2014033100100279,2014년 3월 31일 14시,월요일,인천광역시 남구 용현동,경상사고,0,0,1,0,차대차 - 기타,안전운전불이행,건조,맑음,단일로 - 기타,건설기계,남,40세,상해없음,이륜,남,75세,경상
2014033100100280,2014년 3월 31일 14시,월요일,인천광역시 부평구 십정동,경상사고,0,0,1,0,차량단독 - 공작물충돌,안전운전불이행,건조,맑음,단일로 - 기타,승용,남,34세,상해없음,,,,
2014033100100281,2014년 3월 31일 14시,월요일,인천광역시 남동구 논현동,중상사고,0,2,0,0,차대차 - 기타,신호위반,건조,맑음,교차로 - 교차로안,화물,남,43세,상해없음,승용,남,59세,중상
2014033100100282,2014년 3월 31일 14시,월요일,인천광역시 부평구 부평동,경상사고,0,0,1,0,차대차 - 추돌 - 주정차중,안전운전불이행,건조,맑음,단일로 - 기타,승용,여,42세,상해없음,승용,남,29세,경상
2014033100100283,2014년 3월 31일 14시,월요일,인천광역시 부평구 구산동,경상사고,0,0,2,0,차대차 - 측면직각충돌,안전거리미확보,건조,맑음,단일로 - 기타,건설기계,남,45세,상해없음,승용,남,41세,경상
2014033100100344,2014년 3월 31일 16시,월요일,인천광역시 남동구 구월동,중상사고,0,1,0,0,차대차 - 측면직각충돌,기타,건조,맑음,단일로 - 기타,승용,남,42세,상해없음,이륜,남,30세,중상
2014033100100345,2014년 3월 31일 16시,월요일,인천광역시 연수구 청학동,경상사고,0,0,1,0,차대차 - 측면직각충돌,안전운전불이행,건조,맑음,기타 - 기타,승용,남,56세,기타불명,승용,남,44세,경상
2014033100100387,2014년 3월 31일 17시,월요일,인천광역시 남동구 구월동,중상사고,0,2,0,0,차대사람 - 횡단중,보행자보호의무위반,건조,맑음,교차로 - 교차로부근,승용,남,56세,상해없음,보행자,여,34세,중상
2014033100100388,2014년 3월 31일 17시,월요일,인천광역시 남동구 장수동,경상사고,0,0,1,0,차대차 - 기타,안전거리미확보,건조,맑음,단일로 - 기타,승용,남,58세,상해없음,승용,남,36세,경상
2014033100100422,2014년 3월 31일 18시,월요일,인천광역시 남구 주안동,사망사고,1,0,0,0,차대차 - 측면직각충돌,안전운전불이행,건조,맑음,단일로 - 기타,원동기,남,17세,상해없음,자전거,남,77세,사망
2014033100100423,2014년 3월 31일 18시,월요일,인천광역시 서구 석남동,경상사고,0,0,1,0,차대차 - 기타,신호위반,건조,맑음,교차로 - 교차로부근,이륜,남,65세,기타불명,자전거,남,13세,경상
2014033100100424,2014년 3월 31일 18시,월요일,인천광역시 계양구 계산동,경상사고,0,0,1,0,차대차 - 기타,안전운전불이행,건조,맑음,단일로 - 기타,승용,여,35세,상해없음,승용,남,48세,경상
2014033100100450,2014년 3월 31일 19시,월요일,인천광역시 남동구 서창동,경상사고,0,0,1,0,차대차 - 측면직각충돌,중앙선침범,건조,맑음,단일로 - 기타,승용,여,46세,상해없음,승합,여,51세,경상
2014033100100474,2014년 3월 31일 20시,월요일,인천광역시 연수구 선학동,경상사고,0,0,2,0,차대사람 - 차도통행중,안전운전불이행,건조,맑음,단일로 - 기타,승용,남,27세,상해없음,보행자,여,63세,경상
2014033100100505,2014년 3월 31일 21시,월요일,인천광역시 서구 가정동,경상사고,0,0,3,0,차대차 - 정면충돌,중앙선침범,건조,맑음,교차로 - 교차로안,특수,남,20세,상해없음,승합,남,47세,경상
2014033100100506,2014년 3월 31일 21시,월요일,인천광역시 계양구 장기동,경상사고,0,0,1,0,차대차 - 측면직각충돌,교차로운행방법위반,건조,맑음,교차로 - 교차로안,자전거,남,44세,상해없음,자전거,남,32세,경상
2014040100100016,2014년 4월 1일 00시,화요일,인천광역시 부평구 부평동,경상사고,0,0,1,0,차대차 - 측면직각충돌,중앙선침범,건조,맑음,단일로 - 기타,승용,남,33세,상해없음,승용,남,44세,경상
2014040100100112,2014년 4월 1일 07시,화요일,인천광역시 부평구 부개동,경상사고,0,0,1,0,차대차 - 측면직각충돌,안전운전불이행,건조,맑음,단일로 - 기타,승용,여,50세,상해없음,승용,남,37세,경상
2014040100100113,2014년 4월 1일 07시,화요일,인천광역시 부평구 삼산동,경상사고,0,0,1,0,차대차 - 측면직각충돌,안전운전불이행,건조,맑음,단일로 - 기타,자전거,남,17세,경상,화물,남,46세,상해없음
2014040100100176,2014년 4월 1일 09시,화요일,인천광역시 부평구 부평동,중상사고,0,1,0,0,차대차 - 측면직각충돌,안전운전불이행,건조,맑음,단일로 - 기타,자전거,남,21세,중상,화물,남,50세,상해없음
2014040100100205,2014년 4월 1일 10시,화요일,인천광역시 중구 내동,중상사고,0,1,0,0,차대차 - 추돌 - 진행중,안전거리미확보,건조,맑음,단일로 - 기타,자전거,남,58세,중상,승합,남,51세,상해없음
2014040100100230,2014년 4월 1일 11시,화요일,인천광역시 남구 주안동,경상사고,0,0,2,0,차대차 - 기타,안전운전불이행,건조,맑음,교차로 - 교차로안,승용,여,24세,상해없음,승용,여,61세,경상
2014040100100231,2014년 4월 1일 11시,화요일,인천광역시 부평구 산곡동,경상사고,0,0,1,0,차대사람 - 기타,안전운전불이행,건조,맑음,단일로 - 횡단보도상,화물,기타불명,기타불명,기타불명,보행자,여,55세,경상
2014040100100259,2014년 4월 1일 12시,화요일,인천광역시 남구 주안동,중상사고,0,1,0,0,차대사람 - 차도통행중,안전운전불이행,건조,맑음,단일로 - 기타,기타불명,기타불명,기타불명,기타불명,보행자,여,50세,중상
2014040100100297,2014년 4월 1일 13시,화요일,인천광역시 남구 주안동,경상사고,0,0,2,0,차대차 - 기타,안전운전불이행,건조,맑음,단일로 - 기타,승용,남,62세,상해없음,승용,여,31세,경상
2014040100100298,2014년 4월 1일 13시,화요일,인천광역시 연수구 청학동,경상사고,0,0,1,0,차대사람 - 기타,기타,건조,맑음,단일로 - 기타,승합,여,49세,상해없음,보행자,여,20세,경상
2014040100100322,2014년 4월 1일 14시,화요일,인천광역시 남구 주안동,경상사고,0,0,1,0,차대차 - 측면직각충돌,안전운전불이행,건조,맑음,기타 - 기타,승용,여,44세,기타불명,승용,남,31세,경상
2014040100100323,2014년 4월 1일 14시,화요일,인천광역시 서구 가정동,중상사고,0,1,0,0,차대차 - 기타,안전거리미확보,건조,맑음,교차로 - 교차로부근,화물,남,49세,상해없음,승용,여,27세,중상