사고번호,사고일시,요일,시군구,사고내용,사망자수,중상자수,경상자수,부상신고자수,사고유형,법규위반,노면상태,기상상태,도로형태,가해운전자 차종,가해운전자 성별,가해운전자 연령,가해운전자 상해정도,피해운전자 차종,피해운전자 성별,피해운전자 연령,피해운전자 상해정도
2014040100100401,2014년 4월 1일 16시,화요일,인천광역시 남동구 만수동,경상사고,0,0,1,0,차대사람 - 기타,안전운전불이행,건조,맑음,단일로 - 기타,이륜,남,34세,상해없음,보행자,여,13세,경상
2014040100100402,2014년 4월 1일 16시,화요일,인천광역시 남동구 간석동,경상사고,0,0,1,0,차대차 - 기타,안전운전불이행,건조,맑음,교차로 - 교차로부근,이륜,남,51세,상해없음,승용,남,27세,경상
2014040100100482,2014년 4월 1일 18시,화요일,인천광역시 서구 금곡동,중상사고,0,1,0,0,차대차 - 기타,안전운전불이행,건조,맑음,단일로 - 기타,화물,남,48세,상해없음,자전거,남,28세,중상
2014040100100517,2014년 4월 1일 19시,화요일,인천광역시 남구 주안동,경상사고,0,0,3,0,차대차 - 기타,안전거리미확보,건조,맑음,단일로 - 기타,승합,남,59세,상해없음,승용,남,22세,경상
2014040100100518,2014년 4월 1일 19시,화요일,인천광역시 부평구 부평동,경상사고,0,0,2,0,차대차 - 추돌 - 주정차중,안전운전불이행,건조,맑음,단일로 - 기타,화물,남,58세,상해없음,승용,남,45세,경상
2014040100100519,2014년 4월 1일 19시,화요일,인천광역시 계양구 효성동,중상사고,0,1,0,0,차대차 - 측면직각충돌,안전운전불이행,건조,맑음,단일로 - 기타,승합,남,52세,상해없음,자전거,남,57세,중상
2014040100100556,2014년 4월 1일 20시,화요일,인천광역시 중구 남북동,중상사고,0,1,1,0,차량단독 - 기타,안전운전불이행,기타,맑음,단일로 - 기타,승용,남,55세,경상,,,,
2014040100100557,2014년 4월 1일 20시,화요일,인천광역시 남동구 논현동,경상사고,0,0,1,0,차대차 - 측면직각충돌,신호위반,건조,맑음,교차로 - 교차로안,이륜,남,17세,경상,승용,남,29세,상해없음
2014040100100558,2014년 4월 1일 20시,화요일,인천광역시 서구 석남동,경상사고,0,0,1,0,차대차 - 기타,안전운전불이행,건조,맑음,단일로 - 기타,화물,남,67세,상해없음,승용,여,20세,경상
2014040100100559,2014년 4월 1일 20시,화요일,인천광역시 서구 가좌동,중상사고,0,1,0,0,차대차 - 측면직각충돌,안전운전불이행,건조,맑음,단일로 - 기타,승용,여,52세,상해없음,자전거,남,34세,중상
2014040100100591,2014년 4월 1일 21시,화요일,인천광역시 남구 학익동,경상사고,0,0,1,0,차대차 - 기타,안전거리미확보,건조,맑음,단일로 - 기타,승용,여,60세,상해없음,승용,남,64세,상해없음
2014040100100609,2014년 4월 1일 22시,화요일,인천광역시 남구 주안동,경상사고,0,0,1,0,차대차 - 기타,안전운전불이행,건조,맑음,단일로 - 기타,승용,남,51세,상해없음,승용,여,55세,경상
2014040100100629,2014년 4월 1일 23시,화요일,인천광역시 남동구 남촌동,중상사고,0,1,0,0,차대차 - 측면직각충돌,신호위반,건조,맑음,단일로 - 기타,승용,남,23세,상해없음,원동기,남,31세,중상
2014040200100030,2014년 4월 2일 02시,수요일,인천광역시 남동구 논현동,경상사고,0,0,1,0,차대차 - 추돌 - 주정차중,안전운전불이행,건조,맑음,단일로 - 기타,승합,남,36세,상해없음,화물,남,44세,경상
2014040200100031,2014년 4월 2일 02시,수요일,인천광역시 서구 석남동,중상사고,0,4,0,0,차대차 - 추돌 - 진행중,안전운전불이행,건조,맑음,단일로 - 기타,승용,남,50세,중상,화물,남,53세,기타불명
2014040200100062,2014년 4월 2일 06시,수요일,인천광역시 남동구 남촌동,경상사고,0,0,1,0,차대사람 - 횡단중,보행자보호의무위반,건조,맑음,교차로 - 교차로안,승합,남,33세,상해없음,보행자,여,26세,경상
2014040200100094,2014년 4월 2일 07시,수요일,인천광역시 남구 주안동,경상사고,0,0,2,0,차대차 - 추돌 - 진행중,안전운전불이행,건조,맑음,단일로 - 기타,승용,남,32세,상해없음,승용,남,54세,경상
2014040200100095,2014년 4월 2일 07시,수요일,인천광역시 부평구 부평동,중상사고,0,1,0,0,차대사람 - 횡단중,안전운전불이행,건조,맑음,단일로 - 기타,승용,남,24세,상해없음,보행자,여,62세,중상
2014040200100096,2014년 4월 2일 07시,수요일,인천광역시 부평구 부평동,경상사고,0,0,1,0,차대차 - 측면직각충돌,교차로운행방법위반,건조,맑음,교차로 - 교차로부근,승합,여,52세,상해없음,승용,남,35세,경상
2014040200100097,2014년 4월 2일 07시,수요일,인천광역시 남동구 만수동,경상사고,0,0,1,0,차대차 - 측면직각충돌,교차로운행방법위반,건조,맑음,교차로 - 교차로안,이륜,남,75세,경상,승용,여,33세,상해없음
2014040200100132,2014년 4월 2일 08시,수요일,인천광역시 중구 운서동,중상사고,0,1,0,0,차대차 - 측면직각충돌,안전운전불이행,건조,맑음,단일로 - 횡단보도상,승용,남,61세,상해없음,자전거,남,29세,중상
2014040200100133,2014년 4월 2일 08시,수요일,인천광역시 남동구 논현동,경상사고,0,0,1,0,차대사람 - 기타,기타,건조,맑음,단일로 - 기타,승합,남,40세,상해없음,보행자,여,38세,경상
2014040200100215,2014년 4월 2일 11시,수요일,인천광역시 계양구 계산동,중상사고,0,2,0,0,차대차 - 측면직각충돌,신호위반,건조,맑음,교차로 - 교차로부근,승용,남,73세,상해없음,승용,남,51세,중상
2014040200100270,2014년 4월 2일 13시,수요일,인천광역시 남구 학익동,부상신고사고,0,0,0,1,차대사람 - 횡단중,안전운전불이행,건조,맑음,단일로 - 기타,기타불명,기타불명,기타불명,기타불명,보행자,남,51세,부상신고
2014040200100271,2014년 4월 2일 13시,수요일,인천광역시 서구 가좌동,경상사고,0,0,1,0,차대차 - 기타,교차로운행방법위반,건조,맑음,교차로 - 교차로부근,승용,여,63세,상해없음,승용,남,51세,경상
2014040200100272,2014년 4월 2일 13시,수요일,인천광역시 부평구 삼산동,경상사고,0,0,1,0,차대사람 - 기타,안전운전불이행,건조,맑음,단일로 - 기타,승용,남,60세,상해없음,보행자,여,33세,경상
2014040200100307,2014년 4월 2일 14시,수요일,인천광역시 중구 신포동,경상사고,0,0,3,0,차대차 - 추돌 - 주정차중,안전운전불이행,건조,맑음,교차로 - 교차로부근,승합,남,38세,상해없음,승용,여,58세,경상
2014040200100371,2014년 4월 2일 16시,수요일,인천광역시 남동구 구월동,중상사고,0,1,1,0,차대차 - 추돌 - 주정차중,안전운전불이행,건조,맑음,단일로 - 기타,승용,남,72세,상해없음,승용,남,61세,경상
2014040200100372,2014년 4월 2일 16시,수요일,인천광역시 남동구 논현동,경상사고,0,0,2,0,차대차 - 추돌 - 진행중,안전운전불이행,건조,맑음,단일로 - 기타,승용,남,34세,상해없음,승용,남,57세,경상
2014040200100406,2014년 4월 2일 17시,수요일,인천광역시 서구 경서동,경상사고,0,0,1,0,차대차 - 기타,안전운전불이행,건조,맑음,단일로 - 기타,화물,남,50세,상해없음,승용,남,49세,경상
2014040200100407,2014년 4월 2일 17시,수요일,인천광역시 서구 가좌동,경상사고,0,0,1,0,차대사람 - 횡단중,신호위반,건조,맑음,단일로 - 기타,승용,여,63세,상해없음,보행자,여,5세,경상
2014040200100444,2014년 4월 2일 18시,수요일,인천광역시 부평구 청천동,경상사고,0,0,1,0,차대차 - 추돌 - 진행중,안전운전불이행,건조,맑음,교차로 - 교차로부근,승용,남,28세,상해없음,승용,여,45세,경상
2014040200100445,2014년 4월 2일 18시,수요일,인천광역시 서구 가좌동,경상사고,0,0,1,0,차대차 - 기타,안전운전불이행,건조,맑음,교차로 - 교차로부근,자전거,남,44세,경상,승용,남,35세,상해없음
2014040200100446,2014년 4월 2일 18시,수요일,인천광역시 서구 당하동,경상사고,0,0,1,0,차대사람 - 기타,안전운전불이행,건조,맑음,기타 - 기타,승용,여,45세,상해없음,보행자,남,54세,경상
2014040200100538,2014년 4월 2일 20시,수요일,인천광역시 중구 을왕동,중상사고,0,1,1,0,차대사람 - 기타,안전운전불이행,건조,맑음,단일로 - 기타,승용,남,54세,상해없음,보행자,남,50세,경상
2014040200100539,2014년 4월 2일 20시,수요일,인천광역시 남동구 간석동,경상사고,0,0,1,0,차대차 - 기타,차로위반,건조,맑음,단일로 - 기타,승용,남,53세,상해없음,이륜,남,36세,경상
2014040200100540,2014년 4월 2일 20시,수요일,인천광역시 서구 신현동,경상사고,0,0,2,0,차대차 - 기타,안전운전불이행,건조,맑음,단일로 - 기타,화물,남,66세,상해없음,승용,남,65세,경상
2014040200100581,2014년 4월 2일 21시,수요일,인천광역시 서구 가좌동,중상사고,0,1,0,0,차대사람 - 기타,안전운전불이행,건조,맑음,교차로 - 교차로부근,승용,남,47세,상해없음,보행자,여,51세,중상
2014040200100632,2014년 4월 2일 23시,수요일,인천광역시 남동구 만수동,경상사고,0,0,1,0,차대사람 - 횡단중,안전운전불이행,건조,맑음,교차로 - 교차로안,승용,남,46세,상해없음,보행자,남,41세,경상
2014040200100633,2014년 4월 2일 23시,수요일,인천광역시 서구 백석동,경상사고,0,0,1,0,차대차 - 기타,신호위반,건조,맑음,교차로 - 교차로안,승용,남,52세,상해없음,승용,남,41세,경상
2014040300100016,2014년 4월 3일 00시,목요일,인천광역시 부평구 산곡동,중상사고,0,1,2,0,차대차 - 측면직각충돌,안전운전불이행,건조,맑음,교차로 - 교차로안,승용,남,19세,상해없음,승용,남,65세,중상
2014040300100034,2014년 4월 3일 01시,목요일,인천광역시 남구 주안동,중상사고,0,2,3,0,차대차 - 추돌 - 진행중,안전운전불이행,건조,맑음,교차로 - 교차로부근,승용,남,54세,상해없음,승용,여,24세,중상
2014040300100045,2014년 4월 3일 02시,목요일,인천광역시 남동구 만수동,중상사고,0,1,0,0,차대차 - 기타,안전운전불이행,건조,맑음,단일로 - 기타,승용,남,41세,상해없음,승합,남,57세,중상
2014040300100061,2014년 4월 3일 05시,목요일,인천광역시 서구 가정동,경상사고,0,0,1,0,차대차 - 측면직각충돌,신호위반,건조,맑음,교차로 - 교차로안,화물,남,60세,상해없음,승용,남,57세,경상
2014040300100140,2014년 4월 3일 08시,목요일,인천광역시 중구 신흥동3가,경상사고,0,0,1,0,차대차 - 측면직각충돌,신호위반,건조,맑음,교차로 - 교차로안,승용,남,40세,상해없음,승용,여,36세,경상
2014040300100141,2014년 4월 3일 08시,목요일,인천광역시 서구 가정동,경상사고,0,0,1,0,차대차 - 기타,직진우회전진행방해,습기,흐림,교차로 - 교차로안,화물,여,36세,상해없음,승용,남,57세,경상
2014040300100142,2014년 4월 3일 08시,목요일,인천광역시 계양구 병방동,경상사고,0,0,1,0,차대사람 - 길가장자리구역통행중,안전운전불이행,습기,비,단일로 - 기타,승용,남,41세,상해없음,보행자,여,15세,경상
2014040300100143,2014년 4월 3일 08시,목요일,인천광역시 연수구 송도동,경상사고,0,0,1,0,차대차 - 기타,신호위반,건조,맑음,교차로 - 교차로안,승용,남,68세,상해없음,승용,여,41세,경상
2014040300100219,2014년 4월 3일 11시,목요일,인천광역시 중구 도원동,중상사고,0,1,0,0,차대사람 - 보도통행중,안전운전불이행,습기,비,교차로 - 교차로안,승용,남,56세,상해없음,보행자,여,68세,중상
2014040300100220,2014년 4월 3일 11시,목요일,인천광역시 부평구 청천동,경상사고,0,0,5,0,차대차 - 추돌 - 진행중,안전운전불이행,건조,맑음,교차로 - 교차로부근,승용,남,38세,경상,승용,남,57세,경상
2014040300100221,2014년 4월 3일 11시,목요일,인천광역시 남동구 고잔동,경상사고,0,0,1,0,차대차 - 측면직각충돌,교차로운행방법위반,습기,비,교차로 - 교차로안,승용,남,52세,경상,화물,남,47세,상해없음
2014040300100254,2014년 4월 3일 12시,목요일,인천광역시 남구 주안동,중상사고,0,1,0,0,차대차 - 추돌 - 진행중,안전운전불이행,습기,비,기타 - 기타,승용,남,44세,상해없음,승용,남,41세,중상
2014040300100255,2014년 4월 3일 12시,목요일,인천광역시 부평구 구산동,경상사고,0,0,1,0,차대차 - 추돌 - 주정차중,안전운전불이행,건조,맑음,단일로 - 기타,화물,남,52세,상해없음,승용,여,29세,경상
2014040300100330,2014년 4월 3일 15시,목요일,인천광역시 부평구 산곡동,경상사고,0,0,1,0,차대사람 - 기타,기타,건조,맑음,단일로 - 기타,승합,남,36세,기타불명,보행자,여,63세,경상
2014040300100331,2014년 4월 3일 15시,목요일,인천광역시 남동구 구월동,중상사고,0,1,0,0,차대사람 - 기타,안전운전불이행,건조,맑음,단일로 - 기타,승용,남,32세,상해없음,보행자,남,53세,중상
2014040300100332,2014년 4월 3일 15시,목요일,인천광역시 부평구 부개동,중상사고,0,1,0,0,차대사람 - 횡단중,보행자보호의무위반,건조,맑음,교차로 - 교차로안,승용,남,57세,상해없음,보행자,여,8세,중상
2014040300100359,2014년 4월 3일 16시,목요일,인천광역시 남동구 구월동,경상사고,0,0,2,0,차대차 - 측면직각충돌,신호위반,기타,비,교차로 - 교차로안,승용,남,71세,상해없음,승용,남,63세,경상
2014040300100390,2014년 4월 3일 17시,목요일,인천광역시 중구 운서동,중상사고,0,1,0,0,차대사람 - 횡단중,신호위반,건조,맑음,단일로 - 횡단보도상,승합,남,64세,상해없음,보행자,남,55세,중상
2014040300100391,2014년 4월 3일 17시,목요일,인천광역시 중구 신흥동3가,경상사고,0,0,2,0,차대차 - 추돌 - 주정차중,안전운전불이행,건조,흐림,단일로 - 기타,화물,남,42세,상해없음,화물,남,30세,경상
2014040300100392,2014년 4월 3일 17시,목요일,인천광역시 서구 마전동,중상사고,0,1,0,0,차대사람 - 횡단중,신호위반,건조,맑음,단일로 - 횡단보도상,승용,여,40세,상해없음,보행자,여,16세,중상
2014040300100463,2014년 4월 3일 19시,목요일,인천광역시 연수구 송도동,경상사고,0,0,1,0,차대차 - 기타,안전운전불이행,건조,맑음,단일로 - 기타,승용,여,37세,상해없음,승용,남,54세,경상
2014040300100501,2014년 4월 3일 20시,목요일,인천광역시 남동구 고잔동,경상사고,0,0,1,0,차대차 - 기타,안전운전불이행,건조,맑음,단일로 - 기타,화물,남,26세,상해없음,승용,남,45세,경상
2014040300100502,2014년 4월 3일 20시,목요일,인천광역시 부평구 부평동,중상사고,0,1,0,0,차대사람 - 기타,신호위반,건조,맑음,단일로 - 기타,승용,남,61세,상해없음,보행자,여,18세,중상
2014040300100541,2014년 4월 3일 21시,목요일,인천광역시 서구 가좌동,부상신고사고,0,0,0,1,차대사람 - 횡단중,보행자보호의무위반,건조,맑음,교차로 - 교차로안,승용,남,40세,상해없음,보행자,남,33세,부상신고
2014040300100575,2014년 4월 3일 22시,목요일,인천광역시 동구 송림동,중상사고,0,1,0,0,차대차 - 측면직각충돌,신호위반,건조,맑음,교차로 - 교차로안,승합,남,26세,상해없음,이륜,남,31세,중상
2014040300100619,2014년 4월 3일 23시,목요일,인천광역시 계양구 작전동,중상사고,0,1,0,0,차대차 - 측면직각충돌,기타,건조,맑음,교차로 - 교차로부근,이륜,남,37세,중상,승용,남,27세,상해없음
2014040400100022,2014년 4월 4일 00시,금요일,인천광역시 남동구 논현동,중상사고,0,1,1,0,차대차 - 기타,신호위반,건조,맑음,교차로 - 교차로안,승용,남,23세,상해없음,승용,남,31세,중상
2014040400100049,2014년 4월 4일 01시,금요일,인천광역시 부평구 산곡동,경상사고,0,0,1,0,차대사람 - 기타,안전운전불이행,건조,맑음,교차로 - 교차로부근,승용,남,58세,상해없음,보행자,남,63세,경상
2014040400100050,2014년 4월 4일 01시,금요일,인천광역시 남동구 구월동,중상사고,0,1,0,0,차대사람 - 횡단중,안전운전불이행,습기,비,단일로 - 횡단보도상,승용,남,33세,상해없음,보행자,남,29세,중상
2014040400100051,2014년 4월 4일 01시,금요일,인천광역시 남동구 만수동,경상사고,0,0,2,0,차대차 - 측면직각충돌,안전거리미확보,건조,맑음,교차로 - 교차로안,승용,남,57세,경상,승용,남,41세,경상
2014040400100081,2014년 4월 4일 04시,금요일,인천광역시 계양구 용종동,경상사고,0,0,1,1,차대차 - 추돌 - 주정차중,안전운전불이행,건조,맑음,교차로 - 교차로부근,승용,여,30세,상해없음,승용,남,44세,경상
2014040400100125,2014년 4월 4일 07시,금요일,인천광역시 남동구 남촌동,경상사고,0,0,1,0,차대차 - 기타,안전운전불이행,건조,맑음,교차로 - 교차로안,승용,기타불명,기타불명,기타불명,자전거,남,17세,경상
2014040400100126,2014년 4월 4일 07시,금요일,인천광역시 남동구 만수동,경상사고,0,0,1,0,차대사람 - 횡단중,보행자보호의무위반,건조,맑음,교차로 - 교차로부근,승용,여,40세,상해없음,보행자,여,17세,경상
2014040400100127,2014년 4월 4일 07시,금요일,인천광역시 서구 심곡동,중상사고,0,1,0,0,차대사람 - 기타,신호위반,건조,맑음,교차로 - 교차로부근,화물,남,26세,상해없음,보행자,여,36세,중상
2014040400100162,2014년 4월 4일 08시,금요일,인천광역시 부평구 산곡동,중상사고,0,1,0,0,차대사람 - 기타,안전운전불이행,건조,맑음,단일로 - 기타,승합,남,33세,상해없음,보행자,여,52세,중상
2014040400100187,2014년 4월 4일 09시,금요일,인천광역시 계양구 서운동,경상사고,0,0,1,0,차대차 - 측면직각충돌,신호위반,건조,맑음,교차로 - 교차로안,승용,남,44세,상해없음,승용,남,47세,경상
2014040400100188,2014년 4월 4일 09시,금요일,인천광역시 계양구 상야동,중상사고,0,1,0,0,차대차 - 측면직각충돌,교차로운행방법위반,건조,맑음,교차로 - 교차로안,승용,여,42세,상해없음,화물,남,53세,중상
2014040400100225,2014년 4월 4일 10시,금요일,인천광역시 부평구 부평동,중상사고,0,1,0,0,차대차 - 기타,안전운전불이행,건조,맑음,단일로 - 기타,승용,남,46세,상해없음,원동기,남,43세,중상
2014040400100226,2014년 4월 4일 10시,금요일,인천광역시 부평구 십정동,중상사고,0,1,0,0,차대차 - 측면직각충돌,안전거리미확보,건조,맑음,단일로 - 기타,화물,남,44세,상해없음,승용,남,50세,중상
2014040400100227,2014년 4월 4일 10시,금요일,인천광역시 남동구 간석동,중상사고,0,1,0,0,차대사람 - 기타,안전운전불이행,건조,맑음,교차로 - 교차로안,승용,남,41세,상해없음,보행자,여,55세,중상
2014040400100254,2014년 4월 4일 11시,금요일,인천광역시 남구 주안동,경상사고,0,0,1,0,차량단독 - 기타,안전운전불이행,건조,맑음,단일로 - 기타,승합,남,54세,상해없음,,,,
2014040400100282,2014년 4월 4일 12시,금요일,인천광역시 서구 경서동,경상사고,0,0,1,0,차대사람 - 횡단중,안전운전불이행,건조,맑음,단일로 - 기타,승용,남,18세,상해없음,보행자,남,54세,경상
2014040400100302,2014년 4월 4일 13시,금요일,인천광역시 부평구 십정동,중상사고,0,1,0,0,차대사람 - 횡단중,안전운전불이행,건조,맑음,단일로 - 기타,승용,남,66세,상해없음,보행자,여,36세,중상
2014040400100342,2014년 4월 4일 14시,금요일,인천광역시 부평구 부평동,중상사고,0,1,0,0,차대차 - 측면직각충돌,안전거리미확보,건조,맑음,단일로 - 기타,승합,기타불명,기타불명,기타불명,승용,여,51세,중상
2014040400100343,2014년 4월 4일 14시,금요일,인천광역시 연수구 옥련동,경상사고,0,0,2,0,차대차 - 측면직각충돌,안전운전불이행,건조,맑음,교차로 - 교차로부근,승용,남,42세,상해없음,승용,여,53세,경상
2014040400100385,2014년 4월 4일 15시,금요일,인천광역시 계양구 계산동,중상사고,0,2,1,0,차대차 - 측면직각충돌,안전거리미확보,건조,맑음,교차로 - 교차로안,화물,남,24세,상해없음,승용,여,59세,중상
2014040400100424,2014년 4월 4일 16시,금요일,인천광역시 남구 주안동,부상신고사고,0,0,0,1,차대사람 - 기타,안전운전불이행,건조,맑음,단일로 - 기타,화물,남,35세,상해없음,보행자,남,56세,부상신고
2014040400100468,2014년 4월 4일 17시,금요일,인천광역시 남동구 간석동,중상사고,0,1,0,0,차량단독 - 기타,안전운전불이행,건조,맑음,단일로 - 기타,승합,남,40세,상해없음,,,,
2014040400100509,2014년 4월 4일 18시,금요일,인천광역시 부평구 청천동,경상사고,0,0,1,0,차대차 - 기타,안전운전불이행,건조,맑음,교차로 - 교차로부근,승용,여,55세,상해없음,승용,남,31세,상해없음
2014040400100510,2014년 4월 4일 18시,금요일,인천광역시 남동구 구월동,경상사고,0,0,1,0,차대사람 - 기타,안전운전불이행,건조,맑음,교차로 - 교차로부근,화물,남,56세,상해없음,보행자,남,20세,경상
2014040400100511,2014년 4월 4일 18시,금요일,인천광역시 서구 경서동,중상사고,0,1,0,0,차대사람 - 기타,안전운전불이행,건조,맑음,교차로 - 교차로안,화물,남,28세,상해없음,보행자,남,55세,중상
2014040400100580,2014년 4월 4일 20시,금요일,인천광역시 중구 경동,경상사고,0,0,1,0,차대차 - 추돌 - 주정차중,안전운전불이행,건조,맑음,교차로 - 교차로부근,승용,남,44세,상해없음,승용,여,33세,경상
2014040400100581,2014년 4월 4일 20시,금요일,인천광역시 남구 주안동,경상사고,0,0,5,0,차대차 - 측면직각충돌,안전거리미확보,건조,맑음,단일로 - 기타,승합,남,47세,상해없음,승용,남,37세,경상
2014040400100582,2014년 4월 4일 20시,금요일,인천광역시 부평구 십정동,경상사고,0,0,2,0,차대차 - 측면직각충돌,안전운전불이행,건조,맑음,단일로 - 기타,승용,남,25세,상해없음,이륜,남,19세,경상
2014040400100583,2014년 4월 4일 20시,금요일,인천광역시 부평구 산곡동,중상사고,0,1,0,0,차대사람 - 횡단중,안전운전불이행,건조,맑음,단일로 - 기타,승용,남,62세,상해없음,보행자,남,47세,중상
2014040400100584,2014년 4월 4일 20시,금요일,인천광역시 서구 신현동,경상사고,0,0,1,0,차대사람 - 기타,안전운전불이행,건조,맑음,단일로 - 기타,승용,기타불명,기타불명,기타불명,보행자,남,53세,경상
2014040400100585,2014년 4월 4일 20시,금요일,인천광역시 연수구 옥련동,경상사고,0,0,1,0,차대차 - 기타,신호위반,건조,맑음,단일로 - 횡단보도상,이륜,기타불명,기타불명,기타불명,자전거,남,36세,경상
2014040400100620,2014년 4월 4일 21시,금요일,인천광역시 부평구 삼산동,중상사고,0,1,1,0,차대차 - 측면직각충돌,안전운전불이행,건조,맑음,단일로 - 기타,승용,남,40세,상해없음,승용,여,45세,경상
2014040400100652,2014년 4월 4일 22시,금요일,인천광역시 남동구 만수동,중상사고,0,1,0,0,차대사람 - 횡단중,중앙선침범,건조,맑음,단일로 - 기타,승용,남,29세,상해없음,보행자,여,43세,중상
2014040400100653,2014년 4월 4일 22시,금요일,인천광역시 남동구 간석동,중상사고,0,1,1,0,차대차 - 추돌 - 진행중,과속,건조,맑음,단일로 - 기타,승용,남,21세,상해없음,승용,남,59세,중상
2014040400100683,2014년 4월 4일 23시,금요일,인천광역시 서구 심곡동,경상사고,0,0,1,0,차대차 - 기타,안전운전불이행,건조,맑음,단일로 - 기타,화물,기타불명,기타불명,기타불명,승용,남,47세,경상
2014040500100021,2014년 4월 5일 00시,토요일,인천광역시 남동구 논현동,중상사고,0,1,0,0,차대차 - 측면직각충돌,안전거리미확보,건조,맑음,단일로 - 기타,승용,여,47세,상해없음,이륜,남,18세,중상
2014040500100042,2014년 4월 5일 01시,토요일,인천광역시 남구 주안동,경상사고,0,0,1,0,차대차 - 기타,안전운전불이행,건조,맑음,교차로 - 교차로안,승용,남,59세,상해없음,기타불명,기타불명,기타불명,기타불명
2014040500100059,2014년 4월 5일 02시,토요일,인천광역시 연수구 연수동,경상사고,0,0,2,0,차대차 - 측면직각충돌,신호위반,건조,맑음,교차로 - 교차로안,승용,남,51세,상해없음,승용,남,58세,경상
2014040500100084,2014년 4월 5일 04시,토요일,인천광역시 남동구 구월동,경상사고,0,0,1,0,차대차 - 기타,안전운전불이행,건조,맑음,단일로 - 기타,승용,여,23세,상해없음,승용,남,55세,경상
2014040500100114,2014년 4월 5일 06시,토요일,인천광역시 남구 주안동,경상사고,0,0,1,0,차대차 - 기타,안전운전불이행,건조,맑음,기타 - 기타,승용,남,23세,상해없음,승용,남,48세,경상
2014040500100115,2014년 4월 5일 06시,토요일,인천광역시 서구 원창동,경상사고,0,0,1,0,차대차 - 측면직각충돌,안전운전불이행,건조,맑음,단일로 - 기타,화물,남,44세,상해없음,승합,남,47세,경상
2014040500100199,2014년 4월 5일 10시,토요일,인천광역시 남동구 장수동,경상사고,0,0,1,0,차대사람 - 횡단중,보행자보호의무위반,건조,맑음,단일로 - 횡단보도상,화물,기타불명,기타불명,기타불명,보행자,여,62세,경상
2014040500100233,2014년 4월 5일 11시,토요일,인천광역시 남동구 간석동,경상사고,0,0,2,0,차량단독 - 기타,기타,건조,맑음,교차로 - 교차로부근,승합,남,51세,상해없음,,,,
2014040500100263,2014년 4월 5일 12시,토요일,인천광역시 남구 관교동,중상사고,0,2,0,0,차대차 - 측면직각충돌,안전운전불이행,건조,맑음,기타 - 기타,승용,남,50세,상해없음,승용,남,29세,중상
2014040500100297,2014년 4월 5일 13시,토요일,인천광역시 연수구 연수동,경상사고,0,0,1,0,차량단독 - 기타,안전운전불이행,건조,맑음,교차로 - 교차로안,승용,남,63세,상해없음,,,,
2014040500100323,2014년 4월 5일 14시,토요일,인천광역시 남구 용현동,부상신고사고,0,0,0,4,차대차 - 기타,안전운전불이행,건조,맑음,교차로 - 교차로부근,승용,남,53세,상해없음,승용,남,46세,부상신고
2014040500100324,2014년 4월 5일 14시,토요일,인천광역시 계양구 효성동,중상사고,0,1,0,0,차대사람 - 횡단중,신호위반,건조,맑음,교차로 - 교차로부근,화물,남,34세,상해없음,보행자,남,11세,중상
2014040500100325,2014년 4월 5일 14시,토요일,인천광역시 부평구 부개동,경상사고,0,0,1,0,차대차 - 추돌 - 주정차중,안전운전불이행,건조,맑음,단일로 - 기타,승용,남,27세,상해없음,승용,여,38세,경상
2014040500100368,2014년 4월 5일 15시,토요일,인천광역시 중구 항동7가,중상사고,0,1,2,0,차대차 - 기타,안전거리미확보,건조,맑음,단일로 - 기타,화물,남,55세,상해없음,승용,여,34세,경상
2014040500100369,2014년 4월 5일 15시,토요일,인천광역시 남동구 구월동,경상사고,0,0,1,0,차대차 - 측면직각충돌,교차로운행방법위반,건조,맑음,교차로 - 교차로안,화물,남,60세,상해없음,승합,남,34세,상해없음
2014040500100370,2014년 4월 5일 15시,토요일,인천광역시 강화군 양도면,경상사고,0,0,1,0,차대차 - 측면직각충돌,안전운전불이행,건조,맑음,교차로 - 교차로안,승용,여,32세,상해없음,승용,여,36세,경상
2014040500100435,2014년 4월 5일 17시,토요일,인천광역시 남구 도화동,경상사고,0,0,1,0,차대사람 - 횡단중,안전운전불이행,건조,맑음,기타 - 기타,승용,남,63세,상해없음,보행자,남,23세,경상
2014040500100506,2014년 4월 5일 19시,토요일,인천광역시 남동구 만수동,중상사고,0,1,0,0,차대차 - 측면직각충돌,안전운전불이행,건조,맑음,교차로 - 교차로안,승용,여,57세,상해없음,이륜,남,49세,중상
2014040500100541,2014년 4월 5일 20시,토요일,인천광역시 중구 항동7가,중상사고,0,1,0,0,차대차 - 기타,신호위반,건조,맑음,교차로 - 교차로안,승용,남,52세,상해없음,승용,여,51세,중상
2014040500100542,2014년 4월 5일 20시,토요일,인천광역시 중구 을왕동,경상사고,0,0,4,0,차대차 - 기타,안전운전불이행,건조,맑음,단일로 - 기타,승용,여,23세,상해없음,승용,여,46세,경상
2014040500100543,2014년 4월 5일 20시,토요일,인천광역시 부평구 산곡동,경상사고,0,0,1,0,차대사람 - 횡단중,안전운전불이행,건조,맑음,단일로 - 기타,승용,기타불명,기타불명,기타불명,보행자,여,17세,경상
2014040500100544,2014년 4월 5일 20시,토요일,인천광역시 남동구 구월동,중상사고,0,1,1,0,차대차 - 정면충돌,중앙선침범,건조,맑음,교차로 - 교차로부근,승용,남,58세,상해없음,승용,남,36세,중상
2014040500100583,2014년 4월 5일 21시,토요일,인천광역시 동구 송현동,경상사고,0,0,1,0,차대차 - 추돌 - 진행중,안전운전불이행,건조,맑음,단일로 - 기타,승용,남,47세,상해없음,화물,남,34세,경상
2014040500100584,2014년 4월 5일 21시,토요일,인천광역시 계양구 임학동,중상사고,0,1,1,0,차대차 - 측면직각충돌,중앙선침범,건조,맑음,교차로 - 교차로부근,이륜,남,18세,경상,이륜,남,22세,중상