사고번호,사고일시,요일,시군구,사고내용,사망자수,중상자수,경상자수,부상신고자수,사고유형,법규위반,노면상태,기상상태,도로형태,가해운전자 차종,가해운전자 성별,가해운전자 연령,가해운전자 상해정도,피해운전자 차종,피해운전자 성별,피해운전자 연령,피해운전자 상해정도
2014040500100585,2014년 4월 5일 21시,토요일,인천광역시 강화군 강화읍,중상사고,0,1,1,0,차대차 - 추돌 - 진행중,안전운전불이행,건조,맑음,단일로 - 기타,승용,여,57세,중상,승합,여,56세,경상
2014040500100609,2014년 4월 5일 22시,토요일,인천광역시 서구 백석동,경상사고,0,0,2,0,차대차 - 측면직각충돌,안전운전불이행,건조,맑음,교차로 - 교차로안,승용,남,64세,상해없음,승용,남,19세,경상
2014040500100610,2014년 4월 5일 22시,토요일,인천광역시 부평구 일신동,중상사고,0,1,0,0,차대사람 - 기타,안전운전불이행,건조,맑음,단일로 - 기타,승합,남,44세,상해없음,보행자,남,59세,중상
2014040500100637,2014년 4월 5일 23시,토요일,인천광역시 계양구 효성동,경상사고,0,0,1,0,차대차 - 측면직각충돌,안전운전불이행,건조,맑음,교차로 - 교차로안,자전거,여,18세,경상,승용,남,51세,상해없음
2014040600100020,2014년 4월 6일 01시,일요일,인천광역시 부평구 부평동,경상사고,0,0,2,0,차대차 - 기타,교차로운행방법위반,건조,맑음,교차로 - 교차로안,승용,남,54세,상해없음,승용,여,49세,경상
2014040600100021,2014년 4월 6일 01시,일요일,인천광역시 계양구 장기동,중상사고,0,1,1,0,차대차 - 추돌 - 진행중,안전운전불이행,건조,맑음,교차로 - 교차로부근,화물,남,34세,상해없음,승용,남,46세,경상
2014040600100047,2014년 4월 6일 03시,일요일,인천광역시 남동구 구월동,경상사고,0,0,1,0,차대차 - 추돌 - 주정차중,안전운전불이행,건조,맑음,단일로 - 기타,기타불명,기타불명,기타불명,기타불명,승용,남,43세,경상
2014040600100097,2014년 4월 6일 08시,일요일,인천광역시 계양구 서운동,사망사고,1,4,0,0,차대차 - 측면직각충돌,안전거리미확보,건조,맑음,단일로 - 기타,승용,남,50세,상해없음,승용,남,42세,중상
2014040600100116,2014년 4월 6일 09시,일요일,인천광역시 서구 심곡동,경상사고,0,0,1,0,차대사람 - 기타,안전운전불이행,건조,맑음,단일로 - 기타,승용,남,52세,상해없음,보행자,남,22세,경상
2014040600100117,2014년 4월 6일 09시,일요일,인천광역시 서구 신현동,중상사고,0,1,1,0,차대차 - 추돌 - 주정차중,안전운전불이행,건조,맑음,교차로 - 교차로부근,승용,남,40세,상해없음,승용,여,65세,경상
2014040600100149,2014년 4월 6일 10시,일요일,인천광역시 중구 신흥동1가,경상사고,0,0,1,0,차대사람 - 보도통행중,안전운전불이행,건조,맑음,단일로 - 기타,승용,남,49세,상해없음,보행자,남,70세,경상
2014040600100150,2014년 4월 6일 10시,일요일,인천광역시 강화군 불은면,경상사고,0,0,2,0,차대차 - 측면직각충돌,중앙선침범,건조,맑음,단일로 - 기타,건설기계,남,57세,상해없음,승합,남,52세,상해없음
2014040600100169,2014년 4월 6일 11시,일요일,인천광역시 부평구 부개동,경상사고,0,0,1,0,차대차 - 측면직각충돌,안전거리미확보,건조,맑음,교차로 - 교차로안,승용,여,31세,상해없음,승용,남,55세,경상
2014040600100226,2014년 4월 6일 13시,일요일,인천광역시 남동구 구월동,경상사고,0,0,2,0,차대차 - 측면직각충돌,안전거리미확보,건조,맑음,교차로 - 교차로부근,승용,남,38세,상해없음,승용,여,59세,경상
2014040600100251,2014년 4월 6일 14시,일요일,인천광역시 강화군 강화읍,중상사고,0,2,2,0,차대차 - 측면직각충돌,안전운전불이행,건조,맑음,교차로 - 교차로안,승용,남,56세,상해없음,승용,남,52세,중상
2014040600100358,2014년 4월 6일 17시,일요일,인천광역시 남동구 구월동,중상사고,0,1,0,0,차대차 - 기타,안전운전불이행,건조,맑음,교차로 - 교차로부근,자전거,남,22세,중상,승합,남,53세,상해없음
2014040600100359,2014년 4월 6일 17시,일요일,인천광역시 부평구 일신동,경상사고,0,0,1,0,차대차 - 추돌 - 진행중,안전운전불이행,건조,맑음,단일로 - 기타,승용,남,61세,상해없음,승용,남,44세,경상
2014040600100382,2014년 4월 6일 18시,일요일,인천광역시 계양구 귤현동,중상사고,0,1,0,0,차대차 - 추돌 - 진행중,안전거리미확보,건조,맑음,단일로 - 기타,화물,남,50세,상해없음,승용,남,27세,중상
2014040600100414,2014년 4월 6일 19시,일요일,인천광역시 연수구 옥련동,경상사고,0,0,1,0,차대차 - 기타,신호위반,건조,맑음,교차로 - 교차로안,승용,남,63세,상해없음,승합,남,40세,경상
2014040600100495,2014년 4월 6일 22시,일요일,인천광역시 남구 숭의동,경상사고,0,0,1,0,차대차 - 기타,안전운전불이행,건조,맑음,기타 - 기타,화물,남,55세,상해없음,승용,남,56세,경상
2014040600100496,2014년 4월 6일 22시,일요일,인천광역시 남동구 논현동,경상사고,0,0,1,0,차대차 - 추돌 - 주정차중,안전운전불이행,건조,맑음,교차로 - 교차로부근,승용,여,36세,상해없음,승용,남,58세,경상
2014040600100497,2014년 4월 6일 22시,일요일,인천광역시 서구 원당동,경상사고,0,0,1,0,차대차 - 기타,안전운전불이행,건조,맑음,단일로 - 기타,승용,여,42세,상해없음,승용,남,33세,기타불명
2014040700100021,2014년 4월 7일 01시,월요일,인천광역시 남동구 간석동,사망사고,2,0,0,0,차대차 - 추돌 - 진행중,안전운전불이행,건조,맑음,교차로 - 교차로부근,이륜,남,29세,사망,이륜,남,29세,사망
2014040700100028,2014년 4월 7일 02시,월요일,인천광역시 남동구 간석동,경상사고,0,0,1,0,차대차 - 측면직각충돌,교차로운행방법위반,건조,맑음,교차로 - 교차로안,승용,남,28세,상해없음,승용,남,27세,경상
2014040700100031,2014년 4월 7일 03시,월요일,인천광역시 남구 도화동,경상사고,0,0,2,0,차대차 - 기타,안전거리미확보,건조,맑음,단일로 - 기타,승용,여,44세,상해없음,승용,남,37세,경상
2014040700100041,2014년 4월 7일 05시,월요일,인천광역시 부평구 부평동,경상사고,0,0,1,0,차대사람 - 차도통행중,안전운전불이행,건조,맑음,단일로 - 기타,기타불명,기타불명,기타불명,기타불명,보행자,남,71세,경상
2014040700100052,2014년 4월 7일 06시,월요일,인천광역시 계양구 용종동,경상사고,0,0,1,0,차대차 - 추돌 - 주정차중,안전운전불이행,건조,맑음,단일로 - 기타,승용,남,25세,상해없음,승용,남,27세,경상
2014040700100077,2014년 4월 7일 07시,월요일,인천광역시 서구 금곡동,경상사고,0,0,1,0,차대차 - 기타,안전운전불이행,건조,맑음,단일로 - 기타,화물,기타불명,기타불명,기타불명,자전거,남,47세,경상
2014040700100078,2014년 4월 7일 07시,월요일,인천광역시 부평구 부개동,중상사고,0,1,0,0,차대사람 - 횡단중,안전운전불이행,건조,맑음,단일로 - 기타,승용,남,37세,상해없음,보행자,남,20세,중상
2014040700100129,2014년 4월 7일 08시,월요일,인천광역시 남구 도화동,경상사고,0,0,1,0,차대차 - 기타,신호위반,건조,맑음,교차로 - 교차로안,기타불명,기타불명,기타불명,기타불명,승합,남,45세,상해없음
2014040700100166,2014년 4월 7일 09시,월요일,인천광역시 남구 주안동,경상사고,0,0,1,0,차대차 - 기타,안전운전불이행,건조,맑음,교차로 - 교차로안,승용,남,19세,상해없음,승용,남,59세,경상
2014040700100167,2014년 4월 7일 09시,월요일,인천광역시 남동구 간석동,경상사고,0,0,1,0,차대차 - 추돌 - 진행중,안전운전불이행,건조,맑음,단일로 - 기타,승용,남,23세,상해없음,승용,남,39세,경상
2014040700100199,2014년 4월 7일 11시,월요일,인천광역시 남구 주안동,경상사고,0,0,1,0,차대차 - 기타,안전운전불이행,건조,맑음,교차로 - 교차로안,승용,남,50세,상해없음,승용,여,44세,경상
2014040700100228,2014년 4월 7일 12시,월요일,인천광역시 남구 주안동,중상사고,0,1,0,0,차대사람 - 차도통행중,안전운전불이행,건조,맑음,교차로 - 교차로안,승용,남,55세,상해없음,보행자,여,79세,중상
2014040700100290,2014년 4월 7일 14시,월요일,인천광역시 남구 용현동,경상사고,0,0,1,0,차대사람 - 기타,보행자보호의무위반,건조,맑음,단일로 - 기타,승합,남,65세,상해없음,보행자,남,61세,경상
2014040700100291,2014년 4월 7일 14시,월요일,인천광역시 남동구 논현동,경상사고,0,0,1,0,차대차 - 추돌 - 진행중,안전거리미확보,건조,맑음,교차로 - 교차로부근,화물,남,28세,상해없음,승용,남,37세,경상
2014040700100292,2014년 4월 7일 14시,월요일,인천광역시 남동구 구월동,경상사고,0,0,1,0,차대차 - 추돌 - 주정차중,안전운전불이행,건조,맑음,기타 - 기타,승용,남,59세,상해없음,승용,남,34세,경상
2014040700100293,2014년 4월 7일 14시,월요일,인천광역시 서구 가좌동,중상사고,0,1,2,0,차대차 - 측면직각충돌,안전운전불이행,건조,맑음,교차로 - 교차로부근,이륜,남,38세,중상,승용,남,21세,경상
2014040700100294,2014년 4월 7일 14시,월요일,인천광역시 연수구 연수동,경상사고,0,0,1,0,차대차 - 기타,안전운전불이행,건조,맑음,교차로 - 교차로부근,자전거,남,52세,경상,화물,남,29세,상해없음
2014040700100360,2014년 4월 7일 16시,월요일,인천광역시 남동구 남촌동,중상사고,0,1,0,0,차대차 - 측면직각충돌,안전운전불이행,건조,맑음,단일로 - 기타,승용,남,51세,상해없음,이륜,남,30세,중상
2014040700100444,2014년 4월 7일 18시,월요일,인천광역시 중구 운서동,경상사고,0,0,1,0,차대차 - 기타,신호위반,건조,맑음,단일로 - 횡단보도상,승용,남,21세,상해없음,자전거,여,17세,경상
2014040700100482,2014년 4월 7일 19시,월요일,인천광역시 서구 가좌동,중상사고,0,1,0,0,차대차 - 측면직각충돌,신호위반,건조,맑음,교차로 - 교차로안,승용,남,50세,상해없음,승용,남,35세,중상
2014040700100483,2014년 4월 7일 19시,월요일,인천광역시 연수구 선학동,경상사고,0,0,1,0,차대차 - 기타,안전거리미확보,건조,맑음,단일로 - 기타,기타불명,기타불명,기타불명,기타불명,승용,남,19세,경상
2014040700100541,2014년 4월 7일 21시,월요일,인천광역시 남구 용현동,사망사고,1,0,0,0,차대차 - 측면직각충돌,신호위반,건조,맑음,교차로 - 교차로안,화물,남,46세,상해없음,승용,남,46세,사망
2014040700100542,2014년 4월 7일 21시,월요일,인천광역시 계양구 계산동,경상사고,0,0,1,0,차대차 - 측면직각충돌,신호위반,건조,맑음,교차로 - 교차로안,이륜,남,17세,상해없음,이륜,남,19세,상해없음
2014040700100573,2014년 4월 7일 22시,월요일,인천광역시 남동구 고잔동,중상사고,0,1,1,0,차대차 - 추돌 - 주정차중,안전운전불이행,건조,맑음,단일로 - 기타,승용,남,43세,상해없음,승용,남,57세,중상
2014040700100574,2014년 4월 7일 22시,월요일,인천광역시 서구 심곡동,경상사고,0,0,4,0,차대차 - 측면직각충돌,신호위반,건조,맑음,교차로 - 교차로안,승용,남,30세,상해없음,승용,남,34세,경상
2014040700100590,2014년 4월 7일 23시,월요일,인천광역시 부평구 산곡동,경상사고,0,0,1,0,차대사람 - 기타,안전운전불이행,건조,맑음,단일로 - 기타,승용,남,47세,상해없음,보행자,남,32세,경상
2014040700100592,2014년 4월 7일 23시,월요일,인천광역시 계양구 작전동,중상사고,0,1,1,0,차대차 - 추돌 - 주정차중,안전운전불이행,건조,맑음,단일로 - 기타,승용,여,20세,중상,승용,여,39세,경상
2014040800100072,2014년 4월 8일 06시,화요일,인천광역시 부평구 산곡동,경상사고,0,0,11,0,차대차 - 추돌 - 주정차중,안전운전불이행,건조,맑음,교차로 - 교차로부근,승용,남,32세,상해없음,승합,남,50세,경상
2014040800100144,2014년 4월 8일 08시,화요일,인천광역시 남구 주안동,경상사고,0,0,1,0,차대차 - 추돌 - 진행중,안전거리미확보,건조,맑음,단일로 - 기타,승용,남,34세,상해없음,승용,남,37세,경상
2014040800100145,2014년 4월 8일 08시,화요일,인천광역시 부평구 산곡동,경상사고,0,0,1,0,차대차 - 추돌 - 진행중,안전운전불이행,건조,맑음,단일로 - 기타,승용,남,28세,기타불명,자전거,남,62세,경상
2014040800100146,2014년 4월 8일 08시,화요일,인천광역시 연수구 연수동,경상사고,0,0,1,0,차대차 - 추돌 - 주정차중,안전운전불이행,건조,맑음,단일로 - 기타,승용,남,67세,상해없음,화물,남,45세,경상
2014040800100175,2014년 4월 8일 09시,화요일,인천광역시 남동구 만수동,중상사고,0,1,0,0,차대차 - 측면직각충돌,교차로운행방법위반,건조,맑음,교차로 - 교차로안,승용,남,54세,상해없음,이륜,남,48세,중상
2014040800100200,2014년 4월 8일 10시,화요일,인천광역시 남구 숭의동,경상사고,0,0,2,0,차대차 - 기타,안전운전불이행,건조,맑음,교차로 - 교차로안,승용,여,45세,상해없음,승용,남,35세,경상
2014040800100201,2014년 4월 8일 10시,화요일,인천광역시 계양구 서운동,중상사고,0,1,0,0,차대차 - 측면직각충돌,신호위반,건조,맑음,단일로 - 횡단보도상,원동기,남,29세,상해없음,자전거,남,55세,중상
2014040800100202,2014년 4월 8일 10시,화요일,인천광역시 부평구 일신동,경상사고,0,0,1,0,차대차 - 추돌 - 주정차중,안전운전불이행,건조,맑음,단일로 - 기타,승용,남,61세,상해없음,승용,남,38세,경상
2014040800100252,2014년 4월 8일 12시,화요일,인천광역시 부평구 부평동,중상사고,0,3,4,0,차량단독 - 공작물충돌,안전거리미확보,건조,맑음,단일로 - 기타,승합,남,55세,상해없음,,,,
2014040800100253,2014년 4월 8일 12시,화요일,인천광역시 남동구 구월동,경상사고,0,0,1,0,차대차 - 측면직각충돌,불법유턴,건조,맑음,단일로 - 기타,승용,남,69세,상해없음,이륜,남,17세,경상
2014040800100281,2014년 4월 8일 13시,화요일,인천광역시 서구 마전동,경상사고,0,0,1,0,차대차 - 기타,안전운전불이행,건조,맑음,기타 - 기타,승용,여,54세,상해없음,승합,남,35세,경상
2014040800100310,2014년 4월 8일 14시,화요일,인천광역시 남구 도화동,경상사고,0,0,3,0,차대차 - 기타,안전거리미확보,건조,맑음,교차로 - 교차로안,승용,남,43세,경상,승용,남,42세,경상
2014040800100311,2014년 4월 8일 14시,화요일,인천광역시 남동구 고잔동,경상사고,0,0,1,0,차대차 - 측면직각충돌,안전거리미확보,건조,맑음,단일로 - 기타,화물,남,40세,상해없음,승용,여,61세,경상
2014040800100312,2014년 4월 8일 14시,화요일,인천광역시 계양구 박촌동,경상사고,0,0,1,0,차대사람 - 차도통행중,안전운전불이행,건조,맑음,교차로 - 교차로안,승용,남,65세,상해없음,보행자,여,40세,경상
2014040800100438,2014년 4월 8일 17시,화요일,인천광역시 남동구 고잔동,경상사고,0,0,1,0,차대차 - 측면직각충돌,안전거리미확보,건조,맑음,교차로 - 교차로부근,화물,남,39세,상해없음,승용,여,55세,경상
2014040800100439,2014년 4월 8일 17시,화요일,인천광역시 남동구 만수동,경상사고,0,0,2,0,차대차 - 추돌 - 주정차중,안전운전불이행,건조,맑음,단일로 - 기타,승용,남,53세,상해없음,승용,남,29세,경상
2014040800100477,2014년 4월 8일 18시,화요일,인천광역시 계양구 계산동,경상사고,0,0,1,0,차대차 - 측면직각충돌,안전운전불이행,건조,맑음,교차로 - 교차로안,승용,남,57세,상해없음,이륜,남,54세,경상
2014040800100556,2014년 4월 8일 20시,화요일,인천광역시 중구 인현동,경상사고,0,0,2,0,차대차 - 기타,안전운전불이행,건조,맑음,교차로 - 교차로부근,승용,남,55세,상해없음,승용,남,25세,경상
2014040800100557,2014년 4월 8일 20시,화요일,인천광역시 서구 가정동,부상신고사고,0,0,0,1,차대차 - 기타,안전운전불이행,건조,맑음,단일로 - 기타,승용,기타불명,기타불명,기타불명,이륜,남,16세,부상신고
2014040800100588,2014년 4월 8일 21시,화요일,인천광역시 서구 신현동,경상사고,0,0,1,0,차대차 - 측면직각충돌,신호위반,건조,맑음,단일로 - 횡단보도상,이륜,남,20세,경상,승용,남,66세,상해없음
2014040800100615,2014년 4월 8일 22시,화요일,인천광역시 부평구 부평동,경상사고,0,0,1,0,차대차 - 기타,신호위반,건조,맑음,교차로 - 교차로안,승용,여,52세,상해없음,승용,여,26세,경상
2014040800100616,2014년 4월 8일 22시,화요일,인천광역시 부평구 청천동,경상사고,0,0,1,0,차대차 - 기타,안전운전불이행,건조,맑음,교차로 - 교차로부근,승용,남,52세,상해없음,승용,남,47세,경상
2014040800100617,2014년 4월 8일 22시,화요일,인천광역시 계양구 작전동,사망사고,1,0,0,0,차대사람 - 횡단중,안전운전불이행,건조,맑음,교차로 - 교차로안,승용,남,39세,상해없음,보행자,여,64세,사망
2014040800100618,2014년 4월 8일 22시,화요일,인천광역시 서구 석남동,중상사고,0,1,5,0,차대차 - 추돌 - 진행중,안전운전불이행,건조,맑음,단일로 - 기타,승용,남,31세,상해없음,화물,남,28세,경상
2014040800100648,2014년 4월 8일 23시,화요일,인천광역시 부평구 청천동,중상사고,0,1,2,0,차대차 - 측면직각충돌,신호위반,건조,맑음,교차로 - 교차로안,승용,남,55세,상해없음,승합,남,62세,중상
2014040900100032,2014년 4월 9일 01시,수요일,인천광역시 중구 운서동,경상사고,0,0,3,0,차대차 - 측면직각충돌,중앙선침범,습기,맑음,단일로 - 기타,승용,남,31세,상해없음,승용,남,28세,경상
2014040900100033,2014년 4월 9일 01시,수요일,인천광역시 부평구 산곡동,중상사고,0,1,0,0,차대차 - 추돌 - 주정차중,안전운전불이행,건조,맑음,단일로 - 기타,승용,남,25세,상해없음,이륜,남,52세,중상
2014040900100042,2014년 4월 9일 02시,수요일,인천광역시 계양구 박촌동,경상사고,0,0,2,0,차대차 - 측면직각충돌,안전운전불이행,건조,맑음,단일로 - 기타,승용,남,33세,상해없음,승용,남,55세,경상
2014040900100049,2014년 4월 9일 03시,수요일,인천광역시 부평구 삼산동,중상사고,0,3,0,0,차대차 - 측면직각충돌,차로위반,건조,맑음,단일로 - 기타,승용,남,52세,상해없음,승용,남,30세,중상
2014040900100104,2014년 4월 9일 07시,수요일,인천광역시 남구 주안동,중상사고,0,1,0,0,차대사람 - 횡단중,보행자보호의무위반,건조,맑음,단일로 - 횡단보도상,승용,기타불명,기타불명,기타불명,보행자,여,13세,중상
2014040900100141,2014년 4월 9일 08시,수요일,인천광역시 남동구 남촌동,중상사고,0,1,0,0,차대사람 - 횡단중,보행자보호의무위반,건조,흐림,교차로 - 교차로부근,화물,남,45세,상해없음,보행자,여,37세,중상
2014040900100176,2014년 4월 9일 09시,수요일,인천광역시 서구 왕길동,중상사고,0,3,0,0,차대차 - 추돌 - 주정차중,안전운전불이행,건조,맑음,단일로 - 기타,건설기계,남,43세,상해없음,화물,남,56세,중상
2014040900100177,2014년 4월 9일 09시,수요일,인천광역시 서구 경서동,경상사고,0,0,1,0,차대차 - 추돌 - 주정차중,안전운전불이행,건조,맑음,단일로 - 기타,승합,여,35세,상해없음,승용,여,34세,경상
2014040900100178,2014년 4월 9일 09시,수요일,인천광역시 계양구 계산동,부상신고사고,0,0,0,1,차대차 - 측면직각충돌,기타,건조,맑음,교차로 - 교차로부근,승용,남,59세,상해없음,이륜,남,24세,부상신고
2014040900100206,2014년 4월 9일 10시,수요일,인천광역시 남구 도화동,중상사고,0,1,0,0,차대차 - 측면직각충돌,신호위반,건조,맑음,교차로 - 교차로안,승용,남,26세,상해없음,승용,남,51세,중상
2014040900100207,2014년 4월 9일 10시,수요일,인천광역시 남구 문학동,중상사고,0,1,0,0,차대차 - 측면직각충돌,교차로운행방법위반,건조,맑음,교차로 - 교차로안,화물,남,54세,상해없음,자전거,남,21세,중상
2014040900100225,2014년 4월 9일 11시,수요일,인천광역시 중구 항동7가,경상사고,0,0,1,1,차대차 - 측면직각충돌,신호위반,건조,맑음,교차로 - 교차로안,건설기계,남,52세,상해없음,승용,남,73세,경상
2014040900100247,2014년 4월 9일 12시,수요일,인천광역시 남동구 구월동,중상사고,0,1,0,0,차대사람 - 횡단중,보행자보호의무위반,건조,맑음,단일로 - 횡단보도상,승용,남,64세,상해없음,보행자,여,49세,중상
2014040900100276,2014년 4월 9일 13시,수요일,인천광역시 남동구 만수동,경상사고,0,0,1,0,차대차 - 측면직각충돌,안전운전불이행,건조,맑음,교차로 - 교차로부근,승용,남,39세,상해없음,승용,여,33세,경상
2014040900100295,2014년 4월 9일 14시,수요일,인천광역시 부평구 산곡동,중상사고,0,1,0,0,차대차 - 기타,교차로운행방법위반,건조,맑음,교차로 - 교차로부근,화물,남,47세,상해없음,자전거,남,62세,중상
2014040900100331,2014년 4월 9일 15시,수요일,인천광역시 남동구 구월동,경상사고,0,0,1,0,차대차 - 추돌 - 주정차중,안전운전불이행,건조,맑음,단일로 - 기타,승용,남,45세,상해없음,화물,남,35세,상해없음
2014040900100374,2014년 4월 9일 16시,수요일,인천광역시 남구 용현동,경상사고,0,0,1,0,차대사람 - 횡단중,보행자보호의무위반,건조,맑음,교차로 - 교차로부근,승용,남,36세,상해없음,보행자,남,69세,경상
2014040900100375,2014년 4월 9일 16시,수요일,인천광역시 남구 숭의동,경상사고,0,0,2,0,차대차 - 기타,교차로운행방법위반,건조,맑음,교차로 - 교차로부근,승합,남,40세,상해없음,승용,남,58세,경상
2014040900100411,2014년 4월 9일 17시,수요일,인천광역시 중구 도원동,경상사고,0,0,1,0,차대사람 - 기타,안전운전불이행,건조,맑음,교차로 - 교차로안,승용,남,55세,상해없음,보행자,남,61세,경상
2014040900100502,2014년 4월 9일 19시,수요일,인천광역시 남동구 간석동,경상사고,0,0,1,0,차대차 - 측면직각충돌,교차로운행방법위반,건조,맑음,교차로 - 교차로안,승용,남,30세,상해없음,이륜,남,34세,경상
2014040900100503,2014년 4월 9일 19시,수요일,인천광역시 강화군 강화읍,중상사고,0,1,0,0,차대사람 - 기타,안전운전불이행,건조,맑음,단일로 - 기타,승합,남,45세,상해없음,보행자,남,68세,중상
2014040900100504,2014년 4월 9일 19시,수요일,인천광역시 부평구 삼산동,경상사고,0,0,1,0,차대차 - 측면직각충돌,안전운전불이행,건조,맑음,기타 - 기타,화물,남,48세,상해없음,자전거,남,44세,경상
2014040900100505,2014년 4월 9일 19시,수요일,인천광역시 부평구 부평동,경상사고,0,0,2,0,차대차 - 측면직각충돌,안전운전불이행,건조,맑음,기타 - 기타,승용,남,56세,상해없음,승용,남,26세,경상
2014040900100533,2014년 4월 9일 20시,수요일,인천광역시 부평구 청천동,경상사고,0,0,1,0,차대사람 - 기타,안전운전불이행,건조,맑음,교차로 - 교차로안,승용,남,47세,상해없음,보행자,남,42세,경상
2014040900100534,2014년 4월 9일 20시,수요일,인천광역시 부평구 삼산동,부상신고사고,0,0,0,1,차량단독 - 전도전복,안전운전불이행,건조,맑음,단일로 - 기타,자전거,남,14세,부상신고,,,,
2014040900100570,2014년 4월 9일 21시,수요일,인천광역시 남구 숭의동,경상사고,0,0,4,0,차대차 - 추돌 - 주정차중,안전운전불이행,건조,맑음,교차로 - 교차로부근,승합,남,48세,상해없음,승용,남,48세,경상
2014040900100571,2014년 4월 9일 21시,수요일,인천광역시 남동구 간석동,경상사고,0,0,2,0,차대차 - 추돌 - 주정차중,안전운전불이행,건조,맑음,단일로 - 기타,승용,남,33세,상해없음,승용,남,34세,경상
2014040900100572,2014년 4월 9일 21시,수요일,인천광역시 남동구 도림동,경상사고,0,0,2,0,차대차 - 기타,기타,건조,맑음,단일로 - 기타,승용,남,53세,상해없음,승용,남,28세,경상
2014040900100573,2014년 4월 9일 21시,수요일,인천광역시 계양구 동양동,중상사고,0,1,0,0,차대사람 - 기타,안전운전불이행,건조,맑음,교차로 - 교차로안,승용,남,37세,상해없음,보행자,남,57세,중상
2014040900100599,2014년 4월 9일 22시,수요일,인천광역시 부평구 십정동,경상사고,0,0,1,0,차대사람 - 길가장자리구역통행중,안전운전불이행,건조,맑음,단일로 - 기타,승용,남,49세,상해없음,보행자,남,42세,경상
2014040900100600,2014년 4월 9일 22시,수요일,인천광역시 남동구 논현동,중상사고,0,2,0,0,차대차 - 측면직각충돌,안전거리미확보,건조,맑음,단일로 - 기타,승용,남,61세,상해없음,승합,남,54세,상해없음
2014040900100601,2014년 4월 9일 22시,수요일,인천광역시 남동구 남촌동,중상사고,0,1,0,0,차대차 - 기타,교차로운행방법위반,건조,맑음,교차로 - 교차로안,승용,남,53세,상해없음,이륜,남,28세,중상
2014040900100627,2014년 4월 9일 23시,수요일,인천광역시 서구 금곡동,중상사고,0,1,0,0,차대사람 - 기타,안전운전불이행,건조,맑음,단일로 - 기타,기타불명,기타불명,기타불명,기타불명,보행자,여,55세,중상
2014041000100056,2014년 4월 10일 05시,목요일,인천광역시 남동구 만수동,경상사고,0,0,2,0,차대차 - 측면직각충돌,신호위반,건조,맑음,교차로 - 교차로안,승용,남,67세,경상,승용,남,47세,경상
2014041000100092,2014년 4월 10일 07시,목요일,인천광역시 중구 신흥동1가,경상사고,0,0,2,0,차대차 - 기타,신호위반,건조,맑음,교차로 - 교차로안,승용,여,48세,경상,승용,남,33세,경상
2014041000100093,2014년 4월 10일 07시,목요일,인천광역시 남구 용현동,경상사고,0,0,1,0,차대차 - 측면직각충돌,안전운전불이행,건조,맑음,단일로 - 기타,승용,남,53세,상해없음,원동기,남,23세,경상
2014041000100094,2014년 4월 10일 07시,목요일,인천광역시 연수구 동춘동,중상사고,0,1,0,0,차대사람 - 횡단중,안전운전불이행,건조,맑음,단일로 - 기타,승합,남,57세,상해없음,보행자,남,27세,중상
2014041000100138,2014년 4월 10일 08시,목요일,인천광역시 계양구 효성동,중상사고,0,1,0,0,차대사람 - 기타,기타,건조,맑음,단일로 - 기타,승합,남,46세,상해없음,보행자,여,40세,중상
2014041000100139,2014년 4월 10일 08시,목요일,인천광역시 남동구 간석동,경상사고,0,0,2,0,차대차 - 측면직각충돌,안전운전불이행,건조,맑음,단일로 - 기타,승용,남,32세,상해없음,승용,여,56세,경상
2014041000100140,2014년 4월 10일 08시,목요일,인천광역시 남동구 구월동,중상사고,0,1,0,0,차대차 - 기타,안전운전불이행,건조,맑음,단일로 - 기타,승용,남,55세,상해없음,자전거,남,13세,중상
2014041000100141,2014년 4월 10일 08시,목요일,인천광역시 계양구 작전동,경상사고,0,0,2,0,차대차 - 측면직각충돌,안전운전불이행,건조,맑음,단일로 - 기타,승합,남,46세,상해없음,승용,여,25세,경상
2014041000100194,2014년 4월 10일 10시,목요일,인천광역시 남동구 만수동,중상사고,0,2,1,0,차대차 - 기타,안전운전불이행,건조,맑음,단일로 - 기타,화물,남,60세,상해없음,화물,남,44세,중상
2014041000100243,2014년 4월 10일 12시,목요일,인천광역시 서구 오류동,중상사고,0,1,0,0,차대차 - 측면직각충돌,중앙선침범,건조,맑음,단일로 - 기타,화물,남,60세,상해없음,화물,남,41세,중상
2014041000100266,2014년 4월 10일 13시,목요일,인천광역시 동구 금곡동,경상사고,0,0,2,0,차대차 - 정면충돌,신호위반,건조,맑음,교차로 - 교차로안,승합,남,44세,상해없음,승용,남,56세,상해없음
2014041000100293,2014년 4월 10일 14시,목요일,인천광역시 계양구 장기동,부상신고사고,0,0,0,1,차대사람 - 길가장자리구역통행중,안전운전불이행,건조,맑음,단일로 - 기타,자전거,여,65세,상해없음,보행자,여,50세,부상신고
2014041000100324,2014년 4월 10일 15시,목요일,인천광역시 부평구 부평동,중상사고,0,1,0,0,차대차 - 추돌 - 진행중,안전운전불이행,건조,맑음,단일로 - 기타,이륜,남,42세,상해없음,자전거,여,75세,중상
2014041000100350,2014년 4월 10일 16시,목요일,인천광역시 부평구 청천동,중상사고,0,1,0,0,차대차 - 측면직각충돌,교차로운행방법위반,건조,맑음,교차로 - 교차로안,화물,남,53세,상해없음,원동기,남,33세,중상
2014041000100351,2014년 4월 10일 16시,목요일,인천광역시 서구 당하동,경상사고,0,0,2,0,차대차 - 기타,안전거리미확보,건조,맑음,단일로 - 기타,승용,남,26세,상해없음,승용,남,41세,경상