사고번호,사고일시,요일,시군구,사고내용,사망자수,중상자수,경상자수,부상신고자수,사고유형,법규위반,노면상태,기상상태,도로형태,가해운전자 차종,가해운전자 성별,가해운전자 연령,가해운전자 상해정도,피해운전자 차종,피해운전자 성별,피해운전자 연령,피해운전자 상해정도
2014042100100009,2014년 4월 21일 00시,월요일,인천광역시 서구 심곡동,경상사고,0,0,1,0,차대사람 - 기타,안전운전불이행,건조,맑음,단일로 - 기타,화물,남,50세,상해없음,보행자,남,49세,경상
2014042100100032,2014년 4월 21일 04시,월요일,인천광역시 서구 가좌동,경상사고,0,0,1,0,차량단독 - 기타,안전운전불이행,건조,맑음,단일로 - 기타,승용,남,49세,경상,,,,
2014042100100084,2014년 4월 21일 07시,월요일,인천광역시 남동구 만수동,경상사고,0,0,5,0,차대차 - 추돌 - 진행중,차로위반,건조,맑음,단일로 - 기타,승용,여,69세,상해없음,승용,남,19세,경상
2014042100100085,2014년 4월 21일 07시,월요일,인천광역시 서구 백석동,경상사고,0,0,1,0,차대차 - 측면직각충돌,차로위반,건조,맑음,단일로 - 기타,승용,남,46세,상해없음,승용,남,46세,경상
2014042100100117,2014년 4월 21일 08시,월요일,인천광역시 남동구 남촌동,경상사고,0,0,1,0,차대차 - 측면직각충돌,중앙선침범,건조,맑음,교차로 - 교차로부근,승용,여,49세,상해없음,승용,남,40세,경상
2014042100100118,2014년 4월 21일 08시,월요일,인천광역시 강화군 화도면,사망사고,2,0,0,0,차대사람 - 길가장자리구역통행중,안전운전불이행,건조,맑음,단일로 - 기타,승합,남,48세,상해없음,보행자,여,36세,사망
2014042100100156,2014년 4월 21일 09시,월요일,인천광역시 계양구 병방동,경상사고,0,0,1,0,차대사람 - 길가장자리구역통행중,안전운전불이행,건조,맑음,단일로 - 기타,승용,남,49세,상해없음,보행자,남,30세,경상
2014042100100188,2014년 4월 21일 10시,월요일,인천광역시 부평구 십정동,중상사고,0,1,2,0,차대차 - 추돌 - 진행중,안전거리미확보,건조,맑음,단일로 - 기타,화물,남,46세,상해없음,화물,남,53세,중상
2014042100100189,2014년 4월 21일 10시,월요일,인천광역시 남동구 만수동,경상사고,0,0,1,0,차대차 - 측면직각충돌,차로위반,건조,맑음,단일로 - 기타,승용,남,57세,상해없음,승용,남,50세,경상
2014042100100214,2014년 4월 21일 11시,월요일,인천광역시 부평구 산곡동,중상사고,0,1,0,0,차대사람 - 횡단중,안전운전불이행,건조,맑음,교차로 - 교차로부근,승용,여,48세,상해없음,보행자,여,58세,중상
2014042100100239,2014년 4월 21일 12시,월요일,인천광역시 계양구 계산동,경상사고,0,0,1,0,차대사람 - 기타,안전운전불이행,건조,맑음,교차로 - 교차로부근,화물,남,49세,상해없음,보행자,남,1세,경상
2014042100100240,2014년 4월 21일 12시,월요일,인천광역시 계양구 갈현동,중상사고,0,2,0,0,차대차 - 측면직각충돌,안전운전불이행,건조,맑음,단일로 - 기타,자전거,남,36세,중상,자전거,남,53세,중상
2014042100100270,2014년 4월 21일 13시,월요일,인천광역시 부평구 십정동,중상사고,0,1,0,0,차대사람 - 횡단중,기타,건조,맑음,단일로 - 기타,승용,남,55세,상해없음,보행자,남,7세,중상
2014042100100324,2014년 4월 21일 15시,월요일,인천광역시 남구 숭의동,경상사고,0,0,1,0,차대사람 - 기타,기타,건조,맑음,기타 - 기타,승합,남,51세,기타불명,보행자,여,67세,경상
2014042100100360,2014년 4월 21일 16시,월요일,인천광역시 서구 검암동,경상사고,0,0,1,0,차대차 - 기타,안전거리미확보,건조,맑음,미분류 - 미분류,승용,남,53세,상해없음,승용,남,52세,경상
2014042100100422,2014년 4월 21일 18시,월요일,인천광역시 남구 도화동,경상사고,0,0,1,0,차대차 - 기타,안전거리미확보,건조,맑음,단일로 - 기타,승용,남,48세,상해없음,승용,남,27세,경상
2014042100100423,2014년 4월 21일 18시,월요일,인천광역시 남동구 간석동,경상사고,0,0,2,1,차대차 - 기타,안전거리미확보,건조,맑음,단일로 - 기타,승용,남,32세,상해없음,승용,남,34세,부상신고
2014042100100450,2014년 4월 21일 19시,월요일,인천광역시 서구 마전동,중상사고,0,1,0,0,차대사람 - 횡단중,보행자보호의무위반,건조,기타,단일로 - 횡단보도상,승합,남,44세,상해없음,보행자,남,56세,중상
2014042100100479,2014년 4월 21일 20시,월요일,인천광역시 연수구 연수동,중상사고,0,1,0,0,차대차 - 추돌 - 주정차중,차로위반,건조,맑음,단일로 - 기타,승용,남,34세,상해없음,이륜,남,22세,중상
2014042100100511,2014년 4월 21일 21시,월요일,인천광역시 남구 용현동,경상사고,0,0,3,0,차대차 - 추돌 - 진행중,안전운전불이행,건조,맑음,단일로 - 기타,승용,기타불명,기타불명,기타불명,승용,여,30세,경상
2014042100100512,2014년 4월 21일 21시,월요일,인천광역시 부평구 산곡동,중상사고,0,1,1,0,차대차 - 측면직각충돌,안전운전불이행,건조,맑음,교차로 - 교차로안,승용,여,43세,상해없음,승용,여,41세,중상
2014042100100513,2014년 4월 21일 21시,월요일,인천광역시 부평구 부개동,중상사고,0,1,0,0,차대사람 - 차도통행중,안전운전불이행,건조,맑음,기타 - 기타,승용,남,53세,상해없음,보행자,여,45세,중상
2014042100100532,2014년 4월 21일 22시,월요일,인천광역시 계양구 계산동,중상사고,0,1,0,0,차대차 - 측면직각충돌,신호위반,건조,맑음,교차로 - 교차로안,이륜,남,18세,중상,승용,남,52세,상해없음
2014042100100552,2014년 4월 21일 23시,월요일,인천광역시 남동구 만수동,경상사고,0,0,2,0,차대차 - 측면직각충돌,안전운전불이행,건조,맑음,교차로 - 교차로안,화물,남,36세,상해없음,승용,남,41세,경상
2014042100100553,2014년 4월 21일 23시,월요일,인천광역시 서구 가정동,경상사고,0,0,1,0,차대차 - 기타,기타,건조,맑음,단일로 - 기타,승용,남,50세,기타불명,이륜,남,50세,경상
2014042200100046,2014년 4월 22일 04시,화요일,인천광역시 남동구 만수동,경상사고,0,0,1,0,차대차 - 측면직각충돌,안전운전불이행,건조,맑음,단일로 - 기타,화물,남,45세,경상,화물,남,46세,기타불명
2014042200100106,2014년 4월 22일 07시,화요일,인천광역시 부평구 산곡동,경상사고,0,0,1,0,차대사람 - 보도통행중,신호위반,건조,맑음,단일로 - 횡단보도상,기타불명,기타불명,기타불명,기타불명,보행자,여,17세,경상
2014042200100145,2014년 4월 22일 08시,화요일,인천광역시 동구 송림동,중상사고,0,1,0,0,차대사람 - 기타,안전운전불이행,건조,맑음,단일로 - 기타,화물,남,68세,상해없음,보행자,남,33세,중상
2014042200100146,2014년 4월 22일 08시,화요일,인천광역시 남동구 간석동,경상사고,0,0,1,0,차대사람 - 보도통행중,기타,건조,맑음,기타 - 기타,건설기계,남,54세,상해없음,보행자,여,20세,경상
2014042200100147,2014년 4월 22일 08시,화요일,인천광역시 남동구 만수동,경상사고,0,0,1,0,차대사람 - 횡단중,보행자보호의무위반,건조,맑음,단일로 - 횡단보도상,승용,여,38세,상해없음,보행자,여,59세,경상
2014042200100148,2014년 4월 22일 08시,화요일,인천광역시 남구 관교동,중상사고,0,1,0,0,차대차 - 기타,안전운전불이행,건조,맑음,교차로 - 교차로안,승용,여,28세,상해없음,자전거,남,28세,중상
2014042200100186,2014년 4월 22일 09시,화요일,인천광역시 남구 주안동,중상사고,0,1,0,0,차대사람 - 횡단중,신호위반,기타,기타,단일로 - 횡단보도상,이륜,남,61세,상해없음,보행자,여,70세,중상
2014042200100187,2014년 4월 22일 09시,화요일,인천광역시 부평구 산곡동,경상사고,0,0,2,1,차대차 - 추돌 - 주정차중,안전운전불이행,건조,맑음,단일로 - 기타,승용,남,47세,상해없음,화물,남,52세,경상
2014042200100208,2014년 4월 22일 10시,화요일,인천광역시 남동구 남촌동,경상사고,0,0,1,0,차대차 - 측면직각충돌,중앙선침범,건조,맑음,단일로 - 기타,화물,남,56세,상해없음,화물,남,57세,경상
2014042200100237,2014년 4월 22일 11시,화요일,인천광역시 계양구 장기동,중상사고,0,1,1,0,차대차 - 정면충돌,중앙선침범,건조,맑음,단일로 - 기타,승용,남,52세,상해없음,승용,남,40세,경상
2014042200100258,2014년 4월 22일 12시,화요일,인천광역시 계양구 계산동,경상사고,0,0,1,0,차대차 - 측면직각충돌,안전운전불이행,건조,맑음,교차로 - 교차로안,승용,여,33세,상해없음,이륜,남,36세,경상
2014042200100339,2014년 4월 22일 15시,화요일,인천광역시 서구 금곡동,중상사고,0,1,1,0,차대차 - 측면직각충돌,안전거리미확보,건조,맑음,교차로 - 교차로안,승용,여,42세,상해없음,승합,남,53세,경상
2014042200100400,2014년 4월 22일 17시,화요일,인천광역시 부평구 부평동,경상사고,0,0,1,0,차대사람 - 횡단중,안전운전불이행,건조,맑음,단일로 - 기타,기타불명,기타불명,기타불명,기타불명,보행자,여,25세,경상
2014042200100401,2014년 4월 22일 17시,화요일,인천광역시 남동구 구월동,경상사고,0,0,1,1,차대차 - 측면직각충돌,안전거리미확보,건조,맑음,단일로 - 기타,승합,남,46세,상해없음,승용,남,48세,상해없음
2014042200100446,2014년 4월 22일 18시,화요일,인천광역시 남동구 도림동,경상사고,0,0,2,0,차대차 - 추돌 - 주정차중,안전거리미확보,건조,맑음,단일로 - 기타,화물,남,64세,상해없음,승용,여,40세,경상
2014042200100514,2014년 4월 22일 20시,화요일,인천광역시 서구 심곡동,경상사고,0,0,1,0,차대사람 - 기타,안전운전불이행,건조,맑음,단일로 - 기타,승용,남,40세,상해없음,보행자,남,49세,경상
2014042200100515,2014년 4월 22일 20시,화요일,인천광역시 연수구 동춘동,경상사고,0,0,1,0,차대차 - 기타,신호위반,건조,맑음,교차로 - 교차로부근,승용,남,63세,상해없음,승합,남,63세,경상
2014042200100578,2014년 4월 22일 22시,화요일,인천광역시 남구 문학동,경상사고,0,0,2,0,차대차 - 측면직각충돌,중앙선침범,건조,맑음,단일로 - 기타,승용,여,48세,상해없음,승용,남,32세,경상
2014042200100579,2014년 4월 22일 22시,화요일,인천광역시 부평구 청천동,경상사고,0,0,2,0,차대차 - 정면충돌,신호위반,건조,맑음,교차로 - 교차로안,승용,남,67세,상해없음,승용,남,36세,경상
2014042200100580,2014년 4월 22일 22시,화요일,인천광역시 계양구 용종동,경상사고,0,0,1,0,차대차 - 측면직각충돌,안전운전불이행,건조,맑음,교차로 - 교차로안,승용,남,42세,상해없음,승용,여,45세,경상
2014042200100606,2014년 4월 22일 23시,화요일,인천광역시 계양구 작전동,중상사고,0,1,0,0,차대사람 - 차도통행중,안전운전불이행,건조,맑음,단일로 - 기타,승용,남,23세,상해없음,보행자,남,34세,중상
2014042300100021,2014년 4월 23일 00시,수요일,인천광역시 계양구 계산동,경상사고,0,0,2,0,차대차 - 추돌 - 진행중,과속,건조,맑음,단일로 - 기타,승용,남,30세,상해없음,승용,여,31세,경상
2014042300100032,2014년 4월 23일 01시,수요일,인천광역시 남동구 남촌동,경상사고,0,0,1,0,차대차 - 정면충돌,신호위반,건조,맑음,교차로 - 교차로안,승용,남,66세,상해없음,승용,여,30세,경상
2014042300100058,2014년 4월 23일 04시,수요일,인천광역시 동구 송림동,중상사고,0,1,0,0,차대사람 - 차도통행중,안전운전불이행,건조,맑음,단일로 - 기타,승용,남,40세,상해없음,보행자,남,32세,중상
2014042300100084,2014년 4월 23일 06시,수요일,인천광역시 남구 학익동,중상사고,0,1,0,0,차대차 - 측면직각충돌,신호위반,건조,맑음,교차로 - 교차로안,승용,기타불명,기타불명,기타불명,원동기,남,15세,중상
2014042300100085,2014년 4월 23일 06시,수요일,인천광역시 남동구 논현동,경상사고,0,0,1,0,차대사람 - 횡단중,안전운전불이행,건조,맑음,단일로 - 기타,승용,남,47세,상해없음,보행자,여,54세,경상
2014042300100151,2014년 4월 23일 08시,수요일,인천광역시 부평구 부개동,경상사고,0,0,1,0,차대차 - 추돌 - 주정차중,안전운전불이행,건조,맑음,단일로 - 기타,승용,남,59세,상해없음,승용,여,39세,경상
2014042300100174,2014년 4월 23일 09시,수요일,인천광역시 남구 주안동,경상사고,0,0,1,0,차대차 - 기타,안전운전불이행,건조,맑음,교차로 - 교차로부근,승용,남,59세,상해없음,승용,여,57세,경상
2014042300100280,2014년 4월 23일 13시,수요일,인천광역시 남동구 남촌동,경상사고,0,0,1,0,차대차 - 측면직각충돌,안전거리미확보,건조,맑음,교차로 - 교차로부근,승용,여,48세,상해없음,승용,남,43세,경상
2014042300100281,2014년 4월 23일 13시,수요일,인천광역시 연수구 선학동,경상사고,0,0,1,0,차대차 - 기타,신호위반,건조,맑음,단일로 - 횡단보도상,승용,여,46세,상해없음,자전거,남,8세,경상
2014042300100300,2014년 4월 23일 14시,수요일,인천광역시 남동구 간석동,경상사고,0,0,3,0,차대차 - 추돌 - 주정차중,안전운전불이행,건조,맑음,교차로 - 교차로부근,승용,남,66세,상해없음,승용,남,35세,경상
2014042300100322,2014년 4월 23일 15시,수요일,인천광역시 서구 경서동,경상사고,0,0,3,0,차대차 - 기타,안전운전불이행,건조,맑음,교차로 - 교차로부근,건설기계,남,37세,상해없음,승용,남,39세,경상
2014042300100355,2014년 4월 23일 16시,수요일,인천광역시 남동구 구월동,경상사고,0,0,1,0,차대차 - 추돌 - 주정차중,안전거리미확보,건조,맑음,단일로 - 기타,승용,남,38세,상해없음,화물,남,45세,경상
2014042300100356,2014년 4월 23일 16시,수요일,인천광역시 계양구 계산동,경상사고,0,0,1,0,차대차 - 측면직각충돌,신호위반,건조,맑음,단일로 - 횡단보도상,화물,남,69세,상해없음,자전거,남,8세,경상
2014042300100393,2014년 4월 23일 17시,수요일,인천광역시 서구 백석동,경상사고,0,0,2,0,차대차 - 추돌 - 진행중,안전운전불이행,건조,맑음,단일로 - 기타,승용,남,49세,상해없음,승용,남,46세,경상
2014042300100394,2014년 4월 23일 17시,수요일,인천광역시 연수구 옥련동,중상사고,0,1,0,0,차대사람 - 횡단중,안전운전불이행,건조,맑음,단일로 - 기타,승용,여,45세,상해없음,보행자,남,16세,중상
2014042300100395,2014년 4월 23일 17시,수요일,인천광역시 연수구 청학동,중상사고,0,1,1,0,차대차 - 측면직각충돌,신호위반,건조,맑음,교차로 - 교차로안,승용,남,43세,기타불명,승용,남,52세,중상
2014042300100418,2014년 4월 23일 18시,수요일,인천광역시 계양구 병방동,중상사고,0,1,0,0,차대사람 - 횡단중,보행자보호의무위반,건조,맑음,교차로 - 교차로부근,화물,남,52세,상해없음,보행자,남,8세,중상
2014042300100454,2014년 4월 23일 19시,수요일,인천광역시 서구 왕길동,중상사고,0,1,0,0,차대사람 - 기타,안전운전불이행,건조,맑음,교차로 - 교차로부근,승용,남,47세,상해없음,보행자,남,56세,중상
2014042300100455,2014년 4월 23일 19시,수요일,인천광역시 계양구 효성동,중상사고,0,1,0,0,차대사람 - 횡단중,보행자보호의무위반,건조,맑음,단일로 - 횡단보도상,승용,남,53세,상해없음,보행자,여,64세,중상
2014042300100483,2014년 4월 23일 20시,수요일,인천광역시 부평구 청천동,중상사고,0,1,0,0,차량단독 - 기타,기타,건조,맑음,단일로 - 기타,승합,남,49세,상해없음,,,,
2014042300100512,2014년 4월 23일 21시,수요일,인천광역시 남동구 간석동,경상사고,0,0,1,0,차대차 - 측면직각충돌,차로위반,건조,맑음,단일로 - 기타,승용,남,58세,기타불명,승용,남,43세,경상
2014042300100513,2014년 4월 23일 21시,수요일,인천광역시 서구 연희동,중상사고,0,1,0,0,차대사람 - 횡단중,신호위반,건조,맑음,단일로 - 기타,승용,여,46세,상해없음,보행자,여,11세,중상
2014042300100573,2014년 4월 23일 23시,수요일,인천광역시 중구 북성동1가,부상신고사고,0,0,0,1,차량단독 - 기타,안전운전불이행,건조,맑음,단일로 - 기타,이륜,남,47세,부상신고,,,,
2014042400100057,2014년 4월 24일 05시,목요일,인천광역시 남구 관교동,경상사고,0,0,3,0,차대차 - 추돌 - 주정차중,안전운전불이행,건조,맑음,단일로 - 기타,승용,남,21세,상해없음,승용,여,54세,경상
2014042400100065,2014년 4월 24일 06시,목요일,인천광역시 남동구 구월동,경상사고,0,0,1,0,차대차 - 추돌 - 진행중,안전운전불이행,건조,맑음,단일로 - 기타,승합,남,34세,상해없음,화물,남,61세,경상
2014042400100092,2014년 4월 24일 07시,목요일,인천광역시 계양구 장기동,경상사고,0,0,2,0,차대차 - 추돌 - 주정차중,안전운전불이행,건조,맑음,미분류 - 미분류,화물,남,53세,상해없음,승용,남,40세,경상
2014042400100129,2014년 4월 24일 08시,목요일,인천광역시 남동구 고잔동,경상사고,0,0,1,0,차대차 - 추돌 - 주정차중,안전운전불이행,건조,맑음,단일로 - 기타,승용,남,44세,상해없음,승용,남,25세,경상
2014042400100130,2014년 4월 24일 08시,목요일,인천광역시 남동구 고잔동,경상사고,0,0,1,0,차대차 - 추돌 - 주정차중,안전운전불이행,건조,맑음,교차로 - 교차로부근,승용,남,72세,상해없음,이륜,남,26세,경상
2014042400100154,2014년 4월 24일 09시,목요일,인천광역시 남구 숭의동,중상사고,0,1,0,0,차대사람 - 횡단중,안전운전불이행,건조,맑음,단일로 - 기타,승용,남,47세,상해없음,보행자,여,58세,중상
2014042400100227,2014년 4월 24일 11시,목요일,인천광역시 중구 북성동1가,경상사고,0,0,1,0,차대차 - 기타,교차로운행방법위반,건조,맑음,교차로 - 교차로안,화물,남,57세,상해없음,승용,남,46세,경상
2014042400100228,2014년 4월 24일 11시,목요일,인천광역시 부평구 부평동,경상사고,0,0,1,0,차량단독 - 기타,기타,건조,맑음,단일로 - 기타,승합,남,45세,상해없음,,,,
2014042400100248,2014년 4월 24일 12시,목요일,인천광역시 남동구 간석동,중상사고,0,2,0,0,차대차 - 측면직각충돌,신호위반,건조,맑음,교차로 - 교차로안,승용,남,60세,상해없음,승용,남,28세,중상
2014042400100268,2014년 4월 24일 13시,목요일,인천광역시 계양구 임학동,경상사고,0,0,1,0,차대차 - 측면직각충돌,안전운전불이행,건조,맑음,기타 - 기타,승용,남,57세,상해없음,원동기,남,34세,경상
2014042400100269,2014년 4월 24일 13시,목요일,인천광역시 강화군 길상면,경상사고,0,0,3,0,차대차 - 기타,안전운전불이행,건조,맑음,교차로 - 교차로안,승용,여,56세,상해없음,승용,남,46세,경상
2014042400100302,2014년 4월 24일 14시,목요일,인천광역시 중구 운서동,중상사고,0,1,0,0,차대차 - 추돌 - 진행중,안전거리미확보,건조,맑음,교차로 - 교차로안,이륜,남,67세,중상,승용,여,34세,상해없음
2014042400100303,2014년 4월 24일 14시,목요일,인천광역시 남동구 만수동,경상사고,0,0,1,0,차대사람 - 횡단중,기타,건조,맑음,단일로 - 기타,승합,남,55세,기타불명,보행자,남,13세,경상
2014042400100336,2014년 4월 24일 15시,목요일,인천광역시 서구 신현동,중상사고,0,2,0,0,차대차 - 측면직각충돌,신호위반,건조,맑음,교차로 - 교차로안,승용,남,28세,상해없음,승용,여,31세,중상
2014042400100375,2014년 4월 24일 16시,목요일,인천광역시 남구 주안동,경상사고,0,0,1,0,차대차 - 기타,안전거리미확보,건조,맑음,단일로 - 기타,원동기,남,23세,상해없음,승용,남,41세,경상
2014042400100376,2014년 4월 24일 16시,목요일,인천광역시 남구 숭의동,경상사고,0,0,2,0,차대차 - 추돌 - 주정차중,안전거리미확보,건조,맑음,단일로 - 기타,기타불명,남,39세,상해없음,승용,남,62세,경상
2014042400100377,2014년 4월 24일 16시,목요일,인천광역시 부평구 십정동,경상사고,0,0,1,0,차대사람 - 기타,안전운전불이행,건조,맑음,단일로 - 기타,기타불명,기타불명,기타불명,기타불명,보행자,남,25세,경상
2014042400100378,2014년 4월 24일 16시,목요일,인천광역시 남동구 서창동,경상사고,0,0,1,0,차대사람 - 횡단중,보행자보호의무위반,건조,맑음,교차로 - 교차로안,승용,여,53세,상해없음,보행자,남,7세,경상
2014042400100499,2014년 4월 24일 19시,목요일,인천광역시 남구 용현동,경상사고,0,0,2,0,차대차 - 기타,안전운전불이행,건조,맑음,교차로 - 교차로안,승용,남,54세,상해없음,승용,남,51세,경상
2014042400100500,2014년 4월 24일 19시,목요일,인천광역시 남구 주안동,경상사고,0,0,1,0,차대차 - 측면직각충돌,안전운전불이행,건조,맑음,단일로 - 기타,승용,남,27세,상해없음,승합,남,33세,상해없음
2014042400100501,2014년 4월 24일 19시,목요일,인천광역시 계양구 임학동,경상사고,0,0,1,0,차대차 - 측면직각충돌,안전운전불이행,건조,맑음,교차로 - 교차로안,승용,남,49세,상해없음,승용,여,44세,경상
2014042400100527,2014년 4월 24일 20시,목요일,인천광역시 남구 용현동,경상사고,0,0,1,0,차대차 - 측면직각충돌,안전운전불이행,건조,맑음,교차로 - 교차로안,승용,남,29세,상해없음,원동기,남,49세,경상
2014042400100528,2014년 4월 24일 20시,목요일,인천광역시 남동구 만수동,중상사고,0,1,0,0,차대차 - 측면직각충돌,안전운전불이행,건조,맑음,단일로 - 기타,승용,남,63세,상해없음,이륜,남,45세,중상
2014042400100529,2014년 4월 24일 20시,목요일,인천광역시 서구 가정동,경상사고,0,0,1,0,차대사람 - 횡단중,보행자보호의무위반,건조,맑음,단일로 - 기타,승용,남,69세,상해없음,보행자,여,11세,경상
2014042400100530,2014년 4월 24일 20시,목요일,인천광역시 부평구 부평동,중상사고,0,1,0,0,차대차 - 측면직각충돌,안전운전불이행,건조,맑음,교차로 - 교차로안,승용,남,42세,상해없음,이륜,남,16세,중상
2014042400100561,2014년 4월 24일 21시,목요일,인천광역시 중구 인현동,경상사고,0,0,1,0,차대차 - 기타,안전거리미확보,건조,맑음,단일로 - 기타,승용,남,27세,상해없음,승용,남,54세,상해없음
2014042400100562,2014년 4월 24일 21시,목요일,인천광역시 계양구 작전동,중상사고,0,1,1,0,차대사람 - 기타,안전운전불이행,건조,맑음,단일로 - 기타,원동기,남,27세,상해없음,보행자,여,45세,중상
2014042400100563,2014년 4월 24일 21시,목요일,인천광역시 부평구 갈산동,경상사고,0,0,1,0,차대차 - 추돌 - 주정차중,교차로운행방법위반,건조,맑음,교차로 - 교차로부근,승합,남,59세,상해없음,이륜,남,26세,경상
2014042400100623,2014년 4월 24일 23시,목요일,인천광역시 연수구 옥련동,중상사고,0,1,1,0,차대차 - 측면직각충돌,신호위반,건조,맑음,교차로 - 교차로안,이륜,남,16세,중상,승용,남,61세,경상
2014042500100025,2014년 4월 25일 00시,금요일,인천광역시 서구 심곡동,중상사고,0,1,4,0,차대차 - 측면직각충돌,신호위반,습기,흐림,교차로 - 교차로안,승용,남,50세,상해없음,승용,남,53세,중상
2014042500100061,2014년 4월 25일 04시,금요일,인천광역시 계양구 계산동,경상사고,0,0,3,0,차대차 - 측면직각충돌,안전운전불이행,건조,맑음,교차로 - 교차로안,승용,남,25세,기타불명,승용,남,53세,경상
2014042500100104,2014년 4월 25일 07시,금요일,인천광역시 부평구 십정동,중상사고,0,1,0,0,차대사람 - 횡단중,보행자보호의무위반,건조,맑음,교차로 - 교차로안,화물,남,27세,상해없음,보행자,여,50세,중상
2014042500100145,2014년 4월 25일 08시,금요일,인천광역시 서구 가좌동,경상사고,0,0,1,0,차대차 - 측면직각충돌,중앙선침범,건조,맑음,단일로 - 기타,화물,남,35세,상해없음,승용,남,39세,경상
2014042500100199,2014년 4월 25일 10시,금요일,인천광역시 서구 석남동,경상사고,0,0,2,0,차대차 - 추돌 - 진행중,안전운전불이행,건조,맑음,단일로 - 기타,승용,남,71세,상해없음,승용,여,44세,경상
2014042500100200,2014년 4월 25일 10시,금요일,인천광역시 서구 가좌동,경상사고,0,0,2,0,차대차 - 추돌 - 진행중,신호위반,건조,맑음,교차로 - 교차로안,승용,남,34세,상해없음,승용,남,59세,경상
2014042500100225,2014년 4월 25일 11시,금요일,인천광역시 남동구 구월동,경상사고,0,0,2,0,차대차 - 측면직각충돌,교차로운행방법위반,건조,맑음,단일로 - 기타,승용,남,68세,상해없음,승용,여,40세,경상
2014042500100251,2014년 4월 25일 12시,금요일,인천광역시 중구 운서동,경상사고,0,0,1,0,차대차 - 측면직각충돌,교차로운행방법위반,건조,맑음,교차로 - 교차로안,화물,남,45세,경상,승용,남,69세,상해없음
2014042500100252,2014년 4월 25일 12시,금요일,인천광역시 남동구 구월동,중상사고,0,1,0,0,차대차 - 측면직각충돌,안전운전불이행,건조,맑음,단일로 - 기타,승용,남,68세,상해없음,승용,여,43세,중상
2014042500100310,2014년 4월 25일 14시,금요일,인천광역시 남동구 구월동,중상사고,0,2,0,0,차대차 - 측면직각충돌,교차로운행방법위반,건조,맑음,교차로 - 교차로안,화물,남,55세,상해없음,승용,여,39세,중상
2014042500100311,2014년 4월 25일 14시,금요일,인천광역시 계양구 계산동,중상사고,0,1,0,0,차대사람 - 횡단중,안전운전불이행,건조,맑음,단일로 - 기타,화물,남,58세,상해없음,보행자,남,53세,중상
2014042500100347,2014년 4월 25일 15시,금요일,인천광역시 부평구 청천동,경상사고,0,0,1,0,차대사람 - 횡단중,보행자보호의무위반,건조,맑음,교차로 - 교차로안,화물,남,37세,상해없음,보행자,남,38세,경상
2014042500100348,2014년 4월 25일 15시,금요일,인천광역시 계양구 병방동,중상사고,0,1,0,0,차대차 - 기타,기타,건조,맑음,단일로 - 횡단보도부근,승용,여,58세,상해없음,이륜,남,64세,중상
2014042500100391,2014년 4월 25일 16시,금요일,인천광역시 부평구 부평동,경상사고,0,0,1,0,차대차 - 기타,안전운전불이행,건조,맑음,기타 - 기타,승용,여,54세,상해없음,승용,남,35세,경상
2014042500100392,2014년 4월 25일 16시,금요일,인천광역시 부평구 부평동,중상사고,0,1,0,0,차대차 - 추돌 - 진행중,안전운전불이행,건조,맑음,단일로 - 기타,승용,남,44세,상해없음,자전거,남,76세,중상
2014042500100483,2014년 4월 25일 18시,금요일,인천광역시 중구 신흥동2가,경상사고,0,0,3,0,차대차 - 기타,안전운전불이행,건조,맑음,교차로 - 교차로부근,승용,남,63세,상해없음,승용,여,36세,경상
2014042500100516,2014년 4월 25일 19시,금요일,인천광역시 남동구 논현동,중상사고,0,1,3,1,차대차 - 기타,안전운전불이행,건조,맑음,단일로 - 기타,승용,남,25세,상해없음,승용,여,49세,경상
2014042500100517,2014년 4월 25일 19시,금요일,인천광역시 계양구 박촌동,중상사고,0,1,0,0,차대사람 - 횡단중,안전운전불이행,건조,맑음,단일로 - 기타,승용,남,53세,상해없음,보행자,여,78세,중상
2014042500100557,2014년 4월 25일 20시,금요일,인천광역시 계양구 작전동,중상사고,0,1,0,0,차대차 - 측면직각충돌,신호위반,건조,맑음,단일로 - 기타,승용,여,56세,상해없음,이륜,남,17세,중상
2014042500100558,2014년 4월 25일 20시,금요일,인천광역시 강화군 송해면,중상사고,0,2,0,0,차대차 - 기타,안전운전불이행,건조,맑음,교차로 - 교차로안,승용,남,23세,상해없음,화물,남,69세,중상
2014042500100598,2014년 4월 25일 21시,금요일,인천광역시 남동구 논현동,경상사고,0,0,1,0,차대차 - 측면직각충돌,안전운전불이행,건조,맑음,단일로 - 기타,자전거,남,13세,경상,자전거,남,16세,상해없음
2014042500100632,2014년 4월 25일 22시,금요일,인천광역시 남구 도화동,중상사고,0,2,6,1,차대차 - 측면직각충돌,중앙선침범,건조,맑음,단일로 - 기타,승합,남,66세,상해없음,승용,남,35세,중상
2014042500100633,2014년 4월 25일 22시,금요일,인천광역시 남구 용현동,경상사고,0,0,1,0,차대차 - 측면직각충돌,교차로운행방법위반,건조,맑음,교차로 - 교차로안,승용,남,20세,경상,승용,여,41세,상해없음
2014042500100656,2014년 4월 25일 23시,금요일,인천광역시 서구 석남동,경상사고,0,0,4,0,차대차 - 기타,중앙선침범,건조,맑음,단일로 - 기타,승용,남,56세,상해없음,승합,남,36세,경상
2014042600100024,2014년 4월 26일 00시,토요일,인천광역시 남동구 구월동,경상사고,0,0,2,0,차대차 - 측면직각충돌,교차로운행방법위반,건조,맑음,교차로 - 교차로안,승용,남,49세,상해없음,승용,여,49세,경상