사고번호,사고일시,요일,시군구,사고내용,사망자수,중상자수,경상자수,부상신고자수,사고유형,법규위반,노면상태,기상상태,도로형태,가해운전자 차종,가해운전자 성별,가해운전자 연령,가해운전자 상해정도,피해운전자 차종,피해운전자 성별,피해운전자 연령,피해운전자 상해정도
2014042600100048,2014년 4월 26일 01시,토요일,인천광역시 부평구 삼산동,중상사고,0,1,0,0,차대사람 - 기타,안전운전불이행,건조,맑음,단일로 - 기타,화물,남,43세,상해없음,보행자,여,16세,중상
2014042600100086,2014년 4월 26일 04시,토요일,인천광역시 부평구 산곡동,부상신고사고,0,0,0,1,차대차 - 정면충돌,안전운전불이행,건조,맑음,단일로 - 기타,승용,여,52세,상해없음,원동기,남,17세,부상신고
2014042600100107,2014년 4월 26일 06시,토요일,인천광역시 남동구 만수동,경상사고,0,0,1,0,차량단독 - 공작물충돌,안전운전불이행,건조,맑음,교차로 - 교차로부근,화물,남,36세,경상,,,,
2014042600100123,2014년 4월 26일 07시,토요일,인천광역시 계양구 동양동,부상신고사고,0,0,0,1,차량단독 - 공작물충돌,안전운전불이행,건조,흐림,단일로 - 기타,승용,남,24세,부상신고,,,,
2014042600100140,2014년 4월 26일 08시,토요일,인천광역시 계양구 상야동,경상사고,0,0,1,0,차대차 - 측면직각충돌,중앙선침범,건조,맑음,단일로 - 기타,승용,여,23세,상해없음,승용,남,44세,경상
2014042600100141,2014년 4월 26일 08시,토요일,인천광역시 강화군 하점면,경상사고,0,0,3,0,차대차 - 추돌 - 진행중,안전운전불이행,건조,맑음,단일로 - 기타,승용,여,64세,기타불명,승용,남,38세,경상
2014042600100165,2014년 4월 26일 09시,토요일,인천광역시 중구 운남동,중상사고,0,2,0,0,차대차 - 측면직각충돌,신호위반,건조,맑음,교차로 - 교차로안,승용,남,34세,중상,승용,여,41세,중상
2014042600100166,2014년 4월 26일 09시,토요일,인천광역시 남구 주안동,경상사고,0,0,1,0,차대차 - 추돌 - 진행중,안전운전불이행,건조,맑음,기타 - 기타,이륜,남,26세,경상,승용,여,52세,상해없음
2014042600100224,2014년 4월 26일 11시,토요일,인천광역시 남동구 간석동,중상사고,0,1,1,0,차대차 - 측면직각충돌,신호위반,건조,맑음,교차로 - 교차로안,승용,남,23세,상해없음,승용,남,64세,경상
2014042600100291,2014년 4월 26일 13시,토요일,인천광역시 계양구 서운동,경상사고,0,0,1,0,차대차 - 측면직각충돌,안전거리미확보,건조,맑음,교차로 - 교차로부근,승용,여,52세,상해없음,승용,남,48세,경상
2014042600100357,2014년 4월 26일 15시,토요일,인천광역시 남동구 간석동,경상사고,0,0,1,0,차대차 - 측면직각충돌,신호위반,건조,맑음,교차로 - 교차로안,승용,남,33세,상해없음,승용,남,51세,경상
2014042600100358,2014년 4월 26일 15시,토요일,인천광역시 남동구 수산동,경상사고,0,0,3,0,차대차 - 추돌 - 주정차중,안전거리미확보,건조,맑음,단일로 - 기타,승합,남,48세,상해없음,승용,여,45세,경상
2014042600100399,2014년 4월 26일 16시,토요일,인천광역시 중구 운서동,경상사고,0,0,2,0,차대차 - 측면직각충돌,신호위반,건조,맑음,교차로 - 교차로안,승용,남,63세,상해없음,승용,남,20세,경상
2014042600100400,2014년 4월 26일 16시,토요일,인천광역시 남구 용현동,경상사고,0,0,3,0,차대차 - 측면직각충돌,안전운전불이행,건조,맑음,단일로 - 기타,승용,남,49세,상해없음,승용,여,37세,경상
2014042600100401,2014년 4월 26일 16시,토요일,인천광역시 서구 신현동,중상사고,0,1,1,0,차대차 - 기타,중앙선침범,건조,맑음,단일로 - 기타,승용,남,32세,상해없음,승용,남,38세,경상
2014042600100402,2014년 4월 26일 16시,토요일,인천광역시 서구 불로동,경상사고,0,0,1,0,차대차 - 측면직각충돌,신호위반,건조,맑음,단일로 - 기타,승용,남,42세,상해없음,이륜,남,53세,경상
2014042600100403,2014년 4월 26일 16시,토요일,인천광역시 계양구 작전동,부상신고사고,0,0,0,1,차대사람 - 기타,보행자보호의무위반,건조,맑음,교차로 - 교차로부근,승용,여,34세,상해없음,보행자,남,65세,부상신고
2014042600100446,2014년 4월 26일 17시,토요일,인천광역시 부평구 청천동,중상사고,0,1,0,0,차대사람 - 기타,안전운전불이행,건조,맑음,단일로 - 기타,이륜,남,24세,상해없음,보행자,여,62세,중상
2014042600100479,2014년 4월 26일 18시,토요일,인천광역시 남구 주안동,경상사고,0,0,1,0,차대사람 - 기타,안전운전불이행,건조,맑음,단일로 - 기타,승용,남,54세,상해없음,보행자,남,56세,경상
2014042600100480,2014년 4월 26일 18시,토요일,인천광역시 계양구 상야동,중상사고,0,1,0,0,차대차 - 기타,안전거리미확보,건조,맑음,단일로 - 기타,기타불명,기타불명,기타불명,기타불명,이륜,남,20세,중상
2014042600100554,2014년 4월 26일 20시,토요일,인천광역시 남동구 논현동,중상사고,0,1,1,0,차대차 - 측면직각충돌,신호위반,건조,맑음,교차로 - 교차로안,승용,남,67세,상해없음,승용,남,25세,중상
2014042600100555,2014년 4월 26일 20시,토요일,인천광역시 계양구 계산동,경상사고,0,0,2,0,차대차 - 추돌 - 주정차중,안전운전불이행,건조,맑음,교차로 - 교차로부근,승용,남,49세,상해없음,승용,여,30세,경상
2014042600100556,2014년 4월 26일 20시,토요일,인천광역시 계양구 계산동,경상사고,0,0,1,0,차대차 - 측면직각충돌,안전운전불이행,건조,맑음,교차로 - 교차로부근,승용,여,41세,상해없음,자전거,남,45세,경상
2014042600100583,2014년 4월 26일 21시,토요일,인천광역시 남구 주안동,경상사고,0,0,2,0,차대차 - 기타,안전운전불이행,건조,맑음,기타 - 기타,승용,남,50세,상해없음,승용,여,31세,경상
2014042600100584,2014년 4월 26일 21시,토요일,인천광역시 남동구 만수동,경상사고,0,0,2,0,차대차 - 추돌 - 진행중,안전운전불이행,건조,맑음,단일로 - 기타,승용,남,27세,상해없음,승용,남,60세,상해없음
2014042600100610,2014년 4월 26일 22시,토요일,인천광역시 서구 가좌동,중상사고,0,1,0,0,차량단독 - 기타,안전운전불이행,건조,맑음,단일로 - 기타,승합,남,49세,상해없음,,,,
2014042600100629,2014년 4월 26일 23시,토요일,인천광역시 서구 연희동,경상사고,0,0,1,0,차대사람 - 횡단중,신호위반,건조,맑음,교차로 - 교차로부근,승용,남,25세,상해없음,보행자,여,53세,경상
2014042600100630,2014년 4월 26일 23시,토요일,인천광역시 계양구 계산동,부상신고사고,0,0,0,1,차대사람 - 차도통행중,안전운전불이행,건조,맑음,단일로 - 기타,승용,남,48세,상해없음,보행자,남,29세,부상신고
2014042700100042,2014년 4월 27일 01시,일요일,인천광역시 남구 주안동,경상사고,0,0,1,0,차대차 - 정면충돌,안전운전불이행,건조,맑음,기타 - 기타,승용,남,55세,상해없음,이륜,남,43세,경상
2014042700100043,2014년 4월 27일 01시,일요일,인천광역시 남동구 구월동,중상사고,0,1,0,0,차대차 - 측면직각충돌,안전운전불이행,습기,비,교차로 - 교차로부근,승용,남,34세,상해없음,승용,여,28세,중상
2014042700100060,2014년 4월 27일 02시,일요일,인천광역시 남동구 만수동,경상사고,0,0,1,0,차대차 - 추돌 - 주정차중,안전운전불이행,습기,비,단일로 - 기타,승용,남,52세,상해없음,승용,남,31세,경상
2014042700100061,2014년 4월 27일 02시,일요일,인천광역시 남동구 만수동,중상사고,0,1,1,0,차대차 - 측면직각충돌,신호위반,습기,비,교차로 - 교차로안,승용,남,39세,상해없음,승용,남,21세,경상
2014042700100062,2014년 4월 27일 02시,일요일,인천광역시 남동구 장수동,경상사고,0,0,1,0,차대차 - 기타,신호위반,습기,비,교차로 - 교차로안,승용,여,30세,상해없음,승용,남,37세,경상
2014042700100083,2014년 4월 27일 03시,일요일,인천광역시 남동구 도림동,부상신고사고,0,0,0,1,차대차 - 측면직각충돌,중앙선침범,습기,비,단일로 - 기타,승용,남,36세,상해없음,승용,남,61세,부상신고
2014042700100093,2014년 4월 27일 04시,일요일,인천광역시 남동구 만수동,경상사고,0,0,1,0,차량단독 - 공작물충돌,안전운전불이행,습기,비,단일로 - 기타,승용,남,41세,상해없음,,,,
2014042700100107,2014년 4월 27일 05시,일요일,인천광역시 남구 주안동,중상사고,0,1,0,0,차대사람 - 횡단중,안전운전불이행,습기,비,단일로 - 기타,승용,남,52세,상해없음,보행자,남,66세,중상
2014042700100108,2014년 4월 27일 05시,일요일,인천광역시 남동구 논현동,경상사고,0,0,1,0,차대사람 - 횡단중,보행자보호의무위반,습기,비,교차로 - 교차로부근,승용,남,42세,상해없음,보행자,남,34세,경상
2014042700100117,2014년 4월 27일 06시,일요일,인천광역시 동구 송림동,경상사고,0,0,1,0,차대차 - 측면직각충돌,안전운전불이행,습기,비,단일로 - 기타,승용,남,46세,상해없음,승용,남,40세,상해없음
2014042700100118,2014년 4월 27일 06시,일요일,인천광역시 남구 숭의동,중상사고,0,1,1,0,차대차 - 측면직각충돌,안전운전불이행,습기,비,기타 - 기타,승용,남,46세,기타불명,승용,남,44세,중상
2014042700100127,2014년 4월 27일 07시,일요일,인천광역시 동구 송림동,경상사고,0,0,3,0,차대차 - 추돌 - 주정차중,안전운전불이행,습기,비,단일로 - 기타,승용,남,56세,상해없음,승용,여,33세,경상
2014042700100128,2014년 4월 27일 07시,일요일,인천광역시 부평구 부평동,경상사고,0,0,5,0,차대차 - 추돌 - 진행중,안전운전불이행,습기,흐림,단일로 - 기타,승용,남,30세,상해없음,승용,남,49세,상해없음
2014042700100129,2014년 4월 27일 07시,일요일,인천광역시 남동구 간석동,경상사고,0,0,2,0,차대차 - 기타,안전운전불이행,습기,비,단일로 - 기타,승합,남,55세,상해없음,화물,여,48세,경상
2014042700100200,2014년 4월 27일 11시,일요일,인천광역시 연수구 송도동,경상사고,0,0,1,0,차대차 - 기타,신호위반,습기,비,교차로 - 교차로안,승용,남,53세,상해없음,이륜,남,43세,경상
2014042700100224,2014년 4월 27일 12시,일요일,인천광역시 남동구 도림동,경상사고,0,0,3,0,차대차 - 측면직각충돌,중앙선침범,습기,비,교차로 - 교차로부근,승용,남,31세,상해없음,승용,남,55세,경상
2014042700100225,2014년 4월 27일 12시,일요일,인천광역시 부평구 구산동,부상신고사고,0,0,0,1,차대차 - 추돌 - 진행중,안전운전불이행,습기,비,단일로 - 기타,승용,남,56세,상해없음,승용,남,38세,부상신고
2014042700100296,2014년 4월 27일 14시,일요일,인천광역시 남동구 논현동,중상사고,0,1,0,0,차대차 - 측면직각충돌,신호위반,습기,비,교차로 - 교차로안,이륜,남,40세,중상,승용,남,59세,상해없음
2014042700100297,2014년 4월 27일 14시,일요일,인천광역시 남동구 구월동,경상사고,0,0,2,0,차대차 - 측면직각충돌,안전거리미확보,건조,맑음,단일로 - 기타,승용,남,29세,상해없음,승용,남,64세,경상
2014042700100298,2014년 4월 27일 14시,일요일,인천광역시 부평구 삼산동,중상사고,0,1,0,0,차대차 - 측면직각충돌,신호위반,건조,맑음,교차로 - 교차로안,승용,남,40세,상해없음,승용,여,50세,중상
2014042700100299,2014년 4월 27일 14시,일요일,인천광역시 계양구 서운동,중상사고,0,2,0,0,차대차 - 측면직각충돌,차로위반,건조,맑음,단일로 - 교량,승용,여,60세,중상,승용,남,52세,상해없음
2014042700100328,2014년 4월 27일 15시,일요일,인천광역시 남동구 만수동,경상사고,0,0,1,0,차대사람 - 차도통행중,안전운전불이행,건조,맑음,교차로 - 교차로부근,화물,남,58세,기타불명,보행자,남,60세,경상
2014042700100329,2014년 4월 27일 15시,일요일,인천광역시 서구 마전동,경상사고,0,0,2,0,차대차 - 기타,신호위반,건조,맑음,교차로 - 교차로안,승용,남,51세,상해없음,승용,여,39세,경상
2014042700100357,2014년 4월 27일 16시,일요일,인천광역시 남동구 만수동,경상사고,0,0,1,0,차대차 - 측면직각충돌,안전거리미확보,건조,맑음,단일로 - 기타,승용,남,25세,경상,승용,여,39세,상해없음
2014042700100358,2014년 4월 27일 16시,일요일,인천광역시 서구 당하동,부상신고사고,0,0,0,1,차대사람 - 기타,기타,습기,비,단일로 - 기타,승합,남,64세,상해없음,보행자,여,48세,부상신고
2014042700100378,2014년 4월 27일 17시,일요일,인천광역시 중구 운서동,중상사고,0,1,2,0,차대차 - 기타,안전운전불이행,건조,맑음,교차로 - 교차로부근,승용,남,38세,상해없음,승용,남,40세,중상
2014042700100403,2014년 4월 27일 18시,일요일,인천광역시 중구 운서동,경상사고,0,0,1,0,차대차 - 추돌 - 진행중,안전운전불이행,습기,비,교차로 - 교차로안,승용,남,49세,상해없음,승용,여,70세,경상
2014042700100453,2014년 4월 27일 19시,일요일,인천광역시 남구 주안동,중상사고,0,1,0,1,차대사람 - 횡단중,신호위반,습기,비,교차로 - 교차로안,이륜,남,41세,부상신고,보행자,여,47세,중상
2014042700100454,2014년 4월 27일 19시,일요일,인천광역시 부평구 부평동,부상신고사고,0,0,0,2,차대차 - 추돌 - 진행중,안전운전불이행,습기,비,단일로 - 기타,화물,남,40세,상해없음,승용,남,29세,부상신고
2014042700100500,2014년 4월 27일 20시,일요일,인천광역시 동구 송림동,부상신고사고,0,0,0,1,차대사람 - 기타,안전운전불이행,습기,비,단일로 - 기타,승용,남,55세,상해없음,보행자,남,30세,부상신고
2014042700100501,2014년 4월 27일 20시,일요일,인천광역시 남구 주안동,중상사고,0,1,0,0,차대사람 - 기타,안전운전불이행,습기,비,단일로 - 기타,기타불명,기타불명,기타불명,기타불명,보행자,여,20세,중상
2014042700100502,2014년 4월 27일 20시,일요일,인천광역시 연수구 연수동,경상사고,0,0,2,0,차대차 - 정면충돌,중앙선침범,습기,비,교차로 - 교차로부근,승용,남,52세,상해없음,승용,남,46세,경상
2014042700100546,2014년 4월 27일 21시,일요일,인천광역시 중구 항동7가,중상사고,0,1,0,0,차량단독 - 공작물충돌,안전운전불이행,습기,비,교차로 - 교차로안,승용,남,50세,중상,,,,
2014042700100547,2014년 4월 27일 21시,일요일,인천광역시 계양구 계산동,중상사고,0,1,0,0,차대사람 - 기타,기타,습기,비,교차로 - 교차로안,승용,남,32세,상해없음,보행자,여,22세,중상
2014042700100591,2014년 4월 27일 22시,일요일,인천광역시 중구 신흥동3가,중상사고,0,1,0,0,차대차 - 추돌 - 진행중,차로위반,습기,비,단일로 - 기타,승용,남,29세,상해없음,원동기,남,17세,중상
2014042700100592,2014년 4월 27일 22시,일요일,인천광역시 서구 가정동,중상사고,0,1,0,0,차대차 - 측면직각충돌,신호위반,건조,맑음,교차로 - 교차로안,승용,여,45세,상해없음,승용,남,52세,중상
2014042700100593,2014년 4월 27일 22시,일요일,인천광역시 계양구 계산동,중상사고,0,1,0,0,차대사람 - 길가장자리구역통행중,안전운전불이행,습기,비,단일로 - 기타,화물,남,37세,상해없음,보행자,남,53세,중상
2014042700100594,2014년 4월 27일 22시,일요일,인천광역시 부평구 부평동,경상사고,0,0,2,0,차대차 - 측면직각충돌,안전운전불이행,습기,비,교차로 - 교차로안,승용,남,22세,상해없음,승용,남,66세,경상
2014042700100631,2014년 4월 27일 23시,일요일,인천광역시 서구 심곡동,경상사고,0,0,1,0,차대차 - 측면직각충돌,신호위반,습기,비,교차로 - 교차로안,승용,남,24세,상해없음,승용,남,49세,경상
2014042800100014,2014년 4월 28일 00시,월요일,인천광역시 중구 전동,중상사고,0,1,0,0,차대차 - 측면직각충돌,안전거리미확보,습기,비,교차로 - 교차로부근,승용,남,51세,상해없음,승용,남,31세,중상
2014042800100032,2014년 4월 28일 01시,월요일,인천광역시 남구 주안동,중상사고,0,1,0,0,차대차 - 측면직각충돌,신호위반,습기,비,교차로 - 교차로안,승용,남,52세,상해없음,승용,남,35세,중상
2014042800100033,2014년 4월 28일 01시,월요일,인천광역시 계양구 효성동,중상사고,0,1,2,0,차량단독 - 공작물충돌,안전운전불이행,습기,비,단일로 - 기타,승합,남,22세,상해없음,,,,
2014042800100047,2014년 4월 28일 02시,월요일,인천광역시 부평구 부개동,중상사고,0,1,0,0,차량단독 - 도로외이탈 - 기타,안전운전불이행,습기,비,교차로 - 교차로부근,승용,남,25세,상해없음,,,,
2014042800100057,2014년 4월 28일 03시,월요일,인천광역시 남동구 만수동,중상사고,0,1,0,0,차대사람 - 횡단중,신호위반,습기,비,단일로 - 횡단보도상,승용,여,39세,상해없음,보행자,남,45세,중상
2014042800100162,2014년 4월 28일 08시,월요일,인천광역시 남구 문학동,부상신고사고,0,0,0,1,차대사람 - 보도통행중,보행자보호의무위반,습기,비,교차로 - 교차로안,화물,남,54세,상해없음,보행자,남,22세,부상신고
2014042800100163,2014년 4월 28일 08시,월요일,인천광역시 서구 검암동,경상사고,0,0,1,0,차대사람 - 기타,안전운전불이행,습기,비,단일로 - 기타,승용,여,43세,상해없음,보행자,남,16세,경상
2014042800100164,2014년 4월 28일 08시,월요일,인천광역시 서구 가정동,경상사고,0,0,1,0,차대차 - 기타,안전운전불이행,습기,비,단일로 - 기타,승용,남,29세,상해없음,승용,남,38세,경상
2014042800100189,2014년 4월 28일 09시,월요일,인천광역시 남구 주안동,경상사고,0,0,1,0,차량단독 - 기타,안전운전불이행,습기,비,단일로 - 기타,승합,남,52세,상해없음,,,,
2014042800100190,2014년 4월 28일 09시,월요일,인천광역시 남동구 간석동,중상사고,0,1,1,0,차대차 - 측면직각충돌,중앙선침범,습기,비,단일로 - 기타,승용,남,26세,경상,승용,여,24세,중상
2014042800100191,2014년 4월 28일 09시,월요일,인천광역시 남동구 남촌동,중상사고,0,1,0,0,차대차 - 정면충돌,중앙선침범,습기,비,단일로 - 기타,승용,여,53세,상해없음,승용,여,44세,중상
2014042800100192,2014년 4월 28일 09시,월요일,인천광역시 계양구 작전동,경상사고,0,0,1,0,차대차 - 기타,신호위반,습기,비,교차로 - 교차로안,승용,여,40세,상해없음,원동기,남,46세,경상
2014042800100225,2014년 4월 28일 10시,월요일,인천광역시 남동구 간석동,경상사고,0,0,1,0,차대차 - 측면직각충돌,교차로운행방법위반,건조,맑음,교차로 - 교차로안,승용,남,36세,상해없음,승합,남,56세,상해없음
2014042800100226,2014년 4월 28일 10시,월요일,인천광역시 계양구 임학동,중상사고,0,1,0,0,차대차 - 측면직각충돌,교차로운행방법위반,건조,맑음,교차로 - 교차로안,승용,남,50세,상해없음,이륜,남,49세,중상
2014042800100227,2014년 4월 28일 10시,월요일,인천광역시 계양구 용종동,경상사고,0,0,1,1,차대차 - 측면직각충돌,안전운전불이행,건조,맑음,교차로 - 교차로안,승용,남,54세,상해없음,승용,남,70세,상해없음
2014042800100255,2014년 4월 28일 11시,월요일,인천광역시 남구 용현동,부상신고사고,0,0,0,1,차대차 - 기타,안전운전불이행,습기,비,교차로 - 교차로안,승용,여,46세,상해없음,자전거,남,63세,부상신고
2014042800100256,2014년 4월 28일 11시,월요일,인천광역시 부평구 부평동,중상사고,0,1,0,0,차대사람 - 기타,안전운전불이행,습기,비,단일로 - 기타,승합,남,50세,상해없음,보행자,여,54세,중상
2014042800100257,2014년 4월 28일 11시,월요일,인천광역시 남동구 간석동,경상사고,0,0,3,0,차대차 - 측면직각충돌,기타,습기,비,교차로 - 교차로부근,화물,남,49세,경상,승용,남,40세,경상
2014042800100322,2014년 4월 28일 13시,월요일,인천광역시 남동구 만수동,경상사고,0,0,1,0,차대차 - 추돌 - 진행중,안전운전불이행,습기,비,단일로 - 기타,승용,남,70세,상해없음,승용,여,28세,경상
2014042800100361,2014년 4월 28일 14시,월요일,인천광역시 부평구 산곡동,경상사고,0,0,1,0,차대차 - 기타,안전운전불이행,습기,비,교차로 - 교차로안,승용,남,30세,상해없음,이륜,남,20세,경상
2014042800100362,2014년 4월 28일 14시,월요일,인천광역시 부평구 부평동,경상사고,0,0,1,0,차대차 - 추돌 - 주정차중,안전운전불이행,습기,비,단일로 - 기타,승용,남,47세,상해없음,승용,남,33세,경상
2014042800100468,2014년 4월 28일 17시,월요일,인천광역시 부평구 산곡동,경상사고,0,0,2,0,차대차 - 추돌 - 진행중,안전거리미확보,습기,비,단일로 - 기타,화물,남,29세,상해없음,승용,남,59세,경상
2014042800100469,2014년 4월 28일 17시,월요일,인천광역시 남동구 남촌동,경상사고,0,0,1,0,차대사람 - 횡단중,보행자보호의무위반,건조,맑음,단일로 - 횡단보도상,승용,남,42세,상해없음,보행자,남,57세,경상
2014042800100496,2014년 4월 28일 18시,월요일,인천광역시 서구 심곡동,경상사고,0,0,2,0,차대차 - 추돌 - 진행중,안전운전불이행,습기,비,단일로 - 기타,승합,남,48세,상해없음,승용,남,55세,상해없음
2014042800100532,2014년 4월 28일 19시,월요일,인천광역시 중구 운서동,경상사고,0,0,1,0,차대차 - 기타,안전운전불이행,습기,비,단일로 - 기타,승용,남,69세,상해없음,승용,여,39세,경상
2014042800100533,2014년 4월 28일 19시,월요일,인천광역시 남구 숭의동,부상신고사고,0,0,0,1,차대사람 - 기타,안전운전불이행,습기,비,교차로 - 교차로안,승용,남,58세,상해없음,보행자,남,46세,부상신고
2014042800100534,2014년 4월 28일 19시,월요일,인천광역시 부평구 청천동,중상사고,0,1,0,0,차대차 - 기타,안전운전불이행,습기,흐림,단일로 - 기타,승용,남,43세,상해없음,원동기,남,20세,중상
2014042800100535,2014년 4월 28일 19시,월요일,인천광역시 서구 연희동,경상사고,0,0,1,0,차대사람 - 보도통행중,기타,습기,비,단일로 - 기타,승용,남,40세,상해없음,보행자,여,45세,경상
2014042800100536,2014년 4월 28일 19시,월요일,인천광역시 부평구 부개동,경상사고,0,0,1,0,차대차 - 측면직각충돌,교차로운행방법위반,습기,비,교차로 - 교차로안,화물,남,50세,상해없음,이륜,남,52세,경상
2014042800100617,2014년 4월 28일 21시,월요일,인천광역시 부평구 부평동,중상사고,0,1,3,0,차대차 - 추돌 - 주정차중,안전운전불이행,습기,비,단일로 - 기타,승용,남,53세,상해없음,승용,여,40세,중상
2014042800100618,2014년 4월 28일 21시,월요일,인천광역시 계양구 계산동,부상신고사고,0,0,0,1,차대사람 - 기타,안전운전불이행,습기,비,교차로 - 교차로안,승용,남,55세,상해없음,보행자,남,53세,부상신고
2014042800100619,2014년 4월 28일 21시,월요일,인천광역시 부평구 부평동,부상신고사고,0,0,0,1,차대차 - 측면직각충돌,기타,습기,비,단일로 - 기타,승용,남,29세,상해없음,이륜,남,49세,부상신고
2014042800100660,2014년 4월 28일 22시,월요일,인천광역시 남구 관교동,경상사고,0,0,1,0,차대차 - 기타,안전운전불이행,건조,흐림,단일로 - 횡단보도부근,승용,남,28세,상해없음,승용,남,51세,상해없음
2014042800100661,2014년 4월 28일 22시,월요일,인천광역시 남동구 구월동,경상사고,0,0,1,0,차대사람 - 횡단중,보행자보호의무위반,습기,비,교차로 - 교차로부근,승용,남,56세,상해없음,보행자,남,37세,경상
2014042800100662,2014년 4월 28일 22시,월요일,인천광역시 서구 마전동,경상사고,0,0,1,0,차대차 - 기타,안전운전불이행,습기,비,단일로 - 기타,승용,남,31세,상해없음,화물,남,42세,경상
2014042800100705,2014년 4월 28일 23시,월요일,인천광역시 서구 가정동,경상사고,0,0,3,0,차대차 - 측면직각충돌,신호위반,습기,비,교차로 - 교차로안,승용,여,54세,상해없음,승용,여,37세,경상
2014042900100024,2014년 4월 29일 00시,화요일,인천광역시 남동구 만수동,경상사고,0,0,1,0,차대차 - 측면직각충돌,안전거리미확보,습기,비,단일로 - 기타,승용,남,61세,상해없음,이륜,남,21세,경상
2014042900100049,2014년 4월 29일 01시,화요일,인천광역시 남구 관교동,중상사고,0,1,0,0,차대사람 - 기타,보행자보호의무위반,습기,비,단일로 - 기타,승용,남,63세,상해없음,보행자,남,42세,중상
2014042900100087,2014년 4월 29일 04시,화요일,인천광역시 남동구 구월동,경상사고,0,0,1,0,차대차 - 측면직각충돌,안전거리미확보,건조,맑음,단일로 - 기타,승용,남,49세,기타불명,이륜,남,68세,경상
2014042900100113,2014년 4월 29일 06시,화요일,인천광역시 서구 마전동,경상사고,0,0,1,0,차량단독 - 기타,기타,건조,맑음,단일로 - 기타,승합,남,56세,상해없음,,,,
2014042900100191,2014년 4월 29일 08시,화요일,인천광역시 남동구 논현동,경상사고,0,0,1,0,차대차 - 측면직각충돌,신호위반,습기,비,교차로 - 교차로안,승합,남,41세,상해없음,승용,여,38세,경상
2014042900100232,2014년 4월 29일 09시,화요일,인천광역시 남동구 만수동,경상사고,0,0,1,0,차대차 - 측면직각충돌,신호위반,건조,맑음,교차로 - 교차로부근,승용,남,45세,상해없음,자전거,남,37세,경상
2014042900100257,2014년 4월 29일 10시,화요일,인천광역시 남동구 논현동,경상사고,0,0,1,0,차대사람 - 길가장자리구역통행중,안전운전불이행,건조,흐림,단일로 - 기타,승용,남,55세,상해없음,보행자,남,26세,경상
2014042900100258,2014년 4월 29일 10시,화요일,인천광역시 부평구 삼산동,경상사고,0,0,1,0,차대차 - 기타,안전운전불이행,건조,맑음,단일로 - 기타,화물,남,46세,상해없음,승용,남,37세,경상
2014042900100270,2014년 4월 29일 11시,화요일,인천광역시 계양구 동양동,경상사고,0,0,1,0,차대차 - 측면직각충돌,안전운전불이행,건조,맑음,단일로 - 기타,화물,남,54세,상해없음,자전거,남,48세,경상
2014042900100271,2014년 4월 29일 11시,화요일,인천광역시 연수구 송도동,경상사고,0,0,2,0,차대차 - 기타,안전운전불이행,건조,맑음,단일로 - 기타,기타불명,기타불명,기타불명,기타불명,승용,여,53세,경상
2014042900100296,2014년 4월 29일 12시,화요일,인천광역시 남동구 간석동,경상사고,0,0,1,0,차대차 - 추돌 - 진행중,안전거리미확보,건조,맑음,단일로 - 기타,승용,남,45세,상해없음,이륜,남,34세,경상
2014042900100318,2014년 4월 29일 13시,화요일,인천광역시 남동구 논현동,경상사고,0,0,1,0,차대차 - 추돌 - 주정차중,안전운전불이행,건조,맑음,교차로 - 교차로안,승용,남,57세,상해없음,승합,남,53세,경상
2014042900100352,2014년 4월 29일 14시,화요일,인천광역시 남동구 구월동,경상사고,0,0,2,0,차대차 - 추돌 - 주정차중,안전운전불이행,건조,맑음,단일로 - 기타,승합,남,51세,상해없음,승용,남,35세,경상
2014042900100384,2014년 4월 29일 15시,화요일,인천광역시 남동구 구월동,경상사고,0,0,1,0,차대차 - 정면충돌,안전운전불이행,습기,흐림,교차로 - 교차로부근,승용,남,31세,상해없음,승용,남,54세,경상
2014042900100421,2014년 4월 29일 16시,화요일,인천광역시 남구 용현동,경상사고,0,0,1,0,차대차 - 추돌 - 주정차중,안전운전불이행,건조,맑음,단일로 - 기타,승용,남,61세,상해없음,화물,남,52세,경상
2014042900100422,2014년 4월 29일 16시,화요일,인천광역시 부평구 부평동,중상사고,0,2,0,0,차대차 - 추돌 - 주정차중,안전운전불이행,건조,맑음,단일로 - 기타,승용,남,44세,상해없음,승용,여,42세,중상
2014042900100456,2014년 4월 29일 17시,화요일,인천광역시 연수구 송도동,경상사고,0,0,1,0,차대사람 - 횡단중,안전운전불이행,건조,맑음,단일로 - 기타,승합,남,55세,상해없음,보행자,여,47세,경상
2014042900100487,2014년 4월 29일 18시,화요일,인천광역시 남구 주안동,중상사고,0,1,0,0,차대사람 - 횡단중,보행자보호의무위반,건조,맑음,교차로 - 교차로안,승용,남,41세,상해없음,보행자,여,26세,중상
2014042900100488,2014년 4월 29일 18시,화요일,인천광역시 부평구 부평동,경상사고,0,0,1,0,차대차 - 측면직각충돌,안전운전불이행,건조,맑음,단일로 - 횡단보도부근,승용,기타불명,기타불명,기타불명,자전거,남,14세,경상
2014042900100533,2014년 4월 29일 19시,화요일,인천광역시 서구 불로동,경상사고,0,0,1,0,차대차 - 기타,안전운전불이행,건조,맑음,단일로 - 기타,승용,남,60세,상해없음,이륜,남,17세,경상