사고번호,사고일시,요일,시군구,사고내용,사망자수,중상자수,경상자수,부상신고자수,사고유형,법규위반,노면상태,기상상태,도로형태,가해운전자 차종,가해운전자 성별,가해운전자 연령,가해운전자 상해정도,피해운전자 차종,피해운전자 성별,피해운전자 연령,피해운전자 상해정도
2014042900100585,2014년 4월 29일 21시,화요일,인천광역시 남구 도화동,경상사고,0,0,1,0,차대차 - 측면직각충돌,신호위반,건조,맑음,교차로 - 교차로안,승용,남,49세,상해없음,승용,남,26세,경상
2014042900100586,2014년 4월 29일 21시,화요일,인천광역시 남동구 고잔동,경상사고,0,0,2,0,차대차 - 측면직각충돌,안전운전불이행,건조,맑음,교차로 - 교차로안,승용,여,27세,경상,승합,남,54세,경상
2014042900100587,2014년 4월 29일 21시,화요일,인천광역시 계양구 작전동,경상사고,0,0,1,0,차대사람 - 길가장자리구역통행중,안전운전불이행,건조,맑음,교차로 - 교차로부근,승용,여,35세,상해없음,보행자,여,18세,경상
2014042900100588,2014년 4월 29일 21시,화요일,인천광역시 연수구 송도동,경상사고,0,0,1,0,차대차 - 측면직각충돌,교차로운행방법위반,건조,맑음,교차로 - 교차로안,승합,남,55세,상해없음,승용,여,23세,경상
2014042900100620,2014년 4월 29일 22시,화요일,인천광역시 서구 연희동,중상사고,0,1,0,0,차대차 - 추돌 - 주정차중,안전운전불이행,건조,맑음,단일로 - 횡단보도부근,승용,여,45세,상해없음,승용,여,48세,중상
2014042900100621,2014년 4월 29일 22시,화요일,인천광역시 서구 가좌동,경상사고,0,0,1,0,차대차 - 기타,안전운전불이행,건조,맑음,교차로 - 교차로안,이륜,남,17세,상해없음,승용,여,26세,경상
2014043000100021,2014년 4월 30일 00시,수요일,인천광역시 남동구 구월동,중상사고,0,2,0,0,차대차 - 기타,신호위반,건조,맑음,교차로 - 교차로안,화물,남,37세,상해없음,승용,남,31세,중상
2014043000100036,2014년 4월 30일 01시,수요일,인천광역시 부평구 산곡동,경상사고,0,0,1,0,차대차 - 기타,안전운전불이행,건조,맑음,교차로 - 교차로안,승용,남,51세,상해없음,승용,남,41세,상해없음
2014043000100045,2014년 4월 30일 02시,수요일,인천광역시 남동구 간석동,경상사고,0,0,1,0,차대차 - 추돌 - 주정차중,안전운전불이행,건조,맑음,교차로 - 교차로부근,승용,남,50세,상해없음,승용,남,42세,경상
2014043000100046,2014년 4월 30일 02시,수요일,인천광역시 남구 문학동,경상사고,0,0,1,0,차대차 - 기타,안전운전불이행,건조,맑음,단일로 - 기타,화물,남,31세,상해없음,승용,남,33세,경상
2014043000100086,2014년 4월 30일 06시,수요일,인천광역시 서구 가좌동,경상사고,0,0,1,1,차대차 - 기타,안전거리미확보,건조,맑음,단일로 - 기타,승용,남,59세,부상신고,승용,남,50세,경상
2014043000100119,2014년 4월 30일 07시,수요일,인천광역시 동구 송림동,경상사고,0,0,1,0,차대사람 - 기타,안전운전불이행,건조,맑음,교차로 - 교차로안,승용,남,43세,상해없음,보행자,남,58세,경상
2014043000100120,2014년 4월 30일 07시,수요일,인천광역시 남구 학익동,경상사고,0,0,1,0,차대차 - 기타,안전운전불이행,건조,맑음,단일로 - 기타,승용,여,27세,상해없음,승용,남,56세,경상
2014043000100121,2014년 4월 30일 07시,수요일,인천광역시 남동구 고잔동,중상사고,0,1,0,0,차대차 - 측면직각충돌,신호위반,건조,맑음,교차로 - 교차로부근,승용,남,33세,상해없음,원동기,남,26세,중상
2014043000100122,2014년 4월 30일 07시,수요일,인천광역시 서구 가정동,경상사고,0,0,2,0,차대차 - 추돌 - 진행중,안전운전불이행,건조,맑음,미분류 - 미분류,승용,남,37세,상해없음,화물,남,52세,경상
2014043000100163,2014년 4월 30일 08시,수요일,인천광역시 남구 주안동,경상사고,0,0,1,0,차대사람 - 기타,안전운전불이행,건조,맑음,단일로 - 기타,이륜,남,50세,상해없음,보행자,여,6세,경상
2014043000100164,2014년 4월 30일 08시,수요일,인천광역시 서구 가좌동,경상사고,0,0,3,0,차대차 - 기타,안전운전불이행,건조,맑음,교차로 - 교차로안,승용,남,63세,상해없음,승용,여,30세,경상
2014043000100248,2014년 4월 30일 11시,수요일,인천광역시 남구 용현동,경상사고,0,0,1,0,차대차 - 기타,안전운전불이행,건조,맑음,단일로 - 기타,승용,남,33세,상해없음,승용,여,39세,경상
2014043000100306,2014년 4월 30일 13시,수요일,인천광역시 중구 항동7가,중상사고,0,1,0,0,차대사람 - 기타,안전운전불이행,건조,맑음,기타 - 기타,화물,남,45세,상해없음,보행자,남,69세,중상
2014043000100307,2014년 4월 30일 13시,수요일,인천광역시 부평구 산곡동,중상사고,0,2,0,0,차대차 - 측면직각충돌,안전운전불이행,건조,맑음,교차로 - 교차로부근,원동기,남,20세,중상,승용,남,52세,중상
2014043000100377,2014년 4월 30일 15시,수요일,인천광역시 부평구 산곡동,중상사고,0,1,0,0,차대차 - 기타,안전거리미확보,건조,맑음,교차로 - 교차로부근,원동기,남,68세,중상,화물,남,44세,상해없음
2014043000100378,2014년 4월 30일 15시,수요일,인천광역시 남동구 간석동,중상사고,0,1,0,0,차대사람 - 기타,기타,건조,맑음,단일로 - 기타,승합,남,45세,상해없음,보행자,여,60세,중상
2014043000100404,2014년 4월 30일 16시,수요일,인천광역시 부평구 십정동,중상사고,0,1,1,0,차대차 - 기타,안전운전불이행,건조,맑음,교차로 - 교차로안,화물,여,51세,상해없음,승합,남,48세,상해없음
2014043000100405,2014년 4월 30일 16시,수요일,인천광역시 서구 원당동,경상사고,0,0,2,0,차대차 - 기타,안전운전불이행,건조,맑음,단일로 - 기타,승용,남,71세,상해없음,승용,여,37세,경상
2014043000100436,2014년 4월 30일 17시,수요일,인천광역시 남구 주안동,경상사고,0,0,1,0,차대차 - 추돌 - 주정차중,안전운전불이행,건조,맑음,교차로 - 교차로부근,승용,남,34세,상해없음,승용,남,56세,경상
2014043000100437,2014년 4월 30일 17시,수요일,인천광역시 부평구 일신동,중상사고,0,1,0,0,차대차 - 측면직각충돌,안전운전불이행,건조,맑음,교차로 - 교차로부근,승용,남,57세,상해없음,이륜,남,81세,중상
2014043000100470,2014년 4월 30일 18시,수요일,인천광역시 서구 검암동,중상사고,0,1,0,0,차대사람 - 차도통행중,안전운전불이행,건조,맑음,단일로 - 기타,승합,남,63세,상해없음,보행자,남,71세,중상
2014043000100512,2014년 4월 30일 19시,수요일,인천광역시 부평구 구산동,경상사고,0,0,1,0,차대차 - 측면직각충돌,안전운전불이행,건조,맑음,단일로 - 기타,승용,남,52세,상해없음,승용,남,56세,경상
2014043000100549,2014년 4월 30일 20시,수요일,인천광역시 남구 문학동,중상사고,0,1,0,0,차대사람 - 기타,안전운전불이행,건조,맑음,단일로 - 기타,승합,남,34세,상해없음,보행자,남,13세,중상
2014043000100550,2014년 4월 30일 20시,수요일,인천광역시 남동구 만수동,경상사고,0,0,1,0,차대사람 - 횡단중,신호위반,건조,맑음,교차로 - 교차로부근,승합,여,50세,상해없음,보행자,남,9세,경상
2014043000100551,2014년 4월 30일 20시,수요일,인천광역시 서구 경서동,경상사고,0,0,1,0,차대차 - 측면직각충돌,신호위반,건조,맑음,교차로 - 교차로안,승용,여,62세,상해없음,승용,여,37세,경상
2014043000100552,2014년 4월 30일 20시,수요일,인천광역시 계양구 용종동,경상사고,0,0,1,0,차대차 - 측면직각충돌,안전운전불이행,건조,맑음,단일로 - 기타,화물,남,62세,상해없음,승용,남,33세,경상
2014043000100553,2014년 4월 30일 20시,수요일,인천광역시 부평구 부평동,경상사고,0,0,3,0,차대사람 - 기타,신호위반,건조,흐림,단일로 - 기타,승용,여,18세,상해없음,보행자,여,34세,경상
2014043000100595,2014년 4월 30일 21시,수요일,인천광역시 중구 도원동,중상사고,0,1,2,0,차대차 - 추돌 - 진행중,안전운전불이행,건조,맑음,교차로 - 교차로안,원동기,남,17세,중상,승용,남,28세,경상
2014043000100596,2014년 4월 30일 21시,수요일,인천광역시 남동구 간석동,중상사고,0,1,1,0,차대차 - 측면직각충돌,안전운전불이행,건조,맑음,교차로 - 교차로안,승용,남,51세,상해없음,승용,남,47세,중상
2014043000100634,2014년 4월 30일 22시,수요일,인천광역시 서구 석남동,경상사고,0,0,4,0,차대차 - 추돌 - 주정차중,안전운전불이행,건조,맑음,교차로 - 교차로부근,승용,남,43세,상해없음,승용,남,52세,경상
2014043000100635,2014년 4월 30일 22시,수요일,인천광역시 연수구 선학동,중상사고,0,1,0,0,차대차 - 측면직각충돌,신호위반,건조,맑음,교차로 - 교차로안,기타불명,기타불명,기타불명,기타불명,승합,남,47세,중상
2014043000100671,2014년 4월 30일 23시,수요일,인천광역시 중구 경동,경상사고,0,0,1,0,차대차 - 기타,중앙선침범,건조,맑음,단일로 - 기타,원동기,남,23세,상해없음,원동기,남,16세,경상
2014043000100672,2014년 4월 30일 23시,수요일,인천광역시 연수구 옥련동,중상사고,0,1,1,0,차대차 - 추돌 - 주정차중,안전운전불이행,건조,맑음,교차로 - 교차로부근,승용,남,45세,상해없음,승용,여,46세,중상
2014050100100020,2014년 5월 1일 00시,목요일,인천광역시 남구 용현동,경상사고,0,0,1,0,차대차 - 측면직각충돌,안전운전불이행,건조,맑음,교차로 - 교차로안,이륜,남,25세,상해없음,승용,남,60세,경상
2014050100100021,2014년 5월 1일 00시,목요일,인천광역시 남동구 논현동,경상사고,0,0,2,0,차대차 - 측면직각충돌,안전운전불이행,건조,맑음,단일로 - 기타,승용,남,29세,상해없음,승용,남,30세,경상
2014050100100034,2014년 5월 1일 01시,목요일,인천광역시 남동구 만수동,경상사고,0,0,1,0,차대차 - 측면직각충돌,차로위반,건조,맑음,단일로 - 기타,승용,남,52세,상해없음,승용,남,26세,경상
2014050100100047,2014년 5월 1일 02시,목요일,인천광역시 중구 북성동1가,중상사고,0,1,0,0,차량단독 - 공작물충돌,안전운전불이행,건조,맑음,단일로 - 기타,승용,남,18세,상해없음,,,,
2014050100100064,2014년 5월 1일 03시,목요일,인천광역시 중구 운서동,중상사고,0,1,0,0,차량단독 - 공작물충돌,안전운전불이행,건조,맑음,미분류 - 미분류,승용,남,60세,상해없음,,,,
2014050100100075,2014년 5월 1일 04시,목요일,인천광역시 동구 만석동,경상사고,0,0,1,0,차대차 - 추돌 - 진행중,안전운전불이행,건조,맑음,미분류 - 미분류,승용,남,28세,상해없음,승용,남,58세,경상
2014050100100076,2014년 5월 1일 04시,목요일,인천광역시 남구 주안동,중상사고,0,4,1,0,차대차 - 정면충돌,신호위반,건조,맑음,교차로 - 교차로안,승용,남,37세,중상,승용,남,47세,중상
2014050100100077,2014년 5월 1일 04시,목요일,인천광역시 남동구 간석동,중상사고,0,1,0,0,차대차 - 측면직각충돌,교차로운행방법위반,건조,맑음,교차로 - 교차로안,승용,남,27세,상해없음,이륜,남,57세,중상
2014050100100094,2014년 5월 1일 06시,목요일,인천광역시 남동구 장수동,중상사고,0,2,0,0,차대차 - 측면직각충돌,안전거리미확보,건조,맑음,교차로 - 교차로안,승합,남,47세,상해없음,승용,남,61세,중상
2014050100100198,2014년 5월 1일 10시,목요일,인천광역시 남동구 구월동,경상사고,0,0,1,0,차량단독 - 기타,안전운전불이행,건조,맑음,단일로 - 기타,승합,남,61세,상해없음,,,,
2014050100100219,2014년 5월 1일 11시,목요일,인천광역시 중구 신흥동3가,경상사고,0,0,1,0,차대차 - 기타,안전거리미확보,건조,맑음,단일로 - 기타,승용,남,57세,상해없음,화물,남,30세,경상
2014050100100220,2014년 5월 1일 11시,목요일,인천광역시 서구 가좌동,경상사고,0,0,4,0,차대차 - 기타,안전운전불이행,건조,맑음,단일로 - 기타,화물,남,50세,상해없음,승용,남,38세,경상
2014050100100250,2014년 5월 1일 12시,목요일,인천광역시 남동구 구월동,중상사고,0,1,1,0,차대차 - 기타,안전거리미확보,건조,맑음,단일로 - 기타,승용,여,35세,상해없음,승합,남,44세,상해없음
2014050100100393,2014년 5월 1일 16시,목요일,인천광역시 남동구 구월동,경상사고,0,0,1,0,차량단독 - 기타,안전운전불이행,건조,맑음,단일로 - 기타,승합,남,55세,상해없음,,,,
2014050100100394,2014년 5월 1일 16시,목요일,인천광역시 서구 석남동,사망사고,1,0,0,0,차대사람 - 횡단중,안전운전불이행,건조,맑음,단일로 - 기타,승용,남,72세,상해없음,보행자,남,79세,사망
2014050100100434,2014년 5월 1일 17시,목요일,인천광역시 동구 송림동,중상사고,0,2,0,0,차대사람 - 횡단중,신호위반,건조,맑음,단일로 - 횡단보도상,승용,남,47세,상해없음,보행자,남,11세,중상
2014050100100435,2014년 5월 1일 17시,목요일,인천광역시 남구 주안동,경상사고,0,0,1,0,차대사람 - 기타,안전운전불이행,건조,맑음,단일로 - 기타,승용,남,31세,상해없음,보행자,여,82세,경상
2014050100100470,2014년 5월 1일 18시,목요일,인천광역시 중구 운서동,경상사고,0,0,1,0,차대차 - 추돌 - 진행중,안전거리미확보,건조,맑음,단일로 - 기타,승합,남,37세,상해없음,승용,남,50세,경상
2014050100100472,2014년 5월 1일 18시,목요일,인천광역시 남동구 논현동,경상사고,0,0,1,0,차대사람 - 기타,안전운전불이행,건조,맑음,단일로 - 기타,이륜,남,50세,상해없음,보행자,남,9세,경상
2014050100100473,2014년 5월 1일 18시,목요일,인천광역시 부평구 구산동,경상사고,0,0,2,0,차대차 - 추돌 - 진행중,안전거리미확보,건조,맑음,단일로 - 기타,승용,남,62세,상해없음,승용,남,53세,경상
2014050100100511,2014년 5월 1일 19시,목요일,인천광역시 남동구 간석동,경상사고,0,0,1,0,차대차 - 기타,신호위반,건조,맑음,교차로 - 교차로부근,승용,남,34세,상해없음,승용,남,47세,경상
2014050100100547,2014년 5월 1일 20시,목요일,인천광역시 남구 주안동,경상사고,0,0,1,0,차대차 - 추돌 - 진행중,안전거리미확보,건조,맑음,단일로 - 기타,승용,남,45세,상해없음,승용,여,41세,경상
2014050100100571,2014년 5월 1일 21시,목요일,인천광역시 남구 용현동,사망사고,1,1,0,0,차대차 - 기타,중앙선침범,건조,맑음,단일로 - 기타,자전거,남,17세,중상,원동기,남,64세,사망
2014050100100602,2014년 5월 1일 22시,목요일,인천광역시 중구 항동7가,경상사고,0,0,4,0,차대차 - 추돌 - 주정차중,안전운전불이행,건조,맑음,교차로 - 교차로부근,승용,남,39세,상해없음,승용,남,56세,경상
2014050100100603,2014년 5월 1일 22시,목요일,인천광역시 남동구 구월동,경상사고,0,0,1,0,차대차 - 측면직각충돌,중앙선침범,건조,맑음,단일로 - 기타,승용,남,32세,상해없음,승용,남,47세,경상
2014050100100604,2014년 5월 1일 22시,목요일,인천광역시 남동구 만수동,경상사고,0,0,1,0,차대차 - 추돌 - 주정차중,안전운전불이행,건조,맑음,교차로 - 교차로부근,승용,남,32세,상해없음,승용,남,20세,경상
2014050200100022,2014년 5월 2일 00시,금요일,인천광역시 남구 학익동,중상사고,0,1,0,0,차대사람 - 기타,안전운전불이행,건조,맑음,단일로 - 기타,승용,남,46세,상해없음,보행자,남,36세,중상
2014050200100023,2014년 5월 2일 00시,금요일,인천광역시 연수구 선학동,경상사고,0,0,2,0,차대차 - 기타,안전운전불이행,건조,맑음,단일로 - 기타,승용,남,41세,상해없음,승용,여,38세,경상
2014050200100035,2014년 5월 2일 01시,금요일,인천광역시 남동구 구월동,경상사고,0,0,4,0,차대차 - 기타,안전운전불이행,건조,흐림,단일로 - 기타,승용,남,67세,상해없음,승용,남,28세,경상
2014050200100087,2014년 5월 2일 06시,금요일,인천광역시 서구 당하동,중상사고,0,1,0,0,차대차 - 측면직각충돌,신호위반,건조,맑음,교차로 - 교차로안,화물,남,39세,상해없음,승용,남,49세,중상
2014050200100088,2014년 5월 2일 06시,금요일,인천광역시 연수구 동춘동,중상사고,0,1,0,0,차대차 - 측면직각충돌,신호위반,건조,맑음,교차로 - 교차로안,승합,남,76세,상해없음,승용,남,47세,중상
2014050200100145,2014년 5월 2일 08시,금요일,인천광역시 동구 송현동,경상사고,0,0,1,0,차대차 - 측면직각충돌,안전운전불이행,건조,맑음,단일로 - 횡단보도상,화물,남,52세,상해없음,자전거,남,70세,경상
2014050200100146,2014년 5월 2일 08시,금요일,인천광역시 남구 주안동,중상사고,0,1,0,0,차대차 - 측면직각충돌,신호위반,건조,맑음,단일로 - 기타,승용,남,62세,상해없음,승용,남,35세,중상
2014050200100147,2014년 5월 2일 08시,금요일,인천광역시 남동구 간석동,경상사고,0,0,1,0,차대차 - 측면직각충돌,신호위반,건조,맑음,단일로 - 횡단보도상,승용,여,26세,상해없음,자전거,남,77세,경상
2014050200100213,2014년 5월 2일 10시,금요일,인천광역시 동구 송림동,중상사고,0,1,0,0,차대차 - 추돌 - 진행중,안전운전불이행,습기,비,단일로 - 기타,기타불명,기타불명,기타불명,기타불명,승용,여,27세,중상
2014050200100214,2014년 5월 2일 10시,금요일,인천광역시 부평구 부평동,경상사고,0,0,1,0,차량단독 - 기타,기타,건조,맑음,교차로 - 교차로부근,승합,남,54세,상해없음,,,,
2014050200100215,2014년 5월 2일 10시,금요일,인천광역시 남동구 간석동,경상사고,0,0,1,0,차대차 - 측면직각충돌,안전거리미확보,건조,맑음,단일로 - 기타,이륜,남,67세,경상,승용,남,55세,상해없음
2014050200100216,2014년 5월 2일 10시,금요일,인천광역시 남동구 남촌동,경상사고,0,0,2,0,차대차 - 추돌 - 주정차중,안전거리미확보,건조,맑음,교차로 - 교차로부근,승용,남,57세,상해없음,승용,남,68세,경상
2014050200100217,2014년 5월 2일 10시,금요일,인천광역시 계양구 계산동,경상사고,0,0,1,0,차대사람 - 횡단중,안전운전불이행,건조,맑음,단일로 - 기타,승용,여,56세,상해없음,보행자,여,24세,경상
2014050200100274,2014년 5월 2일 12시,금요일,인천광역시 남동구 간석동,경상사고,0,0,1,0,차대차 - 추돌 - 주정차중,안전운전불이행,건조,맑음,교차로 - 교차로부근,승용,남,25세,상해없음,승용,여,29세,경상
2014050200100309,2014년 5월 2일 13시,금요일,인천광역시 남구 주안동,경상사고,0,0,1,0,차대차 - 기타,안전운전불이행,건조,맑음,단일로 - 기타,기타불명,기타불명,기타불명,기타불명,승용,여,47세,경상
2014050200100352,2014년 5월 2일 14시,금요일,인천광역시 부평구 부평동,경상사고,0,0,1,0,차대차 - 추돌 - 진행중,안전운전불이행,건조,맑음,기타 - 기타,승용,남,19세,상해없음,승용,남,35세,경상
2014050200100353,2014년 5월 2일 14시,금요일,인천광역시 남동구 간석동,경상사고,0,0,2,0,차대차 - 측면직각충돌,교차로운행방법위반,건조,맑음,교차로 - 교차로안,특수,남,43세,상해없음,승용,남,29세,경상
2014050200100354,2014년 5월 2일 14시,금요일,인천광역시 부평구 부평동,경상사고,0,0,1,0,차대차 - 측면직각충돌,안전운전불이행,건조,맑음,교차로 - 교차로안,승용,여,29세,상해없음,이륜,남,49세,경상
2014050200100399,2014년 5월 2일 15시,금요일,인천광역시 남동구 논현동,경상사고,0,0,1,0,차대사람 - 횡단중,신호위반,건조,맑음,단일로 - 횡단보도상,승용,여,52세,상해없음,보행자,남,9세,경상
2014050200100400,2014년 5월 2일 15시,금요일,인천광역시 남동구 고잔동,경상사고,0,0,1,0,차대차 - 기타,안전운전불이행,건조,맑음,단일로 - 기타,기타불명,기타불명,기타불명,기타불명,이륜,남,24세,경상
2014050200100448,2014년 5월 2일 16시,금요일,인천광역시 남구 문학동,경상사고,0,0,2,0,차대차 - 기타,안전거리미확보,습기,비,단일로 - 기타,승용,남,53세,상해없음,승용,여,54세,경상
2014050200100449,2014년 5월 2일 16시,금요일,인천광역시 부평구 십정동,경상사고,0,0,4,0,차대차 - 측면직각충돌,안전운전불이행,건조,맑음,교차로 - 교차로부근,승합,남,59세,상해없음,승용,남,51세,상해없음
2014050200100450,2014년 5월 2일 16시,금요일,인천광역시 서구 공촌동,중상사고,0,1,0,0,차대사람 - 기타,신호위반,습기,비,교차로 - 교차로부근,승용,여,47세,상해없음,보행자,여,28세,중상
2014050200100499,2014년 5월 2일 17시,금요일,인천광역시 중구 운서동,경상사고,0,0,1,0,차대차 - 측면직각충돌,직진우회전진행방해,습기,흐림,교차로 - 교차로안,승용,남,51세,상해없음,승용,남,55세,상해없음
2014050200100578,2014년 5월 2일 19시,금요일,인천광역시 남구 문학동,경상사고,0,0,3,0,차대차 - 추돌 - 주정차중,안전운전불이행,건조,맑음,교차로 - 교차로부근,승용,여,45세,상해없음,승용,남,58세,경상
2014050200100579,2014년 5월 2일 19시,금요일,인천광역시 부평구 십정동,중상사고,0,1,0,0,차대사람 - 기타,기타,기타,기타,미분류 - 미분류,승합,남,57세,상해없음,보행자,여,53세,중상
2014050200100616,2014년 5월 2일 20시,금요일,인천광역시 남구 숭의동,경상사고,0,0,2,0,차대차 - 추돌 - 진행중,안전운전불이행,건조,맑음,교차로 - 교차로부근,화물,남,29세,기타불명,승용,여,37세,경상
2014050200100617,2014년 5월 2일 20시,금요일,인천광역시 서구 경서동,중상사고,0,1,0,0,차대사람 - 횡단중,보행자보호의무위반,건조,맑음,교차로 - 교차로부근,승용,여,30세,상해없음,보행자,여,20세,중상
2014050200100644,2014년 5월 2일 21시,금요일,인천광역시 남동구 논현동,중상사고,0,1,2,0,차대차 - 측면직각충돌,안전운전불이행,건조,맑음,교차로 - 교차로안,승용,여,30세,상해없음,승합,남,59세,경상
2014050200100702,2014년 5월 2일 23시,금요일,인천광역시 중구 답동,경상사고,0,0,2,0,차대차 - 기타,안전운전불이행,습기,흐림,교차로 - 교차로안,화물,남,39세,상해없음,승용,남,31세,상해없음
2014050300100020,2014년 5월 3일 00시,토요일,인천광역시 남구 학익동,중상사고,0,1,0,0,차대사람 - 기타,안전운전불이행,건조,맑음,단일로 - 기타,승용,여,36세,상해없음,보행자,남,36세,중상
2014050300100021,2014년 5월 3일 00시,토요일,인천광역시 서구 가정동,경상사고,0,0,1,0,차대차 - 추돌 - 주정차중,안전운전불이행,건조,맑음,단일로 - 기타,승용,여,35세,상해없음,승용,남,52세,경상
2014050300100040,2014년 5월 3일 01시,토요일,인천광역시 연수구 옥련동,중상사고,0,1,1,0,차대차 - 추돌 - 주정차중,안전운전불이행,건조,맑음,교차로 - 교차로부근,승용,남,43세,상해없음,승용,남,42세,경상
2014050300100078,2014년 5월 3일 03시,토요일,인천광역시 계양구 효성동,중상사고,0,1,1,0,차대차 - 측면직각충돌,신호위반,건조,맑음,교차로 - 교차로안,승용,남,27세,상해없음,승용,남,37세,경상
2014050300100090,2014년 5월 3일 04시,토요일,인천광역시 부평구 십정동,경상사고,0,0,1,1,차대차 - 추돌 - 주정차중,안전거리미확보,건조,맑음,교차로 - 교차로부근,승용,남,47세,상해없음,이륜,남,29세,부상신고
2014050300100118,2014년 5월 3일 06시,토요일,인천광역시 중구 중산동,경상사고,0,0,4,0,차대차 - 추돌 - 주정차중,안전운전불이행,건조,맑음,교차로 - 교차로부근,화물,남,42세,상해없음,승용,남,33세,경상
2014050300100183,2014년 5월 3일 09시,토요일,인천광역시 연수구 동춘동,중상사고,0,1,2,0,차대차 - 기타,교차로운행방법위반,건조,맑음,교차로 - 교차로안,승용,여,54세,경상,승용,여,29세,중상
2014050300100220,2014년 5월 3일 10시,토요일,인천광역시 남구 관교동,경상사고,0,0,1,0,차대사람 - 차도통행중,안전운전불이행,건조,맑음,기타 - 기타,승용,남,51세,상해없음,보행자,여,53세,경상
2014050300100221,2014년 5월 3일 10시,토요일,인천광역시 남동구 논현동,중상사고,0,3,1,0,차대차 - 기타,안전거리미확보,건조,맑음,단일로 - 기타,승용,남,56세,상해없음,승합,남,55세,상해없음
2014050300100222,2014년 5월 3일 10시,토요일,인천광역시 남동구 구월동,경상사고,0,0,1,0,차대사람 - 기타,안전운전불이행,건조,맑음,교차로 - 교차로안,승용,남,47세,상해없음,보행자,남,40세,경상
2014050300100223,2014년 5월 3일 10시,토요일,인천광역시 부평구 갈산동,경상사고,0,0,3,0,차대차 - 기타,신호위반,건조,맑음,교차로 - 교차로안,승용,여,69세,경상,승용,남,51세,경상
2014050300100305,2014년 5월 3일 12시,토요일,인천광역시 남동구 간석동,경상사고,0,0,1,0,차대차 - 정면충돌,중앙선침범,건조,맑음,단일로 - 기타,승용,남,51세,상해없음,이륜,남,29세,경상
2014050300100350,2014년 5월 3일 13시,토요일,인천광역시 계양구 동양동,중상사고,0,1,0,0,차대차 - 정면충돌,안전운전불이행,건조,맑음,단일로 - 기타,자전거,남,13세,상해없음,자전거,남,29세,중상
2014050300100392,2014년 5월 3일 14시,토요일,인천광역시 남동구 간석동,부상신고사고,0,0,0,1,차대차 - 기타,안전운전불이행,건조,맑음,기타 - 기타,자전거,남,77세,부상신고,승용,여,27세,상해없음
2014050300100393,2014년 5월 3일 14시,토요일,인천광역시 남동구 간석동,중상사고,0,1,0,0,차대차 - 추돌 - 주정차중,안전운전불이행,건조,맑음,단일로 - 기타,화물,남,51세,상해없음,화물,남,40세,중상
2014050300100434,2014년 5월 3일 15시,토요일,인천광역시 계양구 귤현동,중상사고,0,1,0,0,차대사람 - 기타,안전운전불이행,건조,맑음,단일로 - 기타,자전거,여,7세,상해없음,보행자,여,60세,중상
2014050300100435,2014년 5월 3일 15시,토요일,인천광역시 부평구 부평동,중상사고,0,1,0,0,차대사람 - 기타,안전운전불이행,건조,맑음,단일로 - 기타,승용,남,23세,상해없음,보행자,남,33세,중상
2014050300100484,2014년 5월 3일 16시,토요일,인천광역시 남동구 장수동,경상사고,0,0,1,0,차대사람 - 기타,안전거리미확보,건조,맑음,단일로 - 기타,자전거,남,13세,상해없음,보행자,남,6세,경상
2014050300100485,2014년 5월 3일 16시,토요일,인천광역시 계양구 작전동,중상사고,0,1,1,0,차대차 - 측면직각충돌,신호위반,건조,맑음,교차로 - 교차로안,이륜,남,44세,중상,승용,남,42세,경상
2014050300100528,2014년 5월 3일 17시,토요일,인천광역시 남동구 장수동,경상사고,0,0,2,0,차대차 - 측면직각충돌,안전운전불이행,건조,맑음,단일로 - 기타,화물,남,46세,상해없음,승용,남,31세,경상
2014050300100529,2014년 5월 3일 17시,토요일,인천광역시 계양구 작전동,경상사고,0,0,1,0,차대차 - 측면직각충돌,교차로운행방법위반,건조,맑음,교차로 - 교차로안,승용,여,57세,경상,승합,남,61세,상해없음
2014050300100574,2014년 5월 3일 18시,토요일,인천광역시 남구 도화동,중상사고,0,1,0,0,차대사람 - 기타,신호위반,건조,맑음,단일로 - 기타,화물,남,31세,상해없음,보행자,남,64세,중상
2014050300100575,2014년 5월 3일 18시,토요일,인천광역시 남동구 논현동,중상사고,0,1,0,0,차대차 - 기타,안전운전불이행,건조,맑음,교차로 - 교차로안,승용,남,55세,상해없음,이륜,남,19세,중상
2014050300100576,2014년 5월 3일 18시,토요일,인천광역시 남동구 장수동,경상사고,0,0,2,0,차대차 - 추돌 - 진행중,안전운전불이행,건조,맑음,단일로 - 기타,승용,여,47세,기타불명,승용,남,34세,상해없음
2014050300100577,2014년 5월 3일 18시,토요일,인천광역시 계양구 병방동,경상사고,0,0,2,0,차대차 - 추돌 - 주정차중,안전운전불이행,건조,맑음,단일로 - 기타,화물,남,54세,상해없음,승용,남,51세,경상
2014050300100578,2014년 5월 3일 18시,토요일,인천광역시 연수구 옥련동,경상사고,0,0,3,0,차대차 - 추돌 - 주정차중,안전거리미확보,건조,맑음,교차로 - 교차로부근,승용,남,43세,상해없음,승용,남,52세,경상
2014050300100612,2014년 5월 3일 19시,토요일,인천광역시 부평구 산곡동,중상사고,0,1,0,0,차대사람 - 기타,안전운전불이행,건조,맑음,단일로 - 기타,승용,남,44세,상해없음,보행자,여,54세,중상
2014050300100613,2014년 5월 3일 19시,토요일,인천광역시 부평구 구산동,중상사고,0,1,0,0,차대사람 - 기타,안전운전불이행,건조,맑음,단일로 - 기타,승용,남,48세,상해없음,보행자,남,34세,중상
2014050300100646,2014년 5월 3일 20시,토요일,인천광역시 중구 운남동,중상사고,0,1,0,0,차대차 - 기타,중앙선침범,건조,맑음,교차로 - 교차로안,화물,남,21세,상해없음,원동기,남,27세,중상