사고번호,사고일시,요일,시군구,사고내용,사망자수,중상자수,경상자수,부상신고자수,사고유형,법규위반,노면상태,기상상태,도로형태,가해운전자 차종,가해운전자 성별,가해운전자 연령,가해운전자 상해정도,피해운전자 차종,피해운전자 성별,피해운전자 연령,피해운전자 상해정도
2014050900100421,2014년 5월 9일 16시,금요일,인천광역시 서구 경서동,중상사고,0,1,0,0,차대사람 - 횡단중,안전운전불이행,건조,맑음,단일로 - 기타,승용,남,43세,상해없음,보행자,남,4세,중상
2014050900100473,2014년 5월 9일 17시,금요일,인천광역시 연수구 송도동,경상사고,0,0,1,0,차대차 - 기타,과속,건조,맑음,단일로 - 교량,승용,남,53세,상해없음,승용,남,45세,경상
2014050900100474,2014년 5월 9일 17시,금요일,인천광역시 부평구 구산동,중상사고,0,1,0,0,차대차 - 기타,안전거리미확보,건조,맑음,단일로 - 기타,승용,남,49세,상해없음,이륜,남,27세,중상
2014050900100640,2014년 5월 9일 21시,금요일,인천광역시 중구 신흥동2가,경상사고,0,0,1,0,차대차 - 추돌 - 진행중,안전거리미확보,건조,맑음,단일로 - 기타,승용,여,56세,상해없음,승용,여,34세,경상
2014050900100641,2014년 5월 9일 21시,금요일,인천광역시 부평구 부평동,중상사고,0,7,0,0,차대차 - 기타,차로위반,건조,맑음,교차로 - 교차로부근,승용,남,63세,상해없음,승합,남,33세,상해없음
2014050900100642,2014년 5월 9일 21시,금요일,인천광역시 연수구 연수동,중상사고,0,1,0,0,차대사람 - 보도통행중,안전운전불이행,건조,맑음,기타 - 기타,승용,여,50세,상해없음,보행자,남,54세,중상
2014050900100643,2014년 5월 9일 21시,금요일,인천광역시 부평구 갈산동,경상사고,0,0,1,0,차대차 - 추돌 - 진행중,안전거리미확보,건조,맑음,단일로 - 기타,화물,남,55세,상해없음,승합,남,39세,상해없음
2014050900100688,2014년 5월 9일 22시,금요일,인천광역시 남구 주안동,경상사고,0,0,1,0,차대차 - 기타,안전거리미확보,건조,맑음,단일로 - 기타,승용,여,44세,상해없음,승용,남,21세,경상
2014050900100689,2014년 5월 9일 22시,금요일,인천광역시 부평구 산곡동,경상사고,0,0,1,0,차대차 - 기타,교차로운행방법위반,건조,맑음,단일로 - 기타,화물,남,52세,기타불명,승용,여,40세,경상
2014050900100722,2014년 5월 9일 23시,금요일,인천광역시 부평구 십정동,경상사고,0,0,2,0,차대차 - 기타,안전운전불이행,건조,맑음,단일로 - 기타,승합,남,42세,상해없음,승용,남,58세,상해없음
2014050900100723,2014년 5월 9일 23시,금요일,인천광역시 부평구 부평동,중상사고,0,1,0,0,차대사람 - 기타,안전운전불이행,건조,맑음,교차로 - 교차로안,이륜,남,17세,상해없음,보행자,남,56세,중상
2014050900100724,2014년 5월 9일 23시,금요일,인천광역시 부평구 구산동,중상사고,0,1,1,0,차대차 - 추돌 - 주정차중,안전운전불이행,건조,맑음,교차로 - 교차로부근,승용,남,36세,상해없음,승용,남,43세,경상
2014051000100017,2014년 5월 10일 00시,토요일,인천광역시 부평구 십정동,경상사고,0,0,1,0,차대사람 - 기타,안전운전불이행,건조,맑음,단일로 - 기타,기타불명,기타불명,기타불명,기타불명,보행자,남,49세,경상
2014051000100018,2014년 5월 10일 00시,토요일,인천광역시 남동구 간석동,경상사고,0,0,1,0,차대차 - 추돌 - 주정차중,안전운전불이행,건조,맑음,단일로 - 기타,승용,남,48세,상해없음,승용,남,33세,경상
2014051000100019,2014년 5월 10일 00시,토요일,인천광역시 남동구 구월동,경상사고,0,0,2,0,차대차 - 추돌 - 주정차중,안전운전불이행,건조,맑음,교차로 - 교차로부근,승용,여,27세,상해없음,승용,남,41세,경상
2014051000100020,2014년 5월 10일 00시,토요일,인천광역시 서구 신현동,경상사고,0,0,1,0,차대차 - 측면직각충돌,교차로운행방법위반,건조,맑음,교차로 - 교차로안,승용,남,61세,상해없음,승용,남,30세,상해없음
2014051000100021,2014년 5월 10일 00시,토요일,인천광역시 계양구 계산동,경상사고,0,0,1,0,차대차 - 추돌 - 주정차중,안전운전불이행,건조,맑음,교차로 - 교차로부근,승합,남,48세,상해없음,승용,남,53세,상해없음
2014051000100058,2014년 5월 10일 02시,토요일,인천광역시 계양구 효성동,경상사고,0,0,1,0,차대사람 - 기타,안전운전불이행,건조,맑음,교차로 - 교차로안,승용,남,26세,상해없음,보행자,남,28세,경상
2014051000100096,2014년 5월 10일 05시,토요일,인천광역시 중구 운서동,중상사고,0,1,2,0,차대차 - 정면충돌,신호위반,건조,맑음,교차로 - 교차로안,승용,남,35세,중상,화물,남,61세,경상
2014051000100115,2014년 5월 10일 06시,토요일,인천광역시 남구 숭의동,경상사고,0,0,1,0,차대차 - 기타,기타,건조,맑음,단일로 - 기타,승용,남,46세,상해없음,자전거,남,47세,경상
2014051000100116,2014년 5월 10일 06시,토요일,인천광역시 부평구 부평동,경상사고,0,0,1,0,차대차 - 기타,안전운전불이행,건조,맑음,단일로 - 횡단보도상,승용,남,63세,상해없음,자전거,남,54세,경상
2014051000100174,2014년 5월 10일 09시,토요일,인천광역시 남동구 간석동,중상사고,0,1,0,0,차대사람 - 기타,안전운전불이행,건조,맑음,단일로 - 기타,이륜,남,55세,상해없음,보행자,남,57세,중상
2014051000100175,2014년 5월 10일 09시,토요일,인천광역시 부평구 삼산동,중상사고,0,1,0,0,차대차 - 측면직각충돌,안전운전불이행,건조,맑음,기타 - 기타,승용,남,55세,상해없음,자전거,여,54세,중상
2014051000100215,2014년 5월 10일 10시,토요일,인천광역시 서구 왕길동,중상사고,0,1,0,0,차대사람 - 횡단중,보행자보호의무위반,건조,맑음,단일로 - 횡단보도상,승용,남,39세,상해없음,보행자,여,5세,중상
2014051000100291,2014년 5월 10일 12시,토요일,인천광역시 남동구 구월동,경상사고,0,0,2,0,차대차 - 추돌 - 진행중,안전운전불이행,건조,맑음,단일로 - 기타,승용,여,47세,상해없음,승용,남,39세,경상
2014051000100376,2014년 5월 10일 14시,토요일,인천광역시 남구 숭의동,경상사고,0,0,1,0,차대차 - 추돌 - 주정차중,안전운전불이행,건조,맑음,교차로 - 교차로안,승용,남,40세,상해없음,승용,남,56세,경상
2014051000100439,2014년 5월 10일 16시,토요일,인천광역시 남구 주안동,중상사고,0,1,3,0,차대차 - 기타,안전거리미확보,건조,맑음,단일로 - 기타,승용,남,57세,상해없음,승용,남,55세,중상
2014051000100440,2014년 5월 10일 16시,토요일,인천광역시 부평구 산곡동,중상사고,0,1,0,0,차대차 - 측면직각충돌,신호위반,건조,맑음,교차로 - 교차로안,승용,남,23세,상해없음,이륜,남,20세,중상
2014051000100484,2014년 5월 10일 17시,토요일,인천광역시 남구 용현동,중상사고,0,1,0,0,차대사람 - 기타,안전운전불이행,건조,맑음,단일로 - 기타,승용,남,54세,상해없음,보행자,남,32세,중상
2014051000100485,2014년 5월 10일 17시,토요일,인천광역시 남동구 도림동,중상사고,0,1,2,0,차대차 - 추돌 - 주정차중,안전운전불이행,건조,맑음,단일로 - 기타,이륜,남,49세,경상,승용,남,32세,경상
2014051000100486,2014년 5월 10일 17시,토요일,인천광역시 남동구 논현동,경상사고,0,0,1,0,차대사람 - 기타,안전운전불이행,건조,맑음,단일로 - 기타,이륜,남,29세,경상,보행자,남,10세,상해없음
2014051000100487,2014년 5월 10일 17시,토요일,인천광역시 서구 가좌동,부상신고사고,0,0,0,1,차대사람 - 횡단중,안전운전불이행,건조,맑음,단일로 - 기타,이륜,남,47세,상해없음,보행자,여,7세,부상신고
2014051000100488,2014년 5월 10일 17시,토요일,인천광역시 서구 가좌동,중상사고,0,1,0,0,차량단독 - 기타,기타,건조,맑음,단일로 - 기타,승합,남,47세,상해없음,,,,
2014051000100628,2014년 5월 10일 21시,토요일,인천광역시 계양구 작전동,경상사고,0,0,1,0,차대차 - 측면직각충돌,안전운전불이행,건조,흐림,단일로 - 기타,승용,남,63세,상해없음,승용,남,23세,경상
2014051000100629,2014년 5월 10일 21시,토요일,인천광역시 연수구 동춘동,경상사고,0,0,1,0,차대차 - 기타,안전운전불이행,건조,맑음,단일로 - 기타,원동기,남,19세,상해없음,자전거,남,58세,경상
2014051000100667,2014년 5월 10일 22시,토요일,인천광역시 남구 주안동,경상사고,0,0,4,0,차대차 - 기타,안전거리미확보,건조,맑음,단일로 - 기타,승용,기타불명,기타불명,기타불명,승용,남,31세,상해없음
2014051000100686,2014년 5월 10일 23시,토요일,인천광역시 서구 석남동,경상사고,0,0,1,0,차대사람 - 횡단중,안전운전불이행,건조,맑음,교차로 - 교차로안,이륜,남,18세,상해없음,보행자,남,60세,경상
2014051000100687,2014년 5월 10일 23시,토요일,인천광역시 연수구 연수동,경상사고,0,0,2,0,차대차 - 측면직각충돌,직진우회전진행방해,건조,맑음,교차로 - 교차로안,승용,남,24세,상해없음,승용,남,29세,경상
2014051000100688,2014년 5월 10일 23시,토요일,인천광역시 연수구 연수동,경상사고,0,0,2,0,차대차 - 기타,신호위반,건조,맑음,교차로 - 교차로안,승용,여,49세,상해없음,승용,남,31세,경상
2014051100100025,2014년 5월 11일 00시,일요일,인천광역시 남동구 간석동,경상사고,0,0,1,0,차대차 - 측면직각충돌,안전운전불이행,건조,맑음,단일로 - 기타,승용,남,25세,상해없음,승용,여,61세,경상
2014051100100047,2014년 5월 11일 01시,일요일,인천광역시 남구 주안동,경상사고,0,0,2,0,차대차 - 측면직각충돌,안전운전불이행,건조,맑음,단일로 - 기타,승용,남,21세,상해없음,이륜,남,16세,경상
2014051100100075,2014년 5월 11일 03시,일요일,인천광역시 남구 주안동,중상사고,0,1,0,0,차대차 - 기타,신호위반,건조,맑음,교차로 - 교차로안,승용,여,48세,상해없음,자전거,남,25세,중상
2014051100100076,2014년 5월 11일 03시,일요일,인천광역시 부평구 부평동,경상사고,0,0,5,0,차대차 - 추돌 - 주정차중,안전운전불이행,건조,맑음,단일로 - 기타,화물,남,34세,상해없음,승용,남,62세,경상
2014051100100077,2014년 5월 11일 03시,일요일,인천광역시 서구 가좌동,경상사고,0,0,1,0,차대차 - 측면직각충돌,안전운전불이행,습기,비,단일로 - 기타,승용,기타불명,기타불명,기타불명,승용,남,34세,경상
2014051100100267,2014년 5월 11일 15시,일요일,인천광역시 부평구 산곡동,중상사고,0,1,0,0,차대사람 - 횡단중,안전운전불이행,건조,맑음,교차로 - 교차로부근,승용,남,35세,상해없음,보행자,여,81세,중상
2014051100100268,2014년 5월 11일 15시,일요일,인천광역시 부평구 갈산동,경상사고,0,0,3,0,차대차 - 추돌 - 주정차중,안전운전불이행,습기,비,기타 - 기타,승용,여,38세,상해없음,승용,남,43세,경상
2014051100100288,2014년 5월 11일 16시,일요일,인천광역시 남구 학익동,부상신고사고,0,0,0,1,차대사람 - 횡단중,보행자보호의무위반,습기,비,교차로 - 교차로부근,이륜,남,24세,상해없음,보행자,여,58세,부상신고
2014051100100330,2014년 5월 11일 17시,일요일,인천광역시 남동구 논현동,경상사고,0,0,2,0,차대차 - 기타,중앙선침범,습기,비,단일로 - 기타,승합,여,25세,상해없음,승용,남,44세,경상
2014051100100331,2014년 5월 11일 17시,일요일,인천광역시 남동구 구월동,중상사고,0,1,0,0,차대사람 - 기타,안전운전불이행,건조,맑음,단일로 - 기타,승용,남,43세,상해없음,보행자,여,23세,중상
2014051100100371,2014년 5월 11일 18시,일요일,인천광역시 계양구 귤현동,경상사고,0,0,1,0,차대차 - 측면직각충돌,안전운전불이행,습기,비,교차로 - 교차로안,화물,남,51세,상해없음,승용,남,35세,상해없음
2014051100100372,2014년 5월 11일 18시,일요일,인천광역시 부평구 부개동,중상사고,0,1,0,0,차대사람 - 횡단중,중앙선침범,습기,비,단일로 - 기타,승용,남,54세,상해없음,보행자,남,75세,중상
2014051100100411,2014년 5월 11일 19시,일요일,인천광역시 남구 학익동,중상사고,0,1,2,0,차대차 - 추돌 - 진행중,안전운전불이행,습기,비,단일로 - 기타,승용,남,56세,상해없음,승용,남,63세,경상
2014051100100412,2014년 5월 11일 19시,일요일,인천광역시 남동구 논현동,경상사고,0,0,1,0,차대차 - 측면직각충돌,신호위반,습기,비,교차로 - 교차로안,승용,남,54세,상해없음,승용,남,65세,경상
2014051100100413,2014년 5월 11일 19시,일요일,인천광역시 계양구 임학동,경상사고,0,0,2,0,차대차 - 측면직각충돌,안전운전불이행,습기,비,단일로 - 기타,승용,여,35세,상해없음,승용,남,43세,경상
2014051100100458,2014년 5월 11일 20시,일요일,인천광역시 남동구 구월동,경상사고,0,0,1,0,차대차 - 기타,안전운전불이행,습기,비,단일로 - 기타,승용,남,33세,상해없음,승용,남,55세,상해없음
2014051100100492,2014년 5월 11일 21시,일요일,인천광역시 남구 주안동,경상사고,0,0,1,0,차대사람 - 횡단중,보행자보호의무위반,습기,비,교차로 - 교차로안,승용,기타불명,기타불명,기타불명,보행자,여,46세,경상
2014051100100493,2014년 5월 11일 21시,일요일,인천광역시 남동구 만수동,경상사고,0,0,1,0,차대사람 - 횡단중,보행자보호의무위반,습기,비,단일로 - 횡단보도상,승용,남,44세,상해없음,보행자,남,19세,경상
2014051100100528,2014년 5월 11일 22시,일요일,인천광역시 부평구 산곡동,경상사고,0,0,1,0,차대차 - 기타,안전운전불이행,습기,비,단일로 - 기타,승합,남,28세,상해없음,원동기,남,16세,상해없음
2014051100100529,2014년 5월 11일 22시,일요일,인천광역시 남동구 장수동,경상사고,0,0,1,0,차대차 - 추돌 - 진행중,안전운전불이행,습기,비,단일로 - 기타,승용,남,52세,상해없음,승용,남,28세,경상
2014051100100558,2014년 5월 11일 23시,일요일,인천광역시 부평구 부개동,경상사고,0,0,2,0,차대차 - 기타,교차로운행방법위반,습기,비,교차로 - 교차로부근,승용,남,32세,기타불명,승용,남,52세,상해없음
2014051100100559,2014년 5월 11일 23시,일요일,인천광역시 서구 석남동,중상사고,0,1,0,0,차대차 - 기타,안전운전불이행,습기,비,교차로 - 교차로안,승용,남,27세,상해없음,이륜,남,71세,중상
2014051100100560,2014년 5월 11일 23시,일요일,인천광역시 계양구 계산동,부상신고사고,0,0,0,1,차대사람 - 기타,안전운전불이행,습기,비,교차로 - 교차로안,이륜,남,18세,상해없음,보행자,여,3세,부상신고
2014051200100029,2014년 5월 12일 00시,월요일,인천광역시 남구 주안동,중상사고,0,1,1,0,차대차 - 기타,안전운전불이행,습기,비,단일로 - 기타,승용,남,41세,상해없음,승용,남,55세,중상
2014051200100040,2014년 5월 12일 01시,월요일,인천광역시 남동구 간석동,경상사고,0,0,4,0,차대차 - 측면직각충돌,신호위반,습기,비,교차로 - 교차로안,승용,남,35세,상해없음,승용,남,35세,경상
2014051200100057,2014년 5월 12일 03시,월요일,인천광역시 부평구 청천동,중상사고,0,1,0,0,차대사람 - 보도통행중,안전운전불이행,습기,비,교차로 - 교차로안,승용,기타불명,기타불명,기타불명,보행자,남,44세,중상
2014051200100082,2014년 5월 12일 06시,월요일,인천광역시 중구 운서동,중상사고,0,1,0,0,차량단독 - 공작물충돌,안전운전불이행,건조,맑음,단일로 - 기타,승용,남,31세,상해없음,,,,
2014051200100132,2014년 5월 12일 08시,월요일,인천광역시 부평구 십정동,경상사고,0,0,1,0,차대차 - 추돌 - 주정차중,안전운전불이행,건조,맑음,단일로 - 기타,승용,남,44세,상해없음,승용,남,24세,경상
2014051200100133,2014년 5월 12일 08시,월요일,인천광역시 계양구 계산동,경상사고,0,0,1,0,차대차 - 추돌 - 진행중,안전운전불이행,건조,맑음,단일로 - 기타,승용,여,43세,상해없음,승합,남,56세,경상
2014051200100134,2014년 5월 12일 08시,월요일,인천광역시 계양구 병방동,중상사고,0,1,0,0,차대사람 - 보도통행중,기타,건조,맑음,단일로 - 기타,자전거,여,60세,상해없음,보행자,여,71세,중상
2014051200100162,2014년 5월 12일 09시,월요일,인천광역시 중구 신흥동1가,경상사고,0,0,2,1,차대차 - 기타,안전운전불이행,건조,맑음,단일로 - 기타,화물,남,54세,상해없음,승합,남,59세,상해없음
2014051200100198,2014년 5월 12일 10시,월요일,인천광역시 동구 송현동,경상사고,0,0,1,0,차대사람 - 기타,안전운전불이행,건조,맑음,단일로 - 기타,승용,여,47세,상해없음,보행자,여,35세,경상
2014051200100199,2014년 5월 12일 10시,월요일,인천광역시 계양구 작전동,경상사고,0,0,2,0,차대차 - 측면직각충돌,교차로운행방법위반,건조,맑음,교차로 - 교차로안,화물,남,34세,상해없음,승용,여,35세,경상
2014051200100226,2014년 5월 12일 11시,월요일,인천광역시 계양구 계산동,중상사고,0,1,0,0,차대사람 - 차도통행중,안전운전불이행,건조,맑음,단일로 - 기타,자전거,남,62세,상해없음,보행자,여,60세,중상
2014051200100252,2014년 5월 12일 12시,월요일,인천광역시 남구 주안동,경상사고,0,0,2,0,차대차 - 추돌 - 진행중,중앙선침범,건조,맑음,단일로 - 기타,승용,남,23세,상해없음,승용,남,59세,경상
2014051200100253,2014년 5월 12일 12시,월요일,인천광역시 부평구 부평동,중상사고,0,1,0,0,차대차 - 측면직각충돌,안전운전불이행,건조,맑음,단일로 - 기타,자전거,남,64세,중상,승합,남,54세,상해없음
2014051200100289,2014년 5월 12일 13시,월요일,인천광역시 남구 주안동,경상사고,0,0,1,0,차대차 - 기타,안전운전불이행,건조,맑음,단일로 - 기타,승용,남,61세,기타불명,원동기,남,23세,경상
2014051200100311,2014년 5월 12일 14시,월요일,인천광역시 부평구 산곡동,중상사고,0,1,0,0,차대차 - 기타,안전운전불이행,건조,맑음,단일로 - 기타,기타불명,기타불명,기타불명,기타불명,자전거,남,37세,중상
2014051200100312,2014년 5월 12일 14시,월요일,인천광역시 서구 신현동,경상사고,0,0,1,0,차대차 - 기타,안전거리미확보,건조,맑음,단일로 - 기타,기타불명,기타불명,기타불명,기타불명,화물,남,27세,경상
2014051200100313,2014년 5월 12일 14시,월요일,인천광역시 연수구 송도동,중상사고,0,4,3,0,차대차 - 측면직각충돌,신호위반,건조,맑음,교차로 - 교차로안,승용,여,19세,중상,승합,남,45세,중상
2014051200100352,2014년 5월 12일 15시,월요일,인천광역시 부평구 산곡동,경상사고,0,0,1,0,차대차 - 기타,안전운전불이행,건조,맑음,교차로 - 교차로안,승용,남,41세,상해없음,자전거,남,68세,경상
2014051200100353,2014년 5월 12일 15시,월요일,인천광역시 연수구 동춘동,경상사고,0,0,1,0,차대차 - 기타,안전운전불이행,건조,맑음,교차로 - 교차로부근,승용,기타불명,기타불명,기타불명,자전거,남,62세,경상
2014051200100354,2014년 5월 12일 15시,월요일,인천광역시 부평구 구산동,경상사고,0,0,1,0,차대차 - 기타,안전운전불이행,건조,맑음,교차로 - 교차로안,승용,남,27세,상해없음,자전거,여,52세,경상
2014051200100355,2014년 5월 12일 15시,월요일,인천광역시 남구 문학동,경상사고,0,0,1,1,차대차 - 추돌 - 진행중,안전운전불이행,건조,맑음,단일로 - 기타,화물,남,47세,부상신고,화물,남,64세,경상
2014051200100391,2014년 5월 12일 16시,월요일,인천광역시 남동구 간석동,중상사고,0,1,4,0,차대차 - 추돌 - 주정차중,안전거리미확보,건조,맑음,단일로 - 기타,승합,남,49세,상해없음,승용,남,53세,상해없음
2014051200100392,2014년 5월 12일 16시,월요일,인천광역시 계양구 효성동,경상사고,0,0,1,0,차대사람 - 기타,기타,건조,맑음,단일로 - 기타,승합,남,57세,기타불명,보행자,여,53세,경상
2014051200100436,2014년 5월 12일 17시,월요일,인천광역시 서구 연희동,중상사고,0,1,0,0,차대사람 - 기타,안전거리미확보,건조,맑음,단일로 - 기타,승용,남,32세,상해없음,보행자,남,4세,중상
2014051200100472,2014년 5월 12일 18시,월요일,인천광역시 남동구 간석동,경상사고,0,0,1,0,차대사람 - 기타,안전운전불이행,건조,맑음,단일로 - 기타,승용,남,47세,상해없음,보행자,남,39세,경상
2014051200100473,2014년 5월 12일 18시,월요일,인천광역시 서구 왕길동,중상사고,0,1,0,0,차대차 - 측면직각충돌,안전운전불이행,건조,맑음,교차로 - 교차로안,화물,남,26세,상해없음,원동기,남,17세,중상
2014051200100474,2014년 5월 12일 18시,월요일,인천광역시 연수구 연수동,경상사고,0,0,1,0,차대차 - 기타,신호위반,건조,맑음,교차로 - 교차로부근,화물,남,51세,상해없음,승용,여,48세,경상
2014051200100475,2014년 5월 12일 18시,월요일,인천광역시 부평구 부평동,경상사고,0,0,1,0,차대차 - 측면직각충돌,교차로운행방법위반,건조,맑음,교차로 - 교차로안,승용,남,35세,상해없음,자전거,남,16세,경상
2014051200100540,2014년 5월 12일 20시,월요일,인천광역시 연수구 송도동,경상사고,0,0,1,0,차대차 - 추돌 - 주정차중,안전운전불이행,건조,맑음,교차로 - 교차로안,승용,남,27세,상해없음,승용,여,48세,경상
2014051200100541,2014년 5월 12일 20시,월요일,인천광역시 연수구 옥련동,경상사고,0,0,3,0,차대차 - 기타,신호위반,건조,맑음,교차로 - 교차로안,승용,남,38세,경상,화물,남,33세,경상
2014051200100566,2014년 5월 12일 21시,월요일,인천광역시 남구 문학동,경상사고,0,0,3,0,차대차 - 정면충돌,중앙선침범,건조,맑음,교차로 - 교차로부근,승용,남,54세,상해없음,승용,남,36세,경상
2014051200100567,2014년 5월 12일 21시,월요일,인천광역시 남동구 만수동,경상사고,0,0,1,0,차대차 - 측면직각충돌,신호위반,건조,맑음,교차로 - 교차로안,승합,남,67세,상해없음,화물,남,40세,경상
2014051200100588,2014년 5월 12일 22시,월요일,인천광역시 남동구 구월동,경상사고,0,0,2,0,차대차 - 측면직각충돌,교차로운행방법위반,건조,맑음,교차로 - 교차로안,승용,여,48세,경상,승용,남,38세,경상
2014051300100025,2014년 5월 13일 01시,화요일,인천광역시 남동구 만수동,중상사고,0,1,0,0,차대사람 - 보도통행중,신호위반,건조,맑음,교차로 - 교차로부근,이륜,남,18세,상해없음,보행자,남,46세,중상
2014051300100044,2014년 5월 13일 04시,화요일,인천광역시 서구 연희동,경상사고,0,0,1,0,차대사람 - 기타,안전운전불이행,건조,맑음,단일로 - 기타,승용,남,26세,상해없음,보행자,남,41세,경상
2014051300100065,2014년 5월 13일 06시,화요일,인천광역시 남동구 고잔동,중상사고,0,1,1,0,차대차 - 측면직각충돌,신호위반,건조,맑음,교차로 - 교차로안,화물,남,45세,상해없음,화물,남,43세,중상
2014051300100099,2014년 5월 13일 07시,화요일,인천광역시 남동구 고잔동,사망사고,1,1,6,1,차대차 - 추돌 - 주정차중,안전운전불이행,건조,맑음,단일로 - 교량,화물,남,58세,부상신고,화물,남,58세,사망
2014051300100100,2014년 5월 13일 07시,화요일,인천광역시 연수구 청학동,중상사고,0,1,0,0,차대사람 - 횡단중,안전운전불이행,건조,맑음,교차로 - 교차로부근,승용,남,38세,상해없음,보행자,여,20세,중상
2014051300100142,2014년 5월 13일 08시,화요일,인천광역시 남동구 논현동,경상사고,0,0,1,0,차대차 - 기타,교차로운행방법위반,건조,맑음,교차로 - 교차로부근,승용,여,41세,상해없음,승합,남,40세,상해없음
2014051300100143,2014년 5월 13일 08시,화요일,인천광역시 연수구 연수동,중상사고,0,1,0,0,차대차 - 기타,안전운전불이행,건조,맑음,단일로 - 기타,승용,남,35세,상해없음,자전거,남,70세,중상
2014051300100144,2014년 5월 13일 08시,화요일,인천광역시 부평구 갈산동,경상사고,0,0,1,0,차대차 - 기타,안전운전불이행,건조,맑음,단일로 - 기타,승용,남,66세,상해없음,화물,남,42세,경상
2014051300100178,2014년 5월 13일 09시,화요일,인천광역시 계양구 병방동,중상사고,0,1,0,0,차대사람 - 횡단중,안전운전불이행,건조,맑음,교차로 - 교차로안,승용,여,32세,상해없음,보행자,남,78세,중상
2014051300100265,2014년 5월 13일 12시,화요일,인천광역시 남구 숭의동,경상사고,0,0,1,0,차대차 - 기타,안전운전불이행,건조,맑음,기타 - 기타,승용,남,44세,상해없음,건설기계,남,49세,경상
2014051300100367,2014년 5월 13일 15시,화요일,인천광역시 서구 석남동,경상사고,0,0,1,0,차대차 - 기타,안전거리미확보,건조,맑음,단일로 - 기타,이륜,남,32세,경상,승용,남,37세,상해없음
2014051300100368,2014년 5월 13일 15시,화요일,인천광역시 서구 검암동,경상사고,0,0,1,0,차대차 - 기타,안전운전불이행,건조,맑음,단일로 - 기타,승용,여,58세,상해없음,자전거,남,7세,경상
2014051300100369,2014년 5월 13일 15시,화요일,인천광역시 계양구 동양동,중상사고,0,1,1,0,차대차 - 측면직각충돌,안전운전불이행,건조,맑음,교차로 - 교차로안,승용,남,48세,상해없음,승용,남,54세,경상
2014051300100437,2014년 5월 13일 17시,화요일,인천광역시 중구 도원동,중상사고,0,1,0,0,차대차 - 기타,중앙선침범,건조,맑음,단일로 - 기타,이륜,기타불명,기타불명,기타불명,자전거,남,18세,중상
2014051300100438,2014년 5월 13일 17시,화요일,인천광역시 계양구 병방동,경상사고,0,0,1,0,차대차 - 측면직각충돌,안전운전불이행,건조,맑음,교차로 - 교차로부근,자전거,남,16세,경상,승용,여,52세,상해없음
2014051300100439,2014년 5월 13일 17시,화요일,인천광역시 연수구 송도동,경상사고,0,0,1,0,차대차 - 기타,안전운전불이행,건조,맑음,교차로 - 교차로부근,승용,남,38세,상해없음,자전거,남,13세,경상
2014051300100487,2014년 5월 13일 18시,화요일,인천광역시 중구 신흥동3가,경상사고,0,0,1,0,차대차 - 기타,안전거리미확보,건조,맑음,교차로 - 교차로부근,승합,남,58세,상해없음,승용,남,27세,경상
2014051300100488,2014년 5월 13일 18시,화요일,인천광역시 연수구 선학동,중상사고,0,2,3,0,차대차 - 측면직각충돌,안전거리미확보,건조,맑음,단일로 - 기타,특수,남,44세,상해없음,승용,남,50세,경상
2014051300100518,2014년 5월 13일 19시,화요일,인천광역시 남구 주안동,경상사고,0,0,1,0,차대차 - 기타,안전운전불이행,건조,맑음,단일로 - 기타,승용,남,59세,상해없음,승용,남,39세,경상
2014051300100579,2014년 5월 13일 21시,화요일,인천광역시 부평구 청천동,중상사고,0,1,0,0,차대차 - 기타,안전운전불이행,건조,맑음,단일로 - 기타,승용,남,58세,상해없음,이륜,남,18세,중상
2014051300100580,2014년 5월 13일 21시,화요일,인천광역시 연수구 동춘동,중상사고,0,1,0,0,차대차 - 측면직각충돌,신호위반,건조,맑음,교차로 - 교차로부근,승용,남,49세,상해없음,원동기,남,18세,중상
2014051300100581,2014년 5월 13일 21시,화요일,인천광역시 연수구 동춘동,경상사고,0,0,2,0,차대차 - 추돌 - 주정차중,안전운전불이행,건조,맑음,단일로 - 기타,승용,남,38세,상해없음,승용,여,33세,경상
2014051300100634,2014년 5월 13일 23시,화요일,인천광역시 부평구 부평동,중상사고,0,1,0,0,차대사람 - 기타,기타,건조,맑음,교차로 - 교차로안,승합,남,46세,상해없음,보행자,여,51세,중상
2014051300100635,2014년 5월 13일 23시,화요일,인천광역시 남동구 구월동,경상사고,0,0,1,0,차대사람 - 기타,안전운전불이행,건조,맑음,단일로 - 기타,화물,남,39세,상해없음,보행자,남,56세,경상
2014051300100636,2014년 5월 13일 23시,화요일,인천광역시 남동구 간석동,중상사고,0,1,0,0,차대사람 - 횡단중,신호위반,건조,맑음,단일로 - 횡단보도상,이륜,남,16세,상해없음,보행자,남,49세,중상
2014051400100037,2014년 5월 14일 01시,수요일,인천광역시 부평구 산곡동,경상사고,0,0,2,0,차대차 - 기타,안전운전불이행,건조,맑음,교차로 - 교차로부근,승용,남,34세,상해없음,화물,남,56세,경상
2014051400100038,2014년 5월 14일 01시,수요일,인천광역시 남동구 논현동,경상사고,0,0,1,0,차대차 - 추돌 - 주정차중,안전거리미확보,건조,맑음,단일로 - 기타,승용,남,22세,상해없음,승용,남,80세,경상
2014051400100046,2014년 5월 14일 02시,수요일,인천광역시 남동구 구월동,경상사고,0,0,1,0,차대차 - 추돌 - 주정차중,안전거리미확보,건조,맑음,교차로 - 교차로부근,승용,남,57세,상해없음,승용,남,33세,경상