사고번호,사고일시,요일,시군구,사고내용,사망자수,중상자수,경상자수,부상신고자수,사고유형,법규위반,노면상태,기상상태,도로형태,가해운전자 차종,가해운전자 성별,가해운전자 연령,가해운전자 상해정도,피해운전자 차종,피해운전자 성별,피해운전자 연령,피해운전자 상해정도
2014051400100053,2014년 5월 14일 03시,수요일,인천광역시 연수구 선학동,중상사고,0,1,0,0,차대사람 - 횡단중,안전운전불이행,건조,맑음,단일로 - 횡단보도상,승용,남,33세,상해없음,보행자,남,38세,중상
2014051400100145,2014년 5월 14일 08시,수요일,인천광역시 남동구 논현동,중상사고,0,1,0,0,차대차 - 기타,안전운전불이행,건조,맑음,교차로 - 교차로안,승용,여,31세,상해없음,자전거,남,22세,중상
2014051400100176,2014년 5월 14일 09시,수요일,인천광역시 서구 경서동,중상사고,0,3,7,1,차대차 - 추돌 - 진행중,안전운전불이행,건조,맑음,단일로 - 교량,승합,남,56세,상해없음,건설기계,남,39세,경상
2014051400100239,2014년 5월 14일 11시,수요일,인천광역시 남동구 고잔동,경상사고,0,0,2,0,차량단독 - 공작물충돌,안전운전불이행,건조,맑음,단일로 - 기타,승합,남,51세,상해없음,,,,
2014051400100240,2014년 5월 14일 11시,수요일,인천광역시 서구 가정동,중상사고,0,1,0,0,차대차 - 측면직각충돌,안전운전불이행,건조,맑음,단일로 - 기타,화물,남,37세,상해없음,승용,남,51세,중상
2014051400100278,2014년 5월 14일 12시,수요일,인천광역시 부평구 십정동,경상사고,0,0,1,0,차량단독 - 기타,기타,건조,맑음,단일로 - 기타,승합,남,59세,상해없음,,,,
2014051400100312,2014년 5월 14일 13시,수요일,인천광역시 서구 석남동,경상사고,0,0,1,0,차대사람 - 기타,안전운전불이행,건조,맑음,단일로 - 기타,화물,남,52세,상해없음,보행자,여,53세,경상
2014051400100313,2014년 5월 14일 13시,수요일,인천광역시 연수구 연수동,중상사고,0,1,0,0,차대차 - 기타,교차로운행방법위반,건조,맑음,교차로 - 교차로안,승용,여,33세,상해없음,원동기,남,49세,중상
2014051400100352,2014년 5월 14일 14시,수요일,인천광역시 부평구 산곡동,경상사고,0,0,3,0,차대차 - 기타,교차로운행방법위반,건조,맑음,교차로 - 교차로안,승용,남,47세,상해없음,승용,남,61세,경상
2014051400100353,2014년 5월 14일 14시,수요일,인천광역시 계양구 계산동,중상사고,0,1,0,0,차대차 - 측면직각충돌,신호위반,건조,맑음,교차로 - 교차로안,승용,남,69세,상해없음,승용,여,60세,중상
2014051400100393,2014년 5월 14일 15시,수요일,인천광역시 남구 주안동,경상사고,0,0,1,0,차대사람 - 횡단중,신호위반,건조,맑음,교차로 - 교차로안,승용,남,55세,상해없음,보행자,여,81세,경상
2014051400100394,2014년 5월 14일 15시,수요일,인천광역시 계양구 동양동,경상사고,0,0,1,0,차대사람 - 횡단중,안전운전불이행,건조,맑음,교차로 - 교차로안,승용,남,25세,상해없음,보행자,남,90세 이상,경상
2014051400100421,2014년 5월 14일 16시,수요일,인천광역시 서구 석남동,부상신고사고,0,0,0,1,차대사람 - 기타,안전운전불이행,건조,맑음,단일로 - 기타,기타불명,기타불명,기타불명,기타불명,보행자,여,7세,부상신고
2014051400100422,2014년 5월 14일 16시,수요일,인천광역시 부평구 구산동,중상사고,0,1,0,0,차대차 - 추돌 - 진행중,안전운전불이행,건조,맑음,단일로 - 기타,승용,여,28세,상해없음,승용,여,44세,중상
2014051400100470,2014년 5월 14일 17시,수요일,인천광역시 중구 항동1가,중상사고,0,1,0,0,차대사람 - 횡단중,안전운전불이행,건조,맑음,단일로 - 기타,건설기계,남,72세,상해없음,보행자,남,49세,중상
2014051400100471,2014년 5월 14일 17시,수요일,인천광역시 남구 도화동,경상사고,0,0,1,0,차대차 - 추돌 - 진행중,안전운전불이행,건조,맑음,단일로 - 기타,승용,여,51세,상해없음,승용,남,36세,상해없음
2014051400100472,2014년 5월 14일 17시,수요일,인천광역시 연수구 청학동,경상사고,0,0,2,0,차대차 - 기타,안전운전불이행,건조,맑음,교차로 - 교차로안,건설기계,남,42세,상해없음,승용,남,54세,경상
2014051400100508,2014년 5월 14일 18시,수요일,인천광역시 부평구 삼산동,중상사고,0,1,0,0,차대차 - 추돌 - 진행중,안전운전불이행,건조,맑음,단일로 - 기타,승합,남,49세,상해없음,승용,여,39세,중상
2014051400100540,2014년 5월 14일 19시,수요일,인천광역시 남구 도화동,경상사고,0,0,1,0,차대사람 - 기타,안전운전불이행,건조,맑음,단일로 - 기타,승용,여,48세,상해없음,보행자,남,50세,경상
2014051400100589,2014년 5월 14일 20시,수요일,인천광역시 중구 을왕동,경상사고,0,0,1,0,차대사람 - 기타,안전운전불이행,건조,맑음,단일로 - 기타,승용,남,20세,상해없음,보행자,여,27세,경상
2014051400100663,2014년 5월 14일 22시,수요일,인천광역시 남구 용현동,경상사고,0,0,2,0,차대차 - 추돌 - 주정차중,안전운전불이행,건조,맑음,단일로 - 기타,승용,남,30세,상해없음,승용,남,54세,경상
2014051400100664,2014년 5월 14일 22시,수요일,인천광역시 연수구 동춘동,중상사고,0,1,0,0,차대차 - 기타,안전운전불이행,건조,맑음,교차로 - 교차로안,승용,남,24세,상해없음,이륜,남,44세,중상
2014051400100690,2014년 5월 14일 23시,수요일,인천광역시 동구 송현동,경상사고,0,0,1,0,차대사람 - 횡단중,안전운전불이행,건조,맑음,교차로 - 교차로부근,승용,여,43세,상해없음,보행자,남,72세,경상
2014051400100691,2014년 5월 14일 23시,수요일,인천광역시 중구 을왕동,경상사고,0,0,7,0,차대차 - 추돌 - 진행중,안전거리미확보,건조,맑음,단일로 - 기타,승용,여,21세,상해없음,승용,여,21세,경상
2014051400100692,2014년 5월 14일 23시,수요일,인천광역시 서구 석남동,경상사고,0,0,1,0,차대사람 - 기타,기타,건조,맑음,단일로 - 기타,승용,기타불명,기타불명,기타불명,보행자,남,56세,경상
2014051500100016,2014년 5월 15일 00시,목요일,인천광역시 남구 문학동,경상사고,0,0,2,0,차대차 - 기타,안전운전불이행,건조,맑음,단일로 - 기타,승용,남,43세,상해없음,승용,남,41세,경상
2014051500100017,2014년 5월 15일 00시,목요일,인천광역시 남동구 간석동,경상사고,0,0,3,0,차대차 - 추돌 - 주정차중,안전운전불이행,건조,맑음,단일로 - 기타,승용,남,35세,상해없음,승용,남,53세,경상
2014051500100018,2014년 5월 15일 00시,목요일,인천광역시 서구 가정동,경상사고,0,0,1,1,차대차 - 추돌 - 주정차중,안전운전불이행,건조,맑음,단일로 - 기타,승용,남,20세,상해없음,승용,여,63세,부상신고
2014051500100020,2014년 5월 15일 00시,목요일,인천광역시 계양구 서운동,경상사고,0,0,2,0,차대차 - 측면직각충돌,안전거리미확보,건조,맑음,단일로 - 기타,승용,남,52세,상해없음,승용,여,54세,경상
2014051500100043,2014년 5월 15일 01시,목요일,인천광역시 남구 문학동,부상신고사고,0,0,0,1,차대차 - 측면직각충돌,불법유턴,건조,맑음,교차로 - 교차로부근,승용,남,32세,상해없음,승용,남,56세,부상신고
2014051500100061,2014년 5월 15일 02시,목요일,인천광역시 연수구 연수동,경상사고,0,0,1,0,차대차 - 정면충돌,안전운전불이행,건조,맑음,단일로 - 기타,승용,여,51세,상해없음,이륜,남,30세,경상
2014051500100082,2014년 5월 15일 05시,목요일,인천광역시 계양구 계산동,중상사고,0,1,0,0,차대사람 - 횡단중,안전운전불이행,건조,맑음,교차로 - 교차로부근,승용,남,52세,상해없음,보행자,여,76세,중상
2014051500100099,2014년 5월 15일 06시,목요일,인천광역시 중구 운서동,경상사고,0,0,1,0,차량단독 - 공작물충돌,안전운전불이행,습기,맑음,단일로 - 기타,승용,남,18세,상해없음,,,,
2014051500100100,2014년 5월 15일 06시,목요일,인천광역시 부평구 부평동,경상사고,0,0,1,0,차대사람 - 기타,안전운전불이행,습기,흐림,단일로 - 기타,승합,남,55세,상해없음,보행자,남,44세,경상
2014051500100119,2014년 5월 15일 07시,목요일,인천광역시 부평구 청천동,중상사고,0,1,1,0,차대차 - 기타,안전거리미확보,건조,맑음,단일로 - 기타,승용,여,48세,상해없음,승용,여,36세,중상
2014051500100120,2014년 5월 15일 07시,목요일,인천광역시 서구 공촌동,경상사고,0,0,1,0,차대차 - 측면직각충돌,안전운전불이행,건조,맑음,단일로 - 횡단보도상,승용,남,52세,상해없음,자전거,남,18세,경상
2014051500100121,2014년 5월 15일 07시,목요일,인천광역시 서구 석남동,경상사고,0,0,1,0,차대차 - 추돌 - 진행중,안전운전불이행,건조,맑음,단일로 - 기타,승용,남,55세,상해없음,승용,남,39세,상해없음
2014051500100122,2014년 5월 15일 07시,목요일,인천광역시 계양구 작전동,부상신고사고,0,0,0,1,차대사람 - 기타,기타,건조,맑음,단일로 - 기타,화물,기타불명,기타불명,기타불명,보행자,남,22세,부상신고
2014051500100123,2014년 5월 15일 07시,목요일,인천광역시 연수구 동춘동,경상사고,0,0,1,0,차대차 - 기타,안전운전불이행,건조,맑음,교차로 - 교차로부근,승용,여,75세,상해없음,승용,남,66세,경상
2014051500100198,2014년 5월 15일 09시,목요일,인천광역시 남구 도화동,중상사고,0,1,0,0,차대사람 - 횡단중,안전운전불이행,건조,맑음,기타 - 기타,승용,남,61세,상해없음,보행자,여,42세,중상
2014051500100199,2014년 5월 15일 09시,목요일,인천광역시 남동구 만수동,부상신고사고,0,0,0,1,차대사람 - 기타,안전운전불이행,건조,맑음,단일로 - 기타,승용,남,59세,상해없음,보행자,여,67세,부상신고
2014051500100236,2014년 5월 15일 10시,목요일,인천광역시 남동구 만수동,중상사고,0,1,0,0,차대사람 - 기타,안전운전불이행,건조,맑음,단일로 - 기타,승합,남,52세,상해없음,보행자,여,32세,중상
2014051500100295,2014년 5월 15일 12시,목요일,인천광역시 남구 문학동,경상사고,0,0,1,0,차대차 - 측면직각충돌,안전거리미확보,건조,맑음,단일로 - 기타,승용,남,28세,상해없음,승용,여,49세,경상
2014051500100361,2014년 5월 15일 14시,목요일,인천광역시 서구 석남동,중상사고,0,1,0,0,차대사람 - 횡단중,보행자보호의무위반,건조,맑음,교차로 - 교차로안,화물,남,42세,상해없음,보행자,남,57세,중상
2014051500100409,2014년 5월 15일 15시,목요일,인천광역시 서구 석남동,경상사고,0,0,1,0,차대차 - 기타,안전운전불이행,건조,맑음,단일로 - 기타,승용,남,23세,상해없음,자전거,남,10세,경상
2014051500100464,2014년 5월 15일 16시,목요일,인천광역시 부평구 부평동,부상신고사고,0,0,0,1,차대차 - 추돌 - 주정차중,안전운전불이행,건조,맑음,단일로 - 기타,승용,남,58세,상해없음,승용,여,47세,부상신고
2014051500100528,2014년 5월 15일 17시,목요일,인천광역시 부평구 청천동,부상신고사고,0,0,0,1,차대차 - 측면직각충돌,안전운전불이행,건조,맑음,교차로 - 교차로안,승용,남,66세,상해없음,자전거,남,11세,부상신고
2014051500100529,2014년 5월 15일 17시,목요일,인천광역시 남동구 장수동,경상사고,0,0,2,0,차대사람 - 차도통행중,안전운전불이행,건조,맑음,단일로 - 기타,자전거,남,63세,경상,보행자,여,39세,경상
2014051500100582,2014년 5월 15일 18시,목요일,인천광역시 남동구 구월동,부상신고사고,0,0,0,1,차대사람 - 기타,안전운전불이행,건조,맑음,단일로 - 기타,승용,기타불명,기타불명,기타불명,보행자,여,12세,부상신고
2014051500100619,2014년 5월 15일 19시,목요일,인천광역시 서구 가정동,중상사고,0,2,1,0,차대차 - 기타,신호위반,건조,맑음,단일로 - 기타,승용,남,40세,중상,승용,여,43세,경상
2014051500100620,2014년 5월 15일 19시,목요일,인천광역시 서구 검암동,경상사고,0,0,2,0,차량단독 - 기타,기타,건조,맑음,단일로 - 기타,승합,남,53세,상해없음,,,,
2014051500100651,2014년 5월 15일 20시,목요일,인천광역시 남구 용현동,중상사고,0,1,0,0,차대차 - 기타,안전운전불이행,건조,맑음,단일로 - 기타,화물,남,50세,상해없음,건설기계,남,54세,중상
2014051500100652,2014년 5월 15일 20시,목요일,인천광역시 남동구 간석동,중상사고,0,2,10,0,차대차 - 측면직각충돌,교차로운행방법위반,건조,맑음,교차로 - 교차로안,화물,남,25세,상해없음,승합,남,61세,상해없음
2014051500100653,2014년 5월 15일 20시,목요일,인천광역시 서구 마전동,중상사고,0,1,0,0,차대사람 - 횡단중,보행자보호의무위반,건조,기타,단일로 - 횡단보도상,승용,여,55세,상해없음,보행자,남,22세,중상
2014051500100654,2014년 5월 15일 20시,목요일,인천광역시 서구 심곡동,경상사고,0,0,1,0,차대차 - 기타,안전운전불이행,건조,맑음,단일로 - 기타,승용,남,37세,상해없음,승용,남,56세,경상
2014051500100690,2014년 5월 15일 21시,목요일,인천광역시 부평구 부평동,중상사고,0,1,0,0,차대차 - 정면충돌,안전운전불이행,건조,맑음,교차로 - 교차로안,화물,남,46세,상해없음,이륜,남,37세,중상
2014051500100691,2014년 5월 15일 21시,목요일,인천광역시 부평구 청천동,부상신고사고,0,0,0,1,차대차 - 기타,교차로운행방법위반,건조,맑음,단일로 - 기타,화물,남,40세,상해없음,승합,남,56세,상해없음
2014051500100692,2014년 5월 15일 21시,목요일,인천광역시 남동구 남촌동,경상사고,0,0,1,0,차대차 - 정면충돌,중앙선침범,건조,맑음,단일로 - 기타,승용,남,60세,상해없음,승용,남,49세,경상
2014051500100693,2014년 5월 15일 21시,목요일,인천광역시 서구 연희동,중상사고,0,1,0,0,차대사람 - 기타,안전운전불이행,건조,맑음,교차로 - 교차로부근,승합,남,53세,상해없음,보행자,여,31세,중상
2014051500100726,2014년 5월 15일 22시,목요일,인천광역시 동구 송림동,경상사고,0,0,2,0,차대차 - 추돌 - 진행중,안전운전불이행,건조,맑음,교차로 - 교차로안,승용,남,56세,상해없음,승용,남,42세,경상
2014051500100727,2014년 5월 15일 22시,목요일,인천광역시 남동구 장수동,경상사고,0,0,1,0,차대차 - 추돌 - 주정차중,안전운전불이행,건조,맑음,단일로 - 기타,승용,여,58세,상해없음,승용,여,51세,경상
2014051500100760,2014년 5월 15일 23시,목요일,인천광역시 남구 용현동,경상사고,0,0,1,0,차대사람 - 횡단중,보행자보호의무위반,건조,맑음,단일로 - 기타,승용,기타불명,기타불명,기타불명,보행자,남,47세,경상
2014051500100761,2014년 5월 15일 23시,목요일,인천광역시 서구 경서동,중상사고,0,1,0,0,차대사람 - 기타,보행자보호의무위반,건조,맑음,단일로 - 횡단보도상,승용,여,33세,상해없음,보행자,여,19세,중상
2014051500100762,2014년 5월 15일 23시,목요일,인천광역시 서구 가좌동,경상사고,0,0,1,0,차대차 - 정면충돌,안전운전불이행,건조,맑음,단일로 - 기타,승용,남,32세,상해없음,승합,남,72세,경상
2014051500100763,2014년 5월 15일 23시,목요일,인천광역시 서구 가정동,중상사고,0,1,0,0,차대차 - 추돌 - 진행중,안전운전불이행,건조,맑음,교차로 - 교차로부근,승용,남,42세,상해없음,승용,남,32세,중상
2014051600100039,2014년 5월 16일 01시,금요일,인천광역시 남동구 간석동,중상사고,0,1,0,0,차량단독 - 공작물충돌,신호위반,건조,맑음,미분류 - 미분류,이륜,남,23세,중상,,,,
2014051600100058,2014년 5월 16일 03시,금요일,인천광역시 서구 경서동,경상사고,0,0,1,0,차대차 - 측면직각충돌,신호위반,건조,흐림,교차로 - 교차로안,건설기계,남,32세,상해없음,승용,남,50세,경상
2014051600100142,2014년 5월 16일 08시,금요일,인천광역시 남구 문학동,중상사고,0,1,0,0,차대차 - 기타,교차로운행방법위반,건조,맑음,교차로 - 교차로안,승용,남,68세,상해없음,이륜,남,19세,중상
2014051600100143,2014년 5월 16일 08시,금요일,인천광역시 연수구 청학동,중상사고,0,1,0,0,차대차 - 측면직각충돌,교차로운행방법위반,건조,맑음,교차로 - 교차로안,승용,여,41세,상해없음,화물,남,48세,중상
2014051600100144,2014년 5월 16일 08시,금요일,인천광역시 부평구 부평동,중상사고,0,1,0,0,차대차 - 기타,안전운전불이행,건조,맑음,단일로 - 기타,자전거,여,58세,중상,승용,남,55세,상해없음
2014051600100205,2014년 5월 16일 10시,금요일,인천광역시 남동구 구월동,중상사고,0,1,0,0,차대사람 - 횡단중,보행자보호의무위반,건조,맑음,교차로 - 교차로부근,승용,여,41세,상해없음,보행자,여,75세,중상
2014051600100206,2014년 5월 16일 10시,금요일,인천광역시 서구 가정동,경상사고,0,0,1,0,차대차 - 측면직각충돌,신호위반,건조,맑음,교차로 - 교차로안,승용,남,53세,상해없음,승용,남,36세,경상
2014051600100207,2014년 5월 16일 10시,금요일,인천광역시 서구 검암동,경상사고,0,0,1,0,차대차 - 측면직각충돌,안전운전불이행,건조,맑음,교차로 - 교차로안,승용,남,47세,상해없음,화물,남,58세,경상
2014051600100305,2014년 5월 16일 13시,금요일,인천광역시 남구 학익동,경상사고,0,0,1,0,차대사람 - 횡단중,보행자보호의무위반,건조,맑음,단일로 - 기타,승용,남,54세,상해없음,보행자,남,67세,경상
2014051600100306,2014년 5월 16일 13시,금요일,인천광역시 남구 숭의동,경상사고,0,0,1,0,차대사람 - 차도통행중,안전운전불이행,건조,맑음,단일로 - 기타,승용,남,26세,상해없음,보행자,여,52세,경상
2014051600100338,2014년 5월 16일 14시,금요일,인천광역시 서구 당하동,중상사고,0,1,1,0,차대차 - 측면직각충돌,신호위반,건조,맑음,교차로 - 교차로안,화물,남,51세,상해없음,승용,여,35세,중상
2014051600100374,2014년 5월 16일 15시,금요일,인천광역시 부평구 부평동,경상사고,0,0,1,0,차대차 - 기타,안전운전불이행,건조,맑음,교차로 - 교차로안,승용,남,28세,상해없음,승용,여,27세,경상
2014051600100375,2014년 5월 16일 15시,금요일,인천광역시 서구 검암동,경상사고,0,0,1,0,차대사람 - 횡단중,기타,건조,맑음,단일로 - 기타,승용,여,48세,상해없음,보행자,여,21세,경상
2014051600100418,2014년 5월 16일 16시,금요일,인천광역시 부평구 부평동,경상사고,0,0,2,0,차대차 - 측면직각충돌,안전운전불이행,건조,맑음,단일로 - 기타,화물,남,41세,상해없음,이륜,남,47세,경상
2014051600100471,2014년 5월 16일 17시,금요일,인천광역시 부평구 십정동,경상사고,0,0,1,0,차대차 - 측면직각충돌,신호위반,건조,맑음,교차로 - 교차로안,승용,여,41세,상해없음,원동기,남,22세,경상
2014051600100472,2014년 5월 16일 17시,금요일,인천광역시 남구 숭의동,경상사고,0,0,1,0,차대차 - 기타,안전운전불이행,건조,맑음,단일로 - 기타,승용,여,29세,상해없음,이륜,남,52세,경상
2014051600100474,2014년 5월 16일 17시,금요일,인천광역시 남동구 논현동,중상사고,0,1,0,0,차대사람 - 횡단중,신호위반,건조,맑음,교차로 - 교차로안,자전거,남,13세,상해없음,보행자,여,50세,중상
2014051600100524,2014년 5월 16일 18시,금요일,인천광역시 남동구 서창동,경상사고,0,0,1,0,차대차 - 측면직각충돌,신호위반,건조,맑음,교차로 - 교차로안,승용,남,43세,상해없음,자전거,남,8세,경상
2014051600100525,2014년 5월 16일 18시,금요일,인천광역시 서구 신현동,경상사고,0,0,3,0,차대차 - 추돌 - 진행중,안전운전불이행,건조,맑음,단일로 - 기타,승용,남,51세,상해없음,승용,여,50세,경상
2014051600100560,2014년 5월 16일 19시,금요일,인천광역시 남구 관교동,중상사고,0,1,1,0,차량단독 - 기타,기타,건조,맑음,단일로 - 기타,승용,남,58세,중상,,,,
2014051600100561,2014년 5월 16일 19시,금요일,인천광역시 남동구 만수동,경상사고,0,0,1,0,차대차 - 기타,안전운전불이행,건조,맑음,단일로 - 기타,이륜,남,26세,상해없음,승합,남,61세,상해없음
2014051600100643,2014년 5월 16일 21시,금요일,인천광역시 서구 가좌동,경상사고,0,0,1,0,차대사람 - 횡단중,신호위반,건조,맑음,교차로 - 교차로안,승용,남,46세,상해없음,보행자,남,11세,경상
2014051600100644,2014년 5월 16일 21시,금요일,인천광역시 부평구 일신동,경상사고,0,0,1,0,차대차 - 추돌 - 주정차중,안전운전불이행,건조,맑음,기타 - 기타,승용,남,25세,상해없음,승용,남,55세,경상
2014051600100686,2014년 5월 16일 22시,금요일,인천광역시 계양구 계산동,경상사고,0,0,1,0,차대사람 - 기타,안전운전불이행,건조,맑음,단일로 - 기타,승용,남,55세,상해없음,보행자,남,53세,경상
2014051600100720,2014년 5월 16일 23시,금요일,인천광역시 강화군 강화읍,중상사고,0,1,0,0,차대차 - 추돌 - 주정차중,안전운전불이행,건조,맑음,교차로 - 교차로부근,화물,남,36세,중상,승합,남,61세,상해없음
2014051600100721,2014년 5월 16일 23시,금요일,인천광역시 연수구 옥련동,중상사고,0,1,0,0,차대사람 - 차도통행중,안전운전불이행,건조,맑음,단일로 - 기타,승용,남,36세,상해없음,보행자,여,45세,중상
2014051700100024,2014년 5월 17일 00시,토요일,인천광역시 부평구 십정동,경상사고,0,0,1,0,차대차 - 측면직각충돌,신호위반,건조,맑음,교차로 - 교차로안,승용,남,50세,상해없음,승용,남,53세,경상
2014051700100025,2014년 5월 17일 00시,토요일,인천광역시 연수구 연수동,경상사고,0,0,2,0,차대차 - 기타,안전운전불이행,건조,맑음,단일로 - 기타,승용,여,49세,상해없음,승용,여,35세,경상
2014051700100067,2014년 5월 17일 02시,토요일,인천광역시 남구 도화동,경상사고,0,0,1,0,차대차 - 측면직각충돌,안전운전불이행,건조,맑음,단일로 - 기타,승용,남,29세,상해없음,승용,남,30세,경상
2014051700100068,2014년 5월 17일 02시,토요일,인천광역시 계양구 계산동,경상사고,0,0,1,0,차대사람 - 횡단중,안전운전불이행,건조,맑음,교차로 - 교차로부근,승용,남,71세,상해없음,보행자,남,48세,경상
2014051700100069,2014년 5월 17일 02시,토요일,인천광역시 연수구 청학동,경상사고,0,0,1,0,차대차 - 추돌 - 주정차중,안전운전불이행,건조,맑음,교차로 - 교차로부근,승용,남,63세,상해없음,승용,남,41세,경상
2014051700100085,2014년 5월 17일 03시,토요일,인천광역시 부평구 산곡동,경상사고,0,0,3,0,차대차 - 측면직각충돌,안전운전불이행,건조,맑음,단일로 - 기타,승용,남,32세,상해없음,승용,여,30세,경상
2014051700100086,2014년 5월 17일 03시,토요일,인천광역시 부평구 갈산동,경상사고,0,0,1,0,차대차 - 측면직각충돌,신호위반,건조,맑음,교차로 - 교차로안,승용,남,22세,상해없음,화물,남,47세,경상
2014051700100120,2014년 5월 17일 06시,토요일,인천광역시 부평구 부개동,경상사고,0,0,2,0,차대차 - 추돌 - 진행중,안전운전불이행,건조,맑음,단일로 - 기타,승용,남,44세,상해없음,승용,남,53세,경상
2014051700100137,2014년 5월 17일 07시,토요일,인천광역시 중구 신흥동2가,경상사고,0,0,2,0,차대차 - 정면충돌,신호위반,건조,맑음,교차로 - 교차로안,승용,남,37세,경상,승용,남,63세,경상
2014051700100138,2014년 5월 17일 07시,토요일,인천광역시 남동구 구월동,경상사고,0,0,1,1,차대차 - 추돌 - 주정차중,안전운전불이행,건조,맑음,단일로 - 기타,승용,남,32세,부상신고,승용,남,48세,경상
2014051700100139,2014년 5월 17일 07시,토요일,인천광역시 강화군 강화읍,중상사고,0,1,0,0,차대차 - 측면직각충돌,안전운전불이행,건조,맑음,단일로 - 기타,승용,여,34세,상해없음,이륜,남,51세,중상
2014051700100170,2014년 5월 17일 08시,토요일,인천광역시 연수구 청학동,경상사고,0,0,2,0,차대차 - 추돌 - 진행중,안전운전불이행,건조,맑음,교차로 - 교차로부근,승용,남,35세,상해없음,승용,남,48세,경상
2014051700100194,2014년 5월 17일 09시,토요일,인천광역시 서구 경서동,경상사고,0,0,2,0,차대차 - 기타,안전운전불이행,건조,맑음,단일로 - 기타,승용,남,52세,상해없음,승용,남,68세,경상
2014051700100195,2014년 5월 17일 09시,토요일,인천광역시 서구 석남동,경상사고,0,0,1,0,차대차 - 기타,기타,건조,맑음,단일로 - 기타,승용,남,48세,상해없음,승용,남,67세,경상
2014051700100212,2014년 5월 17일 10시,토요일,인천광역시 남구 용현동,경상사고,0,0,2,0,차대차 - 기타,안전운전불이행,건조,맑음,교차로 - 교차로안,승합,남,53세,상해없음,승용,남,71세,경상
2014051700100213,2014년 5월 17일 10시,토요일,인천광역시 계양구 작전동,중상사고,0,1,0,0,차대차 - 추돌 - 진행중,안전거리미확보,건조,맑음,교차로 - 교차로부근,승용,남,40세,상해없음,승용,여,45세,중상
2014051700100320,2014년 5월 17일 13시,토요일,인천광역시 부평구 부개동,경상사고,0,0,4,0,차대차 - 추돌 - 주정차중,안전운전불이행,건조,맑음,단일로 - 기타,승합,남,60세,상해없음,승용,남,33세,경상
2014051700100371,2014년 5월 17일 14시,토요일,인천광역시 남동구 간석동,경상사고,0,0,1,0,차대차 - 추돌 - 주정차중,안전운전불이행,건조,맑음,단일로 - 기타,승용,남,45세,상해없음,승용,남,47세,경상
2014051700100372,2014년 5월 17일 14시,토요일,인천광역시 남동구 논현동,중상사고,0,1,1,0,차대차 - 추돌 - 주정차중,안전운전불이행,건조,맑음,단일로 - 기타,승용,남,51세,상해없음,화물,여,18세,중상
2014051700100414,2014년 5월 17일 15시,토요일,인천광역시 연수구 송도동,경상사고,0,0,1,0,차대차 - 기타,신호위반,건조,맑음,단일로 - 횡단보도상,승용,남,60세,상해없음,자전거,남,8세,경상
2014051700100415,2014년 5월 17일 15시,토요일,인천광역시 부평구 삼산동,중상사고,0,1,0,0,차대차 - 측면직각충돌,신호위반,건조,맑음,교차로 - 교차로안,승용,남,24세,상해없음,자전거,남,14세,중상
2014051700100452,2014년 5월 17일 16시,토요일,인천광역시 연수구 연수동,경상사고,0,0,1,0,차대차 - 기타,안전운전불이행,건조,맑음,단일로 - 횡단보도상,승용,여,46세,상해없음,자전거,여,53세,경상
2014051700100485,2014년 5월 17일 17시,토요일,인천광역시 남구 관교동,중상사고,0,1,0,0,차량단독 - 기타,기타,건조,맑음,교차로 - 교차로부근,승합,남,52세,상해없음,,,,
2014051700100486,2014년 5월 17일 17시,토요일,인천광역시 남구 숭의동,경상사고,0,0,2,0,차대차 - 기타,기타,건조,맑음,단일로 - 기타,승용,남,38세,상해없음,승용,남,27세,경상
2014051700100487,2014년 5월 17일 17시,토요일,인천광역시 계양구 계산동,중상사고,0,1,3,0,차대차 - 추돌 - 진행중,안전운전불이행,건조,맑음,교차로 - 교차로부근,승합,남,64세,상해없음,승용,여,45세,중상
2014051700100568,2014년 5월 17일 19시,토요일,인천광역시 남구 도화동,중상사고,0,1,1,0,차대차 - 측면직각충돌,안전운전불이행,건조,맑음,단일로 - 기타,승용,남,58세,상해없음,승용,남,37세,중상
2014051700100569,2014년 5월 17일 19시,토요일,인천광역시 남동구 구월동,중상사고,0,1,0,0,차대차 - 측면직각충돌,교차로운행방법위반,건조,맑음,교차로 - 교차로안,승용,남,61세,상해없음,자전거,남,21세,중상
2014051700100673,2014년 5월 17일 22시,토요일,인천광역시 부평구 구산동,경상사고,0,0,1,0,차대차 - 추돌 - 주정차중,안전운전불이행,건조,맑음,교차로 - 교차로부근,승용,남,39세,상해없음,화물,남,61세,상해없음
2014051800100021,2014년 5월 18일 00시,일요일,인천광역시 남동구 간석동,경상사고,0,0,1,0,차대차 - 측면직각충돌,신호위반,건조,맑음,교차로 - 교차로안,승용,남,51세,상해없음,승용,남,58세,상해없음
2014051800100022,2014년 5월 18일 00시,일요일,인천광역시 계양구 임학동,경상사고,0,0,1,0,차대사람 - 보도통행중,신호위반,건조,맑음,교차로 - 교차로안,이륜,남,18세,상해없음,보행자,남,39세,경상
2014051800100051,2014년 5월 18일 01시,일요일,인천광역시 부평구 청천동,경상사고,0,0,2,0,차대차 - 추돌 - 주정차중,안전거리미확보,건조,맑음,단일로 - 횡단보도부근,승합,남,54세,상해없음,승용,남,43세,경상
2014051800100083,2014년 5월 18일 03시,일요일,인천광역시 남동구 간석동,경상사고,0,0,1,0,차대차 - 기타,안전운전불이행,건조,맑음,단일로 - 기타,승용,남,58세,상해없음,승용,여,50세,경상