사고번호,사고일시,요일,시군구,사고내용,사망자수,중상자수,경상자수,부상신고자수,사고유형,법규위반,노면상태,기상상태,도로형태,가해운전자 차종,가해운전자 성별,가해운전자 연령,가해운전자 상해정도,피해운전자 차종,피해운전자 성별,피해운전자 연령,피해운전자 상해정도
2014051800100154,2014년 5월 18일 08시,일요일,인천광역시 부평구 부평동,경상사고,0,0,1,0,차대차 - 측면직각충돌,안전운전불이행,건조,맑음,단일로 - 기타,자전거,남,50세,경상,승용,여,24세,상해없음
2014051800100174,2014년 5월 18일 09시,일요일,인천광역시 남동구 논현동,경상사고,0,0,1,0,차량단독 - 공작물충돌,안전운전불이행,건조,맑음,단일로 - 기타,이륜,남,26세,경상,,,,
2014051800100175,2014년 5월 18일 09시,일요일,인천광역시 계양구 선주지동,중상사고,0,2,1,0,차대차 - 측면직각충돌,중앙선침범,건조,맑음,미분류 - 미분류,승용,남,47세,상해없음,승용,여,39세,중상
2014051800100198,2014년 5월 18일 10시,일요일,인천광역시 서구 경서동,경상사고,0,0,1,0,차대사람 - 기타,보행자보호의무위반,건조,맑음,단일로 - 횡단보도상,승용,남,31세,상해없음,보행자,여,7세,경상
2014051800100199,2014년 5월 18일 10시,일요일,인천광역시 남구 관교동,중상사고,0,2,0,0,차대차 - 측면직각충돌,신호위반,건조,맑음,교차로 - 교차로안,승용,남,54세,상해없음,화물,남,70세,중상
2014051800100255,2014년 5월 18일 12시,일요일,인천광역시 부평구 부평동,중상사고,0,2,2,0,차대차 - 추돌 - 진행중,안전거리미확보,건조,맑음,단일로 - 기타,승용,여,49세,상해없음,승용,남,64세,중상
2014051800100256,2014년 5월 18일 12시,일요일,인천광역시 서구 검암동,경상사고,0,0,3,0,차대차 - 기타,교차로운행방법위반,건조,맑음,교차로 - 교차로안,승용,여,49세,경상,승용,여,45세,경상
2014051800100321,2014년 5월 18일 14시,일요일,인천광역시 중구 을왕동,경상사고,0,0,4,0,차대차 - 기타,신호위반,건조,맑음,교차로 - 교차로부근,화물,남,51세,상해없음,승용,여,28세,경상
2014051800100322,2014년 5월 18일 14시,일요일,인천광역시 남구 도화동,중상사고,0,1,3,0,차대차 - 측면직각충돌,교차로운행방법위반,건조,맑음,교차로 - 교차로안,승용,여,65세,상해없음,승용,남,55세,경상
2014051800100394,2014년 5월 18일 16시,일요일,인천광역시 계양구 효성동,중상사고,0,1,0,0,차대차 - 측면직각충돌,신호위반,건조,맑음,교차로 - 교차로부근,원동기,남,39세,상해없음,자전거,남,54세,중상
2014051800100422,2014년 5월 18일 17시,일요일,인천광역시 남동구 간석동,경상사고,0,0,1,0,차대사람 - 길가장자리구역통행중,안전운전불이행,건조,맑음,기타 - 기타,승용,남,30세,상해없음,보행자,남,45세,경상
2014051800100423,2014년 5월 18일 17시,일요일,인천광역시 남동구 만수동,경상사고,0,0,2,0,차대차 - 추돌 - 진행중,안전거리미확보,건조,맑음,단일로 - 기타,승용,여,46세,상해없음,승용,남,36세,경상
2014051800100424,2014년 5월 18일 17시,일요일,인천광역시 서구 마전동,중상사고,0,1,0,0,차대사람 - 기타,안전운전불이행,건조,맑음,단일로 - 기타,승용,여,43세,상해없음,보행자,여,69세,중상
2014051800100485,2014년 5월 18일 19시,일요일,인천광역시 남구 용현동,중상사고,0,1,0,0,차대사람 - 횡단중,안전운전불이행,건조,맑음,교차로 - 교차로안,승용,여,51세,상해없음,보행자,여,69세,중상
2014051800100522,2014년 5월 18일 20시,일요일,인천광역시 부평구 청천동,중상사고,0,1,1,0,차대차 - 정면충돌,신호위반,건조,맑음,교차로 - 교차로안,승용,여,43세,상해없음,승용,남,34세,중상
2014051800100523,2014년 5월 18일 20시,일요일,인천광역시 부평구 삼산동,중상사고,0,1,0,0,차대차 - 측면직각충돌,차로위반,건조,흐림,단일로 - 기타,승용,남,27세,상해없음,이륜,남,17세,중상
2014051800100562,2014년 5월 18일 21시,일요일,인천광역시 남동구 간석동,경상사고,0,0,1,0,차량단독 - 기타,안전운전불이행,건조,맑음,단일로 - 기타,승합,남,35세,상해없음,,,,
2014051900100014,2014년 5월 19일 00시,월요일,인천광역시 부평구 부평동,경상사고,0,0,1,0,차대차 - 기타,교차로운행방법위반,건조,맑음,교차로 - 교차로안,승용,남,50세,상해없음,승용,남,57세,상해없음
2014051900100015,2014년 5월 19일 00시,월요일,인천광역시 남동구 논현동,사망사고,1,0,0,0,차대차 - 측면직각충돌,중앙선침범,건조,맑음,단일로 - 기타,승용,여,58세,상해없음,이륜,남,43세,사망
2014051900100069,2014년 5월 19일 07시,월요일,인천광역시 남동구 남촌동,중상사고,0,1,0,0,차대차 - 측면직각충돌,안전운전불이행,건조,맑음,단일로 - 기타,승용,남,52세,상해없음,자전거,남,26세,중상
2014051900100113,2014년 5월 19일 08시,월요일,인천광역시 남동구 간석동,부상신고사고,0,0,0,1,차대사람 - 보도통행중,안전운전불이행,건조,맑음,교차로 - 교차로안,기타불명,기타불명,기타불명,기타불명,보행자,남,64세,부상신고
2014051900100244,2014년 5월 19일 12시,월요일,인천광역시 남동구 만수동,경상사고,0,0,1,0,차대차 - 측면직각충돌,안전운전불이행,건조,맑음,단일로 - 기타,승용,남,48세,상해없음,승용,남,44세,경상
2014051900100275,2014년 5월 19일 13시,월요일,인천광역시 연수구 송도동,경상사고,0,0,1,0,차대차 - 기타,신호위반,건조,맑음,교차로 - 교차로안,승용,여,47세,상해없음,승용,남,39세,경상
2014051900100300,2014년 5월 19일 14시,월요일,인천광역시 남동구 구월동,경상사고,0,0,1,0,차량단독 - 기타,기타,건조,맑음,단일로 - 기타,승합,남,34세,상해없음,,,,
2014051900100337,2014년 5월 19일 15시,월요일,인천광역시 남동구 만수동,중상사고,0,1,0,0,차대사람 - 기타,보행자보호의무위반,건조,맑음,단일로 - 횡단보도상,승용,남,39세,상해없음,보행자,여,69세,중상
2014051900100338,2014년 5월 19일 15시,월요일,인천광역시 서구 당하동,경상사고,0,0,1,0,차대사람 - 횡단중,안전운전불이행,건조,맑음,단일로 - 기타,승용,여,35세,상해없음,보행자,남,9세,경상
2014051900100413,2014년 5월 19일 17시,월요일,인천광역시 부평구 청천동,부상신고사고,0,0,0,1,차대사람 - 기타,안전운전불이행,건조,맑음,교차로 - 교차로부근,승용,남,52세,상해없음,보행자,남,7세,부상신고
2014051900100458,2014년 5월 19일 18시,월요일,인천광역시 남동구 고잔동,중상사고,0,1,0,0,차대차 - 측면직각충돌,안전운전불이행,건조,맑음,교차로 - 교차로안,화물,남,68세,상해없음,승용,남,45세,중상
2014051900100459,2014년 5월 19일 18시,월요일,인천광역시 서구 가정동,중상사고,0,2,2,1,차대차 - 정면충돌,중앙선침범,건조,맑음,단일로 - 기타,승용,남,25세,부상신고,승용,남,59세,중상
2014051900100460,2014년 5월 19일 18시,월요일,인천광역시 연수구 옥련동,부상신고사고,0,0,0,1,차대사람 - 횡단중,안전운전불이행,건조,맑음,단일로 - 기타,승용,남,52세,상해없음,보행자,남,4세,부상신고
2014051900100461,2014년 5월 19일 18시,월요일,인천광역시 연수구 송도동,경상사고,0,0,1,0,차대차 - 기타,안전운전불이행,건조,맑음,단일로 - 기타,승용,남,25세,상해없음,승용,남,30세,경상
2014051900100492,2014년 5월 19일 19시,월요일,인천광역시 남동구 구월동,경상사고,0,0,1,0,차대차 - 측면직각충돌,신호위반,건조,맑음,교차로 - 교차로안,승용,여,30세,상해없음,승용,남,51세,경상
2014051900100621,2014년 5월 19일 23시,월요일,인천광역시 남구 주안동,중상사고,0,1,0,0,차대차 - 측면직각충돌,불법유턴,건조,맑음,교차로 - 교차로부근,승용,남,56세,상해없음,원동기,남,30세,중상
2014051900100622,2014년 5월 19일 23시,월요일,인천광역시 남구 주안동,경상사고,0,0,1,0,차대차 - 기타,안전거리미확보,건조,맑음,단일로 - 기타,승용,남,46세,상해없음,승용,남,43세,상해없음
2014052000100024,2014년 5월 20일 00시,화요일,인천광역시 서구 경서동,경상사고,0,0,1,0,차대차 - 기타,신호위반,건조,맑음,교차로 - 교차로안,승용,남,59세,상해없음,승합,남,48세,상해없음
2014052000100092,2014년 5월 20일 07시,화요일,인천광역시 서구 마전동,경상사고,0,0,2,0,차대차 - 기타,신호위반,건조,맑음,교차로 - 교차로안,승용,남,32세,상해없음,승용,여,40세,경상
2014052000100139,2014년 5월 20일 08시,화요일,인천광역시 남구 주안동,경상사고,0,0,1,1,차대차 - 기타,안전운전불이행,건조,맑음,단일로 - 기타,승용,여,37세,부상신고,승용,남,28세,경상
2014052000100140,2014년 5월 20일 08시,화요일,인천광역시 부평구 산곡동,중상사고,0,1,0,0,차대차 - 측면직각충돌,안전운전불이행,건조,맑음,교차로 - 교차로부근,승용,남,60세,상해없음,자전거,남,13세,중상
2014052000100141,2014년 5월 20일 08시,화요일,인천광역시 남동구 간석동,경상사고,0,0,2,0,차대차 - 기타,중앙선침범,건조,맑음,단일로 - 기타,승용,남,26세,상해없음,승용,여,54세,경상
2014052000100142,2014년 5월 20일 08시,화요일,인천광역시 연수구 옥련동,중상사고,0,1,0,0,차대사람 - 길가장자리구역통행중,안전운전불이행,건조,맑음,단일로 - 기타,승용,여,38세,상해없음,보행자,남,74세,중상
2014052000100163,2014년 5월 20일 09시,화요일,인천광역시 중구 운서동,중상사고,0,1,0,0,차대사람 - 횡단중,안전운전불이행,건조,맑음,단일로 - 기타,승용,남,25세,상해없음,보행자,남,26세,중상
2014052000100188,2014년 5월 20일 10시,화요일,인천광역시 남동구 간석동,경상사고,0,0,1,0,차대차 - 기타,안전거리미확보,건조,맑음,단일로 - 기타,건설기계,남,51세,상해없음,승용,남,42세,경상
2014052000100189,2014년 5월 20일 10시,화요일,인천광역시 남동구 장수동,경상사고,0,0,1,0,차대차 - 기타,기타,건조,맑음,교차로 - 교차로부근,승용,남,67세,상해없음,자전거,여,54세,경상
2014052000100190,2014년 5월 20일 10시,화요일,인천광역시 부평구 부개동,중상사고,0,1,0,0,차대차 - 기타,신호위반,건조,맑음,교차로 - 교차로안,승용,여,52세,상해없음,자전거,여,40세,중상
2014052000100278,2014년 5월 20일 13시,화요일,인천광역시 남구 주안동,경상사고,0,0,1,0,차대사람 - 차도통행중,기타,건조,맑음,단일로 - 기타,화물,남,53세,상해없음,보행자,남,7세,경상
2014052000100318,2014년 5월 20일 14시,화요일,인천광역시 남동구 장수동,중상사고,0,1,0,0,차대사람 - 차도통행중,안전운전불이행,건조,맑음,단일로 - 기타,승용,여,50세,상해없음,보행자,여,17세,중상
2014052000100319,2014년 5월 20일 14시,화요일,인천광역시 연수구 연수동,경상사고,0,0,1,0,차대차 - 측면직각충돌,안전운전불이행,건조,맑음,교차로 - 교차로부근,승용,여,25세,상해없음,승용,남,48세,경상
2014052000100320,2014년 5월 20일 14시,화요일,인천광역시 부평구 부개동,중상사고,0,1,0,0,차대차 - 측면직각충돌,안전운전불이행,건조,맑음,교차로 - 교차로안,승용,여,44세,상해없음,자전거,여,28세,중상
2014052000100357,2014년 5월 20일 15시,화요일,인천광역시 서구 공촌동,경상사고,0,0,3,0,차대차 - 추돌 - 진행중,안전운전불이행,건조,맑음,단일로 - 기타,승용,남,26세,상해없음,승합,남,65세,경상
2014052000100399,2014년 5월 20일 16시,화요일,인천광역시 연수구 송도동,중상사고,0,1,0,0,차대차 - 측면직각충돌,중앙선침범,건조,맑음,단일로 - 기타,승용,여,61세,상해없음,승합,남,55세,중상
2014052000100494,2014년 5월 20일 19시,화요일,인천광역시 남구 숭의동,경상사고,0,0,1,0,차대차 - 측면직각충돌,안전거리미확보,건조,맑음,단일로 - 기타,승용,여,41세,상해없음,이륜,남,19세,경상
2014052000100495,2014년 5월 20일 19시,화요일,인천광역시 남동구 간석동,부상신고사고,0,0,0,1,차대차 - 측면직각충돌,중앙선침범,건조,맑음,단일로 - 기타,원동기,남,31세,부상신고,승용,남,45세,상해없음
2014052000100496,2014년 5월 20일 19시,화요일,인천광역시 계양구 계산동,경상사고,0,0,1,1,차대차 - 측면직각충돌,안전거리미확보,건조,맑음,단일로 - 기타,승용,여,61세,상해없음,승용,남,36세,경상
2014052000100551,2014년 5월 20일 21시,화요일,인천광역시 남구 문학동,중상사고,0,1,0,0,차량단독 - 기타,기타,건조,맑음,단일로 - 기타,승합,남,51세,상해없음,,,,
2014052000100552,2014년 5월 20일 21시,화요일,인천광역시 남동구 서창동,중상사고,0,1,1,0,차대사람 - 보도통행중,보행자보호의무위반,건조,맑음,단일로 - 횡단보도상,승용,여,54세,상해없음,보행자,남,36세,중상
2014052000100583,2014년 5월 20일 22시,화요일,인천광역시 부평구 부평동,경상사고,0,0,1,0,차대차 - 추돌 - 진행중,안전운전불이행,건조,맑음,교차로 - 교차로안,승용,남,53세,상해없음,승용,여,52세,경상
2014052000100616,2014년 5월 20일 23시,화요일,인천광역시 남동구 간석동,경상사고,0,0,2,0,차대차 - 측면직각충돌,안전운전불이행,건조,맑음,단일로 - 기타,화물,남,64세,상해없음,승합,남,49세,경상
2014052100100017,2014년 5월 21일 00시,수요일,인천광역시 남동구 논현동,경상사고,0,0,1,0,차대차 - 측면직각충돌,안전거리미확보,건조,맑음,단일로 - 기타,이륜,남,17세,경상,승용,남,35세,상해없음
2014052100100047,2014년 5월 21일 02시,수요일,인천광역시 남구 주안동,경상사고,0,0,2,0,차대차 - 측면직각충돌,안전운전불이행,건조,맑음,교차로 - 교차로부근,승용,남,44세,상해없음,승용,남,18세,상해없음
2014052100100048,2014년 5월 21일 02시,수요일,인천광역시 남동구 구월동,경상사고,0,0,6,0,차대차 - 측면직각충돌,안전운전불이행,건조,맑음,단일로 - 기타,승용,남,37세,상해없음,승합,남,25세,경상
2014052100100057,2014년 5월 21일 04시,수요일,인천광역시 부평구 십정동,중상사고,0,1,2,0,차대차 - 기타,안전운전불이행,건조,맑음,단일로 - 기타,승합,남,55세,상해없음,승용,남,29세,중상
2014052100100058,2014년 5월 21일 04시,수요일,인천광역시 남동구 구월동,경상사고,0,0,2,0,차대차 - 기타,신호위반,건조,맑음,교차로 - 교차로안,승용,남,54세,상해없음,승용,남,63세,경상
2014052100100059,2014년 5월 21일 04시,수요일,인천광역시 연수구 동춘동,중상사고,0,1,0,0,차대사람 - 기타,보행자보호의무위반,건조,맑음,교차로 - 교차로안,승용,남,61세,상해없음,보행자,여,82세,중상
2014052100100077,2014년 5월 21일 06시,수요일,인천광역시 부평구 갈산동,중상사고,0,1,1,0,차대차 - 측면직각충돌,안전운전불이행,건조,맑음,교차로 - 교차로안,승용,남,62세,경상,승용,여,52세,중상
2014052100100106,2014년 5월 21일 07시,수요일,인천광역시 부평구 청천동,중상사고,0,1,0,0,차대차 - 측면직각충돌,안전운전불이행,건조,맑음,교차로 - 교차로안,화물,남,49세,상해없음,자전거,남,51세,중상
2014052100100107,2014년 5월 21일 07시,수요일,인천광역시 강화군 강화읍,경상사고,0,0,1,0,차대차 - 기타,안전운전불이행,건조,맑음,단일로 - 기타,화물,남,31세,상해없음,승용,여,54세,경상
2014052100100151,2014년 5월 21일 08시,수요일,인천광역시 남구 도화동,경상사고,0,0,1,0,차대차 - 기타,안전운전불이행,건조,맑음,단일로 - 기타,승용,남,39세,기타불명,승용,남,43세,경상
2014052100100152,2014년 5월 21일 08시,수요일,인천광역시 부평구 산곡동,중상사고,0,1,0,0,차대차 - 측면직각충돌,안전운전불이행,건조,맑음,단일로 - 기타,승용,남,38세,상해없음,자전거,남,23세,중상
2014052100100153,2014년 5월 21일 08시,수요일,인천광역시 계양구 계산동,중상사고,0,1,0,0,차대차 - 측면직각충돌,중앙선침범,건조,맑음,단일로 - 기타,자전거,남,13세,중상,승용,남,54세,상해없음
2014052100100181,2014년 5월 21일 09시,수요일,인천광역시 남동구 만수동,경상사고,0,0,1,0,차대차 - 추돌 - 진행중,안전운전불이행,건조,맑음,단일로 - 기타,화물,남,40세,상해없음,화물,남,25세,경상
2014052100100207,2014년 5월 21일 10시,수요일,인천광역시 부평구 부평동,경상사고,0,0,1,0,차대사람 - 횡단중,안전운전불이행,건조,맑음,교차로 - 교차로부근,승용,여,41세,상해없음,보행자,여,24세,경상
2014052100100208,2014년 5월 21일 10시,수요일,인천광역시 계양구 작전동,중상사고,0,1,0,0,차대차 - 측면직각충돌,신호위반,건조,맑음,단일로 - 횡단보도상,승용,남,29세,상해없음,원동기,여,62세,중상
2014052100100293,2014년 5월 21일 13시,수요일,인천광역시 계양구 작전동,경상사고,0,0,2,0,차대차 - 추돌 - 진행중,안전운전불이행,건조,맑음,교차로 - 교차로안,건설기계,남,52세,상해없음,승용,여,42세,경상
2014052100100369,2014년 5월 21일 15시,수요일,인천광역시 부평구 산곡동,경상사고,0,0,1,0,차대사람 - 횡단중,기타,건조,맑음,단일로 - 기타,승용,여,34세,상해없음,보행자,여,8세,경상
2014052100100462,2014년 5월 21일 17시,수요일,인천광역시 부평구 삼산동,중상사고,0,1,0,0,차대차 - 기타,안전운전불이행,건조,맑음,기타 - 기타,자전거,여,72세,중상,자전거,남,11세,상해없음
2014052100100514,2014년 5월 21일 18시,수요일,인천광역시 계양구 계산동,경상사고,0,0,1,0,차대사람 - 기타,안전운전불이행,건조,맑음,단일로 - 기타,자전거,남,22세,상해없음,보행자,여,56세,경상
2014052100100540,2014년 5월 21일 19시,수요일,인천광역시 부평구 청천동,경상사고,0,0,1,0,차대사람 - 기타,기타,건조,맑음,단일로 - 기타,승합,남,47세,상해없음,보행자,여,20세,경상
2014052100100580,2014년 5월 21일 20시,수요일,인천광역시 서구 검암동,부상신고사고,0,0,0,1,차대사람 - 보도통행중,안전운전불이행,건조,맑음,단일로 - 횡단보도상,승용,남,47세,상해없음,보행자,남,35세,부상신고
2014052100100581,2014년 5월 21일 20시,수요일,인천광역시 서구 백석동,경상사고,0,0,2,0,차대차 - 기타,안전운전불이행,건조,맑음,단일로 - 기타,승용,여,49세,상해없음,승용,남,39세,경상
2014052100100582,2014년 5월 21일 20시,수요일,인천광역시 연수구 송도동,중상사고,0,1,0,0,차대차 - 기타,안전운전불이행,건조,맑음,교차로 - 교차로부근,승용,남,60세,상해없음,자전거,남,44세,중상
2014052100100583,2014년 5월 21일 20시,수요일,인천광역시 연수구 연수동,경상사고,0,0,1,0,차대차 - 측면직각충돌,신호위반,건조,맑음,교차로 - 교차로안,승용,남,45세,상해없음,원동기,남,17세,경상
2014052100100612,2014년 5월 21일 21시,수요일,인천광역시 남구 학익동,중상사고,0,1,0,0,차대사람 - 횡단중,안전운전불이행,건조,맑음,단일로 - 기타,이륜,남,17세,상해없음,보행자,남,23세,중상
2014052100100613,2014년 5월 21일 21시,수요일,인천광역시 서구 원당동,경상사고,0,0,1,0,차대차 - 기타,안전운전불이행,건조,맑음,단일로 - 기타,화물,남,54세,상해없음,자전거,남,22세,경상
2014052100100651,2014년 5월 21일 22시,수요일,인천광역시 동구 금곡동,중상사고,0,1,0,0,차대사람 - 기타,신호위반,건조,맑음,교차로 - 교차로부근,승용,남,45세,상해없음,보행자,남,29세,중상
2014052100100652,2014년 5월 21일 22시,수요일,인천광역시 남구 관교동,중상사고,0,3,0,0,차대차 - 추돌 - 주정차중,안전운전불이행,건조,맑음,단일로 - 기타,승용,남,51세,상해없음,승용,여,31세,중상
2014052200100046,2014년 5월 22일 03시,목요일,인천광역시 동구 송현동,경상사고,0,0,1,0,차대차 - 추돌 - 진행중,신호위반,건조,맑음,교차로 - 교차로안,승용,남,73세,상해없음,승용,남,59세,경상
2014052200100047,2014년 5월 22일 03시,목요일,인천광역시 부평구 삼산동,중상사고,0,2,0,0,차대차 - 측면직각충돌,신호위반,건조,맑음,교차로 - 교차로안,승합,남,62세,상해없음,승용,남,36세,중상
2014052200100062,2014년 5월 22일 04시,목요일,인천광역시 남동구 만수동,경상사고,0,0,1,0,차대사람 - 횡단중,신호위반,건조,맑음,단일로 - 횡단보도상,승용,남,53세,상해없음,보행자,남,37세,경상
2014052200100110,2014년 5월 22일 07시,목요일,인천광역시 남구 용현동,중상사고,0,1,0,0,차대차 - 측면직각충돌,신호위반,건조,맑음,교차로 - 교차로안,승용,남,43세,상해없음,승용,남,58세,중상
2014052200100111,2014년 5월 22일 07시,목요일,인천광역시 남동구 고잔동,경상사고,0,0,1,0,차대사람 - 기타,안전운전불이행,건조,맑음,단일로 - 기타,승용,남,67세,상해없음,보행자,남,21세,경상
2014052200100112,2014년 5월 22일 07시,목요일,인천광역시 서구 가좌동,경상사고,0,0,1,0,차대차 - 기타,안전운전불이행,건조,맑음,교차로 - 교차로안,승용,여,59세,상해없음,승합,남,40세,상해없음
2014052200100153,2014년 5월 22일 08시,목요일,인천광역시 남동구 구월동,경상사고,0,0,4,0,차대차 - 추돌 - 진행중,안전거리미확보,건조,맑음,단일로 - 기타,화물,남,50세,상해없음,승용,남,64세,경상
2014052200100154,2014년 5월 22일 08시,목요일,인천광역시 서구 석남동,중상사고,0,1,0,0,차대차 - 기타,안전운전불이행,건조,맑음,교차로 - 교차로부근,승용,남,49세,상해없음,자전거,남,40세,중상
2014052200100155,2014년 5월 22일 08시,목요일,인천광역시 연수구 연수동,중상사고,0,5,0,0,차대차 - 기타,중앙선침범,건조,맑음,단일로 - 기타,승합,남,47세,상해없음,승용,남,33세,중상
2014052200100183,2014년 5월 22일 09시,목요일,인천광역시 부평구 십정동,중상사고,0,1,0,0,차량단독 - 기타,안전운전불이행,건조,맑음,단일로 - 기타,승합,남,58세,상해없음,,,,
2014052200100273,2014년 5월 22일 12시,목요일,인천광역시 서구 오류동,경상사고,0,0,1,0,차대사람 - 기타,기타,건조,맑음,단일로 - 기타,화물,남,44세,상해없음,보행자,남,53세,경상
2014052200100309,2014년 5월 22일 13시,목요일,인천광역시 남구 주안동,중상사고,0,2,1,0,차대차 - 측면직각충돌,안전거리미확보,건조,맑음,교차로 - 교차로부근,승용,여,48세,상해없음,승용,여,42세,경상
2014052200100310,2014년 5월 22일 13시,목요일,인천광역시 남동구 논현동,경상사고,0,0,1,0,차대차 - 추돌 - 주정차중,안전운전불이행,건조,맑음,단일로 - 기타,승합,남,54세,상해없음,승용,남,40세,경상
2014052200100311,2014년 5월 22일 13시,목요일,인천광역시 남동구 논현동,경상사고,0,0,2,0,차대차 - 기타,차로위반,건조,맑음,단일로 - 기타,승합,남,55세,상해없음,화물,남,46세,상해없음
2014052200100344,2014년 5월 22일 14시,목요일,인천광역시 계양구 용종동,경상사고,0,0,1,0,차대차 - 정면충돌,안전운전불이행,건조,맑음,교차로 - 교차로안,승용,남,69세,상해없음,이륜,남,72세,경상
2014052200100376,2014년 5월 22일 15시,목요일,인천광역시 서구 오류동,경상사고,0,0,3,0,차대차 - 정면충돌,안전운전불이행,건조,맑음,단일로 - 기타,건설기계,남,53세,경상,건설기계,남,58세,경상
2014052200100377,2014년 5월 22일 15시,목요일,인천광역시 부평구 삼산동,경상사고,0,0,1,0,차대차 - 측면직각충돌,안전운전불이행,건조,맑음,교차로 - 교차로부근,승용,남,71세,상해없음,자전거,남,15세,경상
2014052200100431,2014년 5월 22일 16시,목요일,인천광역시 부평구 산곡동,경상사고,0,0,1,0,차대사람 - 기타,안전운전불이행,건조,맑음,교차로 - 교차로안,승합,여,62세,상해없음,보행자,남,54세,경상
2014052200100432,2014년 5월 22일 16시,목요일,인천광역시 서구 당하동,경상사고,0,0,1,0,차대차 - 기타,안전운전불이행,건조,맑음,교차로 - 교차로부근,승용,남,46세,상해없음,자전거,남,9세,경상
2014052200100488,2014년 5월 22일 17시,목요일,인천광역시 서구 당하동,중상사고,0,1,0,0,차대사람 - 횡단중,보행자보호의무위반,건조,맑음,단일로 - 횡단보도상,승용,여,43세,상해없음,보행자,여,81세,중상
2014052200100526,2014년 5월 22일 18시,목요일,인천광역시 남구 용현동,경상사고,0,0,1,0,차대사람 - 횡단중,안전운전불이행,건조,맑음,단일로 - 횡단보도상,기타불명,기타불명,기타불명,기타불명,보행자,남,6세,경상
2014052200100527,2014년 5월 22일 18시,목요일,인천광역시 부평구 청천동,경상사고,0,0,1,0,차대차 - 기타,안전운전불이행,건조,맑음,단일로 - 기타,화물,남,43세,상해없음,자전거,여,27세,경상
2014052200100561,2014년 5월 22일 19시,목요일,인천광역시 남동구 고잔동,사망사고,1,0,0,0,차대차 - 측면직각충돌,과속,건조,맑음,단일로 - 기타,승용,남,24세,상해없음,자전거,여,26세,사망
2014052200100562,2014년 5월 22일 19시,목요일,인천광역시 남동구 만수동,경상사고,0,0,1,0,차대사람 - 기타,안전운전불이행,건조,맑음,단일로 - 기타,화물,남,32세,상해없음,보행자,남,52세,경상
2014052200100563,2014년 5월 22일 19시,목요일,인천광역시 서구 원창동,중상사고,0,2,0,0,차대차 - 기타,안전운전불이행,건조,맑음,단일로 - 기타,화물,남,32세,상해없음,승용,여,52세,중상
2014052200100605,2014년 5월 22일 20시,목요일,인천광역시 남구 주안동,경상사고,0,0,2,0,차대차 - 추돌 - 주정차중,안전운전불이행,건조,맑음,교차로 - 교차로안,화물,남,36세,상해없음,승용,남,66세,경상
2014052200100606,2014년 5월 22일 20시,목요일,인천광역시 남동구 논현동,경상사고,0,0,1,0,차대사람 - 보도통행중,안전운전불이행,건조,맑음,단일로 - 기타,자전거,남,54세,상해없음,보행자,여,7세,경상
2014052200100607,2014년 5월 22일 20시,목요일,인천광역시 계양구 효성동,경상사고,0,0,1,0,차대사람 - 기타,안전운전불이행,건조,맑음,단일로 - 기타,승용,여,60세,상해없음,보행자,남,54세,경상
2014052200100608,2014년 5월 22일 20시,목요일,인천광역시 연수구 선학동,중상사고,0,1,0,0,차대차 - 기타,교차로운행방법위반,건조,맑음,교차로 - 교차로안,승용,남,30세,상해없음,이륜,남,34세,중상
2014052200100642,2014년 5월 22일 21시,목요일,인천광역시 부평구 부평동,중상사고,0,1,1,0,차대차 - 기타,차로위반,건조,맑음,단일로 - 기타,승용,여,44세,상해없음,이륜,남,24세,경상
2014052200100663,2014년 5월 22일 22시,목요일,인천광역시 남구 주안동,경상사고,0,0,1,0,차대사람 - 기타,안전운전불이행,건조,맑음,단일로 - 기타,승용,남,22세,상해없음,보행자,남,43세,경상
2014052300100015,2014년 5월 23일 00시,금요일,인천광역시 서구 연희동,중상사고,0,1,0,0,차대차 - 기타,안전운전불이행,건조,맑음,단일로 - 기타,승용,남,54세,상해없음,이륜,남,18세,중상
2014052300100016,2014년 5월 23일 00시,금요일,인천광역시 계양구 평동,경상사고,0,0,2,0,차대차 - 추돌 - 주정차중,안전운전불이행,건조,맑음,단일로 - 기타,화물,남,35세,상해없음,승용,여,40세,경상
2014052300100035,2014년 5월 23일 01시,금요일,인천광역시 부평구 일신동,부상신고사고,0,0,0,1,차대차 - 추돌 - 주정차중,안전운전불이행,건조,맑음,단일로 - 기타,승용,남,63세,상해없음,승용,남,34세,부상신고
2014052300100045,2014년 5월 23일 02시,금요일,인천광역시 계양구 박촌동,중상사고,0,1,1,0,차대차 - 정면충돌,중앙선침범,건조,맑음,단일로 - 기타,승용,남,44세,상해없음,승용,남,58세,중상
2014052300100063,2014년 5월 23일 05시,금요일,인천광역시 남구 주안동,경상사고,0,0,1,0,차대차 - 기타,안전운전불이행,건조,맑음,단일로 - 기타,승용,남,19세,상해없음,승합,남,70세,경상
2014052300100144,2014년 5월 23일 08시,금요일,인천광역시 남구 주안동,중상사고,0,1,1,0,차대사람 - 횡단중,안전운전불이행,건조,맑음,단일로 - 기타,이륜,남,57세,중상,보행자,여,32세,경상
2014052300100166,2014년 5월 23일 09시,금요일,인천광역시 남동구 논현동,사망사고,1,0,0,0,차대사람 - 횡단중,신호위반,건조,맑음,교차로 - 교차로안,승용,남,63세,상해없음,보행자,여,42세,사망
2014052300100207,2014년 5월 23일 10시,금요일,인천광역시 부평구 부평동,부상신고사고,0,0,0,1,차량단독 - 기타,안전운전불이행,건조,맑음,단일로 - 기타,승합,남,56세,상해없음,,,,