사고번호,사고일시,요일,시군구,사고내용,사망자수,중상자수,경상자수,부상신고자수,사고유형,법규위반,노면상태,기상상태,도로형태,가해운전자 차종,가해운전자 성별,가해운전자 연령,가해운전자 상해정도,피해운전자 차종,피해운전자 성별,피해운전자 연령,피해운전자 상해정도
2014052300100332,2014년 5월 23일 14시,금요일,인천광역시 중구 운남동,경상사고,0,0,1,0,차대차 - 측면직각충돌,신호위반,건조,맑음,교차로 - 교차로안,화물,남,59세,상해없음,승용,남,43세,경상
2014052300100333,2014년 5월 23일 14시,금요일,인천광역시 서구 경서동,경상사고,0,0,1,0,차대차 - 추돌 - 주정차중,안전운전불이행,건조,맑음,단일로 - 기타,승용,남,32세,상해없음,승용,여,28세,경상
2014052300100334,2014년 5월 23일 14시,금요일,인천광역시 계양구 작전동,중상사고,0,1,0,0,차대사람 - 횡단중,신호위반,건조,맑음,교차로 - 교차로부근,승용,남,26세,상해없음,보행자,여,74세,중상
2014052300100367,2014년 5월 23일 15시,금요일,인천광역시 서구 신현동,경상사고,0,0,1,0,차대사람 - 기타,안전운전불이행,건조,맑음,단일로 - 기타,승용,남,45세,기타불명,보행자,남,9세,경상
2014052300100368,2014년 5월 23일 15시,금요일,인천광역시 강화군 내가면,중상사고,0,1,0,0,차대차 - 기타,안전운전불이행,건조,맑음,단일로 - 기타,승용,여,38세,상해없음,화물,남,49세,중상
2014052300100408,2014년 5월 23일 16시,금요일,인천광역시 계양구 계산동,경상사고,0,0,1,0,차대사람 - 기타,안전운전불이행,건조,맑음,교차로 - 교차로안,승용,남,32세,상해없음,보행자,여,56세,경상
2014052300100442,2014년 5월 23일 17시,금요일,인천광역시 남동구 간석동,부상신고사고,0,0,0,1,차대차 - 기타,안전거리미확보,건조,맑음,단일로 - 기타,승용,남,53세,상해없음,승용,여,45세,부상신고
2014052300100443,2014년 5월 23일 17시,금요일,인천광역시 계양구 계산동,경상사고,0,0,1,0,차대사람 - 횡단중,안전운전불이행,건조,맑음,교차로 - 교차로안,이륜,남,35세,상해없음,보행자,여,19세,경상
2014052300100444,2014년 5월 23일 17시,금요일,인천광역시 계양구 계산동,경상사고,0,0,1,0,차대차 - 측면직각충돌,안전운전불이행,건조,맑음,단일로 - 기타,승합,남,47세,상해없음,이륜,남,18세,경상
2014052300100495,2014년 5월 23일 18시,금요일,인천광역시 서구 석남동,경상사고,0,0,1,0,차대차 - 기타,불법유턴,건조,맑음,단일로 - 기타,화물,남,37세,상해없음,이륜,남,17세,경상
2014052300100520,2014년 5월 23일 19시,금요일,인천광역시 남구 주안동,부상신고사고,0,0,0,2,차대사람 - 횡단중,안전운전불이행,건조,맑음,단일로 - 기타,이륜,기타불명,기타불명,기타불명,보행자,남,10세,부상신고
2014052300100521,2014년 5월 23일 19시,금요일,인천광역시 연수구 연수동,경상사고,0,0,1,0,차대차 - 측면직각충돌,안전거리미확보,건조,맑음,단일로 - 기타,승용,남,51세,상해없음,승용,남,56세,경상
2014052300100574,2014년 5월 23일 20시,금요일,인천광역시 부평구 갈산동,중상사고,0,1,0,0,차대사람 - 횡단중,신호위반,건조,맑음,단일로 - 기타,이륜,남,16세,상해없음,보행자,남,59세,중상
2014052300100600,2014년 5월 23일 21시,금요일,인천광역시 부평구 부평동,경상사고,0,0,1,0,차대차 - 추돌 - 주정차중,안전운전불이행,건조,맑음,교차로 - 교차로부근,승용,남,28세,상해없음,승용,남,44세,경상
2014052300100671,2014년 5월 23일 23시,금요일,인천광역시 부평구 청천동,경상사고,0,0,1,0,차대차 - 기타,안전운전불이행,건조,맑음,교차로 - 교차로부근,승용,기타불명,기타불명,기타불명,원동기,남,36세,경상
2014052300100672,2014년 5월 23일 23시,금요일,인천광역시 남동구 논현동,경상사고,0,0,1,0,차대차 - 추돌 - 주정차중,안전운전불이행,건조,맑음,단일로 - 기타,화물,남,40세,경상,화물,남,37세,기타불명
2014052400100024,2014년 5월 24일 00시,토요일,인천광역시 남구 용현동,경상사고,0,0,1,0,차대사람 - 길가장자리구역통행중,안전운전불이행,건조,맑음,단일로 - 기타,이륜,기타불명,기타불명,기타불명,보행자,남,30세,경상
2014052400100046,2014년 5월 24일 01시,토요일,인천광역시 부평구 청천동,중상사고,0,1,1,0,차대차 - 기타,교차로운행방법위반,건조,맑음,단일로 - 기타,승용,남,53세,기타불명,승용,남,58세,경상
2014052400100098,2014년 5월 24일 04시,토요일,인천광역시 남구 주안동,경상사고,0,0,1,0,차대차 - 측면직각충돌,교차로운행방법위반,건조,맑음,교차로 - 교차로부근,승용,남,36세,상해없음,승용,남,39세,경상
2014052400100099,2014년 5월 24일 04시,토요일,인천광역시 서구 가좌동,경상사고,0,0,1,0,차대사람 - 기타,안전운전불이행,건조,맑음,단일로 - 기타,승용,남,37세,상해없음,보행자,여,46세,경상
2014052400100156,2014년 5월 24일 07시,토요일,인천광역시 계양구 계산동,부상신고사고,0,0,0,1,차대사람 - 기타,신호위반,건조,맑음,단일로 - 횡단보도상,승용,남,49세,상해없음,보행자,남,45세,부상신고
2014052400100157,2014년 5월 24일 07시,토요일,인천광역시 연수구 옥련동,중상사고,0,1,0,0,차대차 - 측면직각충돌,안전운전불이행,건조,맑음,단일로 - 기타,승용,남,40세,상해없음,승용,여,55세,중상
2014052400100183,2014년 5월 24일 08시,토요일,인천광역시 남구 숭의동,중상사고,0,1,0,0,차대차 - 기타,안전운전불이행,건조,맑음,단일로 - 횡단보도부근,화물,기타불명,기타불명,기타불명,자전거,남,34세,중상
2014052400100213,2014년 5월 24일 09시,토요일,인천광역시 남동구 만수동,경상사고,0,0,2,0,차대차 - 측면직각충돌,안전거리미확보,건조,맑음,교차로 - 교차로부근,승용,남,44세,상해없음,승용,남,50세,상해없음
2014052400100279,2014년 5월 24일 11시,토요일,인천광역시 연수구 송도동,경상사고,0,0,2,0,차대차 - 측면직각충돌,안전운전불이행,건조,맑음,기타 - 기타,화물,남,67세,상해없음,승용,남,37세,경상
2014052400100305,2014년 5월 24일 12시,토요일,인천광역시 남동구 만수동,경상사고,0,0,4,0,차대차 - 추돌 - 주정차중,안전거리미확보,건조,맑음,단일로 - 기타,승용,남,41세,상해없음,승용,남,50세,경상
2014052400100338,2014년 5월 24일 13시,토요일,인천광역시 서구 시천동,경상사고,0,0,1,0,차대사람 - 횡단중,신호위반,건조,맑음,단일로 - 횡단보도상,승용,남,33세,상해없음,보행자,여,21세,경상
2014052400100376,2014년 5월 24일 14시,토요일,인천광역시 계양구 계산동,경상사고,0,0,1,0,차대차 - 추돌 - 주정차중,안전운전불이행,건조,맑음,교차로 - 교차로부근,승용,남,52세,상해없음,승용,여,33세,경상
2014052400100455,2014년 5월 24일 16시,토요일,인천광역시 서구 왕길동,중상사고,0,1,0,0,차대사람 - 기타,안전운전불이행,건조,맑음,교차로 - 교차로안,화물,남,40세,상해없음,보행자,남,64세,중상
2014052400100495,2014년 5월 24일 17시,토요일,인천광역시 계양구 평동,경상사고,0,0,2,0,차대사람 - 기타,안전운전불이행,건조,맑음,단일로 - 기타,자전거,여,60세,경상,보행자,여,17세,경상
2014052400100576,2014년 5월 24일 19시,토요일,인천광역시 옹진군 영흥면,경상사고,0,0,4,0,차대차 - 추돌 - 진행중,안전운전불이행,건조,맑음,단일로 - 기타,승용,남,59세,상해없음,승용,남,29세,경상
2014052400100577,2014년 5월 24일 19시,토요일,인천광역시 남동구 남촌동,경상사고,0,0,1,0,차대사람 - 횡단중,기타,건조,흐림,교차로 - 교차로안,승용,여,56세,상해없음,보행자,여,5세,경상
2014052400100607,2014년 5월 24일 20시,토요일,인천광역시 중구 운서동,중상사고,0,3,0,0,차대차 - 추돌 - 진행중,차로위반,건조,맑음,단일로 - 기타,특수,남,20세,중상,승용,여,42세,중상
2014052400100608,2014년 5월 24일 20시,토요일,인천광역시 계양구 계산동,중상사고,0,1,0,0,차대사람 - 차도통행중,안전운전불이행,건조,맑음,교차로 - 교차로안,승용,남,47세,상해없음,보행자,남,49세,중상
2014052400100638,2014년 5월 24일 21시,토요일,인천광역시 남동구 만수동,부상신고사고,0,0,0,1,차대차 - 측면직각충돌,안전거리미확보,건조,맑음,단일로 - 기타,이륜,남,22세,부상신고,승용,남,44세,상해없음
2014052400100692,2014년 5월 24일 23시,토요일,인천광역시 남동구 남촌동,경상사고,0,0,3,0,차대차 - 측면직각충돌,안전운전불이행,건조,맑음,단일로 - 기타,승용,남,54세,상해없음,승용,남,30세,경상
2014052400100693,2014년 5월 24일 23시,토요일,인천광역시 연수구 동춘동,경상사고,0,0,5,0,차대차 - 기타,안전운전불이행,건조,맑음,교차로 - 교차로부근,승합,남,59세,상해없음,승용,남,49세,경상
2014052500100023,2014년 5월 25일 00시,일요일,인천광역시 서구 석남동,경상사고,0,0,2,0,차대차 - 추돌 - 주정차중,안전운전불이행,건조,맑음,단일로 - 기타,승용,남,32세,상해없음,화물,남,39세,경상
2014052500100024,2014년 5월 25일 00시,일요일,인천광역시 연수구 옥련동,경상사고,0,0,2,0,차대차 - 기타,안전운전불이행,건조,맑음,단일로 - 기타,승용,남,43세,상해없음,승용,남,56세,경상
2014052500100079,2014년 5월 25일 04시,일요일,인천광역시 남구 주안동,사망사고,1,0,0,0,차대사람 - 횡단중,보행자보호의무위반,건조,맑음,교차로 - 교차로안,승용,남,50세,상해없음,보행자,남,77세,사망
2014052500100134,2014년 5월 25일 08시,일요일,인천광역시 부평구 구산동,중상사고,0,1,0,0,차대차 - 기타,안전운전불이행,건조,맑음,단일로 - 기타,승용,남,59세,상해없음,승용,여,41세,중상
2014052500100148,2014년 5월 25일 09시,일요일,인천광역시 계양구 효성동,경상사고,0,0,3,0,차대차 - 측면직각충돌,신호위반,건조,흐림,교차로 - 교차로안,승용,남,53세,상해없음,승용,남,39세,경상
2014052500100171,2014년 5월 25일 10시,일요일,인천광역시 부평구 구산동,중상사고,0,1,2,0,차대차 - 추돌 - 진행중,안전운전불이행,건조,맑음,단일로 - 기타,승용,남,50세,상해없음,승용,남,44세,경상
2014052500100192,2014년 5월 25일 11시,일요일,인천광역시 남동구 고잔동,경상사고,0,0,1,0,차대차 - 측면직각충돌,신호위반,건조,맑음,교차로 - 교차로안,승용,남,60세,상해없음,승용,여,35세,경상
2014052500100193,2014년 5월 25일 11시,일요일,인천광역시 남동구 만수동,경상사고,0,0,1,0,차대차 - 추돌 - 주정차중,안전운전불이행,건조,맑음,단일로 - 기타,승용,여,26세,상해없음,승용,여,46세,경상
2014052500100230,2014년 5월 25일 12시,일요일,인천광역시 남구 용현동,경상사고,0,0,1,0,차대차 - 기타,안전운전불이행,건조,맑음,기타 - 기타,승용,남,42세,상해없음,승용,남,42세,상해없음
2014052500100231,2014년 5월 25일 12시,일요일,인천광역시 남구 주안동,중상사고,0,1,0,0,차대차 - 기타,안전거리미확보,건조,맑음,단일로 - 기타,승용,남,63세,상해없음,승합,남,85세,상해없음
2014052500100232,2014년 5월 25일 12시,일요일,인천광역시 연수구 선학동,경상사고,0,0,7,0,차대차 - 추돌 - 진행중,안전운전불이행,건조,맑음,단일로 - 기타,승용,남,44세,상해없음,승용,남,56세,경상
2014052500100292,2014년 5월 25일 14시,일요일,인천광역시 남동구 만수동,중상사고,0,1,0,0,차대차 - 추돌 - 진행중,안전운전불이행,습기,비,단일로 - 기타,화물,남,45세,상해없음,승용,남,34세,중상
2014052500100293,2014년 5월 25일 14시,일요일,인천광역시 남동구 간석동,중상사고,0,1,0,0,차대사람 - 길가장자리구역통행중,안전운전불이행,습기,비,단일로 - 기타,승용,여,51세,상해없음,보행자,남,8세,중상
2014052500100322,2014년 5월 25일 15시,일요일,인천광역시 남동구 고잔동,경상사고,0,0,1,0,차대차 - 추돌 - 진행중,안전거리미확보,건조,맑음,단일로 - 기타,승합,남,34세,상해없음,승용,남,49세,상해없음
2014052500100369,2014년 5월 25일 16시,일요일,인천광역시 부평구 산곡동,경상사고,0,0,1,0,차대차 - 기타,안전운전불이행,건조,맑음,교차로 - 교차로부근,승합,남,24세,상해없음,승용,남,51세,경상
2014052500100405,2014년 5월 25일 17시,일요일,인천광역시 남동구 논현동,경상사고,0,0,1,0,차대사람 - 기타,안전운전불이행,건조,흐림,단일로 - 기타,승용,남,40세,상해없음,보행자,여,31세,경상
2014052500100476,2014년 5월 25일 19시,일요일,인천광역시 서구 가정동,경상사고,0,0,1,0,차대차 - 측면직각충돌,안전운전불이행,습기,비,교차로 - 교차로안,승용,남,58세,상해없음,승용,남,26세,경상
2014052500100539,2014년 5월 25일 20시,일요일,인천광역시 중구 운남동,경상사고,0,0,1,0,차대차 - 기타,중앙선침범,건조,맑음,단일로 - 기타,화물,남,23세,상해없음,승용,여,46세,경상
2014052500100585,2014년 5월 25일 21시,일요일,인천광역시 남구 주안동,중상사고,0,1,0,0,차대사람 - 횡단중,안전운전불이행,습기,비,단일로 - 기타,승용,남,54세,상해없음,보행자,여,67세,중상
2014052500100586,2014년 5월 25일 21시,일요일,인천광역시 부평구 청천동,경상사고,0,0,1,0,차대사람 - 횡단중,안전운전불이행,습기,비,교차로 - 교차로부근,기타불명,기타불명,기타불명,기타불명,보행자,남,54세,경상
2014052500100587,2014년 5월 25일 21시,일요일,인천광역시 계양구 작전동,중상사고,0,3,0,0,차대차 - 정면충돌,신호위반,습기,비,교차로 - 교차로안,승용,여,58세,상해없음,승용,남,30세,상해없음
2014052500100588,2014년 5월 25일 21시,일요일,인천광역시 연수구 동춘동,경상사고,0,0,2,0,차대차 - 추돌 - 주정차중,안전운전불이행,습기,비,단일로 - 기타,승용,남,54세,상해없음,승용,남,46세,경상
2014052500100625,2014년 5월 25일 22시,일요일,인천광역시 중구 을왕동,중상사고,0,2,0,0,차대차 - 정면충돌,중앙선침범,습기,비,단일로 - 기타,승용,여,37세,중상,승용,여,49세,중상
2014052500100651,2014년 5월 25일 23시,일요일,인천광역시 서구 공촌동,중상사고,0,1,0,0,차대사람 - 횡단중,안전운전불이행,습기,비,단일로 - 기타,승용,남,61세,상해없음,보행자,남,70세,중상
2014052500100652,2014년 5월 25일 23시,일요일,인천광역시 서구 연희동,경상사고,0,0,1,0,차대차 - 측면직각충돌,안전거리미확보,건조,맑음,교차로 - 교차로안,승용,남,59세,상해없음,이륜,남,16세,경상
2014052500100653,2014년 5월 25일 23시,일요일,인천광역시 서구 가정동,경상사고,0,0,1,0,차대차 - 추돌 - 진행중,안전운전불이행,기타,비,기타 - 기타,승합,남,40세,상해없음,승용,남,31세,경상
2014052600100018,2014년 5월 26일 00시,월요일,인천광역시 부평구 청천동,경상사고,0,0,2,0,차대차 - 측면직각충돌,안전거리미확보,습기,비,교차로 - 교차로부근,승용,남,48세,상해없음,승용,남,59세,경상
2014052600100031,2014년 5월 26일 01시,월요일,인천광역시 남동구 간석동,경상사고,0,0,1,0,차대차 - 기타,신호위반,습기,비,교차로 - 교차로안,승용,여,38세,상해없음,승용,여,59세,경상
2014052600100104,2014년 5월 26일 07시,월요일,인천광역시 남구 주안동,부상신고사고,0,0,0,1,차대사람 - 길가장자리구역통행중,안전운전불이행,건조,맑음,단일로 - 기타,기타불명,기타불명,기타불명,기타불명,보행자,남,16세,부상신고
2014052600100168,2014년 5월 26일 09시,월요일,인천광역시 부평구 갈산동,경상사고,0,0,2,0,차대차 - 측면직각충돌,신호위반,건조,맑음,교차로 - 교차로안,승용,여,33세,상해없음,승용,남,24세,경상
2014052600100206,2014년 5월 26일 10시,월요일,인천광역시 남구 주안동,중상사고,0,1,0,0,차대차 - 기타,안전운전불이행,건조,맑음,단일로 - 기타,승용,남,41세,상해없음,자전거,남,58세,중상
2014052600100207,2014년 5월 26일 10시,월요일,인천광역시 연수구 청학동,경상사고,0,0,1,0,차대사람 - 횡단중,보행자보호의무위반,건조,맑음,단일로 - 기타,승용,남,32세,상해없음,보행자,여,1세,경상
2014052600100237,2014년 5월 26일 11시,월요일,인천광역시 연수구 옥련동,경상사고,0,0,1,0,차대차 - 추돌 - 주정차중,안전거리미확보,건조,맑음,단일로 - 기타,건설기계,남,55세,상해없음,화물,남,51세,경상
2014052600100238,2014년 5월 26일 11시,월요일,인천광역시 부평구 구산동,경상사고,0,0,1,0,차대차 - 측면직각충돌,안전거리미확보,건조,맑음,단일로 - 기타,승용,남,68세,상해없음,승용,남,50세,경상
2014052600100294,2014년 5월 26일 13시,월요일,인천광역시 남동구 논현동,경상사고,0,0,1,0,차대차 - 측면직각충돌,신호위반,건조,맑음,교차로 - 교차로안,이륜,남,40세,경상,승용,남,28세,상해없음
2014052600100295,2014년 5월 26일 13시,월요일,인천광역시 서구 가정동,사망사고,1,0,0,0,차대사람 - 기타,안전운전불이행,건조,맑음,단일로 - 기타,건설기계,남,56세,상해없음,보행자,여,67세,사망
2014052600100403,2014년 5월 26일 16시,월요일,인천광역시 남동구 구월동,경상사고,0,0,2,0,차대차 - 기타,교차로운행방법위반,건조,맑음,교차로 - 교차로안,승용,남,39세,상해없음,승용,남,36세,경상
2014052600100494,2014년 5월 26일 18시,월요일,인천광역시 서구 시천동,중상사고,0,1,1,0,차대차 - 기타,안전운전불이행,건조,맑음,단일로 - 기타,화물,남,58세,상해없음,승용,여,40세,중상
2014052600100495,2014년 5월 26일 18시,월요일,인천광역시 서구 검암동,경상사고,0,0,1,0,차대사람 - 기타,안전운전불이행,건조,맑음,단일로 - 기타,승용,여,45세,상해없음,보행자,여,22세,경상
2014052600100496,2014년 5월 26일 18시,월요일,인천광역시 계양구 병방동,중상사고,0,1,0,0,차대차 - 기타,안전운전불이행,건조,맑음,교차로 - 교차로안,승용,남,43세,상해없음,자전거,남,11세,중상
2014052600100497,2014년 5월 26일 18시,월요일,인천광역시 강화군 교동면,중상사고,0,1,0,0,차대차 - 기타,안전운전불이행,건조,맑음,단일로 - 기타,이륜,여,72세,중상,승용,남,45세,상해없음
2014052600100498,2014년 5월 26일 18시,월요일,인천광역시 강화군 강화읍,경상사고,0,0,1,0,차대차 - 정면충돌,중앙선침범,건조,맑음,단일로 - 기타,승용,남,70세,상해없음,승용,남,23세,경상
2014052600100537,2014년 5월 26일 19시,월요일,인천광역시 계양구 방축동,중상사고,0,1,0,0,차대사람 - 기타,안전운전불이행,건조,맑음,교차로 - 교차로안,승용,남,54세,상해없음,보행자,여,8세,중상
2014052600100538,2014년 5월 26일 19시,월요일,인천광역시 부평구 삼산동,경상사고,0,0,1,0,차대차 - 기타,교차로운행방법위반,건조,맑음,교차로 - 교차로안,승용,남,35세,상해없음,승용,여,44세,경상
2014052600100561,2014년 5월 26일 20시,월요일,인천광역시 서구 석남동,경상사고,0,0,2,0,차대차 - 추돌 - 진행중,과속,건조,맑음,교차로 - 교차로부근,승용,남,47세,상해없음,화물,남,43세,경상
2014052600100562,2014년 5월 26일 20시,월요일,인천광역시 서구 연희동,경상사고,0,0,1,0,차대차 - 추돌 - 주정차중,안전운전불이행,기타,맑음,단일로 - 횡단보도부근,승용,남,46세,상해없음,승용,남,56세,경상
2014052600100596,2014년 5월 26일 21시,월요일,인천광역시 서구 가정동,경상사고,0,0,2,0,차대차 - 기타,안전운전불이행,건조,맑음,교차로 - 교차로부근,승용,남,54세,상해없음,승용,남,21세,경상
2014052600100624,2014년 5월 26일 22시,월요일,인천광역시 부평구 청천동,경상사고,0,0,1,0,차대차 - 추돌 - 주정차중,중앙선침범,건조,맑음,단일로 - 기타,승용,남,35세,상해없음,승용,남,24세,경상
2014052600100625,2014년 5월 26일 22시,월요일,인천광역시 연수구 송도동,경상사고,0,0,1,0,차대차 - 측면직각충돌,안전운전불이행,건조,맑음,교차로 - 교차로안,승용,기타불명,기타불명,기타불명,자전거,남,13세,경상
2014052700100010,2014년 5월 27일 00시,화요일,인천광역시 서구 가좌동,경상사고,0,0,1,0,차대차 - 기타,안전운전불이행,건조,맑음,단일로 - 기타,승용,남,39세,상해없음,승용,남,49세,기타불명
2014052700100039,2014년 5월 27일 03시,화요일,인천광역시 서구 심곡동,경상사고,0,0,2,0,차대차 - 기타,교차로운행방법위반,건조,맑음,교차로 - 교차로안,승용,남,44세,경상,승용,남,56세,경상
2014052700100048,2014년 5월 27일 04시,화요일,인천광역시 남구 주안동,경상사고,0,0,2,0,차대차 - 측면직각충돌,안전운전불이행,건조,맑음,기타 - 기타,화물,남,40세,상해없음,승용,남,63세,경상
2014052700100057,2014년 5월 27일 05시,화요일,인천광역시 남구 도화동,경상사고,0,0,1,0,차대차 - 추돌 - 주정차중,안전운전불이행,건조,맑음,단일로 - 기타,승용,남,51세,상해없음,승용,남,40세,경상
2014052700100163,2014년 5월 27일 08시,화요일,인천광역시 남동구 간석동,경상사고,0,0,1,0,차대차 - 측면직각충돌,교차로운행방법위반,건조,맑음,교차로 - 교차로부근,화물,남,59세,상해없음,원동기,남,58세,경상
2014052700100164,2014년 5월 27일 08시,화요일,인천광역시 계양구 작전동,중상사고,0,1,0,0,차대사람 - 기타,안전운전불이행,건조,맑음,단일로 - 기타,화물,남,49세,상해없음,보행자,남,72세,중상
2014052700100231,2014년 5월 27일 10시,화요일,인천광역시 중구 중산동,중상사고,0,1,0,0,차대차 - 측면직각충돌,신호위반,건조,맑음,교차로 - 교차로안,승용,남,40세,상해없음,승용,여,36세,중상
2014052700100232,2014년 5월 27일 10시,화요일,인천광역시 남구 용현동,경상사고,0,0,2,0,차대차 - 기타,교차로운행방법위반,건조,맑음,교차로 - 교차로안,승용,남,76세,상해없음,화물,남,57세,경상
2014052700100233,2014년 5월 27일 10시,화요일,인천광역시 남동구 도림동,부상신고사고,0,0,0,1,차대차 - 측면직각충돌,안전운전불이행,건조,맑음,단일로 - 기타,이륜,남,20세,부상신고,화물,남,59세,상해없음
2014052700100258,2014년 5월 27일 11시,화요일,인천광역시 남구 주안동,경상사고,0,0,1,0,차대사람 - 보도통행중,기타,건조,맑음,단일로 - 기타,승용,여,47세,상해없음,보행자,남,53세,경상
2014052700100259,2014년 5월 27일 11시,화요일,인천광역시 계양구 효성동,부상신고사고,0,0,0,1,차대차 - 기타,안전운전불이행,건조,맑음,교차로 - 교차로부근,승용,남,33세,상해없음,자전거,남,86세,부상신고
2014052700100288,2014년 5월 27일 12시,화요일,인천광역시 부평구 산곡동,경상사고,0,0,1,0,차대사람 - 횡단중,보행자보호의무위반,건조,맑음,교차로 - 교차로안,승용,남,27세,상해없음,보행자,여,70세,경상
2014052700100289,2014년 5월 27일 12시,화요일,인천광역시 연수구 송도동,중상사고,0,1,0,0,차대차 - 기타,불법유턴,건조,맑음,교차로 - 교차로부근,자전거,여,49세,중상,승용,여,38세,상해없음
2014052700100348,2014년 5월 27일 14시,화요일,인천광역시 중구 신흥동3가,중상사고,0,1,0,0,차대차 - 측면직각충돌,차로위반,건조,맑음,교차로 - 교차로안,원동기,남,28세,중상,화물,남,79세,상해없음
2014052700100390,2014년 5월 27일 15시,화요일,인천광역시 부평구 십정동,경상사고,0,0,1,0,차대차 - 측면직각충돌,차로위반,건조,맑음,단일로 - 기타,화물,남,54세,상해없음,승용,남,56세,경상
2014052700100391,2014년 5월 27일 15시,화요일,인천광역시 남동구 간석동,경상사고,0,0,5,0,차대차 - 추돌 - 주정차중,안전운전불이행,건조,맑음,교차로 - 교차로부근,승용,여,66세,상해없음,승용,남,31세,경상
2014052700100436,2014년 5월 27일 16시,화요일,인천광역시 부평구 산곡동,경상사고,0,0,1,0,차대차 - 기타,신호위반,건조,맑음,단일로 - 기타,승용,남,42세,상해없음,자전거,남,14세,경상
2014052700100485,2014년 5월 27일 17시,화요일,인천광역시 남동구 구월동,부상신고사고,0,0,0,1,차대차 - 정면충돌,안전운전불이행,건조,맑음,단일로 - 기타,농기계,남,25세,부상신고,승용,남,50세,상해없음
2014052700100518,2014년 5월 27일 18시,화요일,인천광역시 서구 가정동,중상사고,0,1,0,0,차대차 - 기타,안전운전불이행,건조,맑음,단일로 - 기타,승용,여,50세,상해없음,이륜,남,77세,중상
2014052700100519,2014년 5월 27일 18시,화요일,인천광역시 서구 가좌동,부상신고사고,0,0,0,2,차대사람 - 기타,안전운전불이행,건조,맑음,교차로 - 교차로안,승용,기타불명,기타불명,기타불명,보행자,남,17세,부상신고
2014052700100520,2014년 5월 27일 18시,화요일,인천광역시 계양구 작전동,경상사고,0,0,1,0,차대차 - 측면직각충돌,교차로운행방법위반,건조,맑음,교차로 - 교차로안,승용,여,51세,상해없음,승용,남,53세,경상
2014052700100521,2014년 5월 27일 18시,화요일,인천광역시 강화군 양도면,경상사고,0,0,1,0,차대사람 - 기타,안전운전불이행,건조,맑음,단일로 - 기타,화물,남,61세,상해없음,보행자,남,56세,경상
2014052700100522,2014년 5월 27일 18시,화요일,인천광역시 강화군 강화읍,경상사고,0,0,2,0,차대차 - 기타,안전운전불이행,건조,맑음,교차로 - 교차로안,승용,여,47세,상해없음,승용,여,23세,경상
2014052700100603,2014년 5월 27일 21시,화요일,인천광역시 계양구 계산동,경상사고,0,0,1,0,차대차 - 추돌 - 진행중,안전운전불이행,건조,맑음,교차로 - 교차로부근,승용,남,61세,상해없음,승용,여,58세,경상
2014052700100634,2014년 5월 27일 22시,화요일,인천광역시 남동구 만수동,경상사고,0,0,1,0,차대차 - 측면직각충돌,안전운전불이행,건조,맑음,단일로 - 기타,승용,남,19세,상해없음,자전거,남,22세,경상
2014052800100019,2014년 5월 28일 00시,수요일,인천광역시 부평구 십정동,경상사고,0,0,1,0,차대사람 - 기타,안전운전불이행,건조,맑음,단일로 - 기타,승용,남,42세,상해없음,보행자,여,40세,경상
2014052800100020,2014년 5월 28일 00시,수요일,인천광역시 계양구 작전동,경상사고,0,0,1,0,차대차 - 측면직각충돌,안전운전불이행,건조,맑음,교차로 - 교차로안,승용,남,45세,상해없음,자전거,남,22세,경상
2014052800100037,2014년 5월 28일 02시,수요일,인천광역시 남동구 간석동,경상사고,0,0,2,0,차대차 - 측면직각충돌,안전운전불이행,건조,맑음,단일로 - 기타,승용,남,24세,상해없음,승용,남,19세,경상
2014052800100053,2014년 5월 28일 04시,수요일,인천광역시 부평구 십정동,중상사고,0,1,0,0,차대차 - 측면직각충돌,안전운전불이행,건조,맑음,교차로 - 교차로안,승용,남,57세,상해없음,화물,여,63세,중상
2014052800100077,2014년 5월 28일 06시,수요일,인천광역시 계양구 용종동,경상사고,0,0,1,0,차대차 - 측면직각충돌,안전거리미확보,건조,맑음,단일로 - 기타,화물,남,51세,상해없음,승용,남,49세,경상
2014052800100106,2014년 5월 28일 07시,수요일,인천광역시 중구 운서동,사망사고,2,2,1,0,차대차 - 측면직각충돌,기타,건조,맑음,교차로 - 교차로안,화물,남,48세,중상,승용,남,43세,경상
2014052800100147,2014년 5월 28일 08시,수요일,인천광역시 남구 주안동,경상사고,0,0,1,0,차대차 - 기타,안전운전불이행,건조,맑음,단일로 - 기타,기타불명,기타불명,기타불명,기타불명,승합,남,63세,상해없음
2014052800100148,2014년 5월 28일 08시,수요일,인천광역시 남동구 간석동,중상사고,0,1,0,0,차대사람 - 횡단중,안전운전불이행,건조,맑음,단일로 - 기타,승용,남,67세,상해없음,보행자,남,3세,중상
2014052800100149,2014년 5월 28일 08시,수요일,인천광역시 계양구 병방동,경상사고,0,0,1,0,차대차 - 추돌 - 주정차중,안전운전불이행,건조,맑음,단일로 - 기타,승용,여,50세,상해없음,승합,남,39세,경상
2014052800100184,2014년 5월 28일 09시,수요일,인천광역시 중구 운서동,중상사고,0,1,0,0,차대차 - 추돌 - 진행중,안전운전불이행,건조,맑음,단일로 - 기타,승용,남,45세,상해없음,자전거,남,38세,중상
2014052800100185,2014년 5월 28일 09시,수요일,인천광역시 연수구 송도동,경상사고,0,0,1,0,차대차 - 측면직각충돌,안전운전불이행,건조,맑음,기타 - 기타,승용,여,28세,상해없음,승용,여,32세,경상