사고번호,사고일시,요일,시군구,사고내용,사망자수,중상자수,경상자수,부상신고자수,사고유형,법규위반,노면상태,기상상태,도로형태,가해운전자 차종,가해운전자 성별,가해운전자 연령,가해운전자 상해정도,피해운전자 차종,피해운전자 성별,피해운전자 연령,피해운전자 상해정도
2014060200100070,2014년 6월 2일 07시,월요일,인천광역시 부평구 청천동,경상사고,0,0,1,0,차대차 - 측면직각충돌,안전운전불이행,건조,맑음,교차로 - 교차로안,승용,남,31세,상해없음,자전거,남,30세,경상
2014060200100112,2014년 6월 2일 08시,월요일,인천광역시 남구 관교동,경상사고,0,0,1,0,차대사람 - 횡단중,보행자보호의무위반,건조,맑음,단일로 - 기타,승용,기타불명,기타불명,기타불명,보행자,여,16세,경상
2014060200100113,2014년 6월 2일 08시,월요일,인천광역시 서구 마전동,중상사고,0,1,9,1,차대차 - 추돌 - 진행중,안전운전불이행,건조,맑음,단일로 - 기타,특수,남,35세,상해없음,승합,남,55세,경상
2014060200100114,2014년 6월 2일 08시,월요일,인천광역시 계양구 계산동,부상신고사고,0,0,0,1,차대사람 - 횡단중,보행자보호의무위반,습기,비,단일로 - 횡단보도상,기타불명,기타불명,기타불명,기타불명,보행자,여,18세,부상신고
2014060200100144,2014년 6월 2일 09시,월요일,인천광역시 남동구 구월동,경상사고,0,0,1,0,차대차 - 측면직각충돌,안전운전불이행,습기,비,교차로 - 교차로안,승용,남,29세,상해없음,자전거,여,42세,경상
2014060200100145,2014년 6월 2일 09시,월요일,인천광역시 남동구 구월동,중상사고,0,1,0,0,차대사람 - 보도통행중,보행자보호의무위반,습기,비,단일로 - 기타,승용,여,34세,상해없음,보행자,여,37세,중상
2014060200100175,2014년 6월 2일 10시,월요일,인천광역시 중구 항동7가,중상사고,0,1,0,0,차대사람 - 차도통행중,안전운전불이행,습기,비,단일로 - 기타,화물,남,48세,상해없음,보행자,남,77세,중상
2014060200100176,2014년 6월 2일 10시,월요일,인천광역시 남구 주안동,경상사고,0,0,2,0,차대차 - 기타,안전운전불이행,건조,흐림,단일로 - 기타,승용,남,61세,기타불명,승합,남,53세,상해없음
2014060200100177,2014년 6월 2일 10시,월요일,인천광역시 부평구 갈산동,중상사고,0,1,0,0,차대차 - 측면직각충돌,신호위반,습기,비,교차로 - 교차로부근,건설기계,남,31세,상해없음,승용,남,51세,중상
2014060200100178,2014년 6월 2일 10시,월요일,인천광역시 강화군 강화읍,경상사고,0,0,1,1,차대차 - 기타,안전운전불이행,건조,맑음,교차로 - 교차로안,승용,남,73세,상해없음,승합,남,50세,경상
2014060200100208,2014년 6월 2일 11시,월요일,인천광역시 부평구 삼산동,중상사고,0,2,2,0,차대차 - 측면직각충돌,안전운전불이행,습기,비,단일로 - 기타,승용,남,41세,상해없음,승용,남,46세,경상
2014060200100296,2014년 6월 2일 14시,월요일,인천광역시 남동구 간석동,경상사고,0,0,1,0,차대차 - 기타,안전운전불이행,건조,맑음,교차로 - 교차로안,승용,남,53세,상해없음,승용,남,47세,상해없음
2014060200100347,2014년 6월 2일 15시,월요일,인천광역시 서구 심곡동,경상사고,0,0,1,0,차대사람 - 기타,안전운전불이행,습기,비,단일로 - 기타,승용,남,50세,상해없음,보행자,남,41세,경상
2014060200100348,2014년 6월 2일 15시,월요일,인천광역시 서구 경서동,경상사고,0,0,2,0,차대차 - 정면충돌,중앙선침범,습기,비,교차로 - 교차로부근,승용,남,37세,상해없음,승용,남,37세,경상
2014060200100380,2014년 6월 2일 16시,월요일,인천광역시 남동구 고잔동,경상사고,0,0,1,0,차대차 - 측면직각충돌,안전운전불이행,건조,맑음,단일로 - 기타,승용,남,51세,상해없음,화물,남,52세,경상
2014060200100412,2014년 6월 2일 17시,월요일,인천광역시 계양구 장기동,경상사고,0,0,1,0,차대차 - 측면직각충돌,신호위반,건조,맑음,교차로 - 교차로안,승용,남,29세,상해없음,승용,남,71세,경상
2014060200100476,2014년 6월 2일 19시,월요일,인천광역시 중구 운서동,경상사고,0,0,1,0,차대차 - 측면직각충돌,교차로운행방법위반,건조,흐림,교차로 - 교차로안,승용,여,50세,상해없음,승용,여,38세,경상
2014060200100477,2014년 6월 2일 19시,월요일,인천광역시 서구 연희동,경상사고,0,0,1,0,차량단독 - 기타,안전운전불이행,건조,맑음,단일로 - 기타,승용,남,59세,상해없음,,,,
2014060200100519,2014년 6월 2일 20시,월요일,인천광역시 남구 주안동,중상사고,0,1,0,0,차대사람 - 횡단중,안전운전불이행,습기,비,단일로 - 기타,승용,남,59세,상해없음,보행자,남,42세,중상
2014060200100520,2014년 6월 2일 20시,월요일,인천광역시 남구 숭의동,경상사고,0,0,1,0,차대차 - 기타,안전운전불이행,습기,비,단일로 - 기타,기타불명,기타불명,기타불명,기타불명,이륜,남,18세,경상
2014060200100521,2014년 6월 2일 20시,월요일,인천광역시 남동구 구월동,중상사고,0,1,3,0,차대차 - 추돌 - 주정차중,안전거리미확보,습기,비,단일로 - 기타,승용,남,45세,상해없음,승용,남,34세,중상
2014060200100522,2014년 6월 2일 20시,월요일,인천광역시 남동구 간석동,경상사고,0,0,2,0,차대차 - 추돌 - 진행중,안전거리미확보,건조,맑음,교차로 - 교차로부근,승용,남,57세,상해없음,승용,남,23세,경상
2014060200100523,2014년 6월 2일 20시,월요일,인천광역시 서구 연희동,경상사고,0,0,2,0,차대차 - 추돌 - 진행중,안전운전불이행,건조,맑음,단일로 - 기타,승용,남,40세,상해없음,승용,남,29세,경상
2014060200100524,2014년 6월 2일 20시,월요일,인천광역시 연수구 송도동,경상사고,0,0,1,0,차대사람 - 기타,안전운전불이행,습기,비,단일로 - 기타,이륜,남,17세,상해없음,보행자,남,50세,경상
2014060200100565,2014년 6월 2일 21시,월요일,인천광역시 남구 학익동,경상사고,0,0,1,0,차대차 - 기타,안전거리미확보,습기,비,단일로 - 기타,승용,여,42세,상해없음,승합,남,70세,상해없음
2014060200100615,2014년 6월 2일 22시,월요일,인천광역시 남동구 수산동,경상사고,0,0,1,0,차대차 - 기타,안전거리미확보,습기,비,교차로 - 교차로부근,화물,남,57세,상해없음,승용,남,48세,경상
2014060200100616,2014년 6월 2일 22시,월요일,인천광역시 서구 오류동,경상사고,0,0,1,0,차대차 - 측면직각충돌,안전운전불이행,건조,맑음,교차로 - 교차로안,승용,여,36세,상해없음,승용,남,54세,경상
2014060200100664,2014년 6월 2일 23시,월요일,인천광역시 계양구 작전동,경상사고,0,0,1,0,차대사람 - 보도통행중,보행자보호의무위반,습기,비,교차로 - 교차로안,승용,여,50세,상해없음,보행자,여,18세,경상
2014060200100665,2014년 6월 2일 23시,월요일,인천광역시 부평구 부평동,경상사고,0,0,1,0,차대차 - 측면직각충돌,안전운전불이행,건조,맑음,교차로 - 교차로안,승용,남,41세,상해없음,승용,남,55세,경상
2014060300100022,2014년 6월 3일 00시,화요일,인천광역시 중구 신흥동3가,경상사고,0,0,1,0,차량단독 - 공작물충돌,안전운전불이행,습기,비,단일로 - 기타,승용,남,45세,경상,,,,
2014060300100023,2014년 6월 3일 00시,화요일,인천광역시 부평구 부개동,중상사고,0,1,0,0,차대차 - 정면충돌,신호위반,습기,비,교차로 - 교차로안,승용,남,48세,상해없음,승용,여,51세,중상
2014060300100039,2014년 6월 3일 01시,화요일,인천광역시 연수구 연수동,경상사고,0,0,2,0,차대차 - 기타,안전운전불이행,습기,비,교차로 - 교차로안,승용,여,35세,상해없음,승용,남,52세,경상
2014060300100055,2014년 6월 3일 02시,화요일,인천광역시 연수구 동춘동,중상사고,0,1,0,0,차대차 - 측면직각충돌,중앙선침범,습기,비,단일로 - 기타,화물,남,65세,상해없음,승용,여,40세,중상
2014060300100137,2014년 6월 3일 07시,화요일,인천광역시 서구 연희동,경상사고,0,0,1,0,차대사람 - 기타,안전운전불이행,건조,맑음,단일로 - 기타,승합,남,49세,상해없음,보행자,여,54세,경상
2014060300100181,2014년 6월 3일 08시,화요일,인천광역시 남구 숭의동,중상사고,0,1,1,0,차대차 - 추돌 - 주정차중,안전운전불이행,습기,비,단일로 - 기타,화물,남,42세,상해없음,승용,여,49세,중상
2014060300100182,2014년 6월 3일 08시,화요일,인천광역시 부평구 청천동,경상사고,0,0,1,0,차대사람 - 기타,안전운전불이행,습기,비,교차로 - 교차로부근,승용,남,43세,상해없음,보행자,남,21세,경상
2014060300100183,2014년 6월 3일 08시,화요일,인천광역시 서구 가좌동,부상신고사고,0,0,0,1,차대차 - 추돌 - 진행중,차로위반,습기,비,단일로 - 기타,승용,남,38세,기타불명,화물,남,42세,부상신고
2014060300100274,2014년 6월 3일 11시,화요일,인천광역시 부평구 십정동,중상사고,0,1,0,0,차대사람 - 기타,안전운전불이행,습기,흐림,단일로 - 횡단보도상,승용,여,63세,상해없음,보행자,여,20세,중상
2014060300100275,2014년 6월 3일 11시,화요일,인천광역시 강화군 양도면,중상사고,0,1,2,0,차량단독 - 기타,안전운전불이행,건조,맑음,단일로 - 기타,승합,남,53세,상해없음,,,,
2014060300100300,2014년 6월 3일 12시,화요일,인천광역시 중구 송월동1가,부상신고사고,0,0,0,1,차대사람 - 기타,안전운전불이행,건조,맑음,교차로 - 교차로안,승용,남,64세,상해없음,보행자,여,56세,부상신고
2014060300100301,2014년 6월 3일 12시,화요일,인천광역시 남구 도화동,경상사고,0,0,1,0,차대차 - 기타,교차로운행방법위반,습기,비,교차로 - 교차로안,승용,남,40세,상해없음,승용,남,63세,경상
2014060300100335,2014년 6월 3일 13시,화요일,인천광역시 부평구 십정동,경상사고,0,0,1,0,차대차 - 기타,안전거리미확보,습기,비,교차로 - 교차로부근,승용,여,24세,상해없음,승용,여,56세,경상
2014060300100400,2014년 6월 3일 15시,화요일,인천광역시 남동구 논현동,경상사고,0,0,1,0,차대사람 - 횡단중,안전운전불이행,건조,맑음,교차로 - 교차로부근,승합,남,41세,상해없음,보행자,남,9세,경상
2014060300100401,2014년 6월 3일 15시,화요일,인천광역시 계양구 작전동,중상사고,0,2,0,0,차대차 - 추돌 - 진행중,안전거리미확보,습기,비,단일로 - 횡단보도부근,승합,남,63세,상해없음,승용,남,53세,중상
2014060300100402,2014년 6월 3일 15시,화요일,인천광역시 강화군 교동면,중상사고,0,2,0,0,차대차 - 기타,중앙선침범,습기,비,단일로 - 기타,화물,남,59세,상해없음,화물,남,58세,중상
2014060300100431,2014년 6월 3일 16시,화요일,인천광역시 남구 용현동,경상사고,0,0,1,0,차대차 - 추돌 - 주정차중,안전운전불이행,습기,비,단일로 - 기타,승용,남,42세,상해없음,승용,남,38세,경상
2014060300100432,2014년 6월 3일 16시,화요일,인천광역시 계양구 임학동,경상사고,0,0,2,0,차대사람 - 기타,안전운전불이행,건조,맑음,단일로 - 기타,승용,남,20세,상해없음,보행자,여,54세,경상
2014060300100479,2014년 6월 3일 17시,화요일,인천광역시 남구 도화동,경상사고,0,0,1,0,차대차 - 기타,안전운전불이행,기타,비,단일로 - 기타,승용,남,34세,상해없음,승합,남,33세,경상
2014060300100480,2014년 6월 3일 17시,화요일,인천광역시 남동구 간석동,경상사고,0,0,1,0,차대차 - 측면직각충돌,교차로운행방법위반,건조,흐림,교차로 - 교차로안,승용,남,56세,상해없음,승용,여,31세,경상
2014060300100521,2014년 6월 3일 18시,화요일,인천광역시 서구 심곡동,중상사고,0,1,0,0,차대차 - 기타,안전운전불이행,습기,비,교차로 - 교차로안,승용,남,26세,상해없음,이륜,남,31세,중상
2014060300100522,2014년 6월 3일 18시,화요일,인천광역시 서구 경서동,경상사고,0,0,1,0,차대차 - 기타,안전운전불이행,습기,비,단일로 - 기타,화물,남,57세,상해없음,자전거,남,18세,경상
2014060300100543,2014년 6월 3일 19시,화요일,인천광역시 계양구 계산동,중상사고,0,1,0,0,차대사람 - 기타,안전운전불이행,습기,비,단일로 - 기타,승용,남,36세,상해없음,보행자,남,54세,중상
2014060300100544,2014년 6월 3일 19시,화요일,인천광역시 연수구 선학동,경상사고,0,0,1,0,차대차 - 측면직각충돌,안전거리미확보,습기,비,기타 - 기타,승용,남,53세,상해없음,승용,남,39세,경상
2014060300100578,2014년 6월 3일 20시,화요일,인천광역시 연수구 옥련동,경상사고,0,0,1,0,차대사람 - 횡단중,보행자보호의무위반,습기,비,교차로 - 교차로부근,이륜,남,55세,상해없음,보행자,남,58세,경상
2014060300100579,2014년 6월 3일 20시,화요일,인천광역시 연수구 선학동,경상사고,0,0,1,0,차대차 - 기타,안전운전불이행,습기,비,단일로 - 기타,승용,여,40세,상해없음,승용,여,28세,경상
2014060300100621,2014년 6월 3일 21시,화요일,인천광역시 부평구 부평동,중상사고,0,1,1,0,차대차 - 기타,교차로운행방법위반,습기,비,교차로 - 교차로안,승용,남,34세,상해없음,승용,여,43세,중상
2014060300100660,2014년 6월 3일 22시,화요일,인천광역시 남동구 만수동,경상사고,0,0,5,0,차대차 - 추돌 - 진행중,안전운전불이행,습기,비,단일로 - 기타,승용,남,37세,상해없음,승합,남,45세,경상
2014060300100661,2014년 6월 3일 22시,화요일,인천광역시 서구 심곡동,중상사고,0,1,0,0,차대차 - 추돌 - 진행중,안전운전불이행,습기,흐림,단일로 - 횡단보도부근,승용,남,31세,상해없음,승용,여,54세,중상
2014060300100662,2014년 6월 3일 22시,화요일,인천광역시 부평구 구산동,경상사고,0,0,5,0,차대차 - 추돌 - 진행중,안전운전불이행,습기,흐림,단일로 - 기타,승용,남,41세,상해없음,승용,남,49세,경상
2014060300100700,2014년 6월 3일 23시,화요일,인천광역시 부평구 부평동,사망사고,1,0,0,0,차대사람 - 길가장자리구역통행중,차로위반,습기,흐림,단일로 - 기타,화물,여,39세,상해없음,보행자,남,54세,사망
2014060300100701,2014년 6월 3일 23시,화요일,인천광역시 부평구 부개동,사망사고,1,0,2,0,차대차 - 측면직각충돌,중앙선침범,습기,흐림,미분류 - 미분류,이륜,남,16세,사망,승용,남,60세,상해없음
2014060400100046,2014년 6월 4일 01시,수요일,인천광역시 남동구 간석동,중상사고,0,1,0,0,차대사람 - 횡단중,안전운전불이행,습기,흐림,단일로 - 횡단보도상,승용,남,72세,상해없음,보행자,남,52세,중상
2014060400100077,2014년 6월 4일 03시,수요일,인천광역시 남동구 간석동,중상사고,0,2,1,0,차대차 - 정면충돌,신호위반,건조,맑음,교차로 - 교차로안,승용,남,34세,상해없음,승용,남,18세,중상
2014060400100088,2014년 6월 4일 04시,수요일,인천광역시 계양구 병방동,중상사고,0,1,1,0,차대차 - 측면직각충돌,신호위반,건조,맑음,교차로 - 교차로안,승용,남,33세,상해없음,승용,남,58세,경상
2014060400100102,2014년 6월 4일 05시,수요일,인천광역시 남동구 남촌동,중상사고,0,1,2,0,차대차 - 정면충돌,신호위반,건조,흐림,교차로 - 교차로안,승용,남,61세,상해없음,승용,남,46세,경상
2014060400100131,2014년 6월 4일 07시,수요일,인천광역시 남구 주안동,경상사고,0,0,1,0,차대차 - 기타,안전운전불이행,건조,맑음,교차로 - 교차로부근,승용,남,65세,상해없음,승합,남,67세,상해없음
2014060400100185,2014년 6월 4일 09시,수요일,인천광역시 부평구 부개동,중상사고,0,1,1,0,차대차 - 추돌 - 진행중,안전거리미확보,건조,맑음,단일로 - 기타,승용,여,53세,상해없음,승용,남,62세,중상
2014060400100248,2014년 6월 4일 11시,수요일,인천광역시 부평구 부개동,경상사고,0,0,1,0,차대차 - 측면직각충돌,교차로운행방법위반,건조,맑음,교차로 - 교차로안,승용,남,59세,상해없음,승용,남,51세,상해없음
2014060400100313,2014년 6월 4일 13시,수요일,인천광역시 남구 도화동,경상사고,0,0,1,0,차대차 - 측면직각충돌,안전운전불이행,건조,맑음,기타 - 기타,승용,남,54세,상해없음,승용,남,65세,경상
2014060400100314,2014년 6월 4일 13시,수요일,인천광역시 남구 주안동,중상사고,0,1,0,0,차대차 - 측면직각충돌,안전거리미확보,건조,맑음,단일로 - 기타,승용,남,68세,상해없음,이륜,남,20세,중상
2014060400100343,2014년 6월 4일 14시,수요일,인천광역시 남동구 만수동,중상사고,0,1,0,0,차대사람 - 기타,안전운전불이행,건조,맑음,단일로 - 기타,이륜,남,31세,상해없음,보행자,남,8세,중상
2014060400100405,2014년 6월 4일 16시,수요일,인천광역시 서구 가정동,경상사고,0,0,2,0,차대차 - 측면직각충돌,교차로운행방법위반,건조,맑음,교차로 - 교차로안,승용,남,57세,상해없음,화물,남,46세,경상
2014060400100454,2014년 6월 4일 17시,수요일,인천광역시 남동구 만수동,경상사고,0,0,1,0,차대차 - 추돌 - 주정차중,안전운전불이행,건조,맑음,단일로 - 기타,화물,남,56세,상해없음,승용,남,54세,경상
2014060400100488,2014년 6월 4일 18시,수요일,인천광역시 남동구 논현동,중상사고,0,1,0,0,차대차 - 측면직각충돌,교차로운행방법위반,건조,맑음,교차로 - 교차로안,승용,여,45세,상해없음,승용,남,43세,상해없음
2014060400100523,2014년 6월 4일 19시,수요일,인천광역시 부평구 청천동,경상사고,0,0,1,0,차대차 - 기타,교차로운행방법위반,건조,맑음,교차로 - 교차로부근,승용,남,55세,상해없음,자전거,남,19세,경상
2014060400100597,2014년 6월 4일 21시,수요일,인천광역시 서구 경서동,중상사고,0,1,0,0,차대차 - 기타,신호위반,건조,맑음,교차로 - 교차로안,승용,남,33세,상해없음,승용,여,51세,중상
2014060400100620,2014년 6월 4일 22시,수요일,인천광역시 중구 신흥동3가,중상사고,0,1,0,0,차대사람 - 횡단중,안전운전불이행,건조,맑음,단일로 - 기타,승용,남,31세,상해없음,보행자,남,54세,중상
2014060400100621,2014년 6월 4일 22시,수요일,인천광역시 부평구 십정동,경상사고,0,0,1,0,차대차 - 추돌 - 주정차중,안전운전불이행,건조,맑음,교차로 - 교차로부근,승용,남,33세,상해없음,승용,남,39세,경상
2014060400100622,2014년 6월 4일 22시,수요일,인천광역시 부평구 산곡동,중상사고,0,1,0,0,차대차 - 측면직각충돌,신호위반,건조,맑음,교차로 - 교차로안,승용,남,34세,상해없음,원동기,남,23세,중상
2014060400100658,2014년 6월 4일 23시,수요일,인천광역시 서구 마전동,부상신고사고,0,0,0,1,차대차 - 기타,안전운전불이행,기타,기타,단일로 - 기타,승용,여,18세,상해없음,승용,남,38세,상해없음
2014060500100024,2014년 6월 5일 01시,목요일,인천광역시 남구 학익동,경상사고,0,0,2,0,차대사람 - 횡단중,보행자보호의무위반,건조,맑음,단일로 - 횡단보도상,승용,남,44세,상해없음,보행자,여,21세,경상
2014060500100034,2014년 6월 5일 02시,목요일,인천광역시 남구 용현동,부상신고사고,0,0,0,1,차대차 - 기타,중앙선침범,건조,맑음,단일로 - 기타,승용,기타불명,기타불명,기타불명,승용,남,60세,상해없음
2014060500100035,2014년 6월 5일 02시,목요일,인천광역시 남동구 장수동,경상사고,0,0,1,0,차량단독 - 기타,안전운전불이행,건조,맑음,단일로 - 기타,기타불명,기타불명,기타불명,기타불명,,,,
2014060500100036,2014년 6월 5일 02시,목요일,인천광역시 중구 운북동,경상사고,0,0,1,0,차대차 - 추돌 - 진행중,안전운전불이행,건조,맑음,단일로 - 기타,승용,남,19세,상해없음,승용,남,57세,경상
2014060500100073,2014년 6월 5일 05시,목요일,인천광역시 계양구 작전동,중상사고,0,2,1,0,차대차 - 측면직각충돌,신호위반,건조,맑음,교차로 - 교차로안,승합,남,51세,중상,승합,남,27세,경상
2014060500100088,2014년 6월 5일 06시,목요일,인천광역시 서구 가좌동,부상신고사고,0,0,0,1,차대사람 - 기타,안전운전불이행,건조,맑음,단일로 - 기타,화물,기타불명,기타불명,기타불명,보행자,여,55세,부상신고
2014060500100089,2014년 6월 5일 06시,목요일,인천광역시 강화군 강화읍,중상사고,0,2,1,0,차대차 - 기타,신호위반,건조,맑음,교차로 - 교차로안,승용,남,34세,중상,승용,남,65세,경상
2014060500100108,2014년 6월 5일 07시,목요일,인천광역시 남구 주안동,경상사고,0,0,1,0,차대사람 - 기타,보행자보호의무위반,건조,맑음,단일로 - 횡단보도상,승합,남,58세,상해없음,보행자,여,70세,경상
2014060500100205,2014년 6월 5일 10시,목요일,인천광역시 부평구 부개동,중상사고,0,1,0,0,차대차 - 추돌 - 진행중,안전거리미확보,건조,맑음,교차로 - 교차로부근,승용,남,68세,상해없음,자전거,여,66세,중상
2014060500100234,2014년 6월 5일 11시,목요일,인천광역시 남동구 만수동,경상사고,0,0,1,0,차대차 - 측면직각충돌,안전운전불이행,건조,맑음,단일로 - 기타,건설기계,남,36세,상해없음,승용,여,33세,경상
2014060500100261,2014년 6월 5일 12시,목요일,인천광역시 부평구 산곡동,경상사고,0,0,1,0,차대차 - 측면직각충돌,안전운전불이행,건조,맑음,교차로 - 교차로안,원동기,남,80세,경상,승용,남,44세,상해없음
2014060500100262,2014년 6월 5일 12시,목요일,인천광역시 서구 석남동,중상사고,0,1,0,0,차대사람 - 기타,안전운전불이행,건조,맑음,교차로 - 교차로부근,승용,남,51세,상해없음,보행자,남,57세,중상
2014060500100356,2014년 6월 5일 15시,목요일,인천광역시 서구 연희동,경상사고,0,0,1,0,차대차 - 추돌 - 진행중,안전운전불이행,기타,맑음,교차로 - 교차로부근,기타불명,기타불명,기타불명,기타불명,승용,여,56세,경상
2014060500100485,2014년 6월 5일 19시,목요일,인천광역시 동구 화수동,중상사고,0,1,0,0,차대사람 - 횡단중,안전운전불이행,건조,맑음,교차로 - 교차로부근,승용,남,50세,상해없음,보행자,여,3세,중상
2014060500100520,2014년 6월 5일 20시,목요일,인천광역시 남동구 남촌동,중상사고,0,1,0,0,차대사람 - 횡단중,안전운전불이행,건조,맑음,단일로 - 기타,승용,남,42세,상해없음,보행자,남,49세,중상
2014060500100562,2014년 6월 5일 21시,목요일,인천광역시 부평구 부평동,경상사고,0,0,1,0,차대차 - 기타,안전운전불이행,건조,맑음,기타 - 기타,자전거,남,19세,경상,승용,여,49세,상해없음
2014060500100593,2014년 6월 5일 22시,목요일,인천광역시 남구 주안동,경상사고,0,0,1,0,차대사람 - 기타,안전운전불이행,건조,맑음,단일로 - 기타,승용,남,56세,상해없음,보행자,남,56세,경상
2014060500100594,2014년 6월 5일 22시,목요일,인천광역시 부평구 청천동,중상사고,0,1,0,0,차대사람 - 횡단중,안전운전불이행,건조,맑음,단일로 - 기타,승용,남,42세,상해없음,보행자,남,59세,중상
2014060500100632,2014년 6월 5일 23시,목요일,인천광역시 남동구 만수동,중상사고,0,1,0,0,차대차 - 측면직각충돌,교차로운행방법위반,건조,맑음,교차로 - 교차로안,승용,남,48세,상해없음,이륜,남,35세,중상
2014060600100035,2014년 6월 6일 01시,금요일,인천광역시 남동구 논현동,사망사고,1,0,0,0,차대사람 - 기타,안전운전불이행,건조,맑음,단일로 - 기타,승용,남,57세,상해없음,보행자,남,23세,사망
2014060600100050,2014년 6월 6일 02시,금요일,인천광역시 남동구 구월동,경상사고,0,0,1,0,차대사람 - 횡단중,안전운전불이행,건조,맑음,교차로 - 교차로안,승용,남,38세,상해없음,보행자,남,30세,경상
2014060600100105,2014년 6월 6일 06시,금요일,인천광역시 남동구 서창동,경상사고,0,0,2,0,차대차 - 추돌 - 진행중,안전운전불이행,건조,맑음,단일로 - 기타,승용,남,23세,상해없음,승합,남,59세,경상
2014060600100120,2014년 6월 6일 07시,금요일,인천광역시 남동구 만수동,경상사고,0,0,1,0,차대차 - 기타,차로위반,건조,맑음,단일로 - 기타,화물,남,33세,상해없음,화물,남,47세,경상
2014060600100140,2014년 6월 6일 08시,금요일,인천광역시 남동구 간석동,중상사고,0,1,0,0,차대차 - 측면직각충돌,안전운전불이행,건조,맑음,단일로 - 기타,승합,남,42세,상해없음,자전거,여,60세,중상
2014060600100165,2014년 6월 6일 09시,금요일,인천광역시 남동구 간석동,경상사고,0,0,1,0,차대차 - 측면직각충돌,교차로운행방법위반,건조,맑음,교차로 - 교차로안,승용,여,44세,기타불명,자전거,남,33세,경상
2014060600100192,2014년 6월 6일 10시,금요일,인천광역시 남구 도화동,경상사고,0,0,1,0,차대차 - 측면직각충돌,중앙선침범,건조,맑음,단일로 - 기타,승용,여,63세,상해없음,승용,남,48세,경상
2014060600100218,2014년 6월 6일 11시,금요일,인천광역시 연수구 송도동,중상사고,0,1,0,0,차대차 - 기타,안전거리미확보,건조,맑음,교차로 - 교차로부근,승용,여,39세,상해없음,승용,남,54세,중상
2014060600100282,2014년 6월 6일 13시,금요일,인천광역시 남구 주안동,경상사고,0,0,1,0,차대차 - 기타,교차로운행방법위반,건조,맑음,교차로 - 교차로안,승용,여,43세,상해없음,이륜,남,17세,경상
2014060600100283,2014년 6월 6일 13시,금요일,인천광역시 남구 도화동,경상사고,0,0,1,0,차대차 - 측면직각충돌,교차로운행방법위반,건조,맑음,교차로 - 교차로안,승용,여,57세,상해없음,승용,남,30세,경상
2014060600100284,2014년 6월 6일 13시,금요일,인천광역시 남동구 간석동,경상사고,0,0,3,0,차대차 - 측면직각충돌,중앙선침범,건조,맑음,단일로 - 기타,승용,남,27세,상해없음,승용,남,51세,경상
2014060600100318,2014년 6월 6일 14시,금요일,인천광역시 부평구 부평동,중상사고,0,1,0,0,차대차 - 추돌 - 진행중,안전운전불이행,건조,맑음,단일로 - 기타,승용,남,37세,상해없음,이륜,남,23세,중상
2014060600100319,2014년 6월 6일 14시,금요일,인천광역시 계양구 계산동,중상사고,0,1,0,0,차대차 - 측면직각충돌,안전운전불이행,건조,맑음,교차로 - 교차로안,이륜,남,18세,중상,승용,남,27세,상해없음
2014060600100426,2014년 6월 6일 17시,금요일,인천광역시 중구 사동,중상사고,0,2,0,0,차대차 - 측면직각충돌,신호위반,건조,맑음,교차로 - 교차로안,승용,남,29세,상해없음,승용,남,46세,중상
2014060600100427,2014년 6월 6일 17시,금요일,인천광역시 강화군 강화읍,부상신고사고,0,0,0,1,차대사람 - 기타,안전운전불이행,건조,맑음,단일로 - 기타,승용,여,48세,상해없음,보행자,남,49세,부상신고
2014060600100474,2014년 6월 6일 18시,금요일,인천광역시 남동구 간석동,경상사고,0,0,1,0,차대차 - 추돌 - 주정차중,안전거리미확보,건조,맑음,단일로 - 기타,승용,여,43세,상해없음,승용,남,42세,경상
2014060600100475,2014년 6월 6일 18시,금요일,인천광역시 강화군 송해면,중상사고,0,1,0,0,차량단독 - 전도전복,안전운전불이행,건조,맑음,단일로 - 기타,승용,남,50세,상해없음,,,,
2014060600100476,2014년 6월 6일 18시,금요일,인천광역시 연수구 동춘동,중상사고,0,1,0,0,차대차 - 기타,안전운전불이행,건조,맑음,단일로 - 기타,승용,남,30세,상해없음,자전거,여,26세,중상
2014060600100500,2014년 6월 6일 19시,금요일,인천광역시 남동구 구월동,경상사고,0,0,1,0,차대차 - 측면직각충돌,신호위반,건조,맑음,교차로 - 교차로안,이륜,남,38세,상해없음,이륜,남,18세,경상
2014060600100501,2014년 6월 6일 19시,금요일,인천광역시 서구 가좌동,중상사고,0,2,2,0,차대차 - 추돌 - 주정차중,안전거리미확보,건조,맑음,교차로 - 교차로부근,승합,남,40세,상해없음,승용,남,40세,중상
2014060600100534,2014년 6월 6일 20시,금요일,인천광역시 남구 주안동,경상사고,0,0,1,0,차대사람 - 기타,기타,건조,맑음,단일로 - 기타,승용,여,49세,상해없음,보행자,남,28세,경상
2014060600100596,2014년 6월 6일 22시,금요일,인천광역시 부평구 부평동,경상사고,0,0,1,1,차대차 - 기타,안전운전불이행,건조,맑음,교차로 - 교차로부근,기타불명,기타불명,기타불명,기타불명,승용,남,51세,경상
2014060600100597,2014년 6월 6일 22시,금요일,인천광역시 서구 석남동,중상사고,0,1,0,0,차대사람 - 기타,안전운전불이행,건조,맑음,단일로 - 기타,승용,남,51세,상해없음,보행자,남,56세,중상
2014060700100027,2014년 6월 7일 01시,토요일,인천광역시 남구 주안동,중상사고,0,1,0,0,차대차 - 기타,중앙선침범,건조,맑음,단일로 - 횡단보도부근,자전거,남,58세,중상,승용,남,56세,상해없음
2014060700100028,2014년 6월 7일 01시,토요일,인천광역시 남동구 구월동,경상사고,0,0,2,0,차대차 - 기타,안전운전불이행,건조,맑음,단일로 - 기타,승용,남,46세,상해없음,승용,남,31세,경상