사고번호,사고일시,요일,시군구,사고내용,사망자수,중상자수,경상자수,부상신고자수,사고유형,법규위반,노면상태,기상상태,도로형태,가해운전자 차종,가해운전자 성별,가해운전자 연령,가해운전자 상해정도,피해운전자 차종,피해운전자 성별,피해운전자 연령,피해운전자 상해정도
2014060700100029,2014년 6월 7일 01시,토요일,인천광역시 계양구 계산동,중상사고,0,1,0,0,차대차 - 측면직각충돌,안전거리미확보,건조,맑음,단일로 - 기타,승용,남,65세,상해없음,승용,남,29세,중상
2014060700100075,2014년 6월 7일 05시,토요일,인천광역시 중구 신흥동3가,경상사고,0,0,1,0,차대차 - 기타,안전거리미확보,건조,맑음,단일로 - 기타,화물,남,61세,상해없음,승용,남,48세,경상
2014060700100076,2014년 6월 7일 05시,토요일,인천광역시 부평구 부평동,중상사고,0,1,0,0,차대차 - 기타,안전운전불이행,건조,맑음,교차로 - 교차로안,승용,남,53세,상해없음,자전거,남,71세,중상
2014060700100109,2014년 6월 7일 07시,토요일,인천광역시 부평구 청천동,중상사고,0,1,3,0,차대차 - 측면직각충돌,안전거리미확보,건조,맑음,교차로 - 교차로부근,승용,여,55세,상해없음,승합,남,34세,중상
2014060700100215,2014년 6월 7일 11시,토요일,인천광역시 남구 용현동,중상사고,0,1,0,0,차대사람 - 기타,안전운전불이행,건조,맑음,단일로 - 기타,승용,남,56세,상해없음,보행자,여,76세,중상
2014060700100253,2014년 6월 7일 12시,토요일,인천광역시 부평구 부평동,부상신고사고,0,0,0,1,차대차 - 측면직각충돌,안전거리미확보,건조,맑음,단일로 - 기타,자전거,남,38세,부상신고,승용,남,45세,상해없음
2014060700100291,2014년 6월 7일 13시,토요일,인천광역시 서구 공촌동,중상사고,0,1,1,1,차대차 - 기타,신호위반,건조,맑음,교차로 - 교차로안,승용,남,56세,부상신고,승용,남,55세,경상
2014060700100330,2014년 6월 7일 14시,토요일,인천광역시 서구 가좌동,중상사고,0,1,0,0,차대사람 - 기타,안전운전불이행,건조,맑음,단일로 - 기타,승용,남,55세,상해없음,보행자,여,59세,중상
2014060700100331,2014년 6월 7일 14시,토요일,인천광역시 부평구 갈산동,경상사고,0,0,1,0,차대차 - 측면직각충돌,신호위반,건조,맑음,교차로 - 교차로안,승용,남,44세,상해없음,승용,남,34세,경상
2014060700100369,2014년 6월 7일 15시,토요일,인천광역시 부평구 산곡동,경상사고,0,0,2,0,차대차 - 추돌 - 주정차중,안전거리미확보,건조,흐림,단일로 - 기타,승합,남,44세,상해없음,화물,남,48세,경상
2014060700100370,2014년 6월 7일 15시,토요일,인천광역시 계양구 귤현동,중상사고,0,1,0,0,차대사람 - 횡단중,안전운전불이행,건조,맑음,단일로 - 기타,승용,남,53세,상해없음,보행자,여,8세,중상
2014060700100371,2014년 6월 7일 15시,토요일,인천광역시 강화군 강화읍,경상사고,0,0,1,0,차대차 - 기타,안전운전불이행,건조,맑음,교차로 - 교차로부근,화물,남,50세,상해없음,승용,남,41세,경상
2014060700100412,2014년 6월 7일 16시,토요일,인천광역시 남동구 간석동,경상사고,0,0,7,0,차대차 - 측면직각충돌,안전운전불이행,건조,맑음,교차로 - 교차로부근,승용,남,35세,상해없음,승용,남,42세,경상
2014060700100413,2014년 6월 7일 16시,토요일,인천광역시 남동구 남촌동,경상사고,0,0,2,0,차대차 - 추돌 - 진행중,안전거리미확보,건조,맑음,교차로 - 교차로부근,승용,남,42세,상해없음,승용,남,34세,경상
2014060700100414,2014년 6월 7일 16시,토요일,인천광역시 강화군 길상면,경상사고,0,0,6,1,차대차 - 추돌 - 주정차중,안전운전불이행,건조,맑음,교차로 - 교차로부근,화물,남,54세,상해없음,승용,여,41세,경상
2014060700100456,2014년 6월 7일 17시,토요일,인천광역시 남동구 간석동,중상사고,0,1,0,0,차대사람 - 횡단중,안전운전불이행,건조,맑음,단일로 - 기타,승용,남,34세,상해없음,보행자,여,69세,중상
2014060700100457,2014년 6월 7일 17시,토요일,인천광역시 서구 경서동,사망사고,1,2,0,0,차량단독 - 공작물충돌,안전운전불이행,건조,맑음,교차로 - 교차로안,승용,남,51세,중상,,,,
2014060700100518,2014년 6월 7일 19시,토요일,인천광역시 서구 가좌동,중상사고,0,2,10,0,차대차 - 기타,안전운전불이행,건조,맑음,단일로 - 기타,승합,남,58세,상해없음,이륜,남,16세,경상
2014060700100624,2014년 6월 7일 22시,토요일,인천광역시 부평구 부평동,경상사고,0,0,1,0,차대사람 - 기타,안전운전불이행,건조,맑음,단일로 - 기타,기타불명,기타불명,기타불명,기타불명,보행자,남,28세,경상
2014060700100625,2014년 6월 7일 22시,토요일,인천광역시 서구 검암동,경상사고,0,0,6,0,차대차 - 추돌 - 주정차중,안전거리미확보,건조,맑음,단일로 - 기타,승용,남,49세,상해없음,승용,남,43세,경상
2014060700100626,2014년 6월 7일 22시,토요일,인천광역시 부평구 삼산동,중상사고,0,1,0,0,차대차 - 측면직각충돌,교차로운행방법위반,건조,맑음,교차로 - 교차로안,승용,남,19세,상해없음,이륜,남,19세,중상
2014060700100659,2014년 6월 7일 23시,토요일,인천광역시 남구 주안동,중상사고,0,1,0,0,차대사람 - 기타,안전운전불이행,건조,흐림,교차로 - 교차로부근,승용,남,60세,상해없음,보행자,남,57세,중상
2014060700100660,2014년 6월 7일 23시,토요일,인천광역시 계양구 작전동,경상사고,0,0,1,0,차대사람 - 횡단중,안전운전불이행,건조,맑음,교차로 - 교차로안,승용,여,44세,상해없음,보행자,여,66세,경상
2014060800100034,2014년 6월 8일 01시,일요일,인천광역시 계양구 효성동,경상사고,0,0,1,0,차대사람 - 차도통행중,안전운전불이행,건조,맑음,교차로 - 교차로안,승용,남,44세,상해없음,보행자,여,49세,경상
2014060800100035,2014년 6월 8일 01시,일요일,인천광역시 연수구 옥련동,중상사고,0,1,0,0,차대사람 - 기타,안전운전불이행,건조,맑음,교차로 - 교차로부근,승용,남,72세,상해없음,보행자,남,36세,중상
2014060800100095,2014년 6월 8일 06시,일요일,인천광역시 연수구 옥련동,중상사고,0,1,0,0,차대차 - 측면직각충돌,신호위반,건조,맑음,단일로 - 횡단보도상,승합,남,57세,상해없음,자전거,남,66세,중상
2014060800100102,2014년 6월 8일 07시,일요일,인천광역시 동구 만석동,중상사고,0,1,0,0,차대사람 - 길가장자리구역통행중,안전운전불이행,건조,맑음,단일로 - 횡단보도부근,승용,남,53세,상해없음,보행자,여,86세,중상
2014060800100116,2014년 6월 8일 08시,일요일,인천광역시 부평구 십정동,경상사고,0,0,1,0,차대차 - 기타,안전운전불이행,건조,맑음,교차로 - 교차로안,원동기,남,39세,경상,승용,남,58세,상해없음
2014060800100169,2014년 6월 8일 11시,일요일,인천광역시 남구 관교동,경상사고,0,0,1,0,차대차 - 측면직각충돌,신호위반,건조,맑음,교차로 - 교차로안,승용,남,33세,경상,승합,남,52세,상해없음
2014060800100221,2014년 6월 8일 13시,일요일,인천광역시 중구 을왕동,중상사고,0,1,0,0,차대차 - 측면직각충돌,신호위반,건조,맑음,교차로 - 교차로안,승용,남,43세,상해없음,원동기,남,52세,중상
2014060800100222,2014년 6월 8일 13시,일요일,인천광역시 남구 숭의동,중상사고,0,2,0,0,차대차 - 측면직각충돌,안전운전불이행,건조,맑음,단일로 - 기타,승용,남,34세,상해없음,승용,남,53세,중상
2014060800100223,2014년 6월 8일 13시,일요일,인천광역시 남동구 간석동,경상사고,0,0,4,0,차대차 - 추돌 - 주정차중,안전운전불이행,건조,맑음,단일로 - 기타,승용,남,24세,상해없음,승용,남,42세,경상
2014060800100270,2014년 6월 8일 15시,일요일,인천광역시 남구 주안동,중상사고,0,1,0,0,차대사람 - 기타,안전운전불이행,건조,맑음,단일로 - 기타,승용,여,58세,상해없음,보행자,여,7세,중상
2014060800100271,2014년 6월 8일 15시,일요일,인천광역시 연수구 옥련동,경상사고,0,0,1,0,차대차 - 기타,안전운전불이행,건조,맑음,교차로 - 교차로안,기타불명,기타불명,기타불명,기타불명,자전거,남,14세,경상
2014060800100296,2014년 6월 8일 16시,일요일,인천광역시 계양구 계산동,중상사고,0,1,0,0,차대사람 - 횡단중,보행자보호의무위반,건조,맑음,교차로 - 교차로부근,승용,여,47세,상해없음,보행자,남,9세,중상
2014060800100335,2014년 6월 8일 17시,일요일,인천광역시 중구 신흥동3가,경상사고,0,0,3,0,차대차 - 추돌 - 주정차중,안전운전불이행,건조,맑음,교차로 - 교차로부근,화물,남,47세,상해없음,승용,남,73세,경상
2014060800100336,2014년 6월 8일 17시,일요일,인천광역시 남구 문학동,중상사고,0,1,0,0,차대사람 - 기타,안전운전불이행,건조,맑음,단일로 - 기타,승용,남,64세,상해없음,보행자,남,5세,중상
2014060800100337,2014년 6월 8일 17시,일요일,인천광역시 부평구 십정동,중상사고,0,1,0,0,차대차 - 기타,불법유턴,건조,맑음,교차로 - 교차로부근,자전거,남,86세,중상,승용,남,49세,상해없음
2014060800100359,2014년 6월 8일 18시,일요일,인천광역시 동구 송림동,중상사고,0,1,0,0,차대차 - 기타,신호위반,건조,맑음,교차로 - 교차로부근,승용,남,67세,상해없음,승용,여,60세,중상
2014060800100441,2014년 6월 8일 21시,일요일,인천광역시 중구 항동7가,경상사고,0,0,1,0,차대차 - 측면직각충돌,교차로운행방법위반,건조,맑음,교차로 - 교차로안,화물,남,48세,상해없음,화물,남,27세,경상
2014060800100442,2014년 6월 8일 21시,일요일,인천광역시 남구 주안동,중상사고,0,1,0,0,차대사람 - 횡단중,신호위반,건조,맑음,단일로 - 횡단보도상,승용,남,68세,상해없음,보행자,여,54세,중상
2014060800100443,2014년 6월 8일 21시,일요일,인천광역시 서구 백석동,경상사고,0,0,2,0,차대차 - 측면직각충돌,안전운전불이행,건조,맑음,미분류 - 미분류,승용,남,23세,상해없음,이륜,남,26세,경상
2014060800100456,2014년 6월 8일 22시,일요일,인천광역시 연수구 선학동,중상사고,0,2,3,0,차대차 - 추돌 - 주정차중,안전운전불이행,건조,맑음,단일로 - 기타,승용,남,42세,상해없음,승용,남,49세,경상
2014060800100469,2014년 6월 8일 23시,일요일,인천광역시 남구 숭의동,경상사고,0,0,1,0,차대차 - 추돌 - 주정차중,안전운전불이행,건조,맑음,단일로 - 기타,기타불명,기타불명,기타불명,기타불명,승합,남,41세,경상
2014060900100017,2014년 6월 9일 01시,월요일,인천광역시 부평구 부평동,중상사고,0,1,0,1,차대사람 - 기타,안전운전불이행,건조,맑음,단일로 - 기타,승용,남,50세,상해없음,보행자,남,21세,중상
2014060900100041,2014년 6월 9일 05시,월요일,인천광역시 부평구 부개동,중상사고,0,1,0,0,차대차 - 측면직각충돌,교차로운행방법위반,건조,맑음,교차로 - 교차로안,승용,여,52세,상해없음,승용,남,61세,중상
2014060900100053,2014년 6월 9일 06시,월요일,인천광역시 부평구 청천동,경상사고,0,0,1,0,차대차 - 추돌 - 진행중,안전거리미확보,건조,맑음,교차로 - 교차로부근,화물,남,50세,상해없음,승용,남,63세,상해없음
2014060900100054,2014년 6월 9일 06시,월요일,인천광역시 부평구 삼산동,중상사고,0,1,0,0,차대사람 - 횡단중,보행자보호의무위반,건조,맑음,단일로 - 횡단보도상,화물,남,30세,상해없음,보행자,남,30세,중상
2014060900100117,2014년 6월 9일 08시,월요일,인천광역시 남동구 구월동,경상사고,0,0,2,0,차대차 - 측면직각충돌,차로위반,건조,맑음,단일로 - 기타,승용,남,48세,상해없음,승용,남,57세,경상
2014060900100177,2014년 6월 9일 10시,월요일,인천광역시 계양구 동양동,중상사고,0,1,0,0,차대차 - 측면직각충돌,교차로운행방법위반,건조,맑음,교차로 - 교차로안,승용,남,56세,상해없음,원동기,남,72세,중상
2014060900100207,2014년 6월 9일 11시,월요일,인천광역시 계양구 병방동,경상사고,0,0,1,0,차대차 - 추돌 - 진행중,안전거리미확보,건조,맑음,교차로 - 교차로부근,화물,남,54세,경상,건설기계,남,52세,상해없음
2014060900100224,2014년 6월 9일 12시,월요일,인천광역시 남구 숭의동,중상사고,0,1,2,0,차대차 - 기타,교차로운행방법위반,건조,맑음,교차로 - 교차로안,승용,남,57세,경상,승용,남,57세,중상
2014060900100290,2014년 6월 9일 14시,월요일,인천광역시 중구 운서동,중상사고,0,1,0,0,차대사람 - 기타,안전운전불이행,건조,맑음,단일로 - 기타,승합,남,48세,상해없음,보행자,여,75세,중상
2014060900100291,2014년 6월 9일 14시,월요일,인천광역시 서구 경서동,중상사고,0,1,0,0,차대차 - 추돌 - 주정차중,안전운전불이행,건조,맑음,단일로 - 기타,기타불명,기타불명,기타불명,기타불명,화물,남,46세,중상
2014060900100327,2014년 6월 9일 15시,월요일,인천광역시 남동구 간석동,중상사고,0,1,0,0,차대사람 - 기타,안전운전불이행,건조,맑음,단일로 - 기타,승용,남,33세,상해없음,보행자,남,48세,중상
2014060900100422,2014년 6월 9일 17시,월요일,인천광역시 중구 인현동,경상사고,0,0,1,0,차대사람 - 횡단중,보행자보호의무위반,건조,맑음,단일로 - 횡단보도상,승용,여,51세,상해없음,보행자,여,17세,경상
2014060900100423,2014년 6월 9일 17시,월요일,인천광역시 연수구 옥련동,중상사고,0,1,0,0,차대차 - 기타,안전운전불이행,건조,맑음,단일로 - 기타,승용,여,63세,상해없음,자전거,남,11세,중상
2014060900100424,2014년 6월 9일 17시,월요일,인천광역시 부평구 일신동,경상사고,0,0,1,0,차대차 - 추돌 - 주정차중,안전운전불이행,건조,맑음,교차로 - 교차로안,승용,여,41세,상해없음,승용,여,27세,경상
2014060900100471,2014년 6월 9일 18시,월요일,인천광역시 중구 운서동,경상사고,0,0,1,0,차대사람 - 차도통행중,신호위반,건조,맑음,단일로 - 횡단보도부근,승합,남,66세,상해없음,보행자,남,38세,경상
2014060900100472,2014년 6월 9일 18시,월요일,인천광역시 남구 용현동,중상사고,0,1,0,0,차대사람 - 길가장자리구역통행중,안전운전불이행,건조,맑음,교차로 - 교차로부근,승용,남,45세,상해없음,보행자,여,61세,중상
2014060900100473,2014년 6월 9일 18시,월요일,인천광역시 연수구 선학동,경상사고,0,0,3,0,차대차 - 추돌 - 주정차중,안전운전불이행,건조,맑음,교차로 - 교차로부근,승용,남,55세,상해없음,승용,남,28세,경상
2014060900100626,2014년 6월 9일 23시,월요일,인천광역시 남구 도화동,중상사고,0,2,0,0,차대차 - 측면직각충돌,신호위반,건조,맑음,교차로 - 교차로안,승용,남,53세,상해없음,승용,남,51세,중상
2014060900100627,2014년 6월 9일 23시,월요일,인천광역시 연수구 옥련동,중상사고,0,1,0,0,차대사람 - 횡단중,보행자보호의무위반,건조,맑음,교차로 - 교차로부근,승용,남,43세,상해없음,보행자,남,30세,중상
2014061000100037,2014년 6월 10일 02시,화요일,인천광역시 부평구 부평동,중상사고,0,1,0,0,차대차 - 추돌 - 주정차중,안전운전불이행,건조,맑음,단일로 - 기타,승용,남,29세,상해없음,승용,남,45세,중상
2014061000100045,2014년 6월 10일 03시,화요일,인천광역시 남구 주안동,경상사고,0,0,1,0,차대사람 - 횡단중,안전운전불이행,건조,맑음,교차로 - 교차로부근,승합,남,68세,상해없음,보행자,남,47세,경상
2014061000100091,2014년 6월 10일 07시,화요일,인천광역시 남구 도화동,경상사고,0,0,2,0,차대차 - 추돌 - 진행중,안전운전불이행,건조,맑음,단일로 - 기타,승용,남,23세,상해없음,승용,남,47세,경상
2014061000100130,2014년 6월 10일 08시,화요일,인천광역시 중구 운서동,경상사고,0,0,3,0,차량단독 - 공작물충돌,안전운전불이행,건조,맑음,단일로 - 기타,승용,남,20세,상해없음,,,,
2014061000100131,2014년 6월 10일 08시,화요일,인천광역시 남동구 구월동,중상사고,0,1,1,0,차대차 - 측면직각충돌,신호위반,건조,맑음,교차로 - 교차로안,승용,남,56세,상해없음,이륜,남,17세,중상
2014061000100132,2014년 6월 10일 08시,화요일,인천광역시 남동구 논현동,중상사고,0,1,4,0,차대차 - 추돌 - 주정차중,안전거리미확보,건조,맑음,단일로 - 기타,승용,여,44세,경상,승용,남,31세,상해없음
2014061000100133,2014년 6월 10일 08시,화요일,인천광역시 계양구 작전동,부상신고사고,0,0,0,1,차대사람 - 길가장자리구역통행중,안전운전불이행,건조,맑음,단일로 - 기타,승용,남,32세,상해없음,보행자,남,13세,부상신고
2014061000100134,2014년 6월 10일 08시,화요일,인천광역시 부평구 일신동,경상사고,0,0,2,0,차대차 - 측면직각충돌,안전거리미확보,건조,맑음,단일로 - 기타,승용,남,20세,상해없음,승용,여,33세,경상
2014061000100159,2014년 6월 10일 09시,화요일,인천광역시 남구 주안동,경상사고,0,0,1,0,차대사람 - 기타,안전운전불이행,건조,맑음,단일로 - 기타,승용,기타불명,기타불명,기타불명,보행자,여,20세,경상
2014061000100160,2014년 6월 10일 09시,화요일,인천광역시 부평구 십정동,부상신고사고,0,0,0,1,차대사람 - 기타,안전운전불이행,건조,맑음,단일로 - 기타,승용,남,42세,상해없음,보행자,남,60세,부상신고
2014061000100191,2014년 6월 10일 10시,화요일,인천광역시 남구 학익동,중상사고,0,1,0,0,차대차 - 측면직각충돌,신호위반,건조,맑음,교차로 - 교차로안,승용,남,23세,상해없음,자전거,남,23세,중상
2014061000100214,2014년 6월 10일 11시,화요일,인천광역시 남구 주안동,경상사고,0,0,1,0,차대차 - 기타,안전운전불이행,건조,맑음,단일로 - 기타,승용,남,54세,상해없음,승용,남,57세,상해없음
2014061000100215,2014년 6월 10일 11시,화요일,인천광역시 남동구 논현동,중상사고,0,1,0,0,차대사람 - 기타,안전운전불이행,건조,맑음,단일로 - 기타,승용,남,59세,상해없음,보행자,남,69세,중상
2014061000100248,2014년 6월 10일 12시,화요일,인천광역시 남동구 논현동,경상사고,0,0,1,0,차대차 - 추돌 - 진행중,안전운전불이행,건조,맑음,교차로 - 교차로부근,승합,여,40세,상해없음,승용,남,34세,경상
2014061000100249,2014년 6월 10일 12시,화요일,인천광역시 남동구 구월동,경상사고,0,0,1,0,차대사람 - 기타,안전운전불이행,건조,맑음,교차로 - 교차로안,승합,남,50세,상해없음,보행자,여,49세,경상
2014061000100250,2014년 6월 10일 12시,화요일,인천광역시 계양구 장기동,중상사고,0,1,0,0,차대사람 - 차도통행중,안전운전불이행,건조,맑음,단일로 - 횡단보도부근,승합,남,46세,상해없음,보행자,남,72세,중상
2014061000100251,2014년 6월 10일 12시,화요일,인천광역시 강화군 강화읍,중상사고,0,1,0,0,차대사람 - 기타,안전운전불이행,건조,맑음,단일로 - 기타,승용,남,61세,상해없음,보행자,여,73세,중상
2014061000100280,2014년 6월 10일 13시,화요일,인천광역시 서구 가좌동,사망사고,1,0,0,0,차대차 - 기타,안전운전불이행,건조,맑음,단일로 - 기타,건설기계,남,51세,상해없음,자전거,여,18세,사망
2014061000100309,2014년 6월 10일 14시,화요일,인천광역시 남구 학익동,경상사고,0,0,1,0,차대사람 - 기타,안전운전불이행,건조,맑음,단일로 - 기타,화물,기타불명,기타불명,기타불명,보행자,여,53세,경상
2014061000100310,2014년 6월 10일 14시,화요일,인천광역시 남동구 장수동,경상사고,0,0,2,0,차대차 - 추돌 - 주정차중,안전거리미확보,건조,맑음,교차로 - 교차로부근,화물,남,56세,상해없음,승용,남,37세,경상
2014061000100374,2014년 6월 10일 16시,화요일,인천광역시 부평구 청천동,부상신고사고,0,0,0,1,차대차 - 기타,안전운전불이행,건조,맑음,교차로 - 교차로안,승용,남,57세,기타불명,자전거,남,23세,부상신고
2014061000100427,2014년 6월 10일 17시,화요일,인천광역시 남구 관교동,경상사고,0,0,1,0,차대차 - 측면직각충돌,안전운전불이행,건조,맑음,기타 - 기타,승용,여,49세,상해없음,승용,남,66세,경상
2014061000100535,2014년 6월 10일 20시,화요일,인천광역시 남구 용현동,경상사고,0,0,1,0,차대차 - 추돌 - 진행중,안전운전불이행,건조,맑음,단일로 - 기타,화물,남,51세,상해없음,자전거,남,47세,경상
2014061000100536,2014년 6월 10일 20시,화요일,인천광역시 남동구 남촌동,경상사고,0,0,1,0,차대사람 - 기타,안전운전불이행,건조,맑음,단일로 - 기타,화물,남,54세,상해없음,보행자,남,49세,경상
2014061000100537,2014년 6월 10일 20시,화요일,인천광역시 서구 당하동,부상신고사고,0,0,0,1,차대사람 - 기타,안전운전불이행,건조,맑음,단일로 - 횡단보도상,자전거,기타불명,기타불명,기타불명,보행자,남,3세,부상신고
2014061000100583,2014년 6월 10일 21시,화요일,인천광역시 남동구 구월동,경상사고,0,0,1,0,차대사람 - 차도통행중,안전운전불이행,건조,맑음,단일로 - 기타,승용,기타불명,기타불명,기타불명,보행자,남,22세,경상
2014061000100584,2014년 6월 10일 21시,화요일,인천광역시 서구 가정동,경상사고,0,0,1,0,차대사람 - 횡단중,안전운전불이행,습기,비,단일로 - 횡단보도부근,승용,남,45세,상해없음,보행자,남,17세,경상
2014061000100585,2014년 6월 10일 21시,화요일,인천광역시 서구 가좌동,중상사고,0,1,0,0,차대사람 - 횡단중,신호위반,습기,비,교차로 - 교차로안,승용,여,27세,상해없음,보행자,남,51세,중상
2014061000100630,2014년 6월 10일 22시,화요일,인천광역시 중구 운남동,중상사고,0,1,0,0,차대사람 - 횡단중,안전운전불이행,습기,비,단일로 - 기타,승용,남,40세,상해없음,보행자,남,71세,중상
2014061000100631,2014년 6월 10일 22시,화요일,인천광역시 부평구 십정동,경상사고,0,0,1,0,차대사람 - 기타,신호위반,습기,비,단일로 - 횡단보도상,승용,여,61세,상해없음,보행자,여,42세,경상
2014061000100632,2014년 6월 10일 22시,화요일,인천광역시 남동구 구월동,경상사고,0,0,1,0,차대차 - 기타,직진우회전진행방해,습기,비,교차로 - 교차로안,승용,남,24세,상해없음,원동기,남,29세,경상
2014061000100633,2014년 6월 10일 22시,화요일,인천광역시 남동구 도림동,경상사고,0,0,1,0,차대사람 - 횡단중,보행자보호의무위반,습기,비,교차로 - 교차로부근,승용,남,27세,상해없음,보행자,남,32세,경상
2014061000100634,2014년 6월 10일 22시,화요일,인천광역시 남동구 구월동,경상사고,0,0,1,0,차대사람 - 횡단중,신호위반,건조,맑음,단일로 - 기타,화물,남,49세,상해없음,보행자,남,33세,경상
2014061000100635,2014년 6월 10일 22시,화요일,인천광역시 연수구 선학동,경상사고,0,0,3,0,차대차 - 추돌 - 진행중,안전거리미확보,습기,비,단일로 - 기타,승용,남,41세,상해없음,승용,남,22세,경상
2014061100100018,2014년 6월 11일 00시,수요일,인천광역시 서구 원당동,중상사고,0,2,0,0,차대사람 - 횡단중,안전운전불이행,습기,비,단일로 - 횡단보도상,승용,남,28세,상해없음,보행자,남,24세,중상
2014061100100036,2014년 6월 11일 01시,수요일,인천광역시 남동구 간석동,중상사고,0,1,0,0,차대사람 - 기타,안전운전불이행,건조,맑음,단일로 - 기타,승용,남,52세,상해없음,보행자,남,35세,중상
2014061100100037,2014년 6월 11일 01시,수요일,인천광역시 서구 마전동,부상신고사고,0,0,0,1,차대차 - 기타,안전운전불이행,기타,비,기타 - 기타,승용,기타불명,기타불명,기타불명,이륜,남,29세,부상신고
2014061100100052,2014년 6월 11일 02시,수요일,인천광역시 부평구 갈산동,중상사고,0,2,0,0,차대차 - 추돌 - 진행중,안전거리미확보,습기,비,교차로 - 교차로부근,승용,남,47세,상해없음,승용,남,54세,중상
2014061100100053,2014년 6월 11일 02시,수요일,인천광역시 남동구 논현동,경상사고,0,0,4,0,차대차 - 기타,안전거리미확보,습기,비,단일로 - 기타,승용,남,57세,상해없음,승용,남,60세,경상
2014061100100107,2014년 6월 11일 06시,수요일,인천광역시 서구 경서동,중상사고,0,4,3,0,차대차 - 추돌 - 주정차중,안전운전불이행,건조,맑음,교차로 - 교차로부근,승용,남,21세,상해없음,승합,남,63세,중상
2014061100100108,2014년 6월 11일 06시,수요일,인천광역시 부평구 부평동,중상사고,0,1,0,0,차대차 - 기타,안전운전불이행,건조,맑음,단일로 - 기타,승용,남,30세,상해없음,자전거,남,57세,중상
2014061100100134,2014년 6월 11일 07시,수요일,인천광역시 부평구 산곡동,경상사고,0,0,1,0,차대차 - 측면직각충돌,안전운전불이행,건조,맑음,교차로 - 교차로안,승용,남,22세,상해없음,자전거,남,15세,경상
2014061100100135,2014년 6월 11일 07시,수요일,인천광역시 남동구 고잔동,중상사고,0,1,0,0,차대차 - 측면직각충돌,안전운전불이행,건조,맑음,교차로 - 교차로안,화물,남,56세,상해없음,자전거,남,39세,중상
2014061100100165,2014년 6월 11일 08시,수요일,인천광역시 남구 용현동,경상사고,0,0,3,0,차대차 - 측면직각충돌,교차로운행방법위반,건조,맑음,교차로 - 교차로부근,승용,여,55세,상해없음,승합,남,50세,상해없음
2014061100100166,2014년 6월 11일 08시,수요일,인천광역시 남구 문학동,중상사고,0,1,0,0,차대차 - 측면직각충돌,안전운전불이행,건조,맑음,교차로 - 교차로부근,화물,남,44세,상해없음,승용,남,47세,중상
2014061100100167,2014년 6월 11일 08시,수요일,인천광역시 부평구 십정동,경상사고,0,0,1,0,차대사람 - 기타,안전운전불이행,건조,맑음,교차로 - 교차로안,승용,남,62세,상해없음,보행자,남,46세,경상
2014061100100222,2014년 6월 11일 10시,수요일,인천광역시 중구 항동7가,경상사고,0,0,3,0,차대차 - 추돌 - 진행중,안전운전불이행,건조,맑음,단일로 - 기타,이륜,남,32세,경상,승용,남,40세,경상
2014061100100223,2014년 6월 11일 10시,수요일,인천광역시 남동구 만수동,경상사고,0,0,2,0,차대차 - 추돌 - 진행중,안전거리미확보,건조,맑음,단일로 - 기타,화물,남,52세,상해없음,승용,남,50세,경상
2014061100100247,2014년 6월 11일 11시,수요일,인천광역시 부평구 부평동,중상사고,0,1,0,0,차대차 - 기타,안전운전불이행,건조,맑음,교차로 - 교차로부근,승용,여,49세,상해없음,자전거,남,71세,중상
2014061100100319,2014년 6월 11일 14시,수요일,인천광역시 남동구 구월동,경상사고,0,0,1,0,차대차 - 측면직각충돌,안전운전불이행,건조,맑음,단일로 - 기타,승용,남,52세,상해없음,승용,여,60세,경상
2014061100100348,2014년 6월 11일 15시,수요일,인천광역시 동구 송림동,경상사고,0,0,1,0,차대차 - 측면직각충돌,안전거리미확보,건조,맑음,교차로 - 교차로부근,화물,남,59세,상해없음,화물,남,58세,경상
2014061100100349,2014년 6월 11일 15시,수요일,인천광역시 서구 연희동,중상사고,0,1,0,0,차대차 - 기타,신호위반,건조,맑음,단일로 - 기타,승용,남,42세,상해없음,승용,남,41세,중상
2014061100100391,2014년 6월 11일 16시,수요일,인천광역시 남동구 논현동,경상사고,0,0,1,0,차대차 - 추돌 - 주정차중,안전거리미확보,습기,비,교차로 - 교차로부근,승용,남,35세,상해없음,승용,남,60세,경상
2014061100100392,2014년 6월 11일 16시,수요일,인천광역시 계양구 용종동,경상사고,0,0,1,0,차대차 - 추돌 - 주정차중,안전운전불이행,건조,맑음,미분류 - 미분류,화물,남,33세,상해없음,승용,남,53세,경상
2014061100100393,2014년 6월 11일 16시,수요일,인천광역시 남구 관교동,경상사고,0,0,2,0,차대차 - 추돌 - 진행중,안전거리미확보,습기,비,단일로 - 기타,승용,남,44세,상해없음,승용,남,46세,경상
2014061100100394,2014년 6월 11일 16시,수요일,인천광역시 연수구 송도동,중상사고,0,1,0,0,차대차 - 기타,교차로운행방법위반,건조,맑음,교차로 - 교차로안,승용,남,53세,상해없음,승용,여,29세,중상
2014061100100428,2014년 6월 11일 17시,수요일,인천광역시 남구 학익동,중상사고,0,1,0,0,차대사람 - 기타,기타,습기,비,단일로 - 횡단보도상,승용,남,59세,상해없음,보행자,남,17세,중상
2014061100100460,2014년 6월 11일 18시,수요일,인천광역시 남구 주안동,경상사고,0,0,3,0,차대차 - 기타,안전운전불이행,습기,비,기타 - 기타,승합,남,38세,상해없음,승용,여,35세,경상
2014061100100461,2014년 6월 11일 18시,수요일,인천광역시 부평구 부평동,경상사고,0,0,1,0,차대차 - 추돌 - 주정차중,안전운전불이행,습기,비,단일로 - 기타,승용,남,54세,상해없음,이륜,남,43세,경상