사고번호,사고일시,요일,시군구,사고내용,사망자수,중상자수,경상자수,부상신고자수,사고유형,법규위반,노면상태,기상상태,도로형태,가해운전자 차종,가해운전자 성별,가해운전자 연령,가해운전자 상해정도,피해운전자 차종,피해운전자 성별,피해운전자 연령,피해운전자 상해정도
2014061700100141,2014년 6월 17일 08시,화요일,인천광역시 남구 용현동,경상사고,0,0,1,0,차대차 - 측면직각충돌,안전운전불이행,건조,맑음,교차로 - 교차로안,승합,남,64세,상해없음,승합,남,49세,경상
2014061700100180,2014년 6월 17일 09시,화요일,인천광역시 남구 주안동,중상사고,0,1,0,0,차대사람 - 기타,보행자보호의무위반,건조,맑음,교차로 - 교차로부근,화물,남,67세,상해없음,보행자,여,44세,중상
2014061700100269,2014년 6월 17일 12시,화요일,인천광역시 서구 가정동,중상사고,0,2,0,0,차대차 - 측면직각충돌,안전운전불이행,건조,맑음,교차로 - 교차로안,화물,남,49세,상해없음,승용,남,34세,중상
2014061700100293,2014년 6월 17일 13시,화요일,인천광역시 남동구 고잔동,중상사고,0,1,1,0,차대차 - 측면직각충돌,신호위반,건조,맑음,교차로 - 교차로안,승용,남,64세,상해없음,이륜,남,34세,중상
2014061700100294,2014년 6월 17일 13시,화요일,인천광역시 부평구 부평동,중상사고,0,1,0,0,차대사람 - 보도통행중,안전운전불이행,건조,맑음,단일로 - 기타,자전거,여,69세,상해없음,보행자,여,53세,중상
2014061700100361,2014년 6월 17일 15시,화요일,인천광역시 계양구 다남동,경상사고,0,0,3,0,차대차 - 측면직각충돌,직진우회전진행방해,건조,맑음,교차로 - 교차로안,승용,남,58세,상해없음,승용,남,26세,경상
2014061700100423,2014년 6월 17일 17시,화요일,인천광역시 서구 마전동,부상신고사고,0,0,0,1,차대사람 - 보도통행중,안전운전불이행,건조,맑음,단일로 - 기타,승용,기타불명,기타불명,기타불명,보행자,남,10세,부상신고
2014061700100459,2014년 6월 17일 18시,화요일,인천광역시 연수구 송도동,중상사고,0,1,0,0,차대차 - 측면직각충돌,신호위반,건조,맑음,교차로 - 교차로안,승합,남,49세,상해없음,승용,남,36세,중상
2014061700100498,2014년 6월 17일 19시,화요일,인천광역시 중구 송월동1가,경상사고,0,0,1,0,차대차 - 기타,안전운전불이행,건조,맑음,단일로 - 기타,화물,남,54세,상해없음,원동기,남,42세,경상
2014061700100499,2014년 6월 17일 19시,화요일,인천광역시 부평구 청천동,중상사고,0,1,0,0,차대차 - 기타,안전운전불이행,건조,맑음,교차로 - 교차로부근,승용,남,33세,상해없음,원동기,남,16세,중상
2014061700100533,2014년 6월 17일 20시,화요일,인천광역시 남구 문학동,경상사고,0,0,1,0,차대사람 - 기타,안전운전불이행,건조,맑음,단일로 - 기타,승용,남,32세,기타불명,보행자,남,46세,경상
2014061700100534,2014년 6월 17일 20시,화요일,인천광역시 계양구 효성동,중상사고,0,1,0,0,차대사람 - 횡단중,신호위반,건조,맑음,교차로 - 교차로부근,승용,여,45세,상해없음,보행자,여,52세,중상
2014061700100565,2014년 6월 17일 21시,화요일,인천광역시 동구 화평동,중상사고,0,1,0,0,차대사람 - 기타,안전운전불이행,건조,맑음,단일로 - 기타,승용,남,27세,상해없음,보행자,여,15세,중상
2014061700100566,2014년 6월 17일 21시,화요일,인천광역시 연수구 선학동,경상사고,0,0,3,0,차대차 - 추돌 - 진행중,안전거리미확보,건조,맑음,단일로 - 기타,승용,여,41세,기타불명,승용,남,67세,경상
2014061700100593,2014년 6월 17일 22시,화요일,인천광역시 서구 검암동,경상사고,0,0,1,0,차대사람 - 기타,안전운전불이행,건조,맑음,단일로 - 기타,승용,남,34세,상해없음,보행자,여,77세,경상
2014061700100594,2014년 6월 17일 22시,화요일,인천광역시 계양구 병방동,경상사고,0,0,1,0,차대사람 - 횡단중,안전운전불이행,건조,맑음,단일로 - 횡단보도상,원동기,남,58세,상해없음,보행자,여,21세,경상
2014061700100595,2014년 6월 17일 22시,화요일,인천광역시 강화군 강화읍,중상사고,0,1,0,0,차대사람 - 기타,안전운전불이행,건조,맑음,단일로 - 기타,승용,남,59세,상해없음,보행자,남,57세,중상
2014061700100616,2014년 6월 17일 23시,화요일,인천광역시 서구 가좌동,경상사고,0,0,1,0,차대차 - 측면직각충돌,안전거리미확보,건조,맑음,단일로 - 기타,승용,남,59세,상해없음,승용,남,59세,경상
2014061800100102,2014년 6월 18일 07시,수요일,인천광역시 부평구 산곡동,경상사고,0,0,1,0,차대사람 - 횡단중,안전운전불이행,건조,맑음,단일로 - 기타,승용,남,60세,상해없음,보행자,여,11세,경상
2014061800100103,2014년 6월 18일 07시,수요일,인천광역시 서구 금곡동,중상사고,0,1,0,0,차대사람 - 기타,안전운전불이행,건조,맑음,단일로 - 기타,자전거,남,49세,상해없음,보행자,여,51세,중상
2014061800100137,2014년 6월 18일 08시,수요일,인천광역시 부평구 십정동,중상사고,0,1,0,0,차대사람 - 횡단중,보행자보호의무위반,건조,맑음,교차로 - 교차로부근,승용,남,59세,상해없음,보행자,남,44세,중상
2014061800100138,2014년 6월 18일 08시,수요일,인천광역시 서구 원창동,경상사고,0,0,2,0,차대차 - 측면직각충돌,안전운전불이행,건조,맑음,단일로 - 기타,화물,남,44세,상해없음,승용,남,61세,경상
2014061800100139,2014년 6월 18일 08시,수요일,인천광역시 연수구 연수동,경상사고,0,0,1,0,차대차 - 기타,안전거리미확보,건조,맑음,단일로 - 기타,승용,여,32세,상해없음,승용,남,68세,상해없음
2014061800100185,2014년 6월 18일 09시,수요일,인천광역시 옹진군 덕적면,중상사고,0,1,0,0,차대사람 - 길가장자리구역통행중,안전운전불이행,건조,맑음,단일로 - 기타,승용,남,58세,상해없음,보행자,여,94세,중상
2014061800100239,2014년 6월 18일 11시,수요일,인천광역시 남동구 간석동,부상신고사고,0,0,0,1,차대차 - 기타,안전운전불이행,건조,맑음,교차로 - 교차로부근,승용,남,53세,상해없음,승용,남,39세,부상신고
2014061800100272,2014년 6월 18일 12시,수요일,인천광역시 남구 도화동,경상사고,0,0,1,0,차대차 - 기타,안전운전불이행,건조,맑음,교차로 - 교차로안,승용,여,52세,기타불명,이륜,남,21세,경상
2014061800100273,2014년 6월 18일 12시,수요일,인천광역시 서구 마전동,중상사고,0,1,0,0,차대차 - 기타,안전운전불이행,건조,맑음,단일로 - 기타,화물,남,23세,상해없음,이륜,남,69세,중상
2014061800100300,2014년 6월 18일 13시,수요일,인천광역시 남구 주안동,경상사고,0,0,2,0,차대차 - 추돌 - 주정차중,안전운전불이행,건조,맑음,단일로 - 기타,승용,남,78세,상해없음,승용,남,27세,경상
2014061800100377,2014년 6월 18일 15시,수요일,인천광역시 남구 주안동,중상사고,0,1,0,0,차대차 - 기타,안전운전불이행,건조,맑음,교차로 - 교차로안,화물,남,68세,상해없음,이륜,남,21세,중상
2014061800100418,2014년 6월 18일 16시,수요일,인천광역시 서구 경서동,경상사고,0,0,4,0,차대차 - 기타,교차로운행방법위반,건조,맑음,교차로 - 교차로부근,화물,남,34세,상해없음,승용,남,32세,경상
2014061800100459,2014년 6월 18일 17시,수요일,인천광역시 남동구 간석동,경상사고,0,0,1,0,차대차 - 측면직각충돌,안전운전불이행,건조,맑음,단일로 - 기타,이륜,남,17세,상해없음,승합,남,29세,상해없음
2014061800100537,2014년 6월 18일 19시,수요일,인천광역시 서구 마전동,경상사고,0,0,1,0,차대사람 - 횡단중,보행자보호의무위반,건조,맑음,단일로 - 횡단보도상,자전거,남,10세,상해없음,보행자,여,60세,경상
2014061800100605,2014년 6월 18일 21시,수요일,인천광역시 서구 원당동,경상사고,0,0,1,0,차대차 - 측면직각충돌,안전운전불이행,건조,맑음,교차로 - 교차로부근,승용,남,42세,상해없음,승용,여,59세,경상
2014061800100640,2014년 6월 18일 22시,수요일,인천광역시 계양구 계산동,경상사고,0,0,1,0,차대차 - 추돌 - 주정차중,안전운전불이행,건조,맑음,교차로 - 교차로부근,화물,남,55세,상해없음,승합,남,55세,경상
2014061800100664,2014년 6월 18일 23시,수요일,인천광역시 서구 마전동,경상사고,0,0,3,0,차대차 - 추돌 - 진행중,안전운전불이행,건조,맑음,단일로 - 기타,승합,남,54세,상해없음,승용,남,29세,경상
2014061800100665,2014년 6월 18일 23시,수요일,인천광역시 서구 가좌동,경상사고,0,0,1,0,차대차 - 기타,안전운전불이행,건조,맑음,교차로 - 교차로부근,승용,남,25세,상해없음,이륜,남,16세,경상
2014061800100666,2014년 6월 18일 23시,수요일,인천광역시 연수구 연수동,경상사고,0,0,2,0,차대차 - 추돌 - 주정차중,안전운전불이행,건조,맑음,단일로 - 기타,승용,남,53세,상해없음,화물,남,19세,경상
2014061900100019,2014년 6월 19일 00시,목요일,인천광역시 남구 주안동,경상사고,0,0,5,1,차대차 - 측면직각충돌,안전거리미확보,건조,맑음,교차로 - 교차로부근,이륜,남,17세,상해없음,승용,여,24세,경상
2014061900100020,2014년 6월 19일 00시,목요일,인천광역시 부평구 부평동,중상사고,0,1,2,0,차대차 - 측면직각충돌,안전운전불이행,건조,맑음,단일로 - 기타,승용,남,29세,상해없음,승용,여,22세,경상
2014061900100032,2014년 6월 19일 01시,목요일,인천광역시 연수구 선학동,중상사고,0,1,2,0,차대차 - 측면직각충돌,신호위반,건조,맑음,교차로 - 교차로안,원동기,남,26세,상해없음,승용,남,58세,경상
2014061900100033,2014년 6월 19일 01시,목요일,인천광역시 부평구 부개동,경상사고,0,0,1,0,차대차 - 추돌 - 진행중,안전거리미확보,건조,맑음,단일로 - 기타,화물,남,33세,상해없음,승용,남,20세,상해없음
2014061900100034,2014년 6월 19일 01시,목요일,인천광역시 부평구 삼산동,중상사고,0,1,0,0,차대차 - 기타,안전운전불이행,건조,맑음,교차로 - 교차로부근,기타불명,기타불명,기타불명,기타불명,기타불명,여,74세,중상
2014061900100052,2014년 6월 19일 03시,목요일,인천광역시 서구 신현동,경상사고,0,0,1,0,차대차 - 추돌 - 진행중,안전운전불이행,건조,맑음,단일로 - 기타,화물,남,26세,상해없음,승용,남,31세,경상
2014061900100053,2014년 6월 19일 03시,목요일,인천광역시 계양구 임학동,경상사고,0,0,1,0,차대사람 - 기타,안전운전불이행,건조,맑음,교차로 - 교차로안,화물,남,55세,상해없음,보행자,남,24세,경상
2014061900100149,2014년 6월 19일 08시,목요일,인천광역시 동구 송림동,경상사고,0,0,1,0,차대사람 - 보도통행중,안전운전불이행,건조,맑음,단일로 - 기타,승용,기타불명,기타불명,기타불명,보행자,남,16세,경상
2014061900100150,2014년 6월 19일 08시,목요일,인천광역시 부평구 십정동,경상사고,0,0,1,1,차대차 - 기타,교차로운행방법위반,건조,흐림,교차로 - 교차로안,승용,남,37세,상해없음,승용,남,26세,부상신고
2014061900100151,2014년 6월 19일 08시,목요일,인천광역시 서구 오류동,경상사고,0,0,1,0,차대차 - 추돌 - 주정차중,안전운전불이행,건조,맑음,교차로 - 교차로부근,건설기계,남,47세,상해없음,승용,남,43세,경상
2014061900100281,2014년 6월 19일 13시,목요일,인천광역시 남구 주안동,경상사고,0,0,1,0,차량단독 - 기타,안전운전불이행,건조,맑음,단일로 - 기타,승합,남,55세,상해없음,,,,
2014061900100313,2014년 6월 19일 14시,목요일,인천광역시 연수구 옥련동,중상사고,0,1,0,0,차대사람 - 횡단중,안전운전불이행,건조,맑음,단일로 - 기타,승용,여,40세,상해없음,보행자,남,33세,중상
2014061900100350,2014년 6월 19일 15시,목요일,인천광역시 남동구 구월동,경상사고,0,0,2,0,차대차 - 기타,안전운전불이행,건조,맑음,단일로 - 기타,승용,기타불명,기타불명,기타불명,원동기,남,35세,경상
2014061900100381,2014년 6월 19일 16시,목요일,인천광역시 부평구 십정동,경상사고,0,0,1,0,차대차 - 측면직각충돌,신호위반,건조,맑음,교차로 - 교차로안,승합,남,31세,상해없음,승용,남,52세,경상
2014061900100382,2014년 6월 19일 16시,목요일,인천광역시 부평구 부평동,경상사고,0,0,1,0,차대차 - 측면직각충돌,안전운전불이행,건조,맑음,교차로 - 교차로안,승용,여,51세,상해없음,승용,남,63세,경상
2014061900100438,2014년 6월 19일 17시,목요일,인천광역시 남동구 고잔동,경상사고,0,0,2,0,차대차 - 측면직각충돌,안전거리미확보,건조,맑음,교차로 - 교차로부근,승용,남,68세,상해없음,승용,여,22세,경상
2014061900100478,2014년 6월 19일 18시,목요일,인천광역시 계양구 계산동,중상사고,0,1,0,0,차대사람 - 횡단중,신호위반,건조,맑음,단일로 - 횡단보도상,승용,여,48세,상해없음,보행자,여,19세,중상
2014061900100511,2014년 6월 19일 19시,목요일,인천광역시 남구 숭의동,경상사고,0,0,1,0,차대사람 - 기타,기타,건조,맑음,교차로 - 교차로부근,화물,남,64세,상해없음,보행자,여,34세,경상
2014061900100512,2014년 6월 19일 19시,목요일,인천광역시 부평구 부평동,경상사고,0,0,1,0,차대차 - 기타,안전운전불이행,건조,맑음,교차로 - 교차로부근,승용,여,66세,기타불명,승용,여,37세,경상
2014061900100513,2014년 6월 19일 19시,목요일,인천광역시 서구 석남동,경상사고,0,0,1,0,차대사람 - 기타,안전운전불이행,건조,맑음,단일로 - 기타,승용,남,66세,상해없음,보행자,여,52세,경상
2014061900100590,2014년 6월 19일 21시,목요일,인천광역시 부평구 십정동,경상사고,0,0,1,0,차대차 - 추돌 - 주정차중,안전운전불이행,건조,맑음,단일로 - 기타,승용,기타불명,기타불명,기타불명,승용,남,22세,경상
2014061900100592,2014년 6월 19일 21시,목요일,인천광역시 계양구 용종동,경상사고,0,0,1,0,차대차 - 기타,안전운전불이행,건조,맑음,교차로 - 교차로안,기타불명,기타불명,기타불명,기타불명,승용,여,65세,경상
2014061900100593,2014년 6월 19일 21시,목요일,인천광역시 연수구 송도동,경상사고,0,0,1,0,차대차 - 기타,안전운전불이행,건조,맑음,교차로 - 교차로부근,승용,남,29세,상해없음,승용,남,55세,경상
2014061900100645,2014년 6월 19일 23시,목요일,인천광역시 서구 가정동,중상사고,0,1,0,0,차대사람 - 횡단중,신호위반,건조,맑음,단일로 - 횡단보도상,이륜,남,31세,상해없음,보행자,여,30세,중상
2014061900100646,2014년 6월 19일 23시,목요일,인천광역시 부평구 일신동,중상사고,0,1,0,0,차대차 - 측면직각충돌,안전운전불이행,건조,흐림,단일로 - 기타,승용,남,50세,상해없음,이륜,남,45세,중상
2014062000100036,2014년 6월 20일 01시,금요일,인천광역시 연수구 선학동,중상사고,0,1,0,0,차대사람 - 기타,안전운전불이행,건조,맑음,단일로 - 기타,승용,남,50세,상해없음,보행자,남,18세,중상
2014062000100090,2014년 6월 20일 06시,금요일,인천광역시 서구 신현동,경상사고,0,0,1,0,차대차 - 정면충돌,중앙선침범,건조,맑음,단일로 - 기타,승용,남,48세,상해없음,승용,남,76세,경상
2014062000100091,2014년 6월 20일 06시,금요일,인천광역시 서구 연희동,경상사고,0,0,1,0,차대차 - 추돌 - 진행중,안전운전불이행,건조,맑음,교차로 - 교차로부근,화물,남,37세,상해없음,승용,남,45세,경상
2014062000100115,2014년 6월 20일 07시,금요일,인천광역시 남동구 만수동,경상사고,0,0,1,0,차대사람 - 기타,안전운전불이행,건조,맑음,교차로 - 교차로안,기타불명,기타불명,기타불명,기타불명,보행자,여,14세,경상
2014062000100152,2014년 6월 20일 08시,금요일,인천광역시 부평구 청천동,경상사고,0,0,1,0,차대사람 - 기타,안전운전불이행,건조,맑음,교차로 - 교차로부근,화물,남,38세,상해없음,보행자,남,22세,경상
2014062000100153,2014년 6월 20일 08시,금요일,인천광역시 남동구 고잔동,중상사고,0,1,0,0,차대차 - 측면직각충돌,기타,건조,맑음,교차로 - 교차로부근,이륜,남,23세,중상,승합,남,53세,상해없음
2014062000100177,2014년 6월 20일 09시,금요일,인천광역시 연수구 동춘동,중상사고,0,1,0,0,차대차 - 기타,안전운전불이행,건조,맑음,교차로 - 교차로안,승용,남,59세,상해없음,자전거,여,60세,중상
2014062000100228,2014년 6월 20일 11시,금요일,인천광역시 남구 도화동,중상사고,0,1,0,0,차대차 - 기타,중앙선침범,건조,맑음,단일로 - 기타,화물,남,63세,중상,화물,남,72세,상해없음
2014062000100291,2014년 6월 20일 13시,금요일,인천광역시 서구 석남동,사망사고,1,0,0,0,차대사람 - 보도통행중,신호위반,건조,맑음,교차로 - 교차로부근,화물,남,56세,상해없음,보행자,여,60세,사망
2014062000100317,2014년 6월 20일 14시,금요일,인천광역시 부평구 산곡동,중상사고,0,1,0,0,차대사람 - 기타,안전운전불이행,건조,맑음,단일로 - 기타,화물,남,37세,상해없음,보행자,여,86세,중상
2014062000100318,2014년 6월 20일 14시,금요일,인천광역시 남동구 도림동,중상사고,0,1,0,0,차대차 - 측면직각충돌,신호위반,건조,맑음,교차로 - 교차로부근,화물,남,62세,상해없음,자전거,남,80세,중상
2014062000100399,2014년 6월 20일 16시,금요일,인천광역시 남동구 간석동,경상사고,0,0,1,0,차대차 - 측면직각충돌,안전운전불이행,건조,맑음,교차로 - 교차로안,승용,남,76세,상해없음,승용,여,31세,경상
2014062000100445,2014년 6월 20일 17시,금요일,인천광역시 부평구 청천동,경상사고,0,0,2,0,차대차 - 기타,안전운전불이행,건조,맑음,교차로 - 교차로안,승용,남,53세,상해없음,승용,남,46세,경상
2014062000100446,2014년 6월 20일 17시,금요일,인천광역시 남동구 고잔동,경상사고,0,0,2,0,차대차 - 측면직각충돌,안전거리미확보,건조,맑음,단일로 - 기타,승합,여,54세,상해없음,승용,남,58세,경상
2014062000100493,2014년 6월 20일 18시,금요일,인천광역시 부평구 십정동,사망사고,1,0,0,0,차대차 - 측면직각충돌,교차로운행방법위반,건조,맑음,교차로 - 교차로부근,승용,남,49세,상해없음,자전거,남,69세,사망
2014062000100494,2014년 6월 20일 18시,금요일,인천광역시 남동구 간석동,경상사고,0,0,1,0,차대차 - 추돌 - 주정차중,안전거리미확보,건조,맑음,단일로 - 기타,승용,남,22세,상해없음,화물,남,28세,경상
2014062000100533,2014년 6월 20일 19시,금요일,인천광역시 부평구 청천동,경상사고,0,0,1,0,차대차 - 기타,안전운전불이행,건조,맑음,단일로 - 기타,승용,남,40세,상해없음,승용,여,30세,경상
2014062000100534,2014년 6월 20일 19시,금요일,인천광역시 남동구 논현동,경상사고,0,0,1,0,차대사람 - 횡단중,안전운전불이행,건조,맑음,단일로 - 기타,승용,여,40세,상해없음,보행자,남,59세,경상
2014062000100570,2014년 6월 20일 20시,금요일,인천광역시 서구 심곡동,중상사고,0,1,0,0,차대차 - 측면직각충돌,교차로운행방법위반,건조,흐림,교차로 - 교차로안,화물,남,46세,상해없음,이륜,남,16세,중상
2014062000100661,2014년 6월 20일 22시,금요일,인천광역시 부평구 청천동,경상사고,0,0,3,0,차대차 - 추돌 - 주정차중,안전운전불이행,습기,비,교차로 - 교차로안,승용,남,39세,상해없음,승용,여,41세,경상
2014062000100662,2014년 6월 20일 22시,금요일,인천광역시 남동구 간석동,중상사고,0,1,0,0,차대차 - 측면직각충돌,안전거리미확보,건조,맑음,단일로 - 기타,승합,남,62세,상해없음,자전거,남,25세,중상
2014062000100709,2014년 6월 20일 23시,금요일,인천광역시 남구 주안동,중상사고,0,1,1,0,차대차 - 추돌 - 주정차중,안전운전불이행,습기,비,단일로 - 기타,승용,남,18세,상해없음,승용,남,64세,중상
2014062000100710,2014년 6월 20일 23시,금요일,인천광역시 계양구 다남동,경상사고,0,0,1,0,차대차 - 추돌 - 진행중,안전운전불이행,습기,비,단일로 - 기타,승용,남,30세,상해없음,승용,남,44세,경상
2014062100100033,2014년 6월 21일 00시,토요일,인천광역시 부평구 청천동,경상사고,0,0,1,0,차대차 - 추돌 - 진행중,안전거리미확보,건조,맑음,교차로 - 교차로안,원동기,남,27세,경상,승용,남,51세,상해없음
2014062100100034,2014년 6월 21일 00시,토요일,인천광역시 연수구 송도동,사망사고,1,0,0,0,차대사람 - 횡단중,과속,습기,흐림,단일로 - 기타,승용,남,28세,상해없음,보행자,여,51세,사망
2014062100100069,2014년 6월 21일 01시,토요일,인천광역시 남동구 수산동,중상사고,0,2,2,0,차대차 - 기타,신호위반,습기,비,교차로 - 교차로안,승용,남,38세,상해없음,승용,남,48세,상해없음
2014062100100070,2014년 6월 21일 01시,토요일,인천광역시 남동구 서창동,경상사고,0,0,1,0,차대사람 - 횡단중,보행자보호의무위반,습기,비,단일로 - 횡단보도상,승용,남,65세,상해없음,보행자,남,37세,경상
2014062100100088,2014년 6월 21일 02시,토요일,인천광역시 남구 관교동,경상사고,0,0,1,0,차대차 - 추돌 - 진행중,안전운전불이행,습기,비,단일로 - 기타,기타불명,기타불명,기타불명,기타불명,이륜,남,18세,경상
2014062100100115,2014년 6월 21일 03시,토요일,인천광역시 남동구 남촌동,중상사고,0,1,0,0,차대차 - 측면직각충돌,신호위반,건조,맑음,교차로 - 교차로안,승용,남,42세,상해없음,승용,남,28세,중상
2014062100100116,2014년 6월 21일 03시,토요일,인천광역시 남동구 구월동,부상신고사고,0,0,0,1,차대사람 - 기타,안전운전불이행,건조,맑음,단일로 - 횡단보도상,승용,기타불명,기타불명,기타불명,보행자,남,50세,부상신고
2014062100100117,2014년 6월 21일 03시,토요일,인천광역시 연수구 청학동,경상사고,0,0,1,0,차대차 - 측면직각충돌,불법유턴,건조,맑음,단일로 - 기타,승용,남,26세,기타불명,화물,남,25세,경상
2014062100100175,2014년 6월 21일 07시,토요일,인천광역시 남동구 간석동,경상사고,0,0,2,0,차대차 - 측면직각충돌,기타,건조,맑음,교차로 - 교차로안,승용,남,27세,기타불명,승합,남,59세,상해없음
2014062100100176,2014년 6월 21일 07시,토요일,인천광역시 부평구 부개동,경상사고,0,0,2,0,차대차 - 추돌 - 주정차중,안전운전불이행,건조,맑음,교차로 - 교차로부근,승용,남,41세,상해없음,승용,남,50세,경상
2014062100100189,2014년 6월 21일 08시,토요일,인천광역시 동구 송현동,경상사고,0,0,1,0,차대차 - 추돌 - 진행중,안전운전불이행,건조,맑음,교차로 - 교차로안,승용,여,72세,경상,특수,남,31세,상해없음
2014062100100190,2014년 6월 21일 08시,토요일,인천광역시 부평구 부평동,중상사고,0,1,0,0,차대차 - 측면직각충돌,신호위반,건조,맑음,교차로 - 교차로부근,승용,남,62세,상해없음,자전거,남,12세,중상
2014062100100249,2014년 6월 21일 10시,토요일,인천광역시 강화군 불은면,경상사고,0,0,1,0,차대차 - 기타,중앙선침범,건조,맑음,교차로 - 교차로부근,특수,남,45세,상해없음,농기계,남,70세,경상
2014062100100301,2014년 6월 21일 12시,토요일,인천광역시 연수구 선학동,경상사고,0,0,2,0,차대차 - 측면직각충돌,안전운전불이행,건조,맑음,단일로 - 기타,승용,남,45세,상해없음,승용,여,32세,경상
2014062100100327,2014년 6월 21일 13시,토요일,인천광역시 서구 마전동,부상신고사고,0,0,0,1,차대차 - 기타,안전운전불이행,기타,흐림,단일로 - 기타,이륜,남,17세,부상신고,승용,여,41세,상해없음
2014062100100426,2014년 6월 21일 16시,토요일,인천광역시 남동구 남촌동,중상사고,0,1,0,0,차대차 - 추돌 - 진행중,안전운전불이행,건조,맑음,단일로 - 기타,승용,남,49세,상해없음,승용,여,46세,중상
2014062100100468,2014년 6월 21일 17시,토요일,인천광역시 남구 학익동,중상사고,0,4,0,0,차대차 - 추돌 - 진행중,안전거리미확보,건조,맑음,단일로 - 기타,승용,남,46세,상해없음,승용,남,57세,중상
2014062100100503,2014년 6월 21일 18시,토요일,인천광역시 계양구 동양동,부상신고사고,0,0,0,1,차대차 - 측면직각충돌,교차로운행방법위반,건조,흐림,교차로 - 교차로안,기타불명,기타불명,기타불명,기타불명,자전거,남,12세,부상신고
2014062100100504,2014년 6월 21일 18시,토요일,인천광역시 남동구 고잔동,중상사고,0,1,0,0,차대차 - 기타,신호위반,건조,맑음,교차로 - 교차로안,승용,남,27세,상해없음,승용,남,29세,중상
2014062100100536,2014년 6월 21일 19시,토요일,인천광역시 계양구 병방동,중상사고,0,2,4,0,차대차 - 추돌 - 주정차중,안전운전불이행,습기,비,단일로 - 기타,승용,여,51세,상해없음,승용,남,38세,경상
2014062100100569,2014년 6월 21일 20시,토요일,인천광역시 남구 관교동,경상사고,0,0,1,0,차대차 - 기타,안전운전불이행,건조,맑음,단일로 - 기타,승용,남,61세,상해없음,승용,남,30세,경상
2014062100100570,2014년 6월 21일 20시,토요일,인천광역시 서구 금곡동,경상사고,0,0,1,0,차대차 - 기타,안전운전불이행,건조,맑음,교차로 - 교차로부근,원동기,남,28세,상해없음,원동기,남,54세,경상
2014062100100631,2014년 6월 21일 21시,토요일,인천광역시 계양구 병방동,경상사고,0,0,1,0,차대차 - 측면직각충돌,안전거리미확보,습기,비,단일로 - 기타,승용,남,50세,상해없음,원동기,남,18세,경상
2014062100100632,2014년 6월 21일 21시,토요일,인천광역시 계양구 계산동,중상사고,0,1,0,0,차대차 - 기타,교차로운행방법위반,건조,맑음,교차로 - 교차로부근,기타불명,기타불명,기타불명,기타불명,이륜,남,56세,중상
2014062100100663,2014년 6월 21일 22시,토요일,인천광역시 남구 도화동,중상사고,0,1,0,0,차대차 - 기타,신호위반,건조,맑음,교차로 - 교차로안,이륜,남,16세,중상,승용,여,49세,상해없음
2014062100100664,2014년 6월 21일 22시,토요일,인천광역시 부평구 산곡동,중상사고,0,1,0,0,차대차 - 추돌 - 주정차중,안전운전불이행,건조,맑음,단일로 - 기타,화물,남,42세,상해없음,승용,남,52세,중상
2014062100100699,2014년 6월 21일 23시,토요일,인천광역시 서구 경서동,경상사고,0,0,1,0,차대차 - 측면직각충돌,안전운전불이행,건조,맑음,단일로 - 기타,승용,남,35세,상해없음,원동기,남,24세,경상
2014062200100038,2014년 6월 22일 01시,일요일,인천광역시 남구 용현동,중상사고,0,1,0,0,차량단독 - 기타,안전운전불이행,건조,맑음,단일로 - 기타,이륜,남,16세,상해없음,,,,
2014062200100072,2014년 6월 22일 03시,일요일,인천광역시 부평구 산곡동,중상사고,0,1,0,0,차대사람 - 기타,안전운전불이행,건조,맑음,단일로 - 기타,승용,남,48세,상해없음,보행자,남,27세,중상
2014062200100132,2014년 6월 22일 08시,일요일,인천광역시 중구 신흥동3가,경상사고,0,0,1,0,차대차 - 측면직각충돌,신호위반,건조,맑음,교차로 - 교차로안,승용,남,71세,상해없음,승합,남,49세,상해없음
2014062200100133,2014년 6월 22일 08시,일요일,인천광역시 남동구 논현동,중상사고,0,1,0,0,차대차 - 측면직각충돌,불법유턴,건조,맑음,단일로 - 횡단보도부근,이륜,남,67세,중상,승용,남,34세,상해없음
2014062200100134,2014년 6월 22일 08시,일요일,인천광역시 남동구 논현동,경상사고,0,0,5,0,차대차 - 기타,안전운전불이행,건조,맑음,미분류 - 미분류,승용,여,34세,경상,승용,남,40세,경상
2014062200100162,2014년 6월 22일 10시,일요일,인천광역시 부평구 부평동,중상사고,0,1,0,0,차대차 - 기타,안전운전불이행,건조,맑음,단일로 - 횡단보도부근,자전거,남,16세,중상,승용,여,63세,상해없음
2014062200100163,2014년 6월 22일 10시,일요일,인천광역시 강화군 길상면,경상사고,0,0,4,0,차대차 - 측면직각충돌,중앙선침범,건조,맑음,단일로 - 기타,승용,남,50세,상해없음,승용,남,35세,경상
2014062200100186,2014년 6월 22일 11시,일요일,인천광역시 부평구 부평동,경상사고,0,0,1,0,차대차 - 기타,교차로운행방법위반,건조,맑음,교차로 - 교차로안,승용,남,47세,상해없음,자전거,남,10세,경상
2014062200100209,2014년 6월 22일 12시,일요일,인천광역시 남동구 구월동,경상사고,0,0,1,0,차대차 - 측면직각충돌,교차로운행방법위반,건조,맑음,교차로 - 교차로안,승용,여,34세,상해없음,승용,남,49세,경상
2014062200100210,2014년 6월 22일 12시,일요일,인천광역시 계양구 박촌동,중상사고,0,2,0,0,차대차 - 측면직각충돌,안전운전불이행,건조,맑음,교차로 - 교차로안,승용,남,37세,상해없음,이륜,남,56세,중상