사고번호,사고일시,요일,시군구,사고내용,사망자수,중상자수,경상자수,부상신고자수,사고유형,법규위반,노면상태,기상상태,도로형태,가해운전자 차종,가해운전자 성별,가해운전자 연령,가해운전자 상해정도,피해운전자 차종,피해운전자 성별,피해운전자 연령,피해운전자 상해정도
2014062200100233,2014년 6월 22일 13시,일요일,인천광역시 남동구 간석동,경상사고,0,0,7,0,차대차 - 추돌 - 주정차중,안전운전불이행,건조,맑음,단일로 - 기타,화물,남,52세,상해없음,승용,남,36세,경상
2014062200100258,2014년 6월 22일 14시,일요일,인천광역시 연수구 선학동,경상사고,0,0,1,0,차대차 - 측면직각충돌,안전운전불이행,건조,맑음,단일로 - 횡단보도상,승용,기타불명,기타불명,기타불명,자전거,여,22세,경상
2014062200100289,2014년 6월 22일 15시,일요일,인천광역시 강화군 강화읍,경상사고,0,0,3,0,차대차 - 기타,안전운전불이행,건조,맑음,단일로 - 기타,승용,남,50세,상해없음,승용,남,67세,경상
2014062200100359,2014년 6월 22일 17시,일요일,인천광역시 동구 송현동,중상사고,0,3,1,0,차대차 - 기타,신호위반,건조,맑음,교차로 - 교차로안,승용,남,29세,상해없음,승용,남,28세,경상
2014062200100360,2014년 6월 22일 17시,일요일,인천광역시 남동구 구월동,중상사고,0,1,1,0,차대차 - 측면직각충돌,교차로운행방법위반,건조,맑음,교차로 - 교차로안,화물,남,57세,상해없음,승용,남,71세,중상
2014062200100411,2014년 6월 22일 19시,일요일,인천광역시 서구 가좌동,경상사고,0,0,7,0,차대차 - 측면직각충돌,기타,건조,맑음,단일로 - 기타,승합,남,43세,상해없음,승용,남,65세,경상
2014062200100412,2014년 6월 22일 19시,일요일,인천광역시 부평구 삼산동,경상사고,0,0,1,0,차대차 - 측면직각충돌,교차로운행방법위반,건조,맑음,교차로 - 교차로안,승용,여,49세,상해없음,자전거,남,17세,경상
2014062200100473,2014년 6월 22일 21시,일요일,인천광역시 서구 석남동,경상사고,0,0,1,0,차대차 - 기타,안전운전불이행,건조,맑음,교차로 - 교차로부근,승용,남,38세,상해없음,원동기,여,43세,경상
2014062200100490,2014년 6월 22일 22시,일요일,인천광역시 서구 당하동,경상사고,0,0,1,0,차대사람 - 보도통행중,신호위반,건조,맑음,교차로 - 교차로안,승합,남,49세,상해없음,보행자,남,12세,경상
2014062300100017,2014년 6월 23일 00시,월요일,인천광역시 남동구 간석동,경상사고,0,0,1,0,차대차 - 기타,안전거리미확보,건조,맑음,단일로 - 기타,승용,남,67세,상해없음,승용,남,36세,경상
2014062300100076,2014년 6월 23일 06시,월요일,인천광역시 남동구 논현동,경상사고,0,0,1,0,차대차 - 측면직각충돌,신호위반,건조,맑음,교차로 - 교차로안,승합,남,58세,상해없음,승용,남,68세,경상
2014062300100077,2014년 6월 23일 06시,월요일,인천광역시 계양구 계산동,경상사고,0,0,1,0,차대차 - 측면직각충돌,안전거리미확보,습기,비,단일로 - 기타,승용,남,23세,상해없음,승용,남,53세,상해없음
2014062300100099,2014년 6월 23일 07시,월요일,인천광역시 부평구 산곡동,부상신고사고,0,0,0,1,차대차 - 기타,안전운전불이행,건조,맑음,단일로 - 기타,자전거,여,38세,부상신고,승용,여,42세,상해없음
2014062300100189,2014년 6월 23일 10시,월요일,인천광역시 서구 검암동,경상사고,0,0,1,0,차대사람 - 기타,안전운전불이행,건조,맑음,단일로 - 기타,승용,여,43세,상해없음,보행자,여,52세,경상
2014062300100190,2014년 6월 23일 10시,월요일,인천광역시 강화군 하점면,중상사고,0,1,0,0,차대차 - 기타,안전운전불이행,건조,맑음,교차로 - 교차로부근,건설기계,남,21세,상해없음,농기계,남,74세,중상
2014062300100221,2014년 6월 23일 11시,월요일,인천광역시 부평구 십정동,경상사고,0,0,1,0,차대차 - 측면직각충돌,안전운전불이행,건조,맑음,단일로 - 기타,승용,여,51세,상해없음,자전거,남,77세,경상
2014062300100235,2014년 6월 23일 12시,월요일,인천광역시 남구 주안동,중상사고,0,1,0,0,차대차 - 측면직각충돌,신호위반,건조,맑음,교차로 - 교차로안,승합,남,49세,상해없음,승용,남,33세,중상
2014062300100293,2014년 6월 23일 14시,월요일,인천광역시 남동구 구월동,경상사고,0,0,1,0,차대차 - 기타,안전운전불이행,건조,맑음,교차로 - 교차로안,건설기계,남,55세,상해없음,승용,여,31세,경상
2014062300100328,2014년 6월 23일 15시,월요일,인천광역시 남동구 만수동,중상사고,0,1,0,0,차대사람 - 횡단중,보행자보호의무위반,건조,맑음,교차로 - 교차로부근,화물,남,32세,상해없음,보행자,남,15세,중상
2014062300100329,2014년 6월 23일 15시,월요일,인천광역시 계양구 계산동,중상사고,0,1,0,0,차대차 - 추돌 - 주정차중,안전운전불이행,건조,맑음,단일로 - 기타,승합,남,59세,상해없음,승용,여,44세,중상
2014062300100366,2014년 6월 23일 16시,월요일,인천광역시 남구 문학동,부상신고사고,0,0,0,1,차대사람 - 차도통행중,안전운전불이행,건조,맑음,교차로 - 교차로안,원동기,남,22세,상해없음,보행자,남,7세,부상신고
2014062300100367,2014년 6월 23일 16시,월요일,인천광역시 부평구 청천동,중상사고,0,1,0,0,차대차 - 측면직각충돌,교차로운행방법위반,건조,맑음,교차로 - 교차로안,화물,남,56세,상해없음,원동기,남,70세,중상
2014062300100368,2014년 6월 23일 16시,월요일,인천광역시 남동구 간석동,중상사고,0,2,1,0,차대차 - 측면직각충돌,안전운전불이행,건조,맑음,교차로 - 교차로안,승용,남,55세,경상,승용,남,34세,중상
2014062300100456,2014년 6월 23일 18시,월요일,인천광역시 남동구 만수동,경상사고,0,0,1,0,차대차 - 측면직각충돌,안전운전불이행,건조,맑음,단일로 - 기타,승용,남,58세,상해없음,승용,남,31세,경상
2014062300100486,2014년 6월 23일 19시,월요일,인천광역시 부평구 산곡동,경상사고,0,0,1,0,차량단독 - 기타,안전운전불이행,건조,맑음,교차로 - 교차로부근,승합,남,41세,기타불명,,,,
2014062300100487,2014년 6월 23일 19시,월요일,인천광역시 계양구 작전동,경상사고,0,0,1,0,차대차 - 측면직각충돌,교차로운행방법위반,건조,맑음,교차로 - 교차로안,승용,여,46세,상해없음,승용,남,34세,경상
2014062300100524,2014년 6월 23일 20시,월요일,인천광역시 남동구 고잔동,중상사고,0,1,0,0,차대차 - 기타,안전운전불이행,건조,맑음,단일로 - 기타,기타불명,기타불명,기타불명,기타불명,자전거,남,40세,중상
2014062300100525,2014년 6월 23일 20시,월요일,인천광역시 부평구 삼산동,중상사고,0,1,0,0,차대사람 - 횡단중,보행자보호의무위반,건조,맑음,교차로 - 교차로안,승용,여,35세,상해없음,보행자,여,67세,중상
2014062300100526,2014년 6월 23일 20시,월요일,인천광역시 부평구 부개동,중상사고,0,1,0,0,차량단독 - 전도전복,안전운전불이행,건조,맑음,단일로 - 기타,자전거,남,25세,중상,,,,
2014062300100561,2014년 6월 23일 21시,월요일,인천광역시 부평구 부평동,경상사고,0,0,1,1,차대차 - 기타,중앙선침범,건조,맑음,단일로 - 기타,승용,남,30세,상해없음,승용,남,48세,부상신고
2014062300100562,2014년 6월 23일 21시,월요일,인천광역시 연수구 송도동,경상사고,0,0,1,0,차대차 - 추돌 - 주정차중,안전운전불이행,건조,맑음,교차로 - 교차로부근,승용,남,43세,상해없음,승용,남,43세,경상
2014062300100585,2014년 6월 23일 22시,월요일,인천광역시 남동구 도림동,경상사고,0,0,3,0,차대차 - 추돌 - 주정차중,안전운전불이행,건조,맑음,교차로 - 교차로부근,화물,남,36세,기타불명,승용,남,25세,경상
2014062400100054,2014년 6월 24일 05시,화요일,인천광역시 부평구 부개동,사망사고,1,0,0,0,차대사람 - 기타,안전운전불이행,건조,맑음,단일로 - 기타,이륜,남,22세,상해없음,보행자,여,74세,사망
2014062400100096,2014년 6월 24일 07시,화요일,인천광역시 부평구 삼산동,중상사고,0,1,0,0,차대차 - 기타,신호위반,건조,맑음,교차로 - 교차로안,화물,남,79세,상해없음,자전거,여,33세,중상
2014062400100127,2014년 6월 24일 08시,화요일,인천광역시 계양구 병방동,경상사고,0,0,1,0,차대차 - 측면직각충돌,안전운전불이행,건조,맑음,교차로 - 교차로부근,화물,남,51세,상해없음,자전거,여,50세,경상
2014062400100176,2014년 6월 24일 10시,화요일,인천광역시 남동구 구월동,경상사고,0,0,1,0,차대차 - 추돌 - 진행중,안전거리미확보,건조,맑음,단일로 - 기타,승합,남,56세,상해없음,승용,여,50세,경상
2014062400100177,2014년 6월 24일 10시,화요일,인천광역시 서구 마전동,경상사고,0,0,1,0,차대사람 - 기타,안전운전불이행,건조,맑음,단일로 - 기타,승합,남,56세,상해없음,보행자,남,18세,경상
2014062400100265,2014년 6월 24일 13시,화요일,인천광역시 부평구 부개동,경상사고,0,0,1,0,차대차 - 측면직각충돌,교차로운행방법위반,건조,맑음,교차로 - 교차로안,승용,남,42세,상해없음,화물,남,44세,상해없음
2014062400100295,2014년 6월 24일 14시,화요일,인천광역시 옹진군 영흥면,경상사고,0,0,2,0,차대차 - 추돌 - 진행중,교차로운행방법위반,건조,맑음,교차로 - 교차로안,승용,여,55세,경상,승용,남,42세,경상
2014062400100296,2014년 6월 24일 14시,화요일,인천광역시 남구 주안동,경상사고,0,0,5,0,차대차 - 측면직각충돌,신호위반,건조,맑음,교차로 - 교차로안,승용,여,57세,경상,승용,남,19세,경상
2014062400100297,2014년 6월 24일 14시,화요일,인천광역시 남동구 구월동,경상사고,0,0,1,0,차량단독 - 기타,안전운전불이행,건조,맑음,단일로 - 기타,승합,남,37세,상해없음,,,,
2014062400100298,2014년 6월 24일 14시,화요일,인천광역시 계양구 효성동,중상사고,0,1,0,0,차대사람 - 길가장자리구역통행중,기타,건조,맑음,단일로 - 기타,기타불명,기타불명,기타불명,기타불명,보행자,여,44세,중상
2014062400100337,2014년 6월 24일 15시,화요일,인천광역시 남동구 남촌동,경상사고,0,0,1,0,차대사람 - 기타,안전운전불이행,건조,맑음,단일로 - 기타,승용,기타불명,기타불명,기타불명,보행자,남,25세,경상
2014062400100338,2014년 6월 24일 15시,화요일,인천광역시 서구 가좌동,경상사고,0,0,1,0,차대사람 - 횡단중,신호위반,건조,맑음,단일로 - 횡단보도상,승용,남,24세,상해없음,보행자,여,48세,경상
2014062400100339,2014년 6월 24일 15시,화요일,인천광역시 서구 경서동,중상사고,0,1,1,0,차대차 - 측면직각충돌,신호위반,건조,맑음,교차로 - 교차로안,이륜,남,18세,중상,승용,여,38세,경상
2014062400100375,2014년 6월 24일 16시,화요일,인천광역시 중구 운서동,경상사고,0,0,1,0,차대차 - 추돌 - 진행중,안전운전불이행,건조,맑음,단일로 - 기타,승합,여,45세,상해없음,승용,남,44세,경상
2014062400100376,2014년 6월 24일 16시,화요일,인천광역시 남동구 간석동,경상사고,0,0,1,0,차대차 - 측면직각충돌,교차로운행방법위반,건조,맑음,교차로 - 교차로안,승용,남,54세,상해없음,승용,남,26세,경상
2014062400100443,2014년 6월 24일 18시,화요일,인천광역시 남동구 간석동,중상사고,0,1,0,0,차대사람 - 기타,기타,건조,맑음,단일로 - 기타,승용,남,49세,상해없음,보행자,남,31세,중상
2014062400100444,2014년 6월 24일 18시,화요일,인천광역시 계양구 효성동,경상사고,0,0,1,0,차대사람 - 보도통행중,안전운전불이행,건조,맑음,기타 - 기타,화물,남,32세,상해없음,보행자,남,43세,경상
2014062400100445,2014년 6월 24일 18시,화요일,인천광역시 계양구 작전동,경상사고,0,0,1,0,차대차 - 측면직각충돌,안전운전불이행,건조,맑음,교차로 - 교차로안,승용,남,50세,상해없음,자전거,여,9세,경상
2014062400100446,2014년 6월 24일 18시,화요일,인천광역시 계양구 귤현동,경상사고,0,0,1,0,차대차 - 측면직각충돌,신호위반,건조,맑음,교차로 - 교차로부근,승용,여,30세,상해없음,승용,여,47세,경상
2014062400100504,2014년 6월 24일 20시,화요일,인천광역시 남구 관교동,경상사고,0,0,1,0,차량단독 - 기타,안전운전불이행,건조,맑음,단일로 - 기타,승합,남,53세,상해없음,,,,
2014062400100505,2014년 6월 24일 20시,화요일,인천광역시 남동구 서창동,경상사고,0,0,1,0,차대차 - 측면직각충돌,교차로운행방법위반,건조,맑음,교차로 - 교차로안,승용,남,59세,상해없음,자전거,남,39세,경상
2014062400100537,2014년 6월 24일 21시,화요일,인천광역시 계양구 계산동,경상사고,0,0,1,0,차대차 - 측면직각충돌,안전운전불이행,건조,맑음,교차로 - 교차로안,승합,남,53세,상해없음,승합,남,48세,경상
2014062400100568,2014년 6월 24일 22시,화요일,인천광역시 서구 신현동,경상사고,0,0,1,0,차대차 - 추돌 - 진행중,안전운전불이행,건조,흐림,단일로 - 기타,승용,남,29세,상해없음,승용,남,36세,경상
2014062500100017,2014년 6월 25일 00시,수요일,인천광역시 남동구 간석동,경상사고,0,0,1,0,차대차 - 측면직각충돌,안전운전불이행,건조,맑음,교차로 - 교차로안,승용,남,61세,상해없음,승용,여,39세,경상
2014062500100018,2014년 6월 25일 00시,수요일,인천광역시 계양구 계산동,경상사고,0,0,1,0,차대사람 - 기타,안전운전불이행,건조,맑음,단일로 - 기타,승용,남,53세,상해없음,보행자,남,31세,경상
2014062500100047,2014년 6월 25일 02시,수요일,인천광역시 서구 심곡동,중상사고,0,1,0,0,차대사람 - 기타,안전운전불이행,건조,맑음,단일로 - 기타,승용,여,41세,상해없음,보행자,남,29세,중상
2014062500100052,2014년 6월 25일 03시,수요일,인천광역시 부평구 십정동,중상사고,0,2,0,0,차대차 - 측면직각충돌,안전운전불이행,건조,맑음,교차로 - 교차로부근,승용,남,55세,상해없음,원동기,남,23세,중상
2014062500100069,2014년 6월 25일 05시,수요일,인천광역시 남동구 논현동,경상사고,0,0,1,0,차대사람 - 기타,안전운전불이행,건조,맑음,단일로 - 기타,승합,남,62세,상해없음,보행자,여,62세,경상
2014062500100070,2014년 6월 25일 05시,수요일,인천광역시 서구 심곡동,중상사고,0,1,1,0,차량단독 - 공작물충돌,안전운전불이행,건조,맑음,단일로 - 기타,원동기,남,17세,중상,,,,
2014062500100170,2014년 6월 25일 09시,수요일,인천광역시 남구 용현동,경상사고,0,0,1,0,차대차 - 기타,안전운전불이행,건조,맑음,기타 - 기타,승용,남,61세,상해없음,승용,남,64세,경상
2014062500100171,2014년 6월 25일 09시,수요일,인천광역시 남동구 도림동,경상사고,0,0,1,0,차대차 - 기타,신호위반,건조,맑음,교차로 - 교차로안,승용,남,70세,상해없음,승용,여,30세,경상
2014062500100201,2014년 6월 25일 10시,수요일,인천광역시 남구 숭의동,경상사고,0,0,1,0,차대차 - 기타,중앙선침범,건조,맑음,기타 - 기타,승용,남,43세,상해없음,자전거,남,29세,경상
2014062500100233,2014년 6월 25일 11시,수요일,인천광역시 부평구 청천동,중상사고,0,1,0,0,차대차 - 측면직각충돌,안전운전불이행,건조,맑음,교차로 - 교차로안,승용,여,50세,상해없음,승용,남,42세,중상
2014062500100234,2014년 6월 25일 11시,수요일,인천광역시 남동구 간석동,중상사고,0,2,2,0,차대차 - 기타,신호위반,건조,맑음,단일로 - 기타,화물,남,48세,상해없음,승용,여,63세,중상
2014062500100261,2014년 6월 25일 12시,수요일,인천광역시 남구 도화동,경상사고,0,0,1,0,차대사람 - 기타,안전운전불이행,건조,맑음,단일로 - 기타,화물,남,50세,상해없음,보행자,여,84세,경상
2014062500100297,2014년 6월 25일 13시,수요일,인천광역시 계양구 갈현동,중상사고,0,1,0,0,차대사람 - 횡단중,신호위반,건조,맑음,단일로 - 횡단보도상,승용,여,62세,상해없음,보행자,여,22세,중상
2014062500100326,2014년 6월 25일 14시,수요일,인천광역시 남동구 고잔동,중상사고,0,1,0,0,차대차 - 기타,신호위반,건조,맑음,단일로 - 기타,승용,남,53세,상해없음,이륜,남,50세,중상
2014062500100327,2014년 6월 25일 14시,수요일,인천광역시 부평구 갈산동,중상사고,0,1,1,0,차대차 - 추돌 - 진행중,안전운전불이행,건조,맑음,미분류 - 미분류,승용,남,53세,상해없음,화물,남,62세,중상
2014062500100354,2014년 6월 25일 15시,수요일,인천광역시 부평구 청천동,경상사고,0,0,1,0,차대차 - 기타,안전운전불이행,건조,맑음,단일로 - 기타,승용,여,36세,상해없음,자전거,남,50세,경상
2014062500100355,2014년 6월 25일 15시,수요일,인천광역시 부평구 부평동,중상사고,0,1,0,0,차대사람 - 차도통행중,안전운전불이행,건조,맑음,단일로 - 기타,승용,여,51세,상해없음,보행자,남,63세,중상
2014062500100356,2014년 6월 25일 15시,수요일,인천광역시 부평구 산곡동,경상사고,0,0,1,0,차대사람 - 기타,안전운전불이행,건조,맑음,기타 - 기타,승용,남,24세,상해없음,보행자,남,67세,경상
2014062500100357,2014년 6월 25일 15시,수요일,인천광역시 남동구 서창동,경상사고,0,0,1,0,차대차 - 측면직각충돌,교차로운행방법위반,건조,맑음,교차로 - 교차로안,화물,남,49세,상해없음,승용,남,52세,경상
2014062500100358,2014년 6월 25일 15시,수요일,인천광역시 서구 경서동,중상사고,0,1,4,0,차대차 - 측면직각충돌,교차로운행방법위반,건조,맑음,교차로 - 교차로안,승용,여,28세,상해없음,승용,남,68세,중상
2014062500100359,2014년 6월 25일 15시,수요일,인천광역시 계양구 계산동,중상사고,0,1,2,0,차대차 - 측면직각충돌,안전거리미확보,건조,맑음,단일로 - 기타,승용,여,32세,상해없음,승용,남,30세,중상
2014062500100390,2014년 6월 25일 16시,수요일,인천광역시 계양구 계산동,경상사고,0,0,2,0,차대차 - 추돌 - 주정차중,안전운전불이행,건조,맑음,단일로 - 기타,화물,남,53세,상해없음,승용,남,41세,경상
2014062500100425,2014년 6월 25일 17시,수요일,인천광역시 남구 숭의동,경상사고,0,0,1,0,차대차 - 추돌 - 주정차중,안전운전불이행,건조,맑음,단일로 - 기타,승용,여,41세,상해없음,화물,남,36세,경상
2014062500100426,2014년 6월 25일 17시,수요일,인천광역시 계양구 계산동,경상사고,0,0,1,0,차대차 - 측면직각충돌,안전거리미확보,건조,맑음,교차로 - 교차로안,승용,여,25세,기타불명,승합,남,43세,경상
2014062500100464,2014년 6월 25일 18시,수요일,인천광역시 서구 연희동,부상신고사고,0,0,0,1,차대차 - 기타,안전운전불이행,기타,맑음,단일로 - 횡단보도상,승용,기타불명,기타불명,기타불명,자전거,남,11세,부상신고
2014062500100499,2014년 6월 25일 19시,수요일,인천광역시 부평구 청천동,중상사고,0,1,0,0,차대사람 - 횡단중,안전운전불이행,건조,맑음,단일로 - 기타,이륜,남,17세,상해없음,보행자,여,27세,중상
2014062500100573,2014년 6월 25일 21시,수요일,인천광역시 남구 숭의동,경상사고,0,0,1,0,차대차 - 측면직각충돌,신호위반,건조,맑음,교차로 - 교차로안,승용,남,58세,상해없음,승용,남,32세,경상
2014062500100630,2014년 6월 25일 23시,수요일,인천광역시 연수구 송도동,중상사고,0,1,0,0,차대차 - 기타,안전운전불이행,건조,맑음,단일로 - 기타,승용,남,34세,상해없음,자전거,여,26세,중상
2014062600100092,2014년 6월 26일 07시,목요일,인천광역시 부평구 산곡동,경상사고,0,0,2,0,차대차 - 측면직각충돌,안전운전불이행,건조,맑음,단일로 - 기타,승용,남,49세,상해없음,승용,남,31세,경상
2014062600100093,2014년 6월 26일 07시,목요일,인천광역시 계양구 작전동,경상사고,0,0,1,0,차대사람 - 횡단중,중앙선침범,건조,맑음,단일로 - 기타,자전거,기타불명,기타불명,기타불명,보행자,여,48세,경상
2014062600100131,2014년 6월 26일 08시,목요일,인천광역시 부평구 십정동,중상사고,0,1,0,0,차대사람 - 길가장자리구역통행중,안전운전불이행,건조,맑음,단일로 - 기타,승용,여,35세,상해없음,보행자,여,63세,중상
2014062600100132,2014년 6월 26일 08시,목요일,인천광역시 부평구 산곡동,경상사고,0,0,1,0,차대사람 - 횡단중,보행자보호의무위반,건조,맑음,단일로 - 횡단보도상,승용,남,50세,상해없음,보행자,여,40세,경상
2014062600100133,2014년 6월 26일 08시,목요일,인천광역시 서구 공촌동,경상사고,0,0,1,0,차대차 - 기타,안전거리미확보,건조,맑음,단일로 - 기타,승용,남,58세,상해없음,승용,남,36세,경상
2014062600100134,2014년 6월 26일 08시,목요일,인천광역시 남구 관교동,중상사고,0,1,0,0,차대사람 - 보도통행중,보행자보호의무위반,건조,맑음,단일로 - 횡단보도상,승합,남,51세,상해없음,보행자,여,40세,중상
2014062600100164,2014년 6월 26일 09시,목요일,인천광역시 중구 운서동,중상사고,0,1,2,0,차대차 - 기타,신호위반,건조,맑음,교차로 - 교차로안,승합,남,54세,상해없음,승용,여,30세,중상
2014062600100276,2014년 6월 26일 13시,목요일,인천광역시 부평구 부평동,중상사고,0,1,0,0,차대사람 - 횡단중,안전운전불이행,건조,맑음,교차로 - 교차로부근,승용,여,30세,상해없음,보행자,여,71세,중상
2014062600100305,2014년 6월 26일 14시,목요일,인천광역시 부평구 십정동,중상사고,0,1,0,0,차대차 - 측면직각충돌,안전운전불이행,건조,맑음,단일로 - 기타,승용,남,45세,상해없음,원동기,남,64세,중상
2014062600100327,2014년 6월 26일 15시,목요일,인천광역시 남구 주안동,경상사고,0,0,1,0,차대사람 - 차도통행중,안전운전불이행,건조,맑음,단일로 - 기타,승용,남,58세,상해없음,보행자,여,44세,경상
2014062600100328,2014년 6월 26일 15시,목요일,인천광역시 남구 주안동,경상사고,0,0,1,0,차대차 - 추돌 - 진행중,안전운전불이행,건조,맑음,교차로 - 교차로안,화물,남,42세,상해없음,승합,여,34세,경상
2014062600100329,2014년 6월 26일 15시,목요일,인천광역시 부평구 부평동,경상사고,0,0,1,0,차대차 - 기타,안전운전불이행,건조,맑음,단일로 - 기타,승용,여,45세,상해없음,이륜,남,17세,경상
2014062600100371,2014년 6월 26일 16시,목요일,인천광역시 남동구 남촌동,경상사고,0,0,1,0,차대차 - 추돌 - 주정차중,안전운전불이행,건조,맑음,단일로 - 기타,승용,남,49세,상해없음,승용,남,44세,경상
2014062600100372,2014년 6월 26일 16시,목요일,인천광역시 계양구 효성동,중상사고,0,1,0,0,차대차 - 측면직각충돌,안전운전불이행,건조,맑음,교차로 - 교차로안,승용,남,67세,상해없음,이륜,남,29세,중상
2014062600100416,2014년 6월 26일 17시,목요일,인천광역시 남동구 간석동,중상사고,0,1,0,0,차대차 - 기타,안전운전불이행,건조,맑음,단일로 - 기타,승용,여,51세,상해없음,승용,여,28세,중상
2014062600100417,2014년 6월 26일 17시,목요일,인천광역시 서구 검암동,경상사고,0,0,1,0,차대차 - 추돌 - 진행중,안전운전불이행,건조,맑음,교차로 - 교차로부근,화물,남,70세,상해없음,승용,남,31세,경상
2014062600100490,2014년 6월 26일 19시,목요일,인천광역시 남구 주안동,경상사고,0,0,1,0,차대사람 - 횡단중,보행자보호의무위반,건조,맑음,교차로 - 교차로부근,승용,남,31세,상해없음,보행자,남,8세,경상
2014062600100491,2014년 6월 26일 19시,목요일,인천광역시 부평구 청천동,경상사고,0,0,1,0,차대차 - 추돌 - 주정차중,안전운전불이행,건조,맑음,교차로 - 교차로부근,승용,남,43세,상해없음,승용,남,48세,경상
2014062600100492,2014년 6월 26일 19시,목요일,인천광역시 서구 불로동,중상사고,0,1,0,0,차대사람 - 기타,안전운전불이행,건조,맑음,단일로 - 기타,화물,남,63세,상해없음,보행자,여,44세,중상
2014062600100493,2014년 6월 26일 19시,목요일,인천광역시 계양구 계산동,부상신고사고,0,0,0,1,차대사람 - 길가장자리구역통행중,안전운전불이행,건조,맑음,단일로 - 기타,승용,남,24세,상해없음,보행자,남,43세,부상신고
2014062600100520,2014년 6월 26일 20시,목요일,인천광역시 남동구 만수동,경상사고,0,0,1,0,차대사람 - 기타,안전운전불이행,건조,맑음,단일로 - 기타,승용,기타불명,기타불명,기타불명,보행자,남,61세,경상
2014062600100553,2014년 6월 26일 21시,목요일,인천광역시 남구 주안동,중상사고,0,1,0,0,차대차 - 측면직각충돌,안전운전불이행,건조,맑음,교차로 - 교차로안,승용,여,18세,상해없음,승용,남,53세,중상
2014062600100554,2014년 6월 26일 21시,목요일,인천광역시 남동구 간석동,중상사고,0,1,0,0,차대사람 - 기타,안전운전불이행,건조,맑음,교차로 - 교차로안,화물,남,65세,상해없음,보행자,남,43세,중상
2014062600100555,2014년 6월 26일 21시,목요일,인천광역시 서구 마전동,경상사고,0,0,1,0,차대사람 - 기타,안전운전불이행,건조,맑음,단일로 - 기타,승용,남,29세,상해없음,보행자,남,37세,경상
2014062600100556,2014년 6월 26일 21시,목요일,인천광역시 계양구 계산동,경상사고,0,0,1,0,차대차 - 측면직각충돌,중앙선침범,건조,맑음,교차로 - 교차로부근,승용,남,68세,상해없음,이륜,남,39세,경상
2014062600100583,2014년 6월 26일 22시,목요일,인천광역시 부평구 십정동,경상사고,0,0,1,0,차대사람 - 기타,안전운전불이행,건조,맑음,교차로 - 교차로부근,승용,남,46세,상해없음,보행자,여,33세,경상
2014062700100051,2014년 6월 27일 04시,금요일,인천광역시 서구 석남동,경상사고,0,0,2,0,차량단독 - 공작물충돌,기타,건조,맑음,단일로 - 기타,승용,남,56세,상해없음,,,,
2014062700100052,2014년 6월 27일 04시,금요일,인천광역시 서구 마전동,경상사고,0,0,2,0,차대사람 - 기타,안전운전불이행,건조,맑음,기타 - 기타,승용,남,71세,상해없음,보행자,남,37세,경상
2014062700100063,2014년 6월 27일 05시,금요일,인천광역시 서구 심곡동,경상사고,0,0,1,0,차대차 - 측면직각충돌,안전운전불이행,건조,맑음,교차로 - 교차로안,승용,여,46세,상해없음,승용,남,54세,경상
2014062700100105,2014년 6월 27일 07시,금요일,인천광역시 남동구 만수동,경상사고,0,0,1,0,차대사람 - 횡단중,안전운전불이행,건조,맑음,단일로 - 기타,승용,남,28세,상해없음,보행자,여,18세,경상
2014062700100106,2014년 6월 27일 07시,금요일,인천광역시 서구 검암동,경상사고,0,0,1,0,차량단독 - 전도전복,안전운전불이행,건조,맑음,교차로 - 교차로부근,이륜,남,17세,상해없음,,,,
2014062700100107,2014년 6월 27일 07시,금요일,인천광역시 서구 석남동,경상사고,0,0,1,0,차대차 - 기타,교차로운행방법위반,건조,맑음,교차로 - 교차로안,특수,남,55세,기타불명,승용,여,48세,경상
2014062700100108,2014년 6월 27일 07시,금요일,인천광역시 강화군 길상면,경상사고,0,0,2,0,차대차 - 기타,안전운전불이행,건조,맑음,단일로 - 기타,승용,여,56세,상해없음,원동기,남,70세,경상
2014062700100109,2014년 6월 27일 07시,금요일,인천광역시 연수구 송도동,중상사고,0,1,0,0,차대차 - 기타,신호위반,건조,맑음,단일로 - 횡단보도상,승용,남,45세,상해없음,자전거,남,16세,중상
2014062700100155,2014년 6월 27일 08시,금요일,인천광역시 연수구 연수동,중상사고,0,1,0,0,차대차 - 기타,안전운전불이행,건조,맑음,단일로 - 기타,승용,여,40세,상해없음,승용,여,46세,중상
2014062700100238,2014년 6월 27일 11시,금요일,인천광역시 계양구 장기동,중상사고,0,1,0,0,차대차 - 측면직각충돌,안전운전불이행,건조,맑음,기타 - 기타,자전거,남,69세,상해없음,자전거,여,64세,중상
2014062700100280,2014년 6월 27일 13시,금요일,인천광역시 서구 석남동,경상사고,0,0,1,0,차대차 - 기타,안전운전불이행,건조,맑음,단일로 - 기타,자전거,남,13세,상해없음,자전거,남,13세,경상
2014062700100309,2014년 6월 27일 14시,금요일,인천광역시 부평구 부평동,경상사고,0,0,1,0,차대차 - 추돌 - 진행중,안전거리미확보,건조,맑음,단일로 - 기타,승용,여,44세,상해없음,승용,여,51세,경상
2014062700100346,2014년 6월 27일 15시,금요일,인천광역시 연수구 연수동,경상사고,0,0,2,0,차대차 - 측면직각충돌,중앙선침범,건조,맑음,단일로 - 기타,승용,여,45세,상해없음,승용,남,51세,경상
2014062700100423,2014년 6월 27일 17시,금요일,인천광역시 서구 공촌동,경상사고,0,0,3,0,차대차 - 기타,교차로운행방법위반,건조,맑음,교차로 - 교차로안,화물,남,54세,상해없음,승용,남,46세,경상