사고번호,사고일시,요일,시군구,사고내용,사망자수,중상자수,경상자수,부상신고자수,사고유형,법규위반,노면상태,기상상태,도로형태,가해운전자 차종,가해운전자 성별,가해운전자 연령,가해운전자 상해정도,피해운전자 차종,피해운전자 성별,피해운전자 연령,피해운전자 상해정도
2014062700100467,2014년 6월 27일 18시,금요일,인천광역시 계양구 효성동,경상사고,0,0,1,0,차대차 - 측면직각충돌,신호위반,건조,맑음,단일로 - 기타,원동기,여,45세,상해없음,자전거,남,15세,경상
2014062700100500,2014년 6월 27일 19시,금요일,인천광역시 남구 용현동,경상사고,0,0,1,0,차대사람 - 횡단중,보행자보호의무위반,건조,맑음,단일로 - 횡단보도상,승용,남,59세,상해없음,보행자,남,7세,경상
2014062700100539,2014년 6월 27일 20시,금요일,인천광역시 부평구 십정동,중상사고,0,1,0,0,차대사람 - 보도통행중,기타,건조,맑음,기타 - 기타,승용,여,57세,상해없음,보행자,남,36세,중상
2014062700100540,2014년 6월 27일 20시,금요일,인천광역시 계양구 박촌동,경상사고,0,0,1,0,차대차 - 측면직각충돌,안전운전불이행,건조,맑음,교차로 - 교차로안,승용,남,50세,상해없음,승용,여,49세,경상
2014062700100575,2014년 6월 27일 21시,금요일,인천광역시 계양구 계산동,경상사고,0,0,1,0,차대차 - 기타,안전운전불이행,건조,맑음,교차로 - 교차로안,승용,남,46세,상해없음,원동기,남,32세,경상
2014062700100576,2014년 6월 27일 21시,금요일,인천광역시 계양구 갈현동,경상사고,0,0,1,0,차대차 - 측면직각충돌,안전운전불이행,건조,맑음,단일로 - 기타,원동기,남,16세,상해없음,원동기,남,48세,경상
2014062700100577,2014년 6월 27일 21시,금요일,인천광역시 연수구 선학동,경상사고,0,0,1,0,차대차 - 추돌 - 진행중,교차로운행방법위반,건조,맑음,교차로 - 교차로부근,승용,남,37세,상해없음,승용,남,24세,경상
2014062700100613,2014년 6월 27일 22시,금요일,인천광역시 남동구 만수동,경상사고,0,0,1,0,차대차 - 측면직각충돌,안전운전불이행,건조,맑음,단일로 - 기타,이륜,남,17세,상해없음,승용,남,48세,상해없음
2014062700100642,2014년 6월 27일 23시,금요일,인천광역시 남동구 구월동,중상사고,0,1,0,0,차대사람 - 차도통행중,안전운전불이행,건조,맑음,교차로 - 교차로안,승용,남,58세,상해없음,보행자,여,39세,중상
2014062700100643,2014년 6월 27일 23시,금요일,인천광역시 연수구 옥련동,중상사고,0,1,1,0,차대차 - 기타,신호위반,건조,맑음,교차로 - 교차로안,승용,남,56세,경상,이륜,남,51세,중상
2014062700100644,2014년 6월 27일 23시,금요일,인천광역시 연수구 선학동,중상사고,0,1,0,0,차대차 - 기타,안전거리미확보,건조,맑음,교차로 - 교차로부근,승용,남,51세,상해없음,승용,여,49세,중상
2014062800100022,2014년 6월 28일 00시,토요일,인천광역시 부평구 부평동,중상사고,0,1,0,0,차대사람 - 기타,안전운전불이행,건조,맑음,단일로 - 기타,승용,여,47세,상해없음,보행자,남,68세,중상
2014062800100023,2014년 6월 28일 00시,토요일,인천광역시 서구 시천동,중상사고,0,4,2,0,차대차 - 추돌 - 진행중,과속,건조,맑음,미분류 - 미분류,승용,남,41세,중상,승용,남,26세,중상
2014062800100046,2014년 6월 28일 01시,토요일,인천광역시 남구 주안동,중상사고,0,1,0,0,차대차 - 기타,안전운전불이행,건조,맑음,단일로 - 기타,승용,남,55세,상해없음,이륜,남,19세,중상
2014062800100094,2014년 6월 28일 04시,토요일,인천광역시 부평구 부평동,사망사고,1,0,0,0,차대사람 - 횡단중,안전운전불이행,건조,맑음,단일로 - 기타,승용,남,40세,상해없음,보행자,여,72세,사망
2014062800100124,2014년 6월 28일 06시,토요일,인천광역시 서구 백석동,경상사고,0,0,1,0,차대차 - 측면직각충돌,교차로운행방법위반,건조,맑음,교차로 - 교차로안,승용,남,46세,상해없음,승용,남,47세,경상
2014062800100281,2014년 6월 28일 12시,토요일,인천광역시 서구 석남동,경상사고,0,0,2,0,차대차 - 기타,안전운전불이행,건조,맑음,단일로 - 기타,화물,남,50세,상해없음,승용,여,42세,경상
2014062800100320,2014년 6월 28일 13시,토요일,인천광역시 강화군 길상면,중상사고,0,1,0,0,차대차 - 기타,안전운전불이행,건조,맑음,단일로 - 기타,승합,남,51세,상해없음,화물,남,21세,상해없음
2014062800100321,2014년 6월 28일 13시,토요일,인천광역시 부평구 부개동,경상사고,0,0,1,0,차대차 - 기타,안전운전불이행,건조,맑음,교차로 - 교차로부근,이륜,남,17세,경상,승용,남,47세,상해없음
2014062800100351,2014년 6월 28일 14시,토요일,인천광역시 남동구 서창동,중상사고,0,1,0,0,차대차 - 측면직각충돌,안전운전불이행,건조,맑음,교차로 - 교차로부근,자전거,여,46세,중상,화물,남,58세,상해없음
2014062800100352,2014년 6월 28일 14시,토요일,인천광역시 남동구 간석동,중상사고,0,1,0,0,차대사람 - 기타,안전운전불이행,건조,맑음,단일로 - 기타,승합,남,57세,상해없음,보행자,여,51세,중상
2014062800100353,2014년 6월 28일 14시,토요일,인천광역시 강화군 송해면,중상사고,0,1,0,0,차대차 - 기타,안전운전불이행,건조,맑음,교차로 - 교차로안,승용,남,30세,상해없음,원동기,남,66세,중상
2014062800100384,2014년 6월 28일 15시,토요일,인천광역시 중구 운남동,중상사고,0,5,0,0,차대차 - 기타,중앙선침범,건조,맑음,단일로 - 기타,승용,남,33세,상해없음,승용,남,61세,중상
2014062800100385,2014년 6월 28일 15시,토요일,인천광역시 남구 용현동,경상사고,0,0,1,0,차대차 - 기타,중앙선침범,건조,맑음,단일로 - 기타,승용,기타불명,기타불명,기타불명,승용,남,29세,경상
2014062800100419,2014년 6월 28일 16시,토요일,인천광역시 부평구 부평동,경상사고,0,0,1,0,차대차 - 측면직각충돌,기타,건조,맑음,단일로 - 기타,승용,남,52세,상해없음,원동기,남,27세,경상
2014062800100420,2014년 6월 28일 16시,토요일,인천광역시 서구 연희동,경상사고,0,0,1,0,차대사람 - 횡단중,안전운전불이행,기타,맑음,단일로 - 횡단보도상,승용,여,46세,상해없음,보행자,남,9세,경상
2014062800100490,2014년 6월 28일 18시,토요일,인천광역시 남동구 간석동,경상사고,0,0,2,0,차대차 - 추돌 - 주정차중,안전거리미확보,건조,맑음,교차로 - 교차로부근,승용,남,25세,상해없음,승용,남,38세,경상
2014062800100491,2014년 6월 28일 18시,토요일,인천광역시 부평구 부평동,경상사고,0,0,3,1,차대차 - 측면직각충돌,교차로운행방법위반,건조,맑음,교차로 - 교차로안,이륜,남,21세,부상신고,승용,남,69세,경상
2014062800100513,2014년 6월 28일 19시,토요일,인천광역시 부평구 청천동,경상사고,0,0,1,0,차대사람 - 보도통행중,기타,건조,맑음,단일로 - 기타,원동기,남,16세,상해없음,보행자,여,6세,경상
2014062800100541,2014년 6월 28일 20시,토요일,인천광역시 남구 학익동,중상사고,0,1,0,0,차대차 - 기타,안전운전불이행,건조,맑음,교차로 - 교차로안,승용,남,52세,상해없음,원동기,남,44세,상해없음
2014062800100576,2014년 6월 28일 21시,토요일,인천광역시 남구 주안동,경상사고,0,0,1,0,차대사람 - 기타,안전운전불이행,건조,맑음,교차로 - 교차로부근,원동기,남,35세,상해없음,보행자,남,33세,경상
2014062800100577,2014년 6월 28일 21시,토요일,인천광역시 남동구 남촌동,경상사고,0,0,4,0,차대차 - 측면직각충돌,신호위반,건조,맑음,교차로 - 교차로안,승용,남,31세,경상,승용,여,58세,경상
2014062800100608,2014년 6월 28일 22시,토요일,인천광역시 중구 운서동,중상사고,0,2,0,0,차대차 - 측면직각충돌,직진우회전진행방해,건조,맑음,교차로 - 교차로안,화물,남,36세,중상,승용,남,37세,중상
2014062800100609,2014년 6월 28일 22시,토요일,인천광역시 남동구 간석동,경상사고,0,0,1,0,차대차 - 측면직각충돌,교차로운행방법위반,건조,맑음,교차로 - 교차로안,승용,남,50세,상해없음,이륜,남,18세,경상
2014062800100610,2014년 6월 28일 22시,토요일,인천광역시 강화군 강화읍,부상신고사고,0,0,0,1,차대사람 - 기타,안전운전불이행,건조,맑음,단일로 - 횡단보도부근,승용,남,37세,상해없음,보행자,남,53세,부상신고
2014062800100611,2014년 6월 28일 22시,토요일,인천광역시 연수구 옥련동,중상사고,0,1,0,0,차대사람 - 기타,안전운전불이행,건조,맑음,단일로 - 기타,승용,남,50세,상해없음,보행자,남,36세,중상
2014062800100612,2014년 6월 28일 22시,토요일,인천광역시 부평구 삼산동,중상사고,0,1,0,0,차대차 - 정면충돌,안전운전불이행,건조,맑음,단일로 - 기타,승용,남,48세,상해없음,승용,여,46세,중상
2014062800100645,2014년 6월 28일 23시,토요일,인천광역시 남동구 간석동,경상사고,0,0,2,0,차대차 - 측면직각충돌,신호위반,건조,맑음,교차로 - 교차로안,승용,여,20세,상해없음,승용,여,26세,경상
2014062900100045,2014년 6월 29일 01시,일요일,인천광역시 중구 중산동,중상사고,0,2,3,0,차대차 - 측면직각충돌,신호위반,건조,맑음,교차로 - 교차로안,승용,남,33세,상해없음,승용,남,33세,중상
2014062900100046,2014년 6월 29일 01시,일요일,인천광역시 서구 경서동,경상사고,0,0,2,0,차대차 - 추돌 - 주정차중,안전운전불이행,건조,맑음,교차로 - 교차로부근,승용,여,39세,상해없음,승용,남,57세,경상
2014062900100079,2014년 6월 29일 03시,일요일,인천광역시 계양구 작전동,경상사고,0,0,1,0,차대차 - 추돌 - 주정차중,안전운전불이행,건조,맑음,단일로 - 기타,승합,남,56세,상해없음,승용,남,57세,경상
2014062900100080,2014년 6월 29일 03시,일요일,인천광역시 부평구 부평동,경상사고,0,0,1,0,차대사람 - 기타,안전운전불이행,건조,맑음,단일로 - 기타,기타불명,기타불명,기타불명,기타불명,보행자,남,28세,경상
2014062900100095,2014년 6월 29일 04시,일요일,인천광역시 서구 원창동,경상사고,0,0,1,0,차대차 - 정면충돌,중앙선침범,건조,맑음,단일로 - 기타,승용,남,24세,상해없음,승용,남,29세,경상
2014062900100128,2014년 6월 29일 07시,일요일,인천광역시 부평구 갈산동,경상사고,0,0,2,0,차대차 - 측면직각충돌,신호위반,건조,맑음,교차로 - 교차로안,승용,남,50세,상해없음,승용,남,30세,경상
2014062900100170,2014년 6월 29일 09시,일요일,인천광역시 남구 주안동,중상사고,0,1,0,0,차대사람 - 횡단중,안전운전불이행,건조,맑음,단일로 - 기타,승용,여,47세,상해없음,보행자,남,15세,중상
2014062900100193,2014년 6월 29일 10시,일요일,인천광역시 남동구 논현동,경상사고,0,0,1,0,차대차 - 기타,신호위반,건조,맑음,교차로 - 교차로안,승용,여,35세,상해없음,승합,남,56세,상해없음
2014062900100212,2014년 6월 29일 11시,일요일,인천광역시 중구 을왕동,중상사고,0,2,0,0,차대차 - 추돌 - 진행중,직진우회전진행방해,건조,맑음,교차로 - 교차로안,승용,남,51세,상해없음,이륜,남,17세,중상
2014062900100261,2014년 6월 29일 13시,일요일,인천광역시 중구 인현동,경상사고,0,0,2,0,차대차 - 추돌 - 주정차중,안전운전불이행,건조,맑음,단일로 - 기타,승용,남,20세,상해없음,승용,남,27세,경상
2014062900100262,2014년 6월 29일 13시,일요일,인천광역시 남구 용현동,중상사고,0,1,0,0,차대차 - 추돌 - 주정차중,안전운전불이행,건조,맑음,단일로 - 기타,이륜,남,18세,상해없음,화물,남,45세,기타불명
2014062900100263,2014년 6월 29일 13시,일요일,인천광역시 서구 불로동,중상사고,0,1,0,0,차대사람 - 기타,안전운전불이행,건조,맑음,단일로 - 기타,자전거,남,9세,상해없음,보행자,남,8세,중상
2014062900100289,2014년 6월 29일 14시,일요일,인천광역시 남구 주안동,경상사고,0,0,2,0,차대차 - 측면직각충돌,신호위반,건조,맑음,교차로 - 교차로안,승용,남,23세,상해없음,승용,남,59세,경상
2014062900100290,2014년 6월 29일 14시,일요일,인천광역시 부평구 부평동,경상사고,0,0,4,0,차대차 - 기타,안전운전불이행,건조,맑음,단일로 - 기타,승용,남,52세,상해없음,이륜,남,22세,상해없음
2014062900100291,2014년 6월 29일 14시,일요일,인천광역시 부평구 삼산동,중상사고,0,1,0,0,차대차 - 측면직각충돌,중앙선침범,건조,맑음,단일로 - 기타,승용,여,54세,상해없음,승용,여,32세,중상
2014062900100395,2014년 6월 29일 17시,일요일,인천광역시 부평구 부평동,중상사고,0,1,0,0,차대사람 - 횡단중,보행자보호의무위반,건조,맑음,교차로 - 교차로안,승용,여,32세,상해없음,보행자,여,54세,중상
2014062900100424,2014년 6월 29일 18시,일요일,인천광역시 계양구 갈현동,경상사고,0,0,2,0,차대사람 - 길가장자리구역통행중,안전운전불이행,건조,맑음,단일로 - 기타,화물,남,39세,상해없음,보행자,여,73세,경상
2014062900100425,2014년 6월 29일 18시,일요일,인천광역시 연수구 동춘동,중상사고,0,1,0,0,차대차 - 기타,신호위반,건조,맑음,교차로 - 교차로안,승용,여,21세,상해없음,이륜,남,28세,중상
2014062900100453,2014년 6월 29일 19시,일요일,인천광역시 중구 인현동,경상사고,0,0,1,0,차대차 - 추돌 - 진행중,안전운전불이행,건조,맑음,교차로 - 교차로부근,원동기,남,19세,경상,승용,남,47세,상해없음
2014062900100492,2014년 6월 29일 21시,일요일,인천광역시 남구 주안동,경상사고,0,0,1,0,차대차 - 기타,안전운전불이행,건조,맑음,단일로 - 기타,승용,여,57세,상해없음,승용,남,51세,경상
2014062900100493,2014년 6월 29일 21시,일요일,인천광역시 부평구 부평동,경상사고,0,0,2,0,차대차 - 추돌 - 주정차중,안전운전불이행,건조,맑음,단일로 - 기타,승용,남,44세,상해없음,승용,남,28세,경상
2014062900100514,2014년 6월 29일 22시,일요일,인천광역시 서구 가정동,경상사고,0,0,1,0,차대차 - 추돌 - 진행중,안전운전불이행,건조,맑음,단일로 - 기타,승용,남,53세,상해없음,승용,남,19세,경상
2014062900100539,2014년 6월 29일 23시,일요일,인천광역시 중구 율목동,경상사고,0,0,1,0,차대사람 - 횡단중,안전운전불이행,건조,맑음,교차로 - 교차로부근,승용,남,37세,상해없음,보행자,남,57세,경상
2014062900100540,2014년 6월 29일 23시,일요일,인천광역시 남구 숭의동,경상사고,0,0,2,0,차대차 - 추돌 - 주정차중,안전운전불이행,건조,맑음,단일로 - 기타,승용,남,45세,상해없음,승용,남,29세,경상
2014063000100008,2014년 6월 30일 00시,월요일,인천광역시 남구 숭의동,중상사고,0,1,0,0,차대차 - 측면직각충돌,신호위반,건조,맑음,교차로 - 교차로안,승용,남,42세,상해없음,이륜,남,31세,중상
2014063000100019,2014년 6월 30일 01시,월요일,인천광역시 남동구 구월동,경상사고,0,0,1,0,차대차 - 기타,안전거리미확보,건조,맑음,단일로 - 기타,승용,남,33세,상해없음,승용,남,50세,경상
2014063000100029,2014년 6월 30일 02시,월요일,인천광역시 서구 경서동,중상사고,0,1,0,0,차대차 - 추돌 - 진행중,안전운전불이행,건조,맑음,교차로 - 교차로부근,승용,남,51세,상해없음,승용,남,35세,중상
2014063000100059,2014년 6월 30일 06시,월요일,인천광역시 서구 석남동,경상사고,0,0,1,0,차대차 - 추돌 - 진행중,안전운전불이행,건조,맑음,단일로 - 기타,승용,여,31세,상해없음,승합,남,51세,상해없음
2014063000100060,2014년 6월 30일 06시,월요일,인천광역시 계양구 계산동,중상사고,0,1,0,1,차대차 - 측면직각충돌,과속,건조,맑음,교차로 - 교차로부근,승용,남,43세,상해없음,승용,여,42세,중상
2014063000100091,2014년 6월 30일 07시,월요일,인천광역시 부평구 산곡동,경상사고,0,0,1,0,차대차 - 측면직각충돌,안전운전불이행,건조,맑음,단일로 - 기타,승용,남,48세,상해없음,화물,남,34세,경상
2014063000100162,2014년 6월 30일 09시,월요일,인천광역시 계양구 계산동,중상사고,0,1,0,0,차대사람 - 차도통행중,안전운전불이행,건조,맑음,단일로 - 기타,승합,남,55세,상해없음,보행자,여,70세,중상
2014063000100324,2014년 6월 30일 14시,월요일,인천광역시 연수구 선학동,경상사고,0,0,1,0,차대차 - 추돌 - 진행중,안전거리미확보,건조,맑음,단일로 - 기타,승용,남,53세,상해없음,승합,남,57세,경상
2014063000100363,2014년 6월 30일 15시,월요일,인천광역시 남구 용현동,경상사고,0,0,1,0,차대차 - 기타,안전운전불이행,건조,맑음,단일로 - 기타,승용,남,76세,상해없음,승용,여,46세,상해없음
2014063000100364,2014년 6월 30일 15시,월요일,인천광역시 남동구 운연동,경상사고,0,0,2,0,차대차 - 기타,안전운전불이행,건조,맑음,단일로 - 기타,승용,남,56세,상해없음,화물,남,21세,경상
2014063000100365,2014년 6월 30일 15시,월요일,인천광역시 서구 석남동,경상사고,0,0,1,0,차대차 - 기타,안전운전불이행,건조,맑음,단일로 - 기타,승용,남,75세,상해없음,이륜,남,30세,경상
2014063000100366,2014년 6월 30일 15시,월요일,인천광역시 부평구 부평동,경상사고,0,0,1,0,차대차 - 측면직각충돌,신호위반,건조,맑음,단일로 - 횡단보도상,이륜,남,16세,상해없음,자전거,남,25세,경상
2014063000100413,2014년 6월 30일 16시,월요일,인천광역시 서구 가좌동,경상사고,0,0,1,0,차대사람 - 기타,안전운전불이행,건조,맑음,교차로 - 교차로부근,승용,남,60세,상해없음,보행자,여,9세,경상
2014063000100448,2014년 6월 30일 17시,월요일,인천광역시 남동구 구월동,경상사고,0,0,1,0,차대사람 - 기타,안전운전불이행,건조,맑음,단일로 - 기타,승합,남,52세,상해없음,보행자,여,44세,경상
2014063000100449,2014년 6월 30일 17시,월요일,인천광역시 서구 원당동,경상사고,0,0,1,0,차대차 - 측면직각충돌,차로위반,건조,맑음,단일로 - 기타,승용,여,52세,상해없음,이륜,남,18세,경상
2014063000100450,2014년 6월 30일 17시,월요일,인천광역시 서구 가정동,경상사고,0,0,1,0,차대차 - 추돌 - 주정차중,안전운전불이행,건조,맑음,단일로 - 기타,승용,남,45세,상해없음,승용,남,42세,경상
2014063000100520,2014년 6월 30일 19시,월요일,인천광역시 남동구 고잔동,경상사고,0,0,1,0,차대차 - 기타,안전운전불이행,건조,맑음,교차로 - 교차로부근,화물,남,45세,상해없음,자전거,남,11세,경상
2014063000100521,2014년 6월 30일 19시,월요일,인천광역시 남동구 구월동,경상사고,0,0,1,0,차대차 - 기타,신호위반,건조,맑음,교차로 - 교차로부근,승용,여,50세,상해없음,화물,남,42세,경상
2014063000100552,2014년 6월 30일 20시,월요일,인천광역시 서구 석남동,중상사고,0,1,0,0,차대차 - 기타,안전운전불이행,건조,맑음,단일로 - 기타,승용,남,37세,상해없음,자전거,남,53세,중상
2014063000100589,2014년 6월 30일 21시,월요일,인천광역시 남구 주안동,부상신고사고,0,0,0,1,차대차 - 기타,불법유턴,건조,맑음,교차로 - 교차로안,자전거,남,15세,부상신고,승용,남,27세,상해없음
2014063000100625,2014년 6월 30일 22시,월요일,인천광역시 남동구 논현동,경상사고,0,0,1,0,차대차 - 기타,신호위반,건조,맑음,교차로 - 교차로안,승합,남,56세,상해없음,승용,남,33세,경상
2014063000100626,2014년 6월 30일 22시,월요일,인천광역시 계양구 계산동,부상신고사고,0,0,0,1,차대사람 - 횡단중,보행자보호의무위반,건조,맑음,단일로 - 기타,자전거,기타불명,기타불명,기타불명,보행자,여,53세,부상신고
2014070100100035,2014년 7월 1일 01시,화요일,인천광역시 부평구 부평동,경상사고,0,0,1,0,차대차 - 측면직각충돌,신호위반,건조,맑음,교차로 - 교차로안,승용,남,53세,상해없음,승용,남,49세,상해없음
2014070100100057,2014년 7월 1일 04시,화요일,인천광역시 남구 주안동,중상사고,0,1,0,0,차량단독 - 공작물충돌,안전운전불이행,건조,맑음,교차로 - 교차로부근,이륜,여,15세,상해없음,,,,
2014070100100058,2014년 7월 1일 04시,화요일,인천광역시 서구 가좌동,중상사고,0,1,0,0,차대차 - 기타,안전운전불이행,건조,맑음,단일로 - 기타,승용,여,69세,상해없음,원동기,남,16세,상해없음
2014070100100100,2014년 7월 1일 07시,화요일,인천광역시 중구 운서동,경상사고,0,0,2,0,차대차 - 추돌 - 진행중,안전운전불이행,건조,맑음,교차로 - 교차로부근,승용,남,54세,상해없음,승용,여,37세,경상
2014070100100101,2014년 7월 1일 07시,화요일,인천광역시 부평구 십정동,경상사고,0,0,1,0,차대차 - 기타,안전운전불이행,건조,맑음,단일로 - 기타,자전거,남,14세,경상,승합,남,53세,상해없음
2014070100100136,2014년 7월 1일 08시,화요일,인천광역시 남동구 고잔동,경상사고,0,0,1,0,차대차 - 측면직각충돌,안전운전불이행,건조,맑음,단일로 - 기타,승용,남,55세,상해없음,자전거,남,30세,경상
2014070100100137,2014년 7월 1일 08시,화요일,인천광역시 부평구 삼산동,경상사고,0,0,1,0,차대차 - 측면직각충돌,안전운전불이행,건조,맑음,단일로 - 기타,자전거,남,32세,경상,승용,여,56세,상해없음
2014070100100168,2014년 7월 1일 09시,화요일,인천광역시 동구 송림동,중상사고,0,1,0,0,차대차 - 추돌 - 진행중,안전운전불이행,건조,맑음,교차로 - 교차로부근,승용,남,46세,상해없음,자전거,남,62세,중상
2014070100100169,2014년 7월 1일 09시,화요일,인천광역시 서구 가좌동,경상사고,0,0,1,0,차대사람 - 기타,안전운전불이행,건조,맑음,기타 - 기타,승용,남,51세,상해없음,보행자,남,41세,경상
2014070100100195,2014년 7월 1일 10시,화요일,인천광역시 계양구 작전동,경상사고,0,0,2,0,차대차 - 측면직각충돌,안전거리미확보,건조,맑음,단일로 - 기타,승용,여,54세,상해없음,승용,남,29세,경상
2014070100100196,2014년 7월 1일 10시,화요일,인천광역시 계양구 방축동,경상사고,0,0,2,0,차대차 - 추돌 - 주정차중,안전운전불이행,건조,맑음,교차로 - 교차로부근,화물,남,46세,상해없음,화물,남,55세,상해없음
2014070100100217,2014년 7월 1일 11시,화요일,인천광역시 부평구 부평동,경상사고,0,0,1,0,차대사람 - 기타,안전운전불이행,건조,맑음,단일로 - 기타,승용,남,25세,상해없음,보행자,여,55세,경상
2014070100100231,2014년 7월 1일 12시,화요일,인천광역시 강화군 길상면,중상사고,0,1,0,0,차대차 - 기타,중앙선침범,건조,맑음,단일로 - 기타,승용,여,59세,상해없음,원동기,남,72세,중상
2014070100100278,2014년 7월 1일 14시,화요일,인천광역시 남동구 남촌동,중상사고,0,2,0,0,차대차 - 측면직각충돌,교차로운행방법위반,건조,맑음,교차로 - 교차로안,화물,남,55세,상해없음,이륜,남,23세,중상
2014070100100355,2014년 7월 1일 16시,화요일,인천광역시 부평구 청천동,경상사고,0,0,1,0,차대사람 - 차도통행중,중앙선침범,건조,맑음,단일로 - 기타,자전거,남,34세,상해없음,보행자,남,30세,경상
2014070100100396,2014년 7월 1일 17시,화요일,인천광역시 남구 주안동,중상사고,0,1,0,0,차량단독 - 기타,기타,건조,맑음,단일로 - 기타,승합,여,49세,상해없음,,,,
2014070100100397,2014년 7월 1일 17시,화요일,인천광역시 부평구 부평동,부상신고사고,0,0,0,1,차대사람 - 횡단중,안전운전불이행,건조,맑음,단일로 - 기타,승용,남,29세,상해없음,보행자,남,7세,부상신고
2014070100100398,2014년 7월 1일 17시,화요일,인천광역시 서구 공촌동,경상사고,0,0,2,0,차대차 - 측면직각충돌,중앙선침범,건조,맑음,단일로 - 기타,승용,남,49세,상해없음,승용,여,29세,경상
2014070100100399,2014년 7월 1일 17시,화요일,인천광역시 연수구 송도동,경상사고,0,0,1,0,차대차 - 기타,신호위반,건조,맑음,교차로 - 교차로안,승합,남,51세,상해없음,자전거,남,11세,경상
2014070100100400,2014년 7월 1일 17시,화요일,인천광역시 부평구 부개동,경상사고,0,0,1,0,차대차 - 추돌 - 진행중,안전운전불이행,건조,맑음,단일로 - 기타,이륜,남,38세,경상,승합,남,37세,상해없음
2014070100100475,2014년 7월 1일 19시,화요일,인천광역시 부평구 산곡동,중상사고,0,1,0,0,차대사람 - 횡단중,안전운전불이행,건조,맑음,단일로 - 기타,승용,남,50세,상해없음,보행자,남,13세,중상
2014070100100505,2014년 7월 1일 20시,화요일,인천광역시 부평구 부평동,중상사고,0,1,0,0,차대차 - 기타,신호위반,건조,맑음,교차로 - 교차로부근,원동기,남,16세,상해없음,자전거,남,50세,중상
2014070100100506,2014년 7월 1일 20시,화요일,인천광역시 부평구 부평동,중상사고,0,1,0,0,차대사람 - 횡단중,안전운전불이행,건조,흐림,단일로 - 기타,이륜,남,32세,상해없음,보행자,여,80세,중상
2014070100100536,2014년 7월 1일 21시,화요일,인천광역시 남구 주안동,경상사고,0,0,1,0,차대차 - 기타,안전운전불이행,건조,흐림,교차로 - 교차로부근,승용,남,46세,상해없음,승용,여,45세,경상
2014070100100537,2014년 7월 1일 21시,화요일,인천광역시 연수구 동춘동,경상사고,0,0,1,0,차대차 - 기타,안전운전불이행,건조,맑음,교차로 - 교차로부근,이륜,남,64세,상해없음,자전거,남,18세,경상
2014070100100538,2014년 7월 1일 21시,화요일,인천광역시 부평구 부평동,경상사고,0,0,1,0,차대사람 - 기타,안전운전불이행,건조,맑음,단일로 - 기타,이륜,남,17세,상해없음,보행자,남,18세,경상
2014070100100577,2014년 7월 1일 23시,화요일,인천광역시 부평구 부평동,중상사고,0,1,0,0,차대사람 - 기타,안전운전불이행,건조,맑음,단일로 - 기타,승용,남,59세,상해없음,보행자,여,55세,중상
2014070200100026,2014년 7월 2일 01시,수요일,인천광역시 남구 용현동,중상사고,0,1,0,0,차대차 - 기타,과속,건조,맑음,교차로 - 교차로안,승용,남,23세,상해없음,화물,남,46세,중상
2014070200100056,2014년 7월 2일 05시,수요일,인천광역시 서구 가정동,중상사고,0,1,0,0,차대차 - 측면직각충돌,신호위반,건조,맑음,교차로 - 교차로안,승용,여,61세,상해없음,승용,남,61세,중상
2014070200100057,2014년 7월 2일 05시,수요일,인천광역시 연수구 송도동,경상사고,0,0,1,0,차대차 - 기타,신호위반,건조,맑음,교차로 - 교차로안,화물,남,56세,상해없음,자전거,여,26세,경상
2014070200100089,2014년 7월 2일 07시,수요일,인천광역시 동구 화평동,경상사고,0,0,1,0,차대차 - 기타,신호위반,습기,맑음,교차로 - 교차로안,화물,여,69세,상해없음,승용,여,55세,경상
2014070200100090,2014년 7월 2일 07시,수요일,인천광역시 계양구 효성동,중상사고,0,1,0,0,차대차 - 측면직각충돌,신호위반,건조,맑음,교차로 - 교차로안,승용,남,47세,상해없음,승용,남,49세,중상
2014070200100126,2014년 7월 2일 08시,수요일,인천광역시 남동구 고잔동,경상사고,0,0,1,0,차대사람 - 기타,안전운전불이행,건조,맑음,단일로 - 기타,화물,남,52세,상해없음,보행자,남,53세,경상
2014070200100127,2014년 7월 2일 08시,수요일,인천광역시 남동구 고잔동,경상사고,0,0,1,0,차대차 - 측면직각충돌,신호위반,건조,맑음,교차로 - 교차로안,승용,남,30세,상해없음,승용,여,33세,경상
2014070200100162,2014년 7월 2일 09시,수요일,인천광역시 남구 문학동,경상사고,0,0,1,0,차대사람 - 횡단중,보행자보호의무위반,건조,맑음,단일로 - 횡단보도상,승용,남,54세,기타불명,보행자,여,75세,경상
2014070200100163,2014년 7월 2일 09시,수요일,인천광역시 서구 가좌동,사망사고,1,0,0,0,차대사람 - 길가장자리구역통행중,안전운전불이행,건조,맑음,교차로 - 교차로부근,화물,남,28세,상해없음,보행자,남,57세,사망
2014070200100164,2014년 7월 2일 09시,수요일,인천광역시 강화군 강화읍,중상사고,0,1,0,0,차대차 - 측면직각충돌,신호위반,건조,맑음,교차로 - 교차로부근,화물,남,41세,상해없음,원동기,남,77세,중상
2014070200100226,2014년 7월 2일 11시,수요일,인천광역시 계양구 동양동,경상사고,0,0,1,0,차대사람 - 기타,안전운전불이행,건조,맑음,단일로 - 기타,승용,남,44세,상해없음,보행자,여,54세,경상
2014070200100317,2014년 7월 2일 14시,수요일,인천광역시 연수구 송도동,경상사고,0,0,1,0,차대차 - 기타,안전운전불이행,건조,맑음,교차로 - 교차로안,승용,여,56세,상해없음,자전거,남,13세,경상