사고번호,사고일시,요일,시군구,사고내용,사망자수,중상자수,경상자수,부상신고자수,사고유형,법규위반,노면상태,기상상태,도로형태,가해운전자 차종,가해운전자 성별,가해운전자 연령,가해운전자 상해정도,피해운전자 차종,피해운전자 성별,피해운전자 연령,피해운전자 상해정도
2014070200100340,2014년 7월 2일 15시,수요일,인천광역시 남동구 간석동,중상사고,0,1,1,0,차대차 - 기타,교차로운행방법위반,건조,맑음,교차로 - 교차로안,승용,남,55세,상해없음,승용,여,54세,중상
2014070200100379,2014년 7월 2일 16시,수요일,인천광역시 계양구 작전동,중상사고,0,1,0,0,차대차 - 측면직각충돌,안전운전불이행,건조,맑음,단일로 - 기타,승용,남,22세,상해없음,승용,여,29세,중상
2014070200100412,2014년 7월 2일 17시,수요일,인천광역시 중구 항동7가,중상사고,0,1,0,0,차대사람 - 횡단중,보행자보호의무위반,건조,맑음,단일로 - 횡단보도상,승합,남,65세,상해없음,보행자,남,8세,중상
2014070200100494,2014년 7월 2일 19시,수요일,인천광역시 남동구 논현동,경상사고,0,0,1,0,차대차 - 기타,안전운전불이행,건조,맑음,단일로 - 횡단보도상,승용,남,41세,기타불명,자전거,남,13세,경상
2014070200100592,2014년 7월 2일 21시,수요일,인천광역시 남동구 만수동,경상사고,0,0,1,0,차량단독 - 공작물충돌,과속,습기,비,단일로 - 기타,승용,남,55세,상해없음,,,,
2014070200100593,2014년 7월 2일 21시,수요일,인천광역시 연수구 연수동,경상사고,0,0,1,0,차대사람 - 기타,교차로운행방법위반,건조,맑음,교차로 - 교차로안,승용,남,53세,상해없음,보행자,남,44세,경상
2014070200100648,2014년 7월 2일 22시,수요일,인천광역시 남동구 도림동,경상사고,0,0,1,0,차대차 - 측면직각충돌,안전운전불이행,건조,맑음,단일로 - 기타,승용,여,46세,상해없음,화물,남,36세,경상
2014070200100649,2014년 7월 2일 22시,수요일,인천광역시 연수구 옥련동,경상사고,0,0,1,0,차대차 - 추돌 - 진행중,안전거리미확보,습기,비,교차로 - 교차로부근,승용,남,49세,상해없음,승용,여,25세,경상
2014070200100690,2014년 7월 2일 23시,수요일,인천광역시 남동구 만수동,경상사고,0,0,2,0,차대차 - 추돌 - 주정차중,안전운전불이행,건조,맑음,교차로 - 교차로부근,승용,남,56세,상해없음,승용,남,58세,경상
2014070200100691,2014년 7월 2일 23시,수요일,인천광역시 남동구 간석동,경상사고,0,0,1,0,차대차 - 측면직각충돌,안전운전불이행,습기,비,교차로 - 교차로부근,승용,남,30세,상해없음,원동기,남,21세,경상
2014070300100028,2014년 7월 3일 00시,목요일,인천광역시 연수구 송도동,경상사고,0,0,1,0,차대사람 - 횡단중,안전운전불이행,건조,맑음,교차로 - 교차로부근,승용,남,44세,상해없음,보행자,남,53세,경상
2014070300100045,2014년 7월 3일 01시,목요일,인천광역시 부평구 청천동,경상사고,0,0,2,1,차대차 - 측면직각충돌,신호위반,건조,맑음,교차로 - 교차로안,승용,남,28세,부상신고,승용,남,47세,경상
2014070300100046,2014년 7월 3일 01시,목요일,인천광역시 남동구 간석동,사망사고,1,0,0,0,차대사람 - 기타,안전운전불이행,습기,흐림,단일로 - 기타,승용,남,58세,상해없음,보행자,남,52세,사망
2014070300100047,2014년 7월 3일 01시,목요일,인천광역시 연수구 연수동,경상사고,0,0,1,0,차대차 - 추돌 - 주정차중,안전운전불이행,습기,비,단일로 - 기타,승용,남,40세,상해없음,승용,남,45세,경상
2014070300100066,2014년 7월 3일 02시,목요일,인천광역시 부평구 갈산동,중상사고,0,1,0,0,차대차 - 측면직각충돌,교차로운행방법위반,습기,비,교차로 - 교차로안,승용,남,39세,상해없음,이륜,남,18세,중상
2014070300100105,2014년 7월 3일 06시,목요일,인천광역시 계양구 상야동,중상사고,0,1,0,0,차대차 - 측면직각충돌,안전운전불이행,습기,흐림,교차로 - 교차로안,화물,남,48세,상해없음,화물,남,53세,중상
2014070300100124,2014년 7월 3일 07시,목요일,인천광역시 남동구 고잔동,경상사고,0,0,1,0,차대차 - 추돌 - 진행중,안전거리미확보,습기,비,단일로 - 기타,승용,남,42세,상해없음,화물,남,59세,경상
2014070300100195,2014년 7월 3일 09시,목요일,인천광역시 서구 경서동,중상사고,0,1,0,0,차대차 - 기타,안전운전불이행,습기,비,단일로 - 기타,승용,남,53세,상해없음,승용,여,30세,중상
2014070300100249,2014년 7월 3일 11시,목요일,인천광역시 계양구 병방동,경상사고,0,0,1,0,차대차 - 추돌 - 진행중,안전거리미확보,습기,비,교차로 - 교차로부근,화물,남,39세,상해없음,승용,여,31세,경상
2014070300100250,2014년 7월 3일 11시,목요일,인천광역시 계양구 작전동,경상사고,0,0,1,0,차대차 - 측면직각충돌,안전운전불이행,습기,비,교차로 - 교차로안,승용,여,32세,상해없음,승용,여,27세,경상
2014070300100251,2014년 7월 3일 11시,목요일,인천광역시 부평구 부평동,중상사고,0,3,0,0,차대차 - 기타,신호위반,습기,비,교차로 - 교차로안,화물,남,50세,상해없음,승용,남,52세,중상
2014070300100252,2014년 7월 3일 11시,목요일,인천광역시 계양구 다남동,경상사고,0,0,2,0,차대차 - 기타,안전운전불이행,습기,비,단일로 - 기타,화물,남,36세,상해없음,화물,남,48세,경상
2014070300100286,2014년 7월 3일 12시,목요일,인천광역시 부평구 산곡동,경상사고,0,0,1,0,차대차 - 기타,안전운전불이행,습기,비,교차로 - 교차로부근,승용,여,58세,상해없음,이륜,남,33세,경상
2014070300100287,2014년 7월 3일 12시,목요일,인천광역시 남동구 간석동,중상사고,0,1,0,0,차대사람 - 기타,안전운전불이행,습기,비,단일로 - 기타,승용,남,53세,상해없음,보행자,여,78세,중상
2014070300100288,2014년 7월 3일 12시,목요일,인천광역시 연수구 청학동,경상사고,0,0,1,0,차대차 - 기타,안전운전불이행,습기,비,단일로 - 기타,승용,남,44세,상해없음,승용,남,68세,경상
2014070300100313,2014년 7월 3일 13시,목요일,인천광역시 남동구 고잔동,경상사고,0,0,1,0,차대차 - 정면충돌,안전운전불이행,습기,흐림,단일로 - 기타,승용,남,44세,상해없음,화물,남,66세,경상
2014070300100343,2014년 7월 3일 14시,목요일,인천광역시 남구 학익동,경상사고,0,0,1,0,차대차 - 추돌 - 진행중,안전운전불이행,습기,비,교차로 - 교차로부근,승용,남,30세,상해없음,승용,남,36세,경상
2014070300100384,2014년 7월 3일 15시,목요일,인천광역시 남동구 구월동,경상사고,0,0,1,0,차대차 - 추돌 - 주정차중,안전거리미확보,습기,비,교차로 - 교차로부근,원동기,남,30세,경상,승용,남,52세,상해없음
2014070300100385,2014년 7월 3일 15시,목요일,인천광역시 계양구 계산동,중상사고,0,1,0,0,차대사람 - 차도통행중,보행자보호의무위반,습기,비,단일로 - 횡단보도상,승용,남,75세,상해없음,보행자,여,53세,중상
2014070300100456,2014년 7월 3일 17시,목요일,인천광역시 계양구 작전동,경상사고,0,0,1,0,차대차 - 정면충돌,안전운전불이행,건조,맑음,교차로 - 교차로안,승용,남,53세,상해없음,승용,여,33세,경상
2014070300100489,2014년 7월 3일 18시,목요일,인천광역시 부평구 부평동,경상사고,0,0,1,0,차대차 - 추돌 - 진행중,안전운전불이행,건조,맑음,단일로 - 기타,화물,남,50세,상해없음,승용,남,66세,경상
2014070300100490,2014년 7월 3일 18시,목요일,인천광역시 남동구 구월동,중상사고,0,1,0,0,차대사람 - 기타,안전운전불이행,건조,맑음,단일로 - 기타,승용,남,19세,상해없음,보행자,남,65세,중상
2014070300100491,2014년 7월 3일 18시,목요일,인천광역시 연수구 송도동,중상사고,0,2,5,0,차대차 - 기타,교차로운행방법위반,건조,맑음,교차로 - 교차로안,승용,남,23세,경상,승합,남,54세,중상
2014070300100590,2014년 7월 3일 21시,목요일,인천광역시 남동구 만수동,경상사고,0,0,1,0,차대사람 - 보도통행중,신호위반,건조,맑음,교차로 - 교차로부근,이륜,남,16세,상해없음,보행자,남,26세,경상
2014070300100591,2014년 7월 3일 21시,목요일,인천광역시 계양구 계산동,경상사고,0,0,1,0,차대사람 - 횡단중,신호위반,건조,맑음,단일로 - 횡단보도상,승용,남,53세,상해없음,보행자,남,48세,경상
2014070300100652,2014년 7월 3일 23시,목요일,인천광역시 남구 문학동,경상사고,0,0,2,0,차대차 - 추돌 - 진행중,안전운전불이행,건조,맑음,단일로 - 기타,승합,남,34세,상해없음,화물,남,34세,경상
2014070400100015,2014년 7월 4일 00시,금요일,인천광역시 남구 주안동,중상사고,0,1,1,0,차대사람 - 횡단중,신호위반,건조,맑음,단일로 - 기타,승용,남,27세,상해없음,보행자,여,46세,중상
2014070400100076,2014년 7월 4일 05시,금요일,인천광역시 남동구 간석동,경상사고,0,0,2,0,차대차 - 기타,중앙선침범,건조,맑음,교차로 - 교차로부근,승용,남,60세,상해없음,승용,남,51세,경상
2014070400100077,2014년 7월 4일 05시,금요일,인천광역시 계양구 용종동,사망사고,1,0,0,0,차대사람 - 횡단중,보행자보호의무위반,건조,맑음,교차로 - 교차로부근,승합,남,65세,상해없음,보행자,여,66세,사망
2014070400100100,2014년 7월 4일 06시,금요일,인천광역시 부평구 부평동,경상사고,0,0,1,0,차대사람 - 기타,안전운전불이행,건조,맑음,단일로 - 기타,승용,남,27세,상해없음,보행자,남,61세,경상
2014070400100114,2014년 7월 4일 07시,금요일,인천광역시 계양구 계산동,경상사고,0,0,1,0,차대사람 - 길가장자리구역통행중,안전운전불이행,건조,맑음,교차로 - 교차로부근,화물,남,42세,상해없음,보행자,여,71세,경상
2014070400100153,2014년 7월 4일 08시,금요일,인천광역시 남구 주안동,경상사고,0,0,1,0,차대사람 - 기타,안전운전불이행,건조,맑음,단일로 - 기타,승합,남,49세,상해없음,보행자,여,57세,경상
2014070400100154,2014년 7월 4일 08시,금요일,인천광역시 남구 용현동,중상사고,0,1,0,0,차대사람 - 기타,안전운전불이행,건조,맑음,기타 - 기타,승용,남,40세,상해없음,보행자,여,56세,중상
2014070400100155,2014년 7월 4일 08시,금요일,인천광역시 부평구 산곡동,중상사고,0,1,0,0,차대사람 - 기타,보행자보호의무위반,건조,맑음,단일로 - 횡단보도상,자전거,남,28세,상해없음,보행자,남,8세,중상
2014070400100178,2014년 7월 4일 09시,금요일,인천광역시 연수구 연수동,경상사고,0,0,2,0,차대차 - 기타,교차로운행방법위반,건조,맑음,교차로 - 교차로안,승용,여,57세,상해없음,승용,남,30세,경상
2014070400100197,2014년 7월 4일 10시,금요일,인천광역시 중구 선린동,중상사고,0,1,0,0,차대차 - 측면직각충돌,안전운전불이행,건조,맑음,교차로 - 교차로안,이륜,남,59세,중상,승용,남,51세,상해없음
2014070400100198,2014년 7월 4일 10시,금요일,인천광역시 남동구 만수동,경상사고,0,0,2,0,차대차 - 측면직각충돌,안전운전불이행,건조,맑음,단일로 - 기타,승용,남,38세,상해없음,승합,남,53세,상해없음
2014070400100223,2014년 7월 4일 11시,금요일,인천광역시 부평구 십정동,경상사고,0,0,1,0,차대차 - 측면직각충돌,안전운전불이행,건조,맑음,교차로 - 교차로부근,승용,남,36세,상해없음,승용,남,59세,상해없음
2014070400100224,2014년 7월 4일 11시,금요일,인천광역시 서구 경서동,경상사고,0,0,1,0,차대차 - 기타,직진우회전진행방해,건조,맑음,교차로 - 교차로안,화물,남,30세,상해없음,이륜,남,27세,경상
2014070400100369,2014년 7월 4일 15시,금요일,인천광역시 계양구 작전동,경상사고,0,0,1,0,차대차 - 측면직각충돌,안전운전불이행,건조,맑음,단일로 - 기타,승용,남,58세,경상,승합,남,46세,상해없음
2014070400100411,2014년 7월 4일 16시,금요일,인천광역시 남구 주안동,경상사고,0,0,1,0,차대사람 - 횡단중,안전운전불이행,건조,맑음,교차로 - 교차로안,승용,여,37세,상해없음,보행자,남,73세,경상
2014070400100412,2014년 7월 4일 16시,금요일,인천광역시 계양구 효성동,경상사고,0,0,1,0,차대사람 - 기타,보행자보호의무위반,건조,맑음,교차로 - 교차로부근,자전거,남,15세,상해없음,보행자,남,7세,경상
2014070400100413,2014년 7월 4일 16시,금요일,인천광역시 연수구 연수동,중상사고,0,1,0,0,차대차 - 기타,안전운전불이행,건조,맑음,교차로 - 교차로부근,승용,남,58세,상해없음,자전거,여,64세,중상
2014070400100463,2014년 7월 4일 17시,금요일,인천광역시 남구 도화동,경상사고,0,0,1,0,차대차 - 측면직각충돌,안전운전불이행,건조,맑음,단일로 - 기타,승용,남,31세,상해없음,승용,남,23세,경상
2014070400100464,2014년 7월 4일 17시,금요일,인천광역시 부평구 산곡동,경상사고,0,0,1,0,차대사람 - 길가장자리구역통행중,안전운전불이행,건조,맑음,단일로 - 기타,승용,여,54세,상해없음,보행자,남,55세,경상
2014070400100465,2014년 7월 4일 17시,금요일,인천광역시 부평구 부평동,중상사고,0,1,0,0,차대차 - 추돌 - 진행중,신호위반,건조,맑음,교차로 - 교차로안,승용,남,60세,상해없음,승용,남,46세,중상
2014070400100466,2014년 7월 4일 17시,금요일,인천광역시 연수구 선학동,경상사고,0,0,1,0,차대차 - 기타,안전거리미확보,건조,맑음,단일로 - 기타,승합,남,51세,상해없음,이륜,남,30세,상해없음
2014070400100526,2014년 7월 4일 18시,금요일,인천광역시 남동구 고잔동,중상사고,0,2,5,0,차대차 - 추돌 - 주정차중,안전운전불이행,건조,맑음,미분류 - 미분류,승용,여,31세,상해없음,승용,남,40세,중상
2014070400100527,2014년 7월 4일 18시,금요일,인천광역시 서구 가좌동,경상사고,0,0,3,0,차대차 - 측면직각충돌,신호위반,건조,맑음,교차로 - 교차로안,승용,남,57세,경상,승용,남,45세,경상
2014070400100528,2014년 7월 4일 18시,금요일,인천광역시 서구 석남동,부상신고사고,0,0,0,1,차대차 - 추돌 - 진행중,안전운전불이행,기타,맑음,단일로 - 기타,원동기,남,24세,기타불명,원동기,남,22세,부상신고
2014070400100601,2014년 7월 4일 20시,금요일,인천광역시 남동구 구월동,경상사고,0,0,1,0,차대사람 - 기타,안전운전불이행,건조,맑음,단일로 - 기타,이륜,남,15세,상해없음,보행자,남,41세,경상
2014070400100602,2014년 7월 4일 20시,금요일,인천광역시 남동구 간석동,중상사고,0,1,0,0,차대차 - 기타,기타,건조,맑음,교차로 - 교차로안,승용,여,43세,상해없음,승용,남,55세,상해없음
2014070400100644,2014년 7월 4일 21시,금요일,인천광역시 중구 항동7가,중상사고,0,1,7,1,차대차 - 추돌 - 주정차중,안전운전불이행,건조,맑음,교차로 - 교차로부근,화물,남,51세,상해없음,승합,남,46세,경상
2014070400100645,2014년 7월 4일 21시,금요일,인천광역시 중구 을왕동,중상사고,0,1,0,0,차대사람 - 차도통행중,과속,건조,맑음,단일로 - 기타,승용,남,61세,상해없음,보행자,남,55세,중상
2014070400100646,2014년 7월 4일 21시,금요일,인천광역시 중구 운서동,부상신고사고,0,0,0,1,차대사람 - 기타,안전운전불이행,건조,맑음,단일로 - 기타,승용,남,42세,상해없음,보행자,여,3세,부상신고
2014070400100647,2014년 7월 4일 21시,금요일,인천광역시 남구 용현동,중상사고,0,1,0,0,차대사람 - 횡단중,보행자보호의무위반,건조,맑음,교차로 - 교차로안,승용,남,40세,상해없음,보행자,남,32세,중상
2014070400100648,2014년 7월 4일 21시,금요일,인천광역시 연수구 연수동,경상사고,0,0,1,0,차대사람 - 차도통행중,안전운전불이행,건조,맑음,단일로 - 기타,승합,남,40세,상해없음,보행자,여,78세,경상
2014070400100686,2014년 7월 4일 22시,금요일,인천광역시 남구 학익동,경상사고,0,0,1,0,차대차 - 추돌 - 진행중,안전운전불이행,건조,맑음,단일로 - 기타,승용,기타불명,기타불명,기타불명,승용,여,42세,경상
2014070400100731,2014년 7월 4일 23시,금요일,인천광역시 남구 학익동,경상사고,0,0,8,0,차대차 - 기타,중앙선침범,건조,맑음,단일로 - 기타,승용,남,35세,상해없음,승용,남,47세,경상
2014070400100732,2014년 7월 4일 23시,금요일,인천광역시 남구 도화동,경상사고,0,0,1,0,차대차 - 추돌 - 진행중,신호위반,건조,맑음,교차로 - 교차로안,승용,기타불명,기타불명,기타불명,승용,남,59세,경상
2014070400100733,2014년 7월 4일 23시,금요일,인천광역시 남동구 간석동,중상사고,0,1,0,0,차대차 - 기타,교차로운행방법위반,건조,맑음,단일로 - 기타,승용,남,48세,상해없음,이륜,남,22세,중상
2014070500100028,2014년 7월 5일 00시,토요일,인천광역시 서구 석남동,경상사고,0,0,1,0,차대사람 - 횡단중,안전운전불이행,건조,맑음,단일로 - 기타,승용,남,49세,상해없음,보행자,남,23세,경상
2014070500100062,2014년 7월 5일 02시,토요일,인천광역시 남동구 운연동,중상사고,0,1,1,0,차대차 - 추돌 - 주정차중,안전거리미확보,건조,맑음,단일로 - 기타,승용,남,41세,경상,특수,남,38세,상해없음
2014070500100084,2014년 7월 5일 04시,토요일,인천광역시 남동구 간석동,중상사고,0,1,0,0,차대차 - 측면직각충돌,신호위반,건조,맑음,교차로 - 교차로안,승용,남,47세,상해없음,승용,남,36세,중상
2014070500100131,2014년 7월 5일 07시,토요일,인천광역시 연수구 동춘동,경상사고,0,0,1,0,차대차 - 기타,안전운전불이행,건조,맑음,교차로 - 교차로안,승용,남,64세,상해없음,자전거,여,70세,경상
2014070500100150,2014년 7월 5일 08시,토요일,인천광역시 남동구 간석동,부상신고사고,0,0,0,1,차대차 - 추돌 - 주정차중,안전운전불이행,건조,맑음,단일로 - 기타,승용,기타불명,기타불명,기타불명,승용,남,27세,부상신고
2014070500100224,2014년 7월 5일 11시,토요일,인천광역시 부평구 산곡동,경상사고,0,0,1,0,차대차 - 기타,기타,건조,맑음,교차로 - 교차로부근,승합,남,38세,상해없음,원동기,남,45세,경상
2014070500100225,2014년 7월 5일 11시,토요일,인천광역시 남동구 고잔동,중상사고,0,1,0,0,차대차 - 기타,교차로운행방법위반,건조,맑음,교차로 - 교차로안,이륜,남,32세,중상,승용,여,39세,상해없음
2014070500100226,2014년 7월 5일 11시,토요일,인천광역시 남동구 간석동,경상사고,0,0,1,0,차대차 - 측면직각충돌,직진우회전진행방해,건조,맑음,교차로 - 교차로안,승용,여,45세,상해없음,이륜,남,55세,경상
2014070500100257,2014년 7월 5일 12시,토요일,인천광역시 남동구 구월동,경상사고,0,0,1,0,차대사람 - 기타,안전운전불이행,건조,맑음,단일로 - 기타,승용,남,40세,상해없음,보행자,남,62세,경상
2014070500100258,2014년 7월 5일 12시,토요일,인천광역시 서구 가좌동,경상사고,0,0,1,0,차대차 - 기타,안전운전불이행,건조,맑음,교차로 - 교차로부근,승합,남,52세,상해없음,승용,남,64세,경상
2014070500100259,2014년 7월 5일 12시,토요일,인천광역시 연수구 옥련동,경상사고,0,0,1,0,차대차 - 추돌 - 진행중,안전거리미확보,건조,맑음,단일로 - 기타,원동기,남,18세,경상,화물,남,56세,상해없음
2014070500100350,2014년 7월 5일 15시,토요일,인천광역시 동구 화평동,중상사고,0,1,0,0,차대사람 - 기타,안전운전불이행,건조,맑음,단일로 - 기타,특수,남,33세,상해없음,보행자,여,45세,중상
2014070500100351,2014년 7월 5일 15시,토요일,인천광역시 부평구 삼산동,경상사고,0,0,2,0,차대차 - 측면직각충돌,안전거리미확보,건조,맑음,단일로 - 기타,승용,여,23세,상해없음,승용,여,51세,경상
2014070500100388,2014년 7월 5일 16시,토요일,인천광역시 부평구 부평동,경상사고,0,0,1,0,차대사람 - 기타,안전운전불이행,건조,맑음,단일로 - 기타,승용,남,47세,상해없음,보행자,여,53세,경상
2014070500100389,2014년 7월 5일 16시,토요일,인천광역시 남동구 간석동,경상사고,0,0,2,1,차대차 - 측면직각충돌,안전운전불이행,건조,맑음,단일로 - 기타,승용,여,54세,상해없음,승용,남,38세,경상
2014070500100427,2014년 7월 5일 17시,토요일,인천광역시 남동구 간석동,경상사고,0,0,3,0,차대차 - 추돌 - 진행중,안전운전불이행,건조,맑음,단일로 - 기타,승용,여,58세,경상,승용,남,27세,상해없음
2014070500100428,2014년 7월 5일 17시,토요일,인천광역시 연수구 송도동,중상사고,0,1,0,0,차대사람 - 횡단중,신호위반,건조,맑음,교차로 - 교차로안,이륜,남,16세,상해없음,보행자,여,22세,중상
2014070500100429,2014년 7월 5일 17시,토요일,인천광역시 부평구 부개동,경상사고,0,0,1,0,차대차 - 기타,안전운전불이행,건조,맑음,단일로 - 기타,승용,남,47세,상해없음,특수,남,32세,상해없음
2014070500100462,2014년 7월 5일 18시,토요일,인천광역시 중구 율목동,중상사고,0,1,0,0,차대사람 - 기타,안전운전불이행,건조,맑음,단일로 - 기타,기타불명,기타불명,기타불명,기타불명,보행자,남,8세,중상
2014070500100463,2014년 7월 5일 18시,토요일,인천광역시 서구 석남동,경상사고,0,0,1,0,차대차 - 추돌 - 주정차중,안전운전불이행,건조,맑음,단일로 - 기타,승용,남,53세,상해없음,화물,남,32세,경상
2014070500100520,2014년 7월 5일 20시,토요일,인천광역시 부평구 청천동,중상사고,0,1,1,0,차대차 - 기타,신호위반,건조,기타,교차로 - 교차로부근,원동기,남,18세,중상,승용,남,32세,상해없음
2014070500100559,2014년 7월 5일 21시,토요일,인천광역시 중구 항동7가,경상사고,0,0,7,0,차대차 - 추돌 - 주정차중,안전운전불이행,건조,맑음,교차로 - 교차로부근,승용,남,51세,상해없음,승용,남,62세,경상
2014070500100589,2014년 7월 5일 22시,토요일,인천광역시 부평구 갈산동,중상사고,0,1,0,0,차대차 - 측면직각충돌,안전거리미확보,건조,맑음,단일로 - 기타,승용,남,28세,상해없음,이륜,남,44세,중상
2014070500100612,2014년 7월 5일 23시,토요일,인천광역시 남구 도화동,경상사고,0,0,1,0,차대차 - 기타,안전운전불이행,건조,흐림,단일로 - 기타,승용,남,36세,상해없음,승용,남,67세,상해없음
2014070500100613,2014년 7월 5일 23시,토요일,인천광역시 남동구 장수동,경상사고,0,0,1,0,차대차 - 추돌 - 진행중,안전거리미확보,건조,흐림,단일로 - 기타,기타불명,기타불명,기타불명,기타불명,승용,남,32세,경상
2014070600100036,2014년 7월 6일 01시,일요일,인천광역시 남동구 간석동,중상사고,0,1,0,0,차대사람 - 횡단중,안전운전불이행,건조,맑음,교차로 - 교차로안,승용,남,66세,상해없음,보행자,남,21세,중상
2014070600100048,2014년 7월 6일 02시,일요일,인천광역시 부평구 부평동,경상사고,0,0,2,0,차대차 - 기타,안전거리미확보,건조,맑음,교차로 - 교차로부근,승용,남,29세,상해없음,승용,남,56세,경상
2014070600100078,2014년 7월 6일 04시,일요일,인천광역시 남구 주안동,중상사고,0,1,3,0,차대차 - 추돌 - 주정차중,안전운전불이행,건조,맑음,단일로 - 기타,승용,남,39세,상해없음,승용,남,46세,경상
2014070600100089,2014년 7월 6일 05시,일요일,인천광역시 서구 경서동,중상사고,0,1,0,0,차대차 - 기타,신호위반,건조,맑음,교차로 - 교차로안,승용,남,45세,상해없음,승합,남,56세,중상
2014070600100157,2014년 7월 6일 09시,일요일,인천광역시 부평구 산곡동,경상사고,0,0,1,0,차대차 - 기타,안전운전불이행,건조,맑음,단일로 - 기타,승용,남,40세,상해없음,자전거,남,10세,경상
2014070600100236,2014년 7월 6일 12시,일요일,인천광역시 부평구 산곡동,경상사고,0,0,1,0,차대차 - 정면충돌,신호위반,건조,맑음,교차로 - 교차로부근,승용,남,25세,상해없음,원동기,남,18세,경상
2014070600100261,2014년 7월 6일 13시,일요일,인천광역시 계양구 계산동,부상신고사고,0,0,0,1,차대차 - 추돌 - 주정차중,안전운전불이행,건조,맑음,교차로 - 교차로부근,승용,남,49세,상해없음,승용,남,58세,상해없음
2014070600100317,2014년 7월 6일 15시,일요일,인천광역시 계양구 병방동,경상사고,0,0,1,0,차대차 - 추돌 - 주정차중,안전운전불이행,건조,맑음,단일로 - 횡단보도부근,승용,남,27세,상해없음,승용,남,37세,상해없음
2014070600100318,2014년 7월 6일 15시,일요일,인천광역시 계양구 귤현동,경상사고,0,0,2,0,차대차 - 측면직각충돌,안전운전불이행,건조,맑음,단일로 - 기타,승용,남,34세,상해없음,승용,남,26세,경상
2014070600100355,2014년 7월 6일 16시,일요일,인천광역시 부평구 산곡동,중상사고,0,1,0,0,차대사람 - 횡단중,안전운전불이행,건조,맑음,단일로 - 기타,승용,여,54세,상해없음,보행자,남,8세,중상
2014070600100356,2014년 7월 6일 16시,일요일,인천광역시 남동구 만수동,중상사고,0,1,0,0,차대사람 - 횡단중,신호위반,건조,맑음,단일로 - 횡단보도상,승용,여,63세,상해없음,보행자,남,81세,중상
2014070600100396,2014년 7월 6일 17시,일요일,인천광역시 중구 신흥동1가,경상사고,0,0,1,0,차대차 - 기타,안전운전불이행,건조,맑음,단일로 - 기타,이륜,남,53세,상해없음,승용,남,52세,경상
2014070600100397,2014년 7월 6일 17시,일요일,인천광역시 서구 석남동,경상사고,0,0,3,0,차대차 - 측면직각충돌,안전운전불이행,건조,맑음,단일로 - 기타,승용,남,53세,상해없음,승용,남,35세,경상
2014070600100430,2014년 7월 6일 18시,일요일,인천광역시 남동구 간석동,경상사고,0,0,1,0,차대차 - 측면직각충돌,교차로운행방법위반,건조,맑음,교차로 - 교차로안,이륜,남,18세,경상,승용,남,53세,상해없음
2014070600100431,2014년 7월 6일 18시,일요일,인천광역시 남동구 간석동,부상신고사고,0,0,0,1,차대사람 - 기타,안전운전불이행,건조,맑음,단일로 - 기타,승용,남,75세,상해없음,보행자,남,19세,부상신고
2014070600100432,2014년 7월 6일 18시,일요일,인천광역시 계양구 계산동,중상사고,0,1,5,0,차대차 - 추돌 - 주정차중,안전운전불이행,건조,맑음,단일로 - 기타,승용,남,59세,상해없음,승용,남,56세,경상
2014070600100462,2014년 7월 6일 19시,일요일,인천광역시 부평구 십정동,경상사고,0,0,3,0,차대차 - 추돌 - 주정차중,신호위반,건조,맑음,교차로 - 교차로안,이륜,남,17세,기타불명,승용,남,32세,경상
2014070600100491,2014년 7월 6일 20시,일요일,인천광역시 부평구 부평동,중상사고,0,1,0,0,차대사람 - 기타,안전운전불이행,건조,맑음,단일로 - 기타,승용,남,54세,상해없음,보행자,남,2세,중상
2014070600100492,2014년 7월 6일 20시,일요일,인천광역시 연수구 연수동,경상사고,0,0,5,0,차대차 - 측면직각충돌,신호위반,건조,맑음,교차로 - 교차로안,승용,남,49세,상해없음,승용,남,38세,경상
2014070600100513,2014년 7월 6일 21시,일요일,인천광역시 남구 문학동,경상사고,0,0,1,0,차대차 - 측면직각충돌,안전운전불이행,건조,맑음,단일로 - 기타,승용,남,54세,상해없음,승용,여,36세,경상
2014070600100537,2014년 7월 6일 22시,일요일,인천광역시 계양구 계산동,중상사고,0,1,0,0,차대사람 - 기타,안전운전불이행,건조,맑음,교차로 - 교차로부근,승용,남,26세,상해없음,보행자,남,63세,중상
2014070600100538,2014년 7월 6일 22시,일요일,인천광역시 부평구 부평동,중상사고,0,1,1,0,차대사람 - 횡단중,교차로운행방법위반,건조,맑음,교차로 - 교차로안,이륜,남,23세,경상,보행자,남,8세,중상
2014070700100011,2014년 7월 7일 00시,월요일,인천광역시 남구 용현동,경상사고,0,0,1,0,차대차 - 기타,신호위반,건조,맑음,교차로 - 교차로안,승용,남,48세,상해없음,승용,남,31세,경상
2014070700100012,2014년 7월 7일 00시,월요일,인천광역시 계양구 계산동,경상사고,0,0,1,0,차대사람 - 보도통행중,기타,건조,맑음,교차로 - 교차로부근,승용,여,56세,상해없음,보행자,남,24세,경상
2014070700100031,2014년 7월 7일 02시,월요일,인천광역시 부평구 부평동,경상사고,0,0,1,0,차대차 - 추돌 - 주정차중,안전운전불이행,건조,맑음,단일로 - 기타,승용,남,29세,상해없음,승용,남,54세,경상
2014070700100070,2014년 7월 7일 06시,월요일,인천광역시 강화군 강화읍,중상사고,0,1,0,0,차대차 - 기타,안전운전불이행,건조,맑음,교차로 - 교차로안,화물,남,41세,상해없음,원동기,남,58세,중상
2014070700100071,2014년 7월 7일 06시,월요일,인천광역시 연수구 동춘동,사망사고,1,1,0,0,차대차 - 측면직각충돌,중앙선침범,건조,맑음,단일로 - 기타,승용,남,56세,사망,승용,여,35세,중상