사고번호,사고일시,요일,시군구,사고내용,사망자수,중상자수,경상자수,부상신고자수,사고유형,법규위반,노면상태,기상상태,도로형태,가해운전자 차종,가해운전자 성별,가해운전자 연령,가해운전자 상해정도,피해운전자 차종,피해운전자 성별,피해운전자 연령,피해운전자 상해정도
2014071700100413,2014년 7월 17일 16시,목요일,인천광역시 중구 신흥동3가,경상사고,0,0,1,0,차대사람 - 기타,안전운전불이행,건조,맑음,단일로 - 기타,승용,남,32세,상해없음,보행자,남,19세,경상
2014071700100458,2014년 7월 17일 17시,목요일,인천광역시 남동구 논현동,경상사고,0,0,2,0,차대차 - 추돌 - 주정차중,안전운전불이행,건조,맑음,교차로 - 교차로안,승용,여,47세,상해없음,승용,남,52세,경상
2014071700100459,2014년 7월 17일 17시,목요일,인천광역시 남동구 간석동,부상신고사고,0,0,0,1,차대사람 - 기타,안전운전불이행,건조,맑음,단일로 - 기타,승용,남,47세,기타불명,보행자,여,13세,부상신고
2014071700100460,2014년 7월 17일 17시,목요일,인천광역시 서구 왕길동,경상사고,0,0,1,0,차대차 - 추돌 - 주정차중,안전운전불이행,건조,맑음,단일로 - 기타,승용,남,56세,상해없음,승용,여,56세,경상
2014071700100572,2014년 7월 17일 20시,목요일,인천광역시 남동구 고잔동,중상사고,0,1,0,0,차대차 - 측면직각충돌,안전거리미확보,건조,흐림,단일로 - 기타,승용,남,18세,기타불명,승용,여,27세,중상
2014071700100573,2014년 7월 17일 20시,목요일,인천광역시 연수구 송도동,중상사고,0,1,0,0,차대차 - 측면직각충돌,신호위반,건조,맑음,교차로 - 교차로안,이륜,남,49세,중상,승용,남,32세,상해없음
2014071700100607,2014년 7월 17일 21시,목요일,인천광역시 부평구 삼산동,중상사고,0,1,0,0,차대사람 - 횡단중,안전운전불이행,건조,맑음,교차로 - 교차로안,승용,남,60세,상해없음,보행자,여,24세,중상
2014071700100637,2014년 7월 17일 22시,목요일,인천광역시 부평구 삼산동,경상사고,0,0,1,0,차대차 - 측면직각충돌,안전운전불이행,건조,맑음,교차로 - 교차로부근,승용,여,44세,상해없음,승용,남,56세,상해없음
2014071700100670,2014년 7월 17일 23시,목요일,인천광역시 부평구 부평동,경상사고,0,0,1,0,차대차 - 측면직각충돌,안전거리미확보,건조,맑음,단일로 - 기타,승용,남,22세,상해없음,승합,남,52세,경상
2014071700100671,2014년 7월 17일 23시,목요일,인천광역시 서구 경서동,경상사고,0,0,2,0,차대차 - 측면직각충돌,신호위반,건조,맑음,교차로 - 교차로안,화물,남,44세,상해없음,승용,남,47세,경상
2014071800100015,2014년 7월 18일 00시,금요일,인천광역시 남구 학익동,경상사고,0,0,1,0,차대차 - 기타,안전거리미확보,건조,맑음,단일로 - 기타,승용,남,47세,상해없음,승용,남,63세,경상
2014071800100016,2014년 7월 18일 00시,금요일,인천광역시 남동구 장수동,사망사고,1,0,0,0,차대사람 - 차도통행중,안전운전불이행,건조,흐림,단일로 - 기타,승용,남,48세,상해없음,보행자,남,67세,사망
2014071800100031,2014년 7월 18일 01시,금요일,인천광역시 서구 연희동,경상사고,0,0,3,0,차대사람 - 기타,안전운전불이행,건조,맑음,단일로 - 기타,승용,남,50세,상해없음,보행자,남,30세,경상
2014071800100032,2014년 7월 18일 01시,금요일,인천광역시 부평구 갈산동,경상사고,0,0,1,0,차대차 - 추돌 - 주정차중,안전운전불이행,건조,맑음,단일로 - 기타,화물,남,47세,상해없음,승용,남,48세,경상
2014071800100065,2014년 7월 18일 03시,금요일,인천광역시 계양구 계산동,경상사고,0,0,3,0,차대차 - 추돌 - 주정차중,안전운전불이행,건조,맑음,단일로 - 기타,승용,남,39세,상해없음,승용,남,59세,경상
2014071800100121,2014년 7월 18일 07시,금요일,인천광역시 남동구 서창동,경상사고,0,0,1,0,차대사람 - 기타,보행자보호의무위반,건조,맑음,교차로 - 교차로부근,승용,여,52세,상해없음,보행자,여,32세,경상
2014071800100122,2014년 7월 18일 07시,금요일,인천광역시 연수구 송도동,경상사고,0,0,1,0,차대차 - 기타,교차로운행방법위반,습기,비,교차로 - 교차로안,승용,남,63세,상해없음,승용,남,44세,상해없음
2014071800100192,2014년 7월 18일 09시,금요일,인천광역시 연수구 옥련동,경상사고,0,0,1,0,차대차 - 기타,신호위반,건조,맑음,교차로 - 교차로안,승용,남,78세,상해없음,승용,남,33세,경상
2014071800100304,2014년 7월 18일 13시,금요일,인천광역시 연수구 옥련동,경상사고,0,0,1,0,차대차 - 기타,신호위반,건조,맑음,교차로 - 교차로안,승용,여,47세,상해없음,승용,남,24세,경상
2014071800100341,2014년 7월 18일 14시,금요일,인천광역시 남구 숭의동,중상사고,0,1,0,0,차대차 - 측면직각충돌,신호위반,건조,맑음,교차로 - 교차로안,승용,여,78세,상해없음,이륜,남,47세,중상
2014071800100378,2014년 7월 18일 15시,금요일,인천광역시 부평구 구산동,경상사고,0,0,2,0,차대차 - 추돌 - 진행중,안전거리미확보,건조,맑음,단일로 - 기타,승용,남,41세,상해없음,승용,남,50세,경상
2014071800100424,2014년 7월 18일 16시,금요일,인천광역시 서구 가정동,경상사고,0,0,1,0,차대차 - 측면직각충돌,신호위반,건조,맑음,교차로 - 교차로안,승용,남,55세,상해없음,승용,여,38세,경상
2014071800100477,2014년 7월 18일 17시,금요일,인천광역시 남동구 장수동,경상사고,0,0,2,0,차대차 - 측면직각충돌,안전거리미확보,건조,맑음,교차로 - 교차로부근,승용,여,43세,경상,승용,남,25세,경상
2014071800100478,2014년 7월 18일 17시,금요일,인천광역시 남동구 만수동,경상사고,0,0,1,0,차대사람 - 횡단중,보행자보호의무위반,건조,맑음,단일로 - 횡단보도상,승용,여,32세,상해없음,보행자,여,72세,경상
2014071800100529,2014년 7월 18일 18시,금요일,인천광역시 남동구 구월동,경상사고,0,0,1,0,차대차 - 기타,안전운전불이행,건조,맑음,단일로 - 기타,승용,남,41세,상해없음,원동기,남,23세,경상
2014071800100530,2014년 7월 18일 18시,금요일,인천광역시 계양구 작전동,중상사고,0,1,0,0,차대차 - 기타,기타,건조,맑음,단일로 - 기타,승합,남,58세,상해없음,이륜,남,16세,상해없음
2014071800100604,2014년 7월 18일 20시,금요일,인천광역시 연수구 청학동,중상사고,0,1,0,0,차대차 - 추돌 - 주정차중,안전운전불이행,건조,맑음,교차로 - 교차로부근,승용,여,38세,상해없음,승용,남,44세,상해없음
2014071800100660,2014년 7월 18일 22시,금요일,인천광역시 남동구 만수동,경상사고,0,0,3,0,차대차 - 측면직각충돌,교차로운행방법위반,건조,맑음,교차로 - 교차로안,승용,남,52세,상해없음,승용,남,49세,경상
2014071800100661,2014년 7월 18일 22시,금요일,인천광역시 서구 가정동,경상사고,0,0,2,0,차대차 - 측면직각충돌,교차로운행방법위반,건조,맑음,교차로 - 교차로안,승용,남,44세,상해없음,승용,여,69세,경상
2014071800100710,2014년 7월 18일 23시,금요일,인천광역시 남구 주안동,경상사고,0,0,1,0,차대차 - 기타,안전운전불이행,건조,맑음,단일로 - 횡단보도상,승용,남,56세,상해없음,자전거,남,25세,경상
2014071800100711,2014년 7월 18일 23시,금요일,인천광역시 남동구 간석동,경상사고,0,0,1,0,차대차 - 측면직각충돌,안전운전불이행,건조,맑음,교차로 - 교차로부근,승용,남,50세,상해없음,승용,남,54세,경상
2014071800100712,2014년 7월 18일 23시,금요일,인천광역시 서구 마전동,중상사고,0,1,0,0,차대차 - 측면직각충돌,안전운전불이행,건조,맑음,단일로 - 기타,승용,남,32세,상해없음,원동기,남,51세,중상
2014071900100052,2014년 7월 19일 02시,토요일,인천광역시 부평구 청천동,중상사고,0,1,1,0,차대차 - 측면직각충돌,신호위반,건조,맑음,교차로 - 교차로부근,승용,남,32세,상해없음,승용,남,26세,중상
2014071900100092,2014년 7월 19일 04시,토요일,인천광역시 부평구 부평동,경상사고,0,0,1,0,차대차 - 측면직각충돌,중앙선침범,건조,흐림,단일로 - 기타,승용,여,57세,상해없음,승용,남,52세,경상
2014071900100183,2014년 7월 19일 09시,토요일,인천광역시 서구 석남동,경상사고,0,0,1,0,차대사람 - 기타,안전운전불이행,건조,맑음,단일로 - 기타,승용,여,54세,상해없음,보행자,남,14세,경상
2014071900100247,2014년 7월 19일 11시,토요일,인천광역시 중구 운서동,중상사고,0,1,2,0,차량단독 - 공작물충돌,안전운전불이행,건조,맑음,단일로 - 기타,승용,남,18세,상해없음,,,,
2014071900100248,2014년 7월 19일 11시,토요일,인천광역시 부평구 산곡동,부상신고사고,0,0,0,1,차대차 - 추돌 - 주정차중,안전거리미확보,건조,맑음,교차로 - 교차로부근,자전거,남,16세,부상신고,승용,남,26세,상해없음
2014071900100285,2014년 7월 19일 12시,토요일,인천광역시 강화군 선원면,부상신고사고,0,0,0,3,차대차 - 정면충돌,기타,건조,맑음,단일로 - 기타,승용,여,28세,부상신고,화물,남,76세,부상신고
2014071900100286,2014년 7월 19일 12시,토요일,인천광역시 부평구 갈산동,경상사고,0,0,2,0,차대차 - 추돌 - 진행중,안전운전불이행,건조,맑음,교차로 - 교차로안,승용,남,50세,상해없음,승용,여,32세,경상
2014071900100287,2014년 7월 19일 12시,토요일,인천광역시 계양구 다남동,중상사고,0,2,1,0,차대차 - 기타,안전운전불이행,건조,맑음,미분류 - 미분류,승용,여,25세,상해없음,승용,여,41세,중상
2014071900100326,2014년 7월 19일 13시,토요일,인천광역시 남동구 논현동,경상사고,0,0,1,0,차대차 - 측면직각충돌,안전운전불이행,건조,맑음,기타 - 기타,승용,여,41세,상해없음,승용,여,32세,경상
2014071900100499,2014년 7월 19일 18시,토요일,인천광역시 계양구 용종동,경상사고,0,0,1,0,차대차 - 측면직각충돌,안전운전불이행,건조,맑음,교차로 - 교차로안,승용,여,52세,상해없음,자전거,남,37세,경상
2014071900100568,2014년 7월 19일 20시,토요일,인천광역시 서구 석남동,중상사고,0,2,0,0,차대차 - 측면직각충돌,신호위반,건조,맑음,교차로 - 교차로안,승용,남,21세,중상,이륜,남,17세,중상
2014071900100653,2014년 7월 19일 23시,토요일,인천광역시 남동구 구월동,중상사고,0,1,0,0,차대사람 - 횡단중,안전운전불이행,건조,맑음,단일로 - 기타,승용,남,63세,상해없음,보행자,남,42세,중상
2014072000100096,2014년 7월 20일 06시,일요일,인천광역시 계양구 계산동,중상사고,0,1,0,0,차대차 - 측면직각충돌,중앙선침범,건조,맑음,단일로 - 기타,승용,남,28세,상해없음,승용,여,45세,중상
2014072000100097,2014년 7월 20일 06시,일요일,인천광역시 계양구 동양동,경상사고,0,0,1,0,차대차 - 추돌 - 진행중,안전운전불이행,건조,맑음,단일로 - 기타,승용,남,29세,상해없음,원동기,남,63세,경상
2014072000100111,2014년 7월 20일 08시,일요일,인천광역시 남동구 고잔동,중상사고,0,1,4,0,차대차 - 정면충돌,신호위반,건조,흐림,교차로 - 교차로안,승용,남,26세,상해없음,승용,남,56세,중상
2014072000100112,2014년 7월 20일 08시,일요일,인천광역시 남동구 구월동,중상사고,0,1,0,0,차대차 - 기타,안전운전불이행,건조,맑음,단일로 - 기타,화물,남,28세,상해없음,자전거,여,52세,중상
2014072000100177,2014년 7월 20일 11시,일요일,인천광역시 서구 석남동,중상사고,0,1,3,0,차대차 - 측면직각충돌,신호위반,건조,맑음,단일로 - 기타,승용,남,47세,상해없음,화물,남,51세,중상
2014072000100209,2014년 7월 20일 12시,일요일,인천광역시 부평구 부평동,경상사고,0,0,1,0,차대사람 - 기타,안전운전불이행,건조,맑음,단일로 - 기타,승용,남,55세,상해없음,보행자,남,23세,경상
2014072000100228,2014년 7월 20일 13시,일요일,인천광역시 부평구 청천동,경상사고,0,0,1,0,차대차 - 기타,안전운전불이행,건조,맑음,교차로 - 교차로부근,화물,남,57세,상해없음,자전거,남,49세,경상
2014072000100266,2014년 7월 20일 14시,일요일,인천광역시 남구 학익동,경상사고,0,0,1,0,차대차 - 기타,신호위반,건조,맑음,단일로 - 기타,승용,여,50세,상해없음,승용,남,38세,경상
2014072000100267,2014년 7월 20일 14시,일요일,인천광역시 서구 석남동,부상신고사고,0,0,0,1,차대사람 - 기타,안전운전불이행,건조,맑음,교차로 - 교차로안,승용,남,68세,상해없음,보행자,남,62세,부상신고
2014072000100268,2014년 7월 20일 14시,일요일,인천광역시 서구 검암동,경상사고,0,0,1,0,차대차 - 기타,중앙선침범,건조,맑음,단일로 - 기타,승용,남,69세,상해없음,이륜,남,45세,경상
2014072000100302,2014년 7월 20일 15시,일요일,인천광역시 서구 가정동,경상사고,0,0,2,0,차대차 - 추돌 - 주정차중,과속,건조,맑음,교차로 - 교차로안,승용,남,47세,상해없음,승용,남,54세,경상
2014072000100303,2014년 7월 20일 15시,일요일,인천광역시 연수구 선학동,경상사고,0,0,2,0,차대차 - 기타,안전운전불이행,건조,맑음,교차로 - 교차로안,승용,남,45세,상해없음,승용,남,51세,경상
2014072000100304,2014년 7월 20일 15시,일요일,인천광역시 부평구 부평동,중상사고,0,5,1,0,차대차 - 기타,안전운전불이행,건조,맑음,단일로 - 기타,승용,남,59세,중상,승용,남,40세,상해없음
2014072000100305,2014년 7월 20일 15시,일요일,인천광역시 부평구 삼산동,중상사고,0,1,1,0,차대차 - 추돌 - 주정차중,안전운전불이행,건조,맑음,교차로 - 교차로부근,승용,남,23세,상해없음,승용,여,31세,중상
2014072000100332,2014년 7월 20일 16시,일요일,인천광역시 남동구 고잔동,경상사고,0,0,1,0,차대차 - 정면충돌,신호위반,건조,맑음,교차로 - 교차로안,승용,남,44세,상해없음,승용,여,59세,경상
2014072000100381,2014년 7월 20일 18시,일요일,인천광역시 남동구 남촌동,경상사고,0,0,1,0,차대차 - 측면직각충돌,교차로운행방법위반,건조,맑음,교차로 - 교차로안,승용,남,29세,상해없음,승용,여,40세,경상
2014072000100398,2014년 7월 20일 19시,일요일,인천광역시 남구 용현동,경상사고,0,0,1,0,차대사람 - 차도통행중,안전운전불이행,건조,맑음,단일로 - 기타,승용,남,60세,상해없음,보행자,남,57세,경상
2014072000100399,2014년 7월 20일 19시,일요일,인천광역시 남동구 간석동,경상사고,0,0,1,0,차대사람 - 기타,안전운전불이행,건조,맑음,단일로 - 기타,승용,남,60세,상해없음,보행자,여,46세,경상
2014072000100400,2014년 7월 20일 19시,일요일,인천광역시 계양구 작전동,경상사고,0,0,1,0,차대차 - 측면직각충돌,안전운전불이행,건조,맑음,교차로 - 교차로안,승용,여,41세,상해없음,승용,남,31세,경상
2014072000100401,2014년 7월 20일 19시,일요일,인천광역시 강화군 양도면,경상사고,0,0,2,0,차대차 - 기타,안전운전불이행,건조,맑음,교차로 - 교차로부근,승용,남,51세,상해없음,승용,남,36세,경상
2014072000100435,2014년 7월 20일 20시,일요일,인천광역시 서구 가정동,경상사고,0,0,1,0,차대차 - 추돌 - 진행중,안전거리미확보,건조,맑음,단일로 - 기타,승용,남,27세,상해없음,승용,여,26세,경상
2014072000100436,2014년 7월 20일 20시,일요일,인천광역시 강화군 선원면,경상사고,0,0,4,1,차대차 - 추돌 - 주정차중,안전거리미확보,건조,맑음,단일로 - 기타,승합,남,58세,상해없음,승용,여,28세,경상
2014072000100464,2014년 7월 20일 21시,일요일,인천광역시 서구 석남동,중상사고,0,1,4,0,차대차 - 기타,안전운전불이행,건조,맑음,교차로 - 교차로부근,승용,남,22세,상해없음,승용,남,45세,경상
2014072100100017,2014년 7월 21일 01시,월요일,인천광역시 부평구 청천동,중상사고,0,2,1,0,차대차 - 측면직각충돌,신호위반,건조,맑음,교차로 - 교차로안,이륜,남,21세,중상,승용,남,53세,경상
2014072100100018,2014년 7월 21일 01시,월요일,인천광역시 남동구 구월동,중상사고,0,1,0,0,차대차 - 측면직각충돌,중앙선침범,건조,맑음,교차로 - 교차로안,승용,남,55세,상해없음,원동기,남,28세,중상
2014072100100019,2014년 7월 21일 01시,월요일,인천광역시 계양구 작전동,중상사고,0,3,0,0,차대차 - 측면직각충돌,신호위반,건조,맑음,교차로 - 교차로안,승용,남,25세,상해없음,승용,남,57세,중상
2014072100100048,2014년 7월 21일 04시,월요일,인천광역시 연수구 송도동,중상사고,0,2,0,0,차대차 - 추돌 - 주정차중,안전운전불이행,건조,맑음,단일로 - 횡단보도부근,승용,여,18세,상해없음,건설기계,남,65세,기타불명
2014072100100059,2014년 7월 21일 05시,월요일,인천광역시 남구 용현동,중상사고,0,1,0,0,차량단독 - 도로외이탈 - 기타,안전운전불이행,건조,맑음,교차로 - 교차로부근,화물,여,47세,중상,,,,
2014072100100088,2014년 7월 21일 07시,월요일,인천광역시 동구 송현동,중상사고,0,1,0,0,차대차 - 기타,안전운전불이행,건조,맑음,단일로 - 기타,승용,남,67세,상해없음,승용,남,45세,중상
2014072100100089,2014년 7월 21일 07시,월요일,인천광역시 남구 문학동,중상사고,0,1,0,0,차대차 - 추돌 - 진행중,중앙선침범,건조,맑음,단일로 - 기타,원동기,남,16세,상해없음,건설기계,남,49세,상해없음
2014072100100117,2014년 7월 21일 08시,월요일,인천광역시 부평구 부평동,중상사고,0,1,0,0,차대차 - 측면직각충돌,교차로운행방법위반,건조,맑음,교차로 - 교차로안,승용,남,70세,상해없음,자전거,여,38세,중상
2014072100100327,2014년 7월 21일 15시,월요일,인천광역시 남동구 고잔동,부상신고사고,0,0,0,1,차대사람 - 기타,안전운전불이행,건조,맑음,단일로 - 기타,승용,남,57세,상해없음,보행자,남,48세,부상신고
2014072100100368,2014년 7월 21일 16시,월요일,인천광역시 남동구 도림동,경상사고,0,0,2,0,차대차 - 측면직각충돌,안전거리미확보,건조,맑음,단일로 - 기타,승용,여,30세,경상,화물,남,72세,경상
2014072100100400,2014년 7월 21일 17시,월요일,인천광역시 동구 송림동,경상사고,0,0,1,0,차대사람 - 기타,안전운전불이행,건조,맑음,기타 - 기타,승용,남,48세,상해없음,보행자,남,41세,경상
2014072100100401,2014년 7월 21일 17시,월요일,인천광역시 남구 학익동,중상사고,0,1,0,0,차대사람 - 횡단중,안전운전불이행,건조,맑음,단일로 - 기타,원동기,남,45세,상해없음,보행자,남,50세,중상
2014072100100402,2014년 7월 21일 17시,월요일,인천광역시 남구 주안동,경상사고,0,0,1,0,차대사람 - 횡단중,보행자보호의무위반,건조,맑음,단일로 - 기타,승용,여,31세,상해없음,보행자,여,4세,경상
2014072100100442,2014년 7월 21일 18시,월요일,인천광역시 동구 송현동,중상사고,0,1,0,0,차대차 - 측면직각충돌,안전운전불이행,건조,맑음,교차로 - 교차로안,이륜,남,31세,중상,승용,남,46세,상해없음
2014072100100443,2014년 7월 21일 18시,월요일,인천광역시 부평구 부평동,경상사고,0,0,1,0,차대사람 - 기타,안전운전불이행,건조,맑음,단일로 - 기타,승용,남,22세,상해없음,보행자,남,24세,경상
2014072100100519,2014년 7월 21일 20시,월요일,인천광역시 남동구 간석동,경상사고,0,0,1,0,차대차 - 측면직각충돌,신호위반,건조,맑음,교차로 - 교차로안,승용,남,30세,상해없음,승용,남,63세,상해없음
2014072100100520,2014년 7월 21일 20시,월요일,인천광역시 남동구 구월동,경상사고,0,0,5,0,차대차 - 측면직각충돌,안전거리미확보,건조,맑음,교차로 - 교차로부근,승용,여,53세,상해없음,승용,여,42세,경상
2014072100100605,2014년 7월 21일 23시,월요일,인천광역시 부평구 부평동,경상사고,0,0,2,0,차대차 - 기타,안전운전불이행,건조,맑음,교차로 - 교차로부근,승용,남,52세,상해없음,승용,남,75세,경상
2014072200100040,2014년 7월 22일 03시,화요일,인천광역시 서구 당하동,경상사고,0,0,1,0,차대차 - 측면직각충돌,안전운전불이행,기타,기타,단일로 - 기타,승용,남,26세,상해없음,화물,남,61세,경상
2014072200100044,2014년 7월 22일 04시,화요일,인천광역시 서구 원창동,경상사고,0,0,1,0,차대차 - 측면직각충돌,신호위반,건조,맑음,교차로 - 교차로안,화물,남,67세,상해없음,승용,여,56세,경상
2014072200100064,2014년 7월 22일 06시,화요일,인천광역시 서구 연희동,경상사고,0,0,1,0,차대차 - 기타,안전운전불이행,건조,맑음,교차로 - 교차로부근,화물,남,44세,상해없음,건설기계,남,49세,경상
2014072200100130,2014년 7월 22일 08시,화요일,인천광역시 동구 송현동,중상사고,0,1,0,0,차대사람 - 횡단중,보행자보호의무위반,건조,맑음,교차로 - 교차로부근,승용,남,31세,상해없음,보행자,여,14세,중상
2014072200100131,2014년 7월 22일 08시,화요일,인천광역시 남구 숭의동,사망사고,1,0,0,0,차대사람 - 횡단중,보행자보호의무위반,건조,맑음,단일로 - 횡단보도상,화물,남,49세,상해없음,보행자,여,61세,사망
2014072200100132,2014년 7월 22일 08시,화요일,인천광역시 남동구 서창동,경상사고,0,0,1,0,차대차 - 측면직각충돌,안전운전불이행,건조,맑음,단일로 - 기타,승용,여,44세,경상,화물,남,37세,상해없음
2014072200100186,2014년 7월 22일 10시,화요일,인천광역시 중구 항동7가,경상사고,0,0,1,0,차대차 - 측면직각충돌,중앙선침범,건조,맑음,단일로 - 기타,승용,남,53세,상해없음,승용,남,43세,경상
2014072200100235,2014년 7월 22일 12시,화요일,인천광역시 계양구 서운동,부상신고사고,0,0,0,1,차대차 - 정면충돌,중앙선침범,건조,맑음,단일로 - 기타,자전거,남,48세,부상신고,승용,여,44세,상해없음
2014072200100292,2014년 7월 22일 14시,화요일,인천광역시 연수구 송도동,중상사고,0,1,0,0,차대차 - 기타,안전운전불이행,건조,맑음,단일로 - 기타,승용,여,28세,상해없음,이륜,남,34세,중상
2014072200100325,2014년 7월 22일 15시,화요일,인천광역시 계양구 작전동,중상사고,0,1,0,0,차대사람 - 기타,안전운전불이행,건조,흐림,교차로 - 교차로안,화물,남,53세,상해없음,보행자,여,70세,중상
2014072200100326,2014년 7월 22일 15시,화요일,인천광역시 계양구 계산동,경상사고,0,0,1,0,차대차 - 측면직각충돌,안전운전불이행,습기,비,교차로 - 교차로부근,승합,남,68세,상해없음,승용,남,29세,경상
2014072200100359,2014년 7월 22일 16시,화요일,인천광역시 서구 경서동,중상사고,0,1,0,0,차대차 - 측면직각충돌,교차로운행방법위반,건조,맑음,교차로 - 교차로안,승합,남,58세,상해없음,이륜,남,17세,중상
2014072200100360,2014년 7월 22일 16시,화요일,인천광역시 서구 경서동,중상사고,0,1,0,0,차대차 - 측면직각충돌,신호위반,건조,맑음,교차로 - 교차로안,승용,남,24세,상해없음,이륜,남,53세,중상
2014072200100434,2014년 7월 22일 18시,화요일,인천광역시 계양구 효성동,경상사고,0,0,3,0,차대차 - 측면직각충돌,안전운전불이행,습기,비,교차로 - 교차로안,승용,남,49세,상해없음,승용,남,30세,경상
2014072200100435,2014년 7월 22일 18시,화요일,인천광역시 연수구 옥련동,경상사고,0,0,1,0,차대차 - 기타,안전거리미확보,습기,비,교차로 - 교차로부근,화물,남,62세,상해없음,승용,남,61세,경상
2014072200100475,2014년 7월 22일 19시,화요일,인천광역시 강화군 강화읍,중상사고,0,2,0,0,차대차 - 측면직각충돌,안전운전불이행,습기,비,단일로 - 기타,승용,남,58세,상해없음,승용,남,55세,상해없음
2014072200100476,2014년 7월 22일 19시,화요일,인천광역시 부평구 삼산동,경상사고,0,0,1,0,차대차 - 측면직각충돌,안전운전불이행,습기,비,교차로 - 교차로안,화물,남,54세,상해없음,승용,남,50세,경상
2014072200100515,2014년 7월 22일 20시,화요일,인천광역시 동구 송현동,중상사고,0,1,0,0,차대차 - 측면직각충돌,안전운전불이행,습기,비,교차로 - 교차로안,승용,남,36세,상해없음,자전거,남,30세,중상
2014072200100517,2014년 7월 22일 20시,화요일,인천광역시 서구 경서동,경상사고,0,0,1,0,차대차 - 추돌 - 진행중,안전거리미확보,습기,맑음,단일로 - 기타,승용,남,42세,상해없음,승용,남,46세,경상
2014072200100518,2014년 7월 22일 20시,화요일,인천광역시 계양구 작전동,중상사고,0,1,0,0,차대차 - 측면직각충돌,교차로운행방법위반,습기,비,교차로 - 교차로안,기타불명,기타불명,기타불명,기타불명,이륜,남,37세,중상
2014072200100584,2014년 7월 22일 22시,화요일,인천광역시 부평구 청천동,경상사고,0,0,1,1,차대차 - 측면직각충돌,차로위반,습기,비,단일로 - 기타,승용,남,48세,부상신고,승합,남,57세,경상
2014072200100585,2014년 7월 22일 22시,화요일,인천광역시 계양구 용종동,중상사고,0,1,0,0,차대차 - 측면직각충돌,안전운전불이행,습기,비,교차로 - 교차로안,승용,여,36세,상해없음,승용,남,44세,중상
2014072200100609,2014년 7월 22일 23시,화요일,인천광역시 부평구 부평동,경상사고,0,0,1,0,차대차 - 추돌 - 주정차중,안전운전불이행,건조,맑음,교차로 - 교차로부근,승용,남,55세,상해없음,승용,남,50세,상해없음
2014072200100610,2014년 7월 22일 23시,화요일,인천광역시 남동구 만수동,중상사고,0,1,0,0,차대차 - 측면직각충돌,교차로운행방법위반,습기,비,교차로 - 교차로안,화물,남,52세,상해없음,이륜,남,16세,중상
2014072200100611,2014년 7월 22일 23시,화요일,인천광역시 남동구 간석동,경상사고,0,0,1,0,차대사람 - 기타,안전운전불이행,건조,맑음,단일로 - 기타,기타불명,기타불명,기타불명,기타불명,보행자,남,32세,경상
2014072300100018,2014년 7월 23일 00시,수요일,인천광역시 남동구 남촌동,경상사고,0,0,1,0,차대차 - 추돌 - 진행중,안전운전불이행,습기,비,단일로 - 기타,승용,남,54세,상해없음,승용,남,42세,경상
2014072300100028,2014년 7월 23일 01시,수요일,인천광역시 부평구 십정동,경상사고,0,0,2,0,차대사람 - 횡단중,보행자보호의무위반,습기,흐림,단일로 - 기타,승용,남,71세,상해없음,보행자,남,23세,경상
2014072300100029,2014년 7월 23일 01시,수요일,인천광역시 서구 신현동,중상사고,0,1,0,0,차대사람 - 횡단중,안전운전불이행,습기,비,단일로 - 횡단보도부근,승용,남,64세,상해없음,보행자,남,49세,중상
2014072300100046,2014년 7월 23일 02시,수요일,인천광역시 연수구 연수동,경상사고,0,0,2,0,차대차 - 측면직각충돌,신호위반,습기,비,교차로 - 교차로안,승용,여,52세,상해없음,승용,여,37세,경상
2014072300100087,2014년 7월 23일 05시,수요일,인천광역시 남동구 장수동,경상사고,0,0,1,0,차량단독 - 전도전복,안전운전불이행,습기,비,단일로 - 터널,화물,여,40세,상해없음,,,,
2014072300100127,2014년 7월 23일 07시,수요일,인천광역시 남구 용현동,중상사고,0,1,0,0,차대차 - 기타,교차로운행방법위반,습기,비,교차로 - 교차로안,승용,남,35세,상해없음,승합,남,48세,상해없음
2014072300100128,2014년 7월 23일 07시,수요일,인천광역시 부평구 산곡동,경상사고,0,0,2,0,차대차 - 기타,안전운전불이행,습기,비,단일로 - 기타,승용,남,52세,상해없음,승용,남,62세,경상
2014072300100154,2014년 7월 23일 08시,수요일,인천광역시 계양구 작전동,경상사고,0,0,1,0,차대차 - 추돌 - 주정차중,안전운전불이행,습기,비,교차로 - 교차로부근,승용,여,44세,상해없음,승용,남,57세,경상
2014072300100155,2014년 7월 23일 08시,수요일,인천광역시 부평구 부개동,경상사고,0,0,2,0,차대차 - 정면충돌,안전운전불이행,습기,비,단일로 - 기타,승합,남,43세,상해없음,승합,남,53세,상해없음
2014072300100199,2014년 7월 23일 10시,수요일,인천광역시 남동구 간석동,경상사고,0,0,1,0,차대차 - 기타,신호위반,건조,흐림,교차로 - 교차로안,화물,남,41세,상해없음,화물,남,42세,경상
2014072300100200,2014년 7월 23일 10시,수요일,인천광역시 서구 석남동,부상신고사고,0,0,0,1,차대사람 - 기타,안전운전불이행,건조,맑음,단일로 - 기타,기타불명,기타불명,기타불명,기타불명,보행자,남,60세,부상신고
2014072300100282,2014년 7월 23일 13시,수요일,인천광역시 남구 용현동,경상사고,0,0,3,0,차대차 - 기타,교차로운행방법위반,건조,맑음,교차로 - 교차로안,승용,여,39세,상해없음,승용,남,23세,경상