사고번호,사고일시,요일,시군구,사고내용,사망자수,중상자수,경상자수,부상신고자수,사고유형,법규위반,노면상태,기상상태,도로형태,가해운전자 차종,가해운전자 성별,가해운전자 연령,가해운전자 상해정도,피해운전자 차종,피해운전자 성별,피해운전자 연령,피해운전자 상해정도
2014072300100283,2014년 7월 23일 13시,수요일,인천광역시 남동구 만수동,경상사고,0,0,1,0,차대차 - 기타,교차로운행방법위반,건조,흐림,교차로 - 교차로안,승용,여,49세,상해없음,이륜,남,36세,경상
2014072300100284,2014년 7월 23일 13시,수요일,인천광역시 서구 가정동,경상사고,0,0,2,0,차대차 - 기타,안전거리미확보,건조,맑음,단일로 - 기타,승용,여,46세,상해없음,승합,남,67세,상해없음
2014072300100285,2014년 7월 23일 13시,수요일,인천광역시 부평구 부개동,경상사고,0,0,1,0,차량단독 - 기타,기타,건조,맑음,단일로 - 기타,승합,남,52세,기타불명,,,,
2014072300100346,2014년 7월 23일 15시,수요일,인천광역시 부평구 십정동,경상사고,0,0,1,0,차대사람 - 보도통행중,안전운전불이행,건조,맑음,단일로 - 기타,자전거,남,20세,상해없음,보행자,여,54세,경상
2014072300100445,2014년 7월 23일 18시,수요일,인천광역시 남동구 구월동,경상사고,0,0,1,0,차대차 - 기타,안전운전불이행,습기,비,교차로 - 교차로안,승합,남,29세,상해없음,이륜,남,16세,경상
2014072300100561,2014년 7월 23일 21시,수요일,인천광역시 남동구 남촌동,중상사고,0,1,3,0,차대차 - 측면직각충돌,신호위반,습기,비,교차로 - 교차로안,승용,남,49세,상해없음,승용,남,37세,중상
2014072300100562,2014년 7월 23일 21시,수요일,인천광역시 연수구 연수동,중상사고,0,1,0,0,차대사람 - 횡단중,보행자보호의무위반,습기,비,단일로 - 횡단보도상,승용,여,28세,상해없음,보행자,남,54세,중상
2014072300100563,2014년 7월 23일 21시,수요일,인천광역시 연수구 선학동,경상사고,0,0,2,0,차대차 - 기타,중앙선침범,습기,비,단일로 - 기타,승용,여,61세,상해없음,승용,남,64세,경상
2014072300100601,2014년 7월 23일 22시,수요일,인천광역시 남동구 장수동,경상사고,0,0,1,0,차대차 - 추돌 - 주정차중,안전거리미확보,습기,비,교차로 - 교차로안,승용,남,46세,상해없음,승용,기타불명,기타불명,기타불명
2014072300100639,2014년 7월 23일 23시,수요일,인천광역시 부평구 청천동,경상사고,0,0,1,0,차대차 - 추돌 - 진행중,안전운전불이행,습기,비,단일로 - 기타,승용,남,53세,상해없음,승용,여,28세,경상
2014072400100062,2014년 7월 24일 02시,목요일,인천광역시 연수구 연수동,사망사고,1,0,0,0,차대차 - 기타,안전운전불이행,습기,비,단일로 - 기타,기타불명,기타불명,기타불명,기타불명,이륜,남,52세,사망
2014072400100074,2014년 7월 24일 03시,목요일,인천광역시 부평구 부평동,경상사고,0,0,2,0,차대차 - 측면직각충돌,안전운전불이행,습기,비,교차로 - 교차로안,승용,남,28세,기타불명,승용,남,39세,경상
2014072400100075,2014년 7월 24일 03시,목요일,인천광역시 남동구 만수동,경상사고,0,0,3,0,차대차 - 추돌 - 주정차중,안전운전불이행,습기,비,교차로 - 교차로부근,승용,남,48세,상해없음,승용,남,45세,경상
2014072400100090,2014년 7월 24일 04시,목요일,인천광역시 계양구 작전동,중상사고,0,1,0,0,차대차 - 측면직각충돌,안전운전불이행,습기,비,단일로 - 기타,이륜,남,17세,중상,승용,남,65세,기타불명
2014072400100091,2014년 7월 24일 04시,목요일,인천광역시 계양구 하야동,중상사고,0,12,1,0,차대차 - 기타,안전운전불이행,습기,비,단일로 - 기타,승합,남,54세,중상,승용,남,19세,중상
2014072400100111,2014년 7월 24일 06시,목요일,인천광역시 부평구 청천동,경상사고,0,0,1,0,차대사람 - 횡단중,안전운전불이행,건조,맑음,단일로 - 횡단보도상,승용,남,62세,상해없음,보행자,남,24세,경상
2014072400100112,2014년 7월 24일 06시,목요일,인천광역시 남동구 구월동,경상사고,0,0,1,0,차대사람 - 기타,안전운전불이행,습기,비,교차로 - 교차로부근,특수,남,28세,상해없음,보행자,남,26세,경상
2014072400100163,2014년 7월 24일 08시,목요일,인천광역시 계양구 작전동,부상신고사고,0,0,0,1,차대사람 - 길가장자리구역통행중,안전운전불이행,습기,흐림,단일로 - 기타,승용,여,28세,상해없음,보행자,여,48세,부상신고
2014072400100192,2014년 7월 24일 09시,목요일,인천광역시 남구 주안동,경상사고,0,0,1,0,차대차 - 추돌 - 주정차중,안전운전불이행,건조,맑음,교차로 - 교차로부근,승용,남,33세,상해없음,승용,남,37세,경상
2014072400100226,2014년 7월 24일 10시,목요일,인천광역시 동구 화수동,중상사고,0,1,0,0,차대사람 - 횡단중,안전운전불이행,적설,흐림,교차로 - 교차로부근,승용,여,42세,상해없음,보행자,남,60세,중상
2014072400100227,2014년 7월 24일 10시,목요일,인천광역시 남구 도화동,경상사고,0,0,6,0,차대차 - 기타,안전운전불이행,건조,맑음,단일로 - 기타,승용,남,52세,상해없음,승합,남,48세,상해없음
2014072400100229,2014년 7월 24일 10시,목요일,인천광역시 연수구 옥련동,중상사고,0,1,0,0,차대사람 - 기타,보행자보호의무위반,습기,비,교차로 - 교차로부근,승용,남,42세,상해없음,보행자,여,35세,중상
2014072400100261,2014년 7월 24일 11시,목요일,인천광역시 부평구 청천동,중상사고,0,1,0,0,차대차 - 측면직각충돌,교차로운행방법위반,건조,맑음,교차로 - 교차로안,승용,남,33세,상해없음,화물,남,49세,상해없음
2014072400100295,2014년 7월 24일 12시,목요일,인천광역시 부평구 청천동,경상사고,0,0,1,1,차대차 - 추돌 - 진행중,안전운전불이행,건조,맑음,교차로 - 교차로안,승용,남,57세,부상신고,승용,남,38세,경상
2014072400100296,2014년 7월 24일 12시,목요일,인천광역시 서구 가정동,중상사고,0,1,0,0,차대차 - 추돌 - 진행중,안전거리미확보,건조,맑음,단일로 - 기타,승합,남,24세,상해없음,승용,남,26세,중상
2014072400100327,2014년 7월 24일 13시,목요일,인천광역시 연수구 송도동,경상사고,0,0,2,0,차대차 - 추돌 - 진행중,안전운전불이행,건조,맑음,교차로 - 교차로부근,승용,남,57세,상해없음,승용,남,57세,경상
2014072400100392,2014년 7월 24일 15시,목요일,인천광역시 남동구 구월동,경상사고,0,0,2,0,차대차 - 추돌 - 진행중,안전운전불이행,건조,맑음,교차로 - 교차로안,승용,남,53세,상해없음,승용,남,31세,경상
2014072400100393,2014년 7월 24일 15시,목요일,인천광역시 서구 마전동,경상사고,0,0,1,0,차대차 - 기타,중앙선침범,습기,흐림,단일로 - 기타,승합,여,55세,상해없음,이륜,남,35세,경상
2014072400100434,2014년 7월 24일 16시,목요일,인천광역시 남동구 간석동,경상사고,0,0,1,0,차대사람 - 기타,안전운전불이행,건조,맑음,단일로 - 기타,화물,기타불명,기타불명,기타불명,보행자,여,10세,경상
2014072400100475,2014년 7월 24일 17시,목요일,인천광역시 남동구 논현동,중상사고,0,1,0,0,차대사람 - 기타,기타,건조,맑음,단일로 - 기타,자전거,남,18세,상해없음,보행자,여,7세,중상
2014072400100552,2014년 7월 24일 19시,목요일,인천광역시 남구 도화동,경상사고,0,0,1,0,차대차 - 기타,안전운전불이행,습기,비,단일로 - 기타,화물,남,26세,상해없음,자전거,남,55세,경상
2014072400100585,2014년 7월 24일 20시,목요일,인천광역시 남구 관교동,경상사고,0,0,1,0,차대차 - 측면직각충돌,신호위반,건조,맑음,교차로 - 교차로부근,승용,여,50세,상해없음,승용,남,32세,경상
2014072400100608,2014년 7월 24일 21시,목요일,인천광역시 남동구 만수동,부상신고사고,0,0,0,1,차대차 - 추돌 - 진행중,안전거리미확보,습기,비,단일로 - 기타,원동기,남,16세,부상신고,승용,여,36세,상해없음
2014072400100609,2014년 7월 24일 21시,목요일,인천광역시 남동구 논현동,경상사고,0,0,1,0,차대사람 - 기타,안전운전불이행,기타,맑음,기타 - 기타,자전거,기타불명,기타불명,기타불명,보행자,여,26세,경상
2014072400100647,2014년 7월 24일 22시,목요일,인천광역시 남동구 수산동,중상사고,0,1,0,0,차대사람 - 기타,안전운전불이행,습기,비,단일로 - 기타,승합,남,45세,상해없음,보행자,남,31세,중상
2014072400100648,2014년 7월 24일 22시,목요일,인천광역시 남동구 구월동,중상사고,0,1,0,0,차대사람 - 차도통행중,안전운전불이행,습기,비,단일로 - 기타,승용,남,25세,상해없음,보행자,남,55세,중상
2014072400100703,2014년 7월 24일 23시,목요일,인천광역시 계양구 작전동,부상신고사고,0,0,0,1,차대사람 - 길가장자리구역통행중,안전운전불이행,습기,비,단일로 - 기타,이륜,남,16세,상해없음,보행자,여,17세,부상신고
2014072500100039,2014년 7월 25일 00시,금요일,인천광역시 계양구 작전동,경상사고,0,0,1,0,차대차 - 추돌 - 진행중,안전운전불이행,습기,흐림,단일로 - 기타,승용,남,49세,상해없음,승용,남,44세,경상
2014072500100064,2014년 7월 25일 01시,금요일,인천광역시 남동구 장수동,경상사고,0,0,1,0,차대차 - 추돌 - 주정차중,안전운전불이행,습기,비,단일로 - 기타,화물,남,42세,상해없음,승용,여,57세,경상
2014072500100065,2014년 7월 25일 01시,금요일,인천광역시 남동구 논현동,경상사고,0,0,1,0,차대사람 - 횡단중,보행자보호의무위반,습기,비,단일로 - 횡단보도상,승용,기타불명,기타불명,기타불명,보행자,여,18세,경상
2014072500100066,2014년 7월 25일 01시,금요일,인천광역시 부평구 부개동,경상사고,0,0,1,0,차대차 - 측면직각충돌,신호위반,습기,비,교차로 - 교차로안,승용,남,58세,상해없음,승용,남,44세,상해없음
2014072500100083,2014년 7월 25일 02시,금요일,인천광역시 남동구 간석동,경상사고,0,0,2,0,차대차 - 측면직각충돌,신호위반,건조,맑음,교차로 - 교차로안,승용,여,28세,상해없음,승용,남,47세,경상
2014072500100101,2014년 7월 25일 04시,금요일,인천광역시 남동구 구월동,경상사고,0,0,1,0,차대사람 - 횡단중,안전운전불이행,습기,비,단일로 - 횡단보도상,승합,남,67세,상해없음,보행자,남,23세,경상
2014072500100107,2014년 7월 25일 05시,금요일,인천광역시 강화군 길상면,경상사고,0,0,1,0,차대차 - 기타,중앙선침범,건조,맑음,단일로 - 기타,승용,남,72세,상해없음,승용,남,57세,경상
2014072500100150,2014년 7월 25일 07시,금요일,인천광역시 남동구 간석동,경상사고,0,0,5,0,차대차 - 추돌 - 주정차중,안전거리미확보,건조,맑음,단일로 - 기타,화물,남,62세,상해없음,승용,남,56세,상해없음
2014072500100176,2014년 7월 25일 08시,금요일,인천광역시 남동구 서창동,중상사고,0,1,0,0,차대차 - 추돌 - 진행중,안전운전불이행,습기,비,단일로 - 기타,승용,남,55세,기타불명,승용,여,32세,중상
2014072500100214,2014년 7월 25일 09시,금요일,인천광역시 연수구 동춘동,중상사고,0,1,2,0,차대차 - 측면직각충돌,신호위반,건조,맑음,교차로 - 교차로안,승용,여,49세,상해없음,승용,남,62세,경상
2014072500100333,2014년 7월 25일 13시,금요일,인천광역시 남구 용현동,경상사고,0,0,1,0,차대차 - 기타,안전운전불이행,건조,맑음,단일로 - 기타,승용,기타불명,기타불명,기타불명,이륜,남,19세,경상
2014072500100334,2014년 7월 25일 13시,금요일,인천광역시 연수구 송도동,경상사고,0,0,1,0,차대차 - 기타,안전운전불이행,건조,맑음,교차로 - 교차로부근,승용,여,47세,상해없음,자전거,여,21세,경상
2014072500100489,2014년 7월 25일 17시,금요일,인천광역시 중구 운서동,중상사고,0,1,0,0,차대차 - 정면충돌,중앙선침범,습기,비,단일로 - 기타,승용,여,42세,상해없음,승용,남,42세,중상
2014072500100540,2014년 7월 25일 18시,금요일,인천광역시 계양구 병방동,경상사고,0,0,2,0,차대차 - 추돌 - 진행중,안전운전불이행,습기,비,단일로 - 기타,승용,남,54세,상해없음,승용,남,33세,경상
2014072500100578,2014년 7월 25일 19시,금요일,인천광역시 부평구 십정동,중상사고,0,3,3,1,차대차 - 기타,중앙선침범,습기,비,교차로 - 교차로부근,화물,남,50세,상해없음,승합,남,48세,경상
2014072500100579,2014년 7월 25일 19시,금요일,인천광역시 남동구 간석동,경상사고,0,0,2,0,차대차 - 측면직각충돌,안전운전불이행,습기,비,교차로 - 교차로안,승용,남,55세,상해없음,승용,남,68세,경상
2014072500100580,2014년 7월 25일 19시,금요일,인천광역시 남동구 남촌동,경상사고,0,0,1,0,차대차 - 측면직각충돌,교차로운행방법위반,습기,비,교차로 - 교차로안,승용,남,47세,상해없음,승용,남,56세,경상
2014072500100581,2014년 7월 25일 19시,금요일,인천광역시 서구 경서동,중상사고,0,1,0,1,차대차 - 측면직각충돌,신호위반,습기,비,교차로 - 교차로안,승용,여,29세,상해없음,승용,남,36세,부상신고
2014072500100582,2014년 7월 25일 19시,금요일,인천광역시 서구 경서동,경상사고,0,0,2,0,차대사람 - 기타,신호위반,습기,비,교차로 - 교차로부근,이륜,남,18세,상해없음,보행자,여,46세,경상
2014072500100583,2014년 7월 25일 19시,금요일,인천광역시 부평구 삼산동,경상사고,0,0,2,0,차대차 - 측면직각충돌,안전운전불이행,건조,맑음,단일로 - 기타,승용,남,32세,상해없음,승합,남,75세,상해없음
2014072500100631,2014년 7월 25일 20시,금요일,인천광역시 중구 답동,경상사고,0,0,1,0,차대사람 - 길가장자리구역통행중,안전운전불이행,습기,비,단일로 - 기타,승용,기타불명,기타불명,기타불명,보행자,남,53세,경상
2014072500100632,2014년 7월 25일 20시,금요일,인천광역시 남구 주안동,경상사고,0,0,1,0,차대차 - 기타,안전운전불이행,건조,맑음,교차로 - 교차로부근,승용,남,69세,상해없음,자전거,남,20세,경상
2014072500100633,2014년 7월 25일 20시,금요일,인천광역시 남구 용현동,경상사고,0,0,1,0,차대차 - 기타,신호위반,습기,비,교차로 - 교차로안,기타불명,기타불명,기타불명,기타불명,승합,남,47세,경상
2014072500100634,2014년 7월 25일 20시,금요일,인천광역시 연수구 동춘동,중상사고,0,1,0,0,차대차 - 정면충돌,중앙선침범,습기,비,교차로 - 교차로부근,승용,남,45세,상해없음,승용,여,37세,중상
2014072500100737,2014년 7월 25일 22시,금요일,인천광역시 부평구 십정동,중상사고,0,1,0,0,차대사람 - 기타,안전운전불이행,건조,맑음,단일로 - 기타,승용,남,34세,상해없음,보행자,남,36세,중상
2014072500100738,2014년 7월 25일 22시,금요일,인천광역시 남동구 논현동,경상사고,0,0,1,0,차대차 - 추돌 - 진행중,안전운전불이행,습기,흐림,단일로 - 기타,승용,남,60세,상해없음,승용,남,59세,경상
2014072500100739,2014년 7월 25일 22시,금요일,인천광역시 서구 경서동,경상사고,0,0,2,0,차대차 - 측면직각충돌,안전운전불이행,습기,비,교차로 - 교차로부근,승용,남,45세,상해없음,승용,남,20세,경상
2014072500100740,2014년 7월 25일 22시,금요일,인천광역시 남동구 장수동,경상사고,0,0,1,0,차대차 - 측면직각충돌,안전운전불이행,건조,흐림,단일로 - 기타,화물,남,53세,상해없음,승용,남,43세,경상
2014072500100777,2014년 7월 25일 23시,금요일,인천광역시 연수구 연수동,중상사고,0,1,2,0,차대차 - 측면직각충돌,안전운전불이행,습기,흐림,교차로 - 교차로안,승용,남,53세,상해없음,승용,남,47세,중상
2014072600100031,2014년 7월 26일 00시,토요일,인천광역시 남동구 간석동,경상사고,0,0,2,1,차대차 - 정면충돌,신호위반,습기,흐림,교차로 - 교차로안,승용,남,62세,상해없음,승용,남,22세,경상
2014072600100032,2014년 7월 26일 00시,토요일,인천광역시 서구 공촌동,중상사고,0,1,0,0,차대사람 - 횡단중,신호위반,습기,비,단일로 - 횡단보도상,승용,남,67세,상해없음,보행자,남,12세,중상
2014072600100033,2014년 7월 26일 00시,토요일,인천광역시 연수구 연수동,경상사고,0,0,1,0,차대사람 - 기타,신호위반,건조,맑음,교차로 - 교차로안,승용,남,37세,상해없음,보행자,남,41세,경상
2014072600100079,2014년 7월 26일 02시,토요일,인천광역시 남동구 만수동,경상사고,0,0,1,0,차대차 - 측면직각충돌,안전운전불이행,습기,비,단일로 - 기타,승용,남,28세,상해없음,승용,남,58세,경상
2014072600100124,2014년 7월 26일 04시,토요일,인천광역시 부평구 부평동,경상사고,0,0,3,0,차대차 - 기타,중앙선침범,습기,비,교차로 - 교차로부근,승용,남,24세,상해없음,승용,남,57세,경상
2014072600100125,2014년 7월 26일 04시,토요일,인천광역시 계양구 작전동,중상사고,0,1,0,0,차대차 - 측면직각충돌,신호위반,건조,맑음,교차로 - 교차로안,승용,여,46세,상해없음,승용,남,54세,중상
2014072600100171,2014년 7월 26일 06시,토요일,인천광역시 중구 운서동,중상사고,0,6,0,0,차대차 - 측면직각충돌,신호위반,습기,맑음,교차로 - 교차로안,승용,남,52세,상해없음,승합,남,42세,중상
2014072600100172,2014년 7월 26일 06시,토요일,인천광역시 중구 운서동,경상사고,0,0,1,0,차량단독 - 공작물충돌,안전운전불이행,습기,비,단일로 - 기타,승용,남,21세,상해없음,,,,
2014072600100183,2014년 7월 26일 07시,토요일,인천광역시 남동구 만수동,경상사고,0,0,1,0,차대차 - 측면직각충돌,안전운전불이행,건조,맑음,교차로 - 교차로안,승용,여,42세,상해없음,화물,남,30세,경상
2014072600100184,2014년 7월 26일 07시,토요일,인천광역시 계양구 계산동,경상사고,0,0,1,0,차대차 - 추돌 - 진행중,안전운전불이행,건조,맑음,교차로 - 교차로부근,승용,남,34세,상해없음,승용,남,59세,경상
2014072600100225,2014년 7월 26일 09시,토요일,인천광역시 계양구 작전동,경상사고,0,0,1,0,차량단독 - 기타,안전운전불이행,습기,비,단일로 - 기타,승합,남,50세,상해없음,,,,
2014072600100279,2014년 7월 26일 11시,토요일,인천광역시 남구 주안동,부상신고사고,0,0,0,1,차대사람 - 차도통행중,안전운전불이행,건조,맑음,단일로 - 기타,화물,남,58세,상해없음,보행자,남,61세,부상신고
2014072600100337,2014년 7월 26일 13시,토요일,인천광역시 중구 신흥동3가,중상사고,0,1,0,0,차대사람 - 기타,안전운전불이행,습기,흐림,기타 - 기타,화물,남,72세,상해없음,보행자,남,35세,중상
2014072600100338,2014년 7월 26일 13시,토요일,인천광역시 남구 도화동,경상사고,0,0,1,0,차대사람 - 횡단중,안전운전불이행,건조,맑음,단일로 - 횡단보도상,승용,남,55세,상해없음,보행자,남,4세,경상
2014072600100339,2014년 7월 26일 13시,토요일,인천광역시 서구 경서동,부상신고사고,0,0,0,1,차대사람 - 기타,안전운전불이행,건조,맑음,단일로 - 횡단보도상,이륜,기타불명,기타불명,기타불명,보행자,여,7세,부상신고
2014072600100368,2014년 7월 26일 14시,토요일,인천광역시 남구 관교동,중상사고,0,1,0,0,차대사람 - 기타,신호위반,건조,맑음,교차로 - 교차로부근,이륜,남,26세,상해없음,보행자,남,12세,중상
2014072600100369,2014년 7월 26일 14시,토요일,인천광역시 서구 가좌동,경상사고,0,0,1,0,차대사람 - 횡단중,불법유턴,건조,맑음,단일로 - 횡단보도상,기타불명,기타불명,기타불명,기타불명,보행자,여,62세,경상
2014072600100429,2014년 7월 26일 16시,토요일,인천광역시 남구 주안동,경상사고,0,0,1,0,차대사람 - 차도통행중,안전운전불이행,건조,맑음,단일로 - 기타,승용,남,66세,상해없음,보행자,여,50세,경상
2014072600100430,2014년 7월 26일 16시,토요일,인천광역시 부평구 부평동,중상사고,0,1,1,0,차대차 - 기타,기타,건조,맑음,교차로 - 교차로안,승용,남,56세,상해없음,승용,여,35세,중상
2014072600100431,2014년 7월 26일 16시,토요일,인천광역시 강화군 강화읍,중상사고,0,2,0,0,차대차 - 기타,안전운전불이행,건조,맑음,교차로 - 교차로부근,승용,남,40세,상해없음,승용,남,53세,중상
2014072600100456,2014년 7월 26일 17시,토요일,인천광역시 중구 운서동,중상사고,0,1,0,0,차대차 - 기타,안전운전불이행,건조,맑음,단일로 - 기타,승용,남,49세,상해없음,승용,남,40세,상해없음
2014072600100457,2014년 7월 26일 17시,토요일,인천광역시 중구 운서동,경상사고,0,0,1,0,차대차 - 추돌 - 진행중,안전운전불이행,건조,맑음,단일로 - 기타,승용,남,58세,상해없음,승용,여,39세,경상
2014072600100458,2014년 7월 26일 17시,토요일,인천광역시 부평구 산곡동,중상사고,0,1,0,0,차대차 - 기타,안전운전불이행,건조,맑음,단일로 - 기타,승용,남,38세,상해없음,자전거,남,77세,중상
2014072600100490,2014년 7월 26일 18시,토요일,인천광역시 서구 석남동,경상사고,0,0,2,1,차대차 - 추돌 - 진행중,안전운전불이행,건조,맑음,단일로 - 기타,이륜,남,53세,부상신고,승용,남,28세,경상
2014072600100584,2014년 7월 26일 21시,토요일,인천광역시 중구 을왕동,중상사고,0,1,1,0,차대차 - 측면직각충돌,안전운전불이행,건조,맑음,단일로 - 기타,승용,남,18세,기타불명,승용,남,49세,중상
2014072600100585,2014년 7월 26일 21시,토요일,인천광역시 남구 숭의동,중상사고,0,2,0,0,차대사람 - 횡단중,안전운전불이행,건조,맑음,단일로 - 기타,승용,남,47세,상해없음,보행자,여,6세,중상
2014072600100586,2014년 7월 26일 21시,토요일,인천광역시 남동구 구월동,경상사고,0,0,1,0,차대차 - 측면직각충돌,안전운전불이행,건조,맑음,단일로 - 기타,자전거,남,23세,경상,승용,남,31세,기타불명
2014072600100587,2014년 7월 26일 21시,토요일,인천광역시 서구 경서동,중상사고,0,1,0,0,차대차 - 측면직각충돌,신호위반,건조,맑음,교차로 - 교차로안,승합,남,53세,상해없음,승용,남,31세,중상
2014072600100588,2014년 7월 26일 21시,토요일,인천광역시 연수구 연수동,중상사고,0,1,0,0,차대사람 - 횡단중,안전운전불이행,건조,맑음,기타 - 기타,승용,남,52세,상해없음,보행자,남,55세,중상
2014072600100589,2014년 7월 26일 21시,토요일,인천광역시 연수구 연수동,중상사고,0,1,0,0,차대사람 - 길가장자리구역통행중,안전운전불이행,건조,흐림,단일로 - 횡단보도상,승용,남,48세,상해없음,보행자,여,34세,중상
2014072600100642,2014년 7월 26일 23시,토요일,인천광역시 연수구 연수동,경상사고,0,0,1,0,차대사람 - 기타,안전운전불이행,건조,맑음,교차로 - 교차로부근,승용,여,35세,상해없음,보행자,남,19세,경상
2014072700100025,2014년 7월 27일 00시,일요일,인천광역시 남구 주안동,경상사고,0,0,1,0,차대사람 - 기타,안전운전불이행,건조,맑음,단일로 - 기타,승용,남,43세,상해없음,보행자,남,35세,경상
2014072700100071,2014년 7월 27일 03시,일요일,인천광역시 연수구 선학동,중상사고,0,1,0,0,차대차 - 추돌 - 주정차중,안전운전불이행,건조,맑음,교차로 - 교차로부근,승용,남,26세,상해없음,승용,남,54세,상해없음
2014072700100114,2014년 7월 27일 07시,일요일,인천광역시 남구 숭의동,경상사고,0,0,1,0,차대차 - 추돌 - 진행중,안전운전불이행,건조,맑음,기타 - 기타,승용,남,29세,상해없음,승용,남,37세,경상
2014072700100131,2014년 7월 27일 08시,일요일,인천광역시 중구 운서동,경상사고,0,0,2,0,차대차 - 기타,안전거리미확보,건조,맑음,단일로 - 기타,승합,남,65세,상해없음,승용,남,24세,경상
2014072700100132,2014년 7월 27일 08시,일요일,인천광역시 서구 가정동,경상사고,0,0,1,0,차대사람 - 횡단중,안전운전불이행,기타,맑음,단일로 - 기타,승용,여,47세,상해없음,보행자,남,36세,경상
2014072700100164,2014년 7월 27일 10시,일요일,인천광역시 부평구 부평동,경상사고,0,0,2,0,차대차 - 기타,안전운전불이행,건조,맑음,단일로 - 기타,승용,남,31세,상해없음,승용,남,66세,경상
2014072700100278,2014년 7월 27일 14시,일요일,인천광역시 남동구 간석동,경상사고,0,0,1,0,차대사람 - 기타,안전운전불이행,건조,맑음,단일로 - 기타,원동기,남,19세,상해없음,보행자,여,3세,경상
2014072700100279,2014년 7월 27일 14시,일요일,인천광역시 계양구 동양동,중상사고,0,1,0,0,차대차 - 측면직각충돌,중앙선침범,건조,맑음,단일로 - 기타,자전거,남,54세,중상,승용,여,25세,상해없음
2014072700100280,2014년 7월 27일 14시,일요일,인천광역시 강화군 불은면,경상사고,0,0,1,0,차대차 - 기타,안전운전불이행,건조,맑음,단일로 - 기타,승합,남,59세,상해없음,이륜,남,54세,경상
2014072700100316,2014년 7월 27일 15시,일요일,인천광역시 남동구 간석동,경상사고,0,0,1,0,차대사람 - 기타,안전운전불이행,건조,맑음,단일로 - 기타,승용,남,46세,상해없음,보행자,남,63세,경상
2014072700100317,2014년 7월 27일 15시,일요일,인천광역시 서구 가좌동,경상사고,0,0,5,2,차대차 - 추돌 - 주정차중,안전운전불이행,건조,맑음,교차로 - 교차로부근,승용,남,51세,상해없음,승용,남,33세,부상신고
2014072700100318,2014년 7월 27일 15시,일요일,인천광역시 연수구 옥련동,경상사고,0,0,1,0,차대차 - 기타,안전운전불이행,건조,맑음,교차로 - 교차로안,승용,남,21세,상해없음,승용,여,41세,경상
2014072700100319,2014년 7월 27일 15시,일요일,인천광역시 부평구 삼산동,경상사고,0,0,3,0,차대차 - 측면직각충돌,교차로운행방법위반,건조,맑음,교차로 - 교차로안,승용,남,57세,상해없음,승용,여,28세,경상
2014072700100404,2014년 7월 27일 17시,일요일,인천광역시 계양구 작전동,중상사고,0,1,0,0,차대사람 - 차도통행중,안전운전불이행,건조,맑음,교차로 - 교차로안,승용,남,52세,상해없음,보행자,여,1세,중상
2014072700100436,2014년 7월 27일 18시,일요일,인천광역시 부평구 부평동,경상사고,0,0,1,0,차대차 - 기타,안전운전불이행,건조,맑음,교차로 - 교차로안,승용,남,21세,상해없음,원동기,남,23세,경상
2014072700100463,2014년 7월 27일 19시,일요일,인천광역시 계양구 계산동,중상사고,0,1,0,0,차대차 - 측면직각충돌,직진우회전진행방해,건조,맑음,교차로 - 교차로안,승용,남,36세,상해없음,원동기,남,22세,중상
2014072700100499,2014년 7월 27일 20시,일요일,인천광역시 남동구 논현동,경상사고,0,0,4,0,차대차 - 측면직각충돌,안전거리미확보,건조,맑음,단일로 - 기타,승용,남,64세,상해없음,승용,남,56세,경상
2014072700100500,2014년 7월 27일 20시,일요일,인천광역시 서구 신현동,경상사고,0,0,2,0,차대차 - 추돌 - 주정차중,안전운전불이행,건조,맑음,교차로 - 교차로부근,승용,남,36세,상해없음,승용,남,42세,경상
2014072700100501,2014년 7월 27일 20시,일요일,인천광역시 계양구 임학동,경상사고,0,0,5,0,차대차 - 정면충돌,안전운전불이행,건조,맑음,교차로 - 교차로안,화물,남,49세,상해없음,승용,남,40세,경상
2014072700100524,2014년 7월 27일 21시,일요일,인천광역시 계양구 작전동,중상사고,0,2,1,0,차대차 - 추돌 - 주정차중,안전운전불이행,건조,맑음,교차로 - 교차로부근,승용,남,54세,상해없음,승용,여,27세,중상
2014072700100550,2014년 7월 27일 22시,일요일,인천광역시 남동구 간석동,경상사고,0,0,1,0,차대차 - 측면직각충돌,안전운전불이행,건조,맑음,교차로 - 교차로안,원동기,남,17세,경상,승용,남,52세,상해없음
2014072700100551,2014년 7월 27일 22시,일요일,인천광역시 계양구 효성동,경상사고,0,0,1,0,차대차 - 추돌 - 주정차중,안전운전불이행,건조,맑음,교차로 - 교차로부근,승용,남,61세,상해없음,승용,남,55세,경상
2014072700100565,2014년 7월 27일 23시,일요일,인천광역시 계양구 임학동,중상사고,0,1,0,0,차대차 - 측면직각충돌,중앙선침범,건조,맑음,단일로 - 기타,이륜,남,39세,상해없음,이륜,남,18세,중상
2014072700100566,2014년 7월 27일 23시,일요일,인천광역시 계양구 작전동,경상사고,0,0,1,0,차대차 - 측면직각충돌,안전운전불이행,건조,맑음,교차로 - 교차로안,승용,남,59세,기타불명,승용,남,60세,경상
2014072800100031,2014년 7월 28일 04시,월요일,인천광역시 남동구 만수동,중상사고,0,1,0,0,차대차 - 측면직각충돌,신호위반,건조,맑음,교차로 - 교차로안,건설기계,남,44세,상해없음,화물,남,46세,중상
2014072800100099,2014년 7월 28일 08시,월요일,인천광역시 남동구 남촌동,중상사고,0,1,0,0,차대사람 - 횡단중,보행자보호의무위반,건조,맑음,단일로 - 횡단보도상,승용,남,60세,상해없음,보행자,여,62세,중상