사고번호,사고일시,요일,시군구,사고내용,사망자수,중상자수,경상자수,부상신고자수,사고유형,법규위반,노면상태,기상상태,도로형태,가해운전자 차종,가해운전자 성별,가해운전자 연령,가해운전자 상해정도,피해운전자 차종,피해운전자 성별,피해운전자 연령,피해운전자 상해정도
2014072800100100,2014년 7월 28일 08시,월요일,인천광역시 서구 가정동,경상사고,0,0,1,0,차대차 - 측면직각충돌,안전운전불이행,건조,맑음,단일로 - 기타,승용,남,51세,상해없음,승용,남,60세,경상
2014072800100120,2014년 7월 28일 09시,월요일,인천광역시 중구 운서동,중상사고,0,1,1,0,차대차 - 측면직각충돌,신호위반,건조,맑음,교차로 - 교차로안,승용,남,49세,상해없음,화물,남,39세,중상
2014072800100121,2014년 7월 28일 09시,월요일,인천광역시 남동구 구월동,중상사고,0,1,0,0,차대차 - 추돌 - 주정차중,안전운전불이행,건조,맑음,단일로 - 기타,승용,남,29세,상해없음,승용,남,60세,중상
2014072800100153,2014년 7월 28일 10시,월요일,인천광역시 옹진군 영흥면,경상사고,0,0,1,0,차대사람 - 길가장자리구역통행중,안전운전불이행,건조,맑음,단일로 - 기타,승용,남,78세,상해없음,보행자,여,77세,경상
2014072800100154,2014년 7월 28일 10시,월요일,인천광역시 서구 왕길동,중상사고,0,1,0,0,차대사람 - 차도통행중,안전운전불이행,건조,맑음,단일로 - 기타,화물,남,49세,상해없음,보행자,남,34세,중상
2014072800100285,2014년 7월 28일 14시,월요일,인천광역시 남동구 논현동,경상사고,0,0,1,0,차대사람 - 횡단중,보행자보호의무위반,건조,맑음,교차로 - 교차로부근,자전거,남,62세,상해없음,보행자,여,42세,경상
2014072800100286,2014년 7월 28일 14시,월요일,인천광역시 남동구 도림동,경상사고,0,0,2,0,차대차 - 측면직각충돌,교차로운행방법위반,건조,맑음,교차로 - 교차로안,승용,여,40세,상해없음,승용,남,27세,경상
2014072800100325,2014년 7월 28일 15시,월요일,인천광역시 동구 송현동,중상사고,0,1,0,0,차대차 - 기타,안전운전불이행,건조,맑음,교차로 - 교차로부근,화물,남,38세,상해없음,승용,여,61세,중상
2014072800100367,2014년 7월 28일 16시,월요일,인천광역시 남동구 만수동,경상사고,0,0,1,0,차대차 - 측면직각충돌,교차로운행방법위반,건조,맑음,교차로 - 교차로안,승용,남,26세,상해없음,승용,여,46세,상해없음
2014072800100438,2014년 7월 28일 18시,월요일,인천광역시 남동구 수산동,경상사고,0,0,1,0,차대차 - 추돌 - 주정차중,안전거리미확보,건조,맑음,단일로 - 기타,승용,여,41세,상해없음,승용,여,54세,경상
2014072800100439,2014년 7월 28일 18시,월요일,인천광역시 남동구 간석동,경상사고,0,0,2,0,차대차 - 기타,안전운전불이행,건조,맑음,단일로 - 기타,이륜,남,54세,경상,승용,남,40세,경상
2014072800100440,2014년 7월 28일 18시,월요일,인천광역시 연수구 송도동,경상사고,0,0,1,0,차량단독 - 기타,안전운전불이행,건조,맑음,교차로 - 교차로부근,승합,남,51세,상해없음,,,,
2014072800100506,2014년 7월 28일 20시,월요일,인천광역시 남동구 간석동,중상사고,0,1,0,0,차대차 - 기타,안전거리미확보,건조,맑음,단일로 - 기타,승용,남,56세,상해없음,원동기,남,17세,중상
2014072800100507,2014년 7월 28일 20시,월요일,인천광역시 연수구 송도동,중상사고,0,1,1,0,차대사람 - 횡단중,안전운전불이행,건조,맑음,단일로 - 기타,승용,남,29세,상해없음,보행자,남,22세,경상
2014072800100508,2014년 7월 28일 20시,월요일,인천광역시 연수구 동춘동,중상사고,0,3,4,0,차대차 - 기타,안전운전불이행,건조,맑음,단일로 - 기타,승용,남,32세,상해없음,승용,남,49세,중상
2014072800100546,2014년 7월 28일 21시,월요일,인천광역시 남동구 구월동,경상사고,0,0,1,0,차대차 - 기타,교차로운행방법위반,건조,맑음,교차로 - 교차로안,승합,남,31세,상해없음,이륜,남,44세,경상
2014072900100052,2014년 7월 29일 03시,화요일,인천광역시 남구 학익동,중상사고,0,1,0,0,차대사람 - 차도통행중,안전운전불이행,건조,맑음,단일로 - 기타,승용,남,23세,상해없음,보행자,남,45세,중상
2014072900100053,2014년 7월 29일 03시,화요일,인천광역시 남동구 구월동,부상신고사고,0,0,0,1,차대차 - 정면충돌,신호위반,건조,맑음,교차로 - 교차로안,승용,기타불명,기타불명,기타불명,승용,남,27세,부상신고
2014072900100064,2014년 7월 29일 04시,화요일,인천광역시 남구 학익동,중상사고,0,1,0,0,차대차 - 추돌 - 진행중,안전운전불이행,건조,맑음,교차로 - 교차로안,승용,남,39세,상해없음,승용,남,54세,중상
2014072900100065,2014년 7월 29일 04시,화요일,인천광역시 남동구 고잔동,사망사고,1,0,0,0,차량단독 - 기타,안전운전불이행,건조,맑음,단일로 - 기타,원동기,남,43세,사망,,,,
2014072900100099,2014년 7월 29일 07시,화요일,인천광역시 남구 주안동,경상사고,0,0,1,0,차대사람 - 기타,안전운전불이행,건조,맑음,단일로 - 기타,승용,남,65세,상해없음,보행자,남,24세,경상
2014072900100100,2014년 7월 29일 07시,화요일,인천광역시 부평구 갈산동,중상사고,0,1,3,0,차대차 - 추돌 - 주정차중,안전운전불이행,건조,맑음,단일로 - 기타,화물,남,56세,상해없음,승용,남,72세,중상
2014072900100124,2014년 7월 29일 08시,화요일,인천광역시 동구 송림동,경상사고,0,0,1,0,차대사람 - 기타,안전운전불이행,건조,맑음,교차로 - 교차로부근,승용,여,38세,상해없음,보행자,여,62세,경상
2014072900100125,2014년 7월 29일 08시,화요일,인천광역시 남구 도화동,경상사고,0,0,1,0,차대사람 - 기타,안전운전불이행,건조,맑음,단일로 - 기타,화물,기타불명,기타불명,기타불명,보행자,남,36세,경상
2014072900100201,2014년 7월 29일 10시,화요일,인천광역시 부평구 부평동,중상사고,0,1,0,0,차대사람 - 횡단중,안전운전불이행,건조,맑음,단일로 - 기타,승용,여,48세,상해없음,보행자,여,66세,중상
2014072900100226,2014년 7월 29일 11시,화요일,인천광역시 남구 용현동,경상사고,0,0,7,0,차대차 - 기타,안전운전불이행,건조,맑음,단일로 - 터널,화물,남,63세,상해없음,승용,남,53세,경상
2014072900100227,2014년 7월 29일 11시,화요일,인천광역시 부평구 구산동,경상사고,0,0,1,0,차대차 - 측면직각충돌,안전거리미확보,건조,맑음,교차로 - 교차로부근,특수,남,23세,기타불명,승합,남,54세,경상
2014072900100260,2014년 7월 29일 12시,화요일,인천광역시 부평구 부평동,부상신고사고,0,0,0,1,차대차 - 추돌 - 진행중,안전운전불이행,건조,맑음,기타 - 기타,승합,남,66세,상해없음,승용,남,38세,상해없음
2014072900100315,2014년 7월 29일 14시,화요일,인천광역시 남구 학익동,경상사고,0,0,3,0,차대차 - 측면직각충돌,직진우회전진행방해,건조,맑음,교차로 - 교차로안,승용,남,40세,경상,승용,여,52세,경상
2014072900100316,2014년 7월 29일 14시,화요일,인천광역시 남구 도화동,경상사고,0,0,1,0,차대차 - 기타,안전운전불이행,건조,맑음,교차로 - 교차로부근,화물,남,50세,상해없음,승용,남,41세,경상
2014072900100351,2014년 7월 29일 15시,화요일,인천광역시 동구 송림동,경상사고,0,0,2,0,차대차 - 정면충돌,중앙선침범,건조,맑음,단일로 - 기타,승용,남,59세,상해없음,화물,남,43세,경상
2014072900100352,2014년 7월 29일 15시,화요일,인천광역시 연수구 옥련동,중상사고,0,1,0,0,차대사람 - 횡단중,보행자보호의무위반,건조,맑음,교차로 - 교차로부근,승용,여,48세,상해없음,보행자,여,50세,중상
2014072900100485,2014년 7월 29일 19시,화요일,인천광역시 남구 주안동,경상사고,0,0,1,0,차대사람 - 횡단중,안전운전불이행,건조,맑음,단일로 - 기타,승용,여,34세,상해없음,보행자,여,21세,경상
2014072900100486,2014년 7월 29일 19시,화요일,인천광역시 부평구 부평동,중상사고,0,1,0,0,차대차 - 기타,안전거리미확보,건조,맑음,단일로 - 기타,원동기,남,20세,중상,승용,여,43세,상해없음
2014072900100517,2014년 7월 29일 20시,화요일,인천광역시 남구 주안동,경상사고,0,0,1,0,차대차 - 기타,안전운전불이행,건조,맑음,교차로 - 교차로안,승용,남,40세,상해없음,승용,여,50세,경상
2014072900100551,2014년 7월 29일 21시,화요일,인천광역시 부평구 산곡동,중상사고,0,1,0,0,차대사람 - 기타,안전운전불이행,건조,맑음,단일로 - 기타,승합,남,42세,상해없음,보행자,여,73세,중상
2014072900100576,2014년 7월 29일 22시,화요일,인천광역시 서구 석남동,경상사고,0,0,4,0,차대차 - 기타,안전운전불이행,건조,맑음,단일로 - 기타,승용,남,43세,상해없음,승용,남,29세,경상
2014072900100577,2014년 7월 29일 22시,화요일,인천광역시 서구 연희동,중상사고,0,1,0,0,차대사람 - 기타,안전운전불이행,건조,맑음,단일로 - 기타,승합,남,56세,상해없음,보행자,여,45세,중상
2014072900100578,2014년 7월 29일 22시,화요일,인천광역시 연수구 동춘동,경상사고,0,0,1,0,차대차 - 기타,신호위반,건조,맑음,교차로 - 교차로안,승용,남,50세,상해없음,자전거,남,19세,경상
2014072900100604,2014년 7월 29일 23시,화요일,인천광역시 남동구 만수동,중상사고,0,1,0,0,차대사람 - 차도통행중,안전운전불이행,건조,맑음,단일로 - 기타,승용,남,31세,상해없음,보행자,여,35세,중상
2014073000100023,2014년 7월 30일 01시,수요일,인천광역시 남구 주안동,중상사고,0,1,0,0,차대차 - 추돌 - 진행중,안전운전불이행,건조,맑음,단일로 - 기타,화물,남,45세,상해없음,승용,남,24세,중상
2014073000100033,2014년 7월 30일 02시,수요일,인천광역시 남동구 간석동,중상사고,0,1,0,0,차대사람 - 횡단중,안전운전불이행,건조,맑음,단일로 - 기타,승용,남,55세,상해없음,보행자,남,53세,중상
2014073000100041,2014년 7월 30일 03시,수요일,인천광역시 부평구 부평동,경상사고,0,0,1,0,차대차 - 기타,중앙선침범,건조,맑음,단일로 - 기타,승용,남,24세,상해없음,승용,남,30세,경상
2014073000100060,2014년 7월 30일 05시,수요일,인천광역시 남동구 구월동,경상사고,0,0,1,1,차대차 - 측면직각충돌,신호위반,건조,맑음,교차로 - 교차로안,승용,남,56세,부상신고,승용,남,44세,경상
2014073000100061,2014년 7월 30일 05시,수요일,인천광역시 서구 가좌동,부상신고사고,0,0,0,1,차대사람 - 횡단중,안전운전불이행,건조,맑음,단일로 - 횡단보도상,승용,기타불명,기타불명,기타불명,보행자,여,19세,부상신고
2014073000100151,2014년 7월 30일 09시,수요일,인천광역시 계양구 효성동,중상사고,0,1,0,0,차대차 - 측면직각충돌,안전운전불이행,건조,맑음,단일로 - 기타,화물,남,21세,상해없음,자전거,여,49세,중상
2014073000100152,2014년 7월 30일 09시,수요일,인천광역시 부평구 일신동,중상사고,0,1,0,0,차대차 - 추돌 - 주정차중,안전운전불이행,건조,맑음,교차로 - 교차로부근,화물,남,25세,상해없음,승합,남,46세,중상
2014073000100193,2014년 7월 30일 10시,수요일,인천광역시 남구 용현동,경상사고,0,0,1,0,차대사람 - 기타,기타,건조,맑음,단일로 - 기타,승용,남,44세,상해없음,보행자,남,35세,경상
2014073000100229,2014년 7월 30일 11시,수요일,인천광역시 남동구 남촌동,중상사고,0,1,1,0,차대차 - 측면직각충돌,신호위반,건조,맑음,교차로 - 교차로안,승용,남,25세,상해없음,승용,여,44세,중상
2014073000100230,2014년 7월 30일 11시,수요일,인천광역시 계양구 임학동,경상사고,0,0,1,0,차대사람 - 보도통행중,안전운전불이행,건조,맑음,교차로 - 교차로안,화물,남,59세,기타불명,보행자,여,54세,경상
2014073000100261,2014년 7월 30일 12시,수요일,인천광역시 서구 연희동,경상사고,0,0,1,0,차대차 - 추돌 - 진행중,안전운전불이행,건조,맑음,교차로 - 교차로안,승용,여,21세,상해없음,원동기,남,38세,경상
2014073000100290,2014년 7월 30일 13시,수요일,인천광역시 남동구 장수동,중상사고,0,1,0,0,차대사람 - 보도통행중,기타,건조,맑음,교차로 - 교차로부근,화물,남,56세,상해없음,보행자,남,67세,중상
2014073000100329,2014년 7월 30일 14시,수요일,인천광역시 남동구 간석동,중상사고,0,1,2,0,차대차 - 측면직각충돌,신호위반,건조,맑음,교차로 - 교차로안,화물,남,56세,상해없음,승용,남,54세,중상
2014073000100370,2014년 7월 30일 15시,수요일,인천광역시 서구 경서동,경상사고,0,0,1,0,차대차 - 측면직각충돌,안전운전불이행,건조,맑음,단일로 - 기타,승용,남,39세,상해없음,이륜,남,16세,경상
2014073000100407,2014년 7월 30일 16시,수요일,인천광역시 부평구 청천동,경상사고,0,0,2,0,차대차 - 추돌 - 주정차중,안전운전불이행,건조,맑음,교차로 - 교차로안,승용,남,55세,기타불명,승용,남,29세,경상
2014073000100408,2014년 7월 30일 16시,수요일,인천광역시 부평구 부평동,경상사고,0,0,1,0,차대차 - 추돌 - 진행중,안전거리미확보,건조,맑음,단일로 - 기타,승용,여,61세,상해없음,승용,남,61세,경상
2014073000100409,2014년 7월 30일 16시,수요일,인천광역시 서구 석남동,중상사고,0,1,0,0,차대사람 - 기타,안전운전불이행,건조,맑음,단일로 - 기타,승용,남,46세,상해없음,보행자,남,69세,중상
2014073000100437,2014년 7월 30일 17시,수요일,인천광역시 계양구 계산동,중상사고,0,1,0,0,차대사람 - 횡단중,안전운전불이행,건조,맑음,단일로 - 기타,승용,여,48세,상해없음,보행자,여,49세,중상
2014073000100512,2014년 7월 30일 19시,수요일,인천광역시 남구 주안동,경상사고,0,0,1,0,차대사람 - 기타,안전운전불이행,건조,맑음,단일로 - 기타,승합,남,49세,상해없음,보행자,여,76세,경상
2014073000100513,2014년 7월 30일 19시,수요일,인천광역시 부평구 십정동,중상사고,0,1,0,0,차대차 - 기타,안전운전불이행,건조,맑음,미분류 - 미분류,원동기,남,37세,중상,승용,남,59세,상해없음
2014073000100514,2014년 7월 30일 19시,수요일,인천광역시 계양구 임학동,중상사고,0,1,0,0,차대사람 - 기타,안전운전불이행,건조,맑음,단일로 - 기타,화물,남,31세,상해없음,보행자,여,60세,중상
2014073000100585,2014년 7월 30일 21시,수요일,인천광역시 계양구 작전동,경상사고,0,0,2,0,차대차 - 추돌 - 진행중,안전운전불이행,건조,맑음,교차로 - 교차로부근,승용,여,28세,상해없음,승용,남,28세,경상
2014073000100622,2014년 7월 30일 22시,수요일,인천광역시 부평구 부평동,중상사고,0,2,1,1,차대차 - 측면직각충돌,교차로운행방법위반,건조,맑음,교차로 - 교차로안,승용,남,34세,상해없음,승용,여,24세,중상
2014073000100623,2014년 7월 30일 22시,수요일,인천광역시 남동구 간석동,중상사고,0,1,0,0,차대차 - 측면직각충돌,안전운전불이행,건조,맑음,단일로 - 기타,승합,남,52세,상해없음,자전거,남,28세,중상
2014073000100624,2014년 7월 30일 22시,수요일,인천광역시 서구 연희동,부상신고사고,0,0,0,1,차대차 - 기타,안전운전불이행,건조,맑음,교차로 - 교차로부근,기타불명,기타불명,기타불명,기타불명,이륜,남,21세,부상신고
2014073000100625,2014년 7월 30일 22시,수요일,인천광역시 계양구 계산동,중상사고,0,1,0,0,차대사람 - 차도통행중,안전운전불이행,건조,맑음,교차로 - 교차로부근,승용,남,57세,상해없음,보행자,남,48세,중상
2014073000100626,2014년 7월 30일 22시,수요일,인천광역시 부평구 삼산동,경상사고,0,0,3,0,차대차 - 추돌 - 진행중,안전거리미확보,건조,맑음,교차로 - 교차로부근,승합,여,53세,상해없음,승용,남,23세,경상
2014073000100658,2014년 7월 30일 23시,수요일,인천광역시 계양구 동양동,중상사고,0,1,0,0,차량단독 - 기타,안전운전불이행,건조,맑음,단일로 - 기타,원동기,남,18세,중상,,,,
2014073100100087,2014년 7월 31일 05시,목요일,인천광역시 중구 답동,중상사고,0,1,0,0,차대차 - 정면충돌,신호위반,건조,맑음,교차로 - 교차로안,승용,여,27세,상해없음,이륜,남,62세,중상
2014073100100088,2014년 7월 31일 05시,목요일,인천광역시 계양구 작전동,중상사고,0,1,0,0,차대사람 - 횡단중,보행자보호의무위반,건조,맑음,단일로 - 횡단보도상,승합,남,71세,상해없음,보행자,남,74세,중상
2014073100100127,2014년 7월 31일 07시,목요일,인천광역시 계양구 작전동,부상신고사고,0,0,0,1,차대차 - 측면직각충돌,안전운전불이행,건조,맑음,교차로 - 교차로안,자전거,남,59세,부상신고,승용,남,46세,상해없음
2014073100100165,2014년 7월 31일 08시,목요일,인천광역시 남구 용현동,중상사고,0,1,0,0,차대사람 - 기타,안전운전불이행,건조,맑음,교차로 - 교차로부근,승합,남,52세,상해없음,보행자,여,45세,중상
2014073100100166,2014년 7월 31일 08시,목요일,인천광역시 남동구 만수동,경상사고,0,0,1,0,차대차 - 측면직각충돌,안전거리미확보,건조,맑음,단일로 - 기타,승용,남,57세,상해없음,승용,남,44세,경상
2014073100100388,2014년 7월 31일 15시,목요일,인천광역시 남구 주안동,경상사고,0,0,1,0,차대차 - 추돌 - 주정차중,안전운전불이행,건조,맑음,교차로 - 교차로안,승합,남,58세,상해없음,승용,남,30세,경상
2014073100100389,2014년 7월 31일 15시,목요일,인천광역시 계양구 갈현동,중상사고,0,1,0,0,차대차 - 기타,신호위반,건조,맑음,단일로 - 횡단보도상,승합,남,25세,상해없음,자전거,남,46세,중상
2014073100100390,2014년 7월 31일 15시,목요일,인천광역시 계양구 효성동,중상사고,0,1,0,0,차대차 - 측면직각충돌,안전운전불이행,건조,맑음,교차로 - 교차로안,이륜,남,55세,중상,승합,남,42세,상해없음
2014073100100391,2014년 7월 31일 15시,목요일,인천광역시 남동구 수산동,경상사고,0,0,2,0,차대차 - 추돌 - 진행중,안전운전불이행,건조,맑음,단일로 - 기타,화물,남,46세,상해없음,화물,남,67세,경상
2014073100100637,2014년 7월 31일 21시,목요일,인천광역시 서구 마전동,경상사고,0,0,1,0,차대차 - 추돌 - 진행중,안전운전불이행,건조,맑음,단일로 - 기타,화물,남,61세,상해없음,승용,여,49세,경상
2014073100100701,2014년 7월 31일 23시,목요일,인천광역시 연수구 동춘동,경상사고,0,0,2,0,차대차 - 측면직각충돌,신호위반,건조,맑음,교차로 - 교차로부근,승용,남,45세,상해없음,승용,남,33세,경상
2014080100100017,2014년 8월 1일 00시,금요일,인천광역시 부평구 부평동,중상사고,0,1,0,0,차대차 - 추돌 - 진행중,안전운전불이행,건조,맑음,단일로 - 기타,승용,남,68세,상해없음,원동기,남,33세,중상
2014080100100018,2014년 8월 1일 00시,금요일,인천광역시 남동구 만수동,경상사고,0,0,2,0,차대차 - 측면직각충돌,안전거리미확보,건조,맑음,교차로 - 교차로안,승용,남,61세,상해없음,승용,여,30세,경상
2014080100100019,2014년 8월 1일 00시,금요일,인천광역시 연수구 연수동,경상사고,0,0,1,0,차대사람 - 기타,안전운전불이행,건조,맑음,단일로 - 기타,원동기,남,32세,상해없음,보행자,여,55세,경상
2014080100100063,2014년 8월 1일 03시,금요일,인천광역시 중구 운서동,중상사고,0,4,0,0,차대차 - 측면직각충돌,신호위반,건조,맑음,교차로 - 교차로안,승합,여,44세,중상,승용,남,22세,중상
2014080100100128,2014년 8월 1일 08시,금요일,인천광역시 부평구 삼산동,중상사고,0,1,0,0,차대차 - 추돌 - 주정차중,안전운전불이행,건조,맑음,교차로 - 교차로부근,승용,남,41세,상해없음,승용,남,53세,상해없음
2014080100100183,2014년 8월 1일 10시,금요일,인천광역시 부평구 부평동,중상사고,0,1,0,0,차대차 - 측면직각충돌,중앙선침범,건조,맑음,단일로 - 기타,승용,여,30세,상해없음,원동기,남,49세,중상
2014080100100220,2014년 8월 1일 11시,금요일,인천광역시 남구 도화동,중상사고,0,1,0,0,차대차 - 측면직각충돌,중앙선침범,건조,맑음,기타 - 기타,승용,남,57세,상해없음,이륜,남,54세,중상
2014080100100221,2014년 8월 1일 11시,금요일,인천광역시 남동구 구월동,중상사고,0,1,1,0,차대차 - 측면직각충돌,안전운전불이행,건조,맑음,단일로 - 기타,승용,여,54세,상해없음,승용,남,61세,경상
2014080100100292,2014년 8월 1일 13시,금요일,인천광역시 강화군 강화읍,경상사고,0,0,4,0,차대차 - 기타,신호위반,건조,맑음,교차로 - 교차로안,승용,여,74세,상해없음,승용,남,23세,경상
2014080100100322,2014년 8월 1일 14시,금요일,인천광역시 서구 검암동,중상사고,0,1,0,0,차량단독 - 기타,기타,건조,맑음,단일로 - 교량,승합,남,52세,상해없음,,,,
2014080100100356,2014년 8월 1일 15시,금요일,인천광역시 부평구 청천동,경상사고,0,0,1,0,차대차 - 측면직각충돌,신호위반,건조,맑음,교차로 - 교차로안,승용,여,49세,상해없음,승용,남,52세,경상
2014080100100357,2014년 8월 1일 15시,금요일,인천광역시 남동구 고잔동,경상사고,0,0,2,0,차대차 - 측면직각충돌,차로위반,건조,맑음,교차로 - 교차로부근,승용,여,34세,상해없음,승용,여,33세,경상
2014080100100358,2014년 8월 1일 15시,금요일,인천광역시 서구 가정동,중상사고,0,1,0,0,차대사람 - 횡단중,보행자보호의무위반,건조,맑음,교차로 - 교차로부근,승용,남,63세,상해없음,보행자,여,61세,중상
2014080100100359,2014년 8월 1일 15시,금요일,인천광역시 계양구 계산동,경상사고,0,0,1,0,차대차 - 추돌 - 진행중,안전운전불이행,건조,맑음,단일로 - 기타,승용,여,27세,상해없음,승용,기타불명,기타불명,기타불명
2014080100100402,2014년 8월 1일 16시,금요일,인천광역시 남동구 구월동,경상사고,0,0,1,0,차대차 - 측면직각충돌,안전운전불이행,건조,맑음,교차로 - 교차로안,승용,남,39세,상해없음,승용,여,40세,경상
2014080100100403,2014년 8월 1일 16시,금요일,인천광역시 계양구 용종동,경상사고,0,0,4,0,차대차 - 측면직각충돌,안전운전불이행,건조,맑음,단일로 - 기타,승용,남,22세,상해없음,화물,남,53세,경상
2014080100100435,2014년 8월 1일 17시,금요일,인천광역시 서구 마전동,경상사고,0,0,1,0,차대차 - 기타,안전운전불이행,건조,맑음,단일로 - 기타,승용,남,30세,상해없음,자전거,남,62세,경상
2014080100100472,2014년 8월 1일 18시,금요일,인천광역시 남구 도화동,중상사고,0,1,0,1,차대차 - 추돌 - 주정차중,안전운전불이행,건조,맑음,단일로 - 횡단보도부근,이륜,남,16세,중상,승합,여,47세,기타불명
2014080100100473,2014년 8월 1일 18시,금요일,인천광역시 부평구 부평동,중상사고,0,1,0,0,차대사람 - 기타,안전운전불이행,건조,맑음,단일로 - 기타,승용,남,53세,상해없음,보행자,여,20세,중상
2014080100100549,2014년 8월 1일 20시,금요일,인천광역시 남동구 간석동,경상사고,0,0,5,0,차대차 - 추돌 - 진행중,안전운전불이행,건조,흐림,교차로 - 교차로안,승합,남,22세,상해없음,승용,남,31세,경상
2014080100100627,2014년 8월 1일 22시,금요일,인천광역시 중구 전동,중상사고,0,1,0,0,차대사람 - 기타,기타,건조,맑음,단일로 - 기타,원동기,남,16세,상해없음,보행자,여,18세,중상
2014080200100019,2014년 8월 2일 00시,토요일,인천광역시 연수구 옥련동,경상사고,0,0,1,0,차대차 - 기타,안전운전불이행,건조,맑음,교차로 - 교차로부근,승용,남,63세,상해없음,이륜,남,22세,경상
2014080200100043,2014년 8월 2일 01시,토요일,인천광역시 부평구 삼산동,중상사고,0,1,0,0,차대사람 - 기타,신호위반,건조,맑음,교차로 - 교차로안,이륜,남,18세,상해없음,보행자,여,28세,중상
2014080200100063,2014년 8월 2일 02시,토요일,인천광역시 남구 학익동,경상사고,0,0,2,0,차대차 - 측면직각충돌,안전운전불이행,건조,맑음,단일로 - 기타,승용,남,32세,상해없음,승용,남,30세,경상
2014080200100087,2014년 8월 2일 03시,토요일,인천광역시 남구 숭의동,중상사고,0,1,0,0,차대차 - 추돌 - 진행중,안전운전불이행,건조,맑음,단일로 - 기타,승용,남,34세,상해없음,이륜,남,21세,중상
2014080200100115,2014년 8월 2일 05시,토요일,인천광역시 부평구 부개동,경상사고,0,0,1,0,차대사람 - 기타,안전운전불이행,건조,맑음,교차로 - 교차로부근,승용,남,69세,상해없음,보행자,남,24세,경상
2014080200100157,2014년 8월 2일 07시,토요일,인천광역시 계양구 효성동,중상사고,0,1,0,0,차대차 - 기타,안전운전불이행,건조,맑음,교차로 - 교차로안,화물,남,68세,상해없음,원동기,남,25세,중상
2014080200100202,2014년 8월 2일 09시,토요일,인천광역시 연수구 송도동,경상사고,0,0,1,0,차대차 - 측면직각충돌,신호위반,건조,맑음,교차로 - 교차로안,승용,남,29세,상해없음,승용,여,34세,경상
2014080200100223,2014년 8월 2일 10시,토요일,인천광역시 동구 송림동,경상사고,0,0,4,0,차대차 - 측면직각충돌,안전운전불이행,건조,맑음,교차로 - 교차로안,화물,남,56세,상해없음,승용,남,34세,경상
2014080200100224,2014년 8월 2일 10시,토요일,인천광역시 강화군 선원면,중상사고,0,1,0,0,차대차 - 기타,안전운전불이행,건조,맑음,교차로 - 교차로부근,승합,남,58세,상해없음,승용,남,53세,중상
2014080200100259,2014년 8월 2일 11시,토요일,인천광역시 부평구 십정동,경상사고,0,0,2,0,차대차 - 측면직각충돌,교차로운행방법위반,건조,맑음,교차로 - 교차로부근,승용,여,49세,상해없음,승용,남,57세,상해없음
2014080200100298,2014년 8월 2일 12시,토요일,인천광역시 서구 경서동,경상사고,0,0,3,0,차대차 - 측면직각충돌,안전거리미확보,건조,맑음,단일로 - 기타,승용,남,31세,상해없음,승용,여,50세,경상
2014080200100299,2014년 8월 2일 12시,토요일,인천광역시 강화군 삼산면,중상사고,0,1,0,0,차대차 - 기타,안전운전불이행,건조,맑음,교차로 - 교차로안,승용,남,28세,상해없음,원동기,남,72세,중상
2014080200100373,2014년 8월 2일 14시,토요일,인천광역시 부평구 부평동,중상사고,0,1,0,0,차대차 - 측면직각충돌,안전운전불이행,건조,맑음,기타 - 기타,승용,여,55세,상해없음,자전거,남,57세,중상
2014080200100413,2014년 8월 2일 15시,토요일,인천광역시 남동구 고잔동,경상사고,0,0,1,0,차대차 - 측면직각충돌,신호위반,건조,맑음,교차로 - 교차로안,승용,남,32세,상해없음,승용,남,42세,상해없음
2014080200100458,2014년 8월 2일 16시,토요일,인천광역시 부평구 십정동,중상사고,0,1,0,0,차대차 - 기타,교차로운행방법위반,건조,맑음,교차로 - 교차로안,승합,남,47세,상해없음,화물,남,63세,상해없음
2014080200100459,2014년 8월 2일 16시,토요일,인천광역시 부평구 청천동,경상사고,0,0,1,0,차대차 - 측면직각충돌,안전운전불이행,건조,맑음,단일로 - 기타,승용,남,46세,상해없음,승합,남,45세,상해없음
2014080200100460,2014년 8월 2일 16시,토요일,인천광역시 남동구 논현동,경상사고,0,0,1,0,차대차 - 추돌 - 진행중,안전운전불이행,건조,맑음,교차로 - 교차로부근,이륜,남,22세,상해없음,승용,여,52세,경상
2014080200100505,2014년 8월 2일 17시,토요일,인천광역시 남동구 만수동,경상사고,0,0,1,0,차대차 - 측면직각충돌,안전운전불이행,건조,맑음,단일로 - 기타,승용,여,49세,상해없음,자전거,남,72세,경상
2014080200100584,2014년 8월 2일 19시,토요일,인천광역시 남구 주안동,부상신고사고,0,0,0,1,차대차 - 기타,안전운전불이행,건조,맑음,교차로 - 교차로안,승용,여,47세,상해없음,이륜,남,48세,부상신고
2014080200100585,2014년 8월 2일 19시,토요일,인천광역시 계양구 용종동,경상사고,0,0,3,0,차대차 - 추돌 - 주정차중,안전운전불이행,건조,맑음,교차로 - 교차로부근,승용,여,54세,상해없음,승용,남,29세,경상
2014080200100618,2014년 8월 2일 20시,토요일,인천광역시 부평구 부개동,중상사고,0,2,3,0,차대차 - 추돌 - 주정차중,안전운전불이행,건조,흐림,단일로 - 횡단보도부근,승용,남,79세,상해없음,승용,남,36세,중상
2014080200100671,2014년 8월 2일 21시,토요일,인천광역시 남동구 간석동,중상사고,0,1,0,0,차대차 - 측면직각충돌,안전운전불이행,건조,맑음,단일로 - 기타,승용,남,53세,상해없음,이륜,남,20세,중상
2014080200100718,2014년 8월 2일 22시,토요일,인천광역시 계양구 계산동,중상사고,0,1,0,0,차대차 - 측면직각충돌,안전운전불이행,건조,맑음,교차로 - 교차로부근,승용,남,21세,상해없음,자전거,여,19세,중상