사고번호,사고일시,요일,시군구,사고내용,사망자수,중상자수,경상자수,부상신고자수,사고유형,법규위반,노면상태,기상상태,도로형태,가해운전자 차종,가해운전자 성별,가해운전자 연령,가해운전자 상해정도,피해운전자 차종,피해운전자 성별,피해운전자 연령,피해운전자 상해정도
2014081400100026,2014년 8월 14일 00시,목요일,인천광역시 서구 석남동,경상사고,0,0,1,0,차대차 - 측면직각충돌,안전거리미확보,건조,맑음,단일로 - 기타,승용,남,54세,상해없음,승용,남,34세,상해없음
2014081400100040,2014년 8월 14일 01시,목요일,인천광역시 남구 학익동,중상사고,0,3,0,0,차대차 - 추돌 - 진행중,안전거리미확보,건조,맑음,교차로 - 교차로부근,건설기계,남,62세,상해없음,승용,남,52세,중상
2014081400100073,2014년 8월 14일 04시,목요일,인천광역시 부평구 청천동,중상사고,0,3,3,0,차대차 - 측면직각충돌,신호위반,건조,맑음,교차로 - 교차로안,승합,남,27세,상해없음,승용,남,60세,경상
2014081400100074,2014년 8월 14일 04시,목요일,인천광역시 부평구 갈산동,경상사고,0,0,1,0,차대차 - 추돌 - 진행중,안전운전불이행,건조,맑음,단일로 - 기타,승용,남,31세,상해없음,승용,여,32세,경상
2014081400100100,2014년 8월 14일 06시,목요일,인천광역시 서구 가좌동,중상사고,0,1,1,0,차대차 - 측면직각충돌,신호위반,건조,맑음,교차로 - 교차로안,승용,남,43세,상해없음,승용,남,42세,경상
2014081400100101,2014년 8월 14일 06시,목요일,인천광역시 서구 연희동,경상사고,0,0,2,0,차대차 - 측면직각충돌,안전운전불이행,건조,맑음,단일로 - 기타,승용,남,34세,상해없음,승용,남,42세,경상
2014081400100125,2014년 8월 14일 07시,목요일,인천광역시 서구 연희동,경상사고,0,0,1,1,차대차 - 기타,신호위반,건조,맑음,교차로 - 교차로안,승용,남,37세,부상신고,승용,남,65세,경상
2014081400100126,2014년 8월 14일 07시,목요일,인천광역시 계양구 병방동,경상사고,0,0,1,0,차대차 - 추돌 - 진행중,안전운전불이행,건조,맑음,단일로 - 기타,승용,남,41세,상해없음,화물,남,41세,경상
2014081400100155,2014년 8월 14일 08시,목요일,인천광역시 남구 도화동,중상사고,0,1,0,0,차대차 - 기타,안전운전불이행,건조,맑음,단일로 - 기타,승용,남,37세,상해없음,이륜,남,34세,중상
2014081400100156,2014년 8월 14일 08시,목요일,인천광역시 서구 왕길동,경상사고,0,0,1,0,차량단독 - 기타,안전운전불이행,습기,흐림,기타 - 기타,화물,남,51세,기타불명,,,,
2014081400100204,2014년 8월 14일 10시,목요일,인천광역시 서구 가좌동,중상사고,0,1,0,0,차대사람 - 횡단중,안전운전불이행,건조,맑음,교차로 - 교차로부근,승합,남,54세,상해없음,보행자,남,49세,중상
2014081400100327,2014년 8월 14일 13시,목요일,인천광역시 계양구 둑실동,중상사고,0,1,0,0,차량단독 - 공작물충돌,안전운전불이행,건조,맑음,단일로 - 기타,승용,여,52세,상해없음,,,,
2014081400100328,2014년 8월 14일 13시,목요일,인천광역시 부평구 부평동,경상사고,0,0,2,0,차대차 - 측면직각충돌,신호위반,습기,비,교차로 - 교차로안,이륜,남,23세,상해없음,자전거,남,9세,경상
2014081400100363,2014년 8월 14일 14시,목요일,인천광역시 연수구 송도동,중상사고,0,1,1,0,차대차 - 기타,안전운전불이행,건조,흐림,단일로 - 기타,승용,남,52세,상해없음,승용,남,67세,경상
2014081400100433,2014년 8월 14일 16시,목요일,인천광역시 남동구 구월동,중상사고,0,1,0,0,차대차 - 추돌 - 주정차중,안전운전불이행,건조,맑음,교차로 - 교차로부근,승용,남,59세,상해없음,승용,남,31세,중상
2014081400100499,2014년 8월 14일 18시,목요일,인천광역시 중구 답동,경상사고,0,0,1,0,차대차 - 추돌 - 진행중,교차로운행방법위반,건조,맑음,교차로 - 교차로안,승용,남,28세,상해없음,자전거,남,13세,경상
2014081400100539,2014년 8월 14일 19시,목요일,인천광역시 서구 심곡동,부상신고사고,0,0,0,1,차대차 - 기타,안전운전불이행,건조,맑음,단일로 - 기타,승용,기타불명,기타불명,기타불명,자전거,남,9세,부상신고
2014081400100540,2014년 8월 14일 19시,목요일,인천광역시 부평구 갈산동,경상사고,0,0,1,0,차대차 - 추돌 - 진행중,안전거리미확보,건조,맑음,교차로 - 교차로안,승합,남,49세,상해없음,승용,남,51세,경상
2014081400100588,2014년 8월 14일 20시,목요일,인천광역시 남구 주안동,경상사고,0,0,4,0,차대차 - 추돌 - 진행중,안전운전불이행,건조,맑음,단일로 - 기타,화물,남,59세,상해없음,화물,남,55세,경상
2014081400100589,2014년 8월 14일 20시,목요일,인천광역시 서구 마전동,경상사고,0,0,1,0,차대사람 - 횡단중,보행자보호의무위반,건조,맑음,교차로 - 교차로부근,화물,남,24세,상해없음,보행자,여,51세,경상
2014081400100590,2014년 8월 14일 20시,목요일,인천광역시 부평구 삼산동,중상사고,0,1,1,0,차대차 - 측면직각충돌,신호위반,건조,맑음,교차로 - 교차로안,원동기,남,36세,중상,원동기,남,18세,경상
2014081400100632,2014년 8월 14일 21시,목요일,인천광역시 남구 학익동,경상사고,0,0,1,0,차대차 - 측면직각충돌,중앙선침범,건조,맑음,단일로 - 기타,승용,남,41세,상해없음,승용,남,57세,경상
2014081400100633,2014년 8월 14일 21시,목요일,인천광역시 남동구 고잔동,중상사고,0,1,0,0,차대차 - 측면직각충돌,안전운전불이행,건조,맑음,교차로 - 교차로안,승용,여,57세,상해없음,기타불명,남,26세,중상
2014081400100634,2014년 8월 14일 21시,목요일,인천광역시 남동구 구월동,중상사고,0,1,0,0,차대차 - 측면직각충돌,신호위반,건조,맑음,교차로 - 교차로안,승용,여,53세,상해없음,이륜,남,16세,중상
2014081400100635,2014년 8월 14일 21시,목요일,인천광역시 남동구 구월동,중상사고,0,2,0,0,차대차 - 기타,안전운전불이행,건조,흐림,교차로 - 교차로부근,승용,남,53세,상해없음,승용,남,48세,중상
2014081400100636,2014년 8월 14일 21시,목요일,인천광역시 연수구 송도동,경상사고,0,0,1,0,차대사람 - 보도통행중,기타,건조,맑음,단일로 - 기타,이륜,남,18세,상해없음,보행자,남,4세,경상
2014081400100671,2014년 8월 14일 22시,목요일,인천광역시 부평구 십정동,경상사고,0,0,1,0,차대차 - 측면직각충돌,안전운전불이행,건조,맑음,단일로 - 기타,화물,남,39세,상해없음,원동기,남,35세,경상
2014081400100708,2014년 8월 14일 23시,목요일,인천광역시 부평구 청천동,중상사고,0,1,0,0,차대차 - 기타,안전운전불이행,건조,맑음,단일로 - 기타,승용,남,40세,상해없음,승용,남,63세,상해없음
2014081400100709,2014년 8월 14일 23시,목요일,인천광역시 계양구 작전동,중상사고,0,1,0,0,차대사람 - 횡단중,안전운전불이행,건조,맑음,단일로 - 기타,승용,남,53세,상해없음,보행자,남,25세,중상
2014081400100710,2014년 8월 14일 23시,목요일,인천광역시 강화군 길상면,경상사고,0,0,1,0,차대차 - 추돌 - 진행중,안전운전불이행,건조,맑음,단일로 - 기타,승용,남,48세,기타불명,승용,남,35세,상해없음
2014081500100051,2014년 8월 15일 01시,금요일,인천광역시 남구 주안동,경상사고,0,0,1,0,차대사람 - 횡단중,안전운전불이행,건조,맑음,기타 - 기타,승용,남,27세,기타불명,보행자,여,19세,경상
2014081500100052,2014년 8월 15일 01시,금요일,인천광역시 서구 연희동,경상사고,0,0,2,0,차대차 - 기타,안전운전불이행,건조,맑음,교차로 - 교차로부근,승합,남,29세,상해없음,승용,남,54세,경상
2014081500100110,2014년 8월 15일 05시,금요일,인천광역시 중구 북성동1가,부상신고사고,0,0,0,1,차대사람 - 횡단중,안전운전불이행,습기,안개,단일로 - 기타,승용,남,34세,상해없음,보행자,남,17세,부상신고
2014081500100111,2014년 8월 15일 05시,금요일,인천광역시 중구 운북동,중상사고,0,2,1,0,차량단독 - 기타,안전운전불이행,건조,흐림,단일로 - 기타,승용,남,17세,기타불명,,,,
2014081500100127,2014년 8월 15일 06시,금요일,인천광역시 서구 가좌동,경상사고,0,0,1,0,차대차 - 측면직각충돌,중앙선침범,건조,맑음,단일로 - 기타,승용,남,21세,상해없음,승용,남,53세,경상
2014081500100148,2014년 8월 15일 07시,금요일,인천광역시 남구 도화동,중상사고,0,1,0,0,차량단독 - 기타,안전운전불이행,건조,맑음,단일로 - 기타,승용,남,71세,상해없음,,,,
2014081500100169,2014년 8월 15일 08시,금요일,인천광역시 남동구 도림동,중상사고,0,1,0,0,차량단독 - 기타,안전운전불이행,건조,맑음,단일로 - 기타,승합,남,67세,상해없음,,,,
2014081500100170,2014년 8월 15일 08시,금요일,인천광역시 남동구 간석동,경상사고,0,0,1,0,차량단독 - 기타,안전운전불이행,건조,맑음,교차로 - 교차로부근,승용,남,72세,상해없음,,,,
2014081500100190,2014년 8월 15일 09시,금요일,인천광역시 남동구 만수동,경상사고,0,0,1,0,차대차 - 추돌 - 진행중,안전운전불이행,건조,맑음,교차로 - 교차로안,승용,남,30세,상해없음,승용,남,36세,경상
2014081500100191,2014년 8월 15일 09시,금요일,인천광역시 남동구 만수동,중상사고,0,1,0,0,차대사람 - 횡단중,보행자보호의무위반,건조,맑음,교차로 - 교차로안,기타불명,기타불명,기타불명,기타불명,보행자,여,81세,중상
2014081500100214,2014년 8월 15일 10시,금요일,인천광역시 남동구 만수동,경상사고,0,0,1,0,차대사람 - 기타,안전운전불이행,건조,맑음,단일로 - 기타,승용,남,53세,상해없음,보행자,여,45세,경상
2014081500100300,2014년 8월 15일 13시,금요일,인천광역시 중구 신흥동3가,경상사고,0,0,3,0,차대차 - 추돌 - 진행중,안전운전불이행,건조,흐림,교차로 - 교차로안,승용,남,36세,상해없음,승용,여,48세,경상
2014081500100335,2014년 8월 15일 14시,금요일,인천광역시 중구 운서동,경상사고,0,0,3,0,차대차 - 추돌 - 진행중,안전운전불이행,건조,맑음,단일로 - 기타,승용,남,42세,경상,승용,남,72세,경상
2014081500100336,2014년 8월 15일 14시,금요일,인천광역시 남동구 간석동,부상신고사고,0,0,0,1,차대차 - 측면직각충돌,중앙선침범,건조,맑음,교차로 - 교차로부근,원동기,남,49세,부상신고,승용,남,48세,상해없음
2014081500100337,2014년 8월 15일 14시,금요일,인천광역시 서구 마전동,경상사고,0,0,1,0,차대사람 - 보도통행중,보행자보호의무위반,건조,맑음,단일로 - 기타,이륜,남,53세,상해없음,보행자,남,5세,경상
2014081500100338,2014년 8월 15일 14시,금요일,인천광역시 강화군 불은면,경상사고,0,0,1,0,차대차 - 기타,안전운전불이행,건조,맑음,단일로 - 기타,승용,여,44세,상해없음,승용,남,53세,경상
2014081500100360,2014년 8월 15일 15시,금요일,인천광역시 남구 문학동,경상사고,0,0,1,0,차대사람 - 기타,안전운전불이행,건조,맑음,단일로 - 기타,승용,여,53세,상해없음,보행자,여,42세,경상
2014081500100361,2014년 8월 15일 15시,금요일,인천광역시 서구 가좌동,경상사고,0,0,1,0,차대차 - 기타,신호위반,건조,맑음,교차로 - 교차로안,승합,남,55세,상해없음,승용,남,45세,상해없음
2014081500100362,2014년 8월 15일 15시,금요일,인천광역시 서구 가좌동,경상사고,0,0,2,0,차대차 - 추돌 - 진행중,안전운전불이행,건조,맑음,단일로 - 기타,승용,남,42세,상해없음,승합,남,58세,상해없음
2014081500100406,2014년 8월 15일 16시,금요일,인천광역시 서구 당하동,경상사고,0,0,1,0,차대차 - 기타,안전운전불이행,건조,맑음,단일로 - 기타,승합,남,40세,기타불명,승용,여,55세,경상
2014081500100490,2014년 8월 15일 18시,금요일,인천광역시 남구 문학동,경상사고,0,0,1,0,차대차 - 측면직각충돌,안전운전불이행,건조,맑음,기타 - 기타,승용,여,30세,상해없음,승용,여,48세,경상
2014081500100491,2014년 8월 15일 18시,금요일,인천광역시 부평구 부개동,경상사고,0,0,1,0,차대차 - 기타,안전운전불이행,건조,맑음,교차로 - 교차로부근,승용,남,62세,상해없음,원동기,남,27세,경상
2014081500100520,2014년 8월 15일 19시,금요일,인천광역시 남동구 구월동,중상사고,0,1,1,0,차대사람 - 횡단중,안전운전불이행,건조,맑음,교차로 - 교차로안,승용,여,47세,상해없음,보행자,여,24세,중상
2014081500100560,2014년 8월 15일 20시,금요일,인천광역시 계양구 용종동,중상사고,0,1,2,1,차대차 - 측면직각충돌,신호위반,건조,맑음,교차로 - 교차로안,승용,남,41세,상해없음,승용,여,54세,경상
2014081600100012,2014년 8월 16일 00시,토요일,인천광역시 서구 가정동,경상사고,0,0,1,0,차대차 - 측면직각충돌,신호위반,건조,흐림,교차로 - 교차로안,승용,남,50세,상해없음,승용,남,46세,경상
2014081600100051,2014년 8월 16일 03시,토요일,인천광역시 부평구 삼산동,경상사고,0,0,2,0,차대차 - 측면직각충돌,교차로운행방법위반,건조,맑음,교차로 - 교차로안,승용,남,48세,상해없음,이륜,남,31세,경상
2014081600100096,2014년 8월 16일 06시,토요일,인천광역시 연수구 송도동,중상사고,0,1,1,0,차대차 - 측면직각충돌,신호위반,건조,맑음,교차로 - 교차로안,승용,남,27세,경상,승용,남,46세,상해없음
2014081600100128,2014년 8월 16일 08시,토요일,인천광역시 남동구 구월동,경상사고,0,0,2,0,차대차 - 측면직각충돌,안전운전불이행,습기,비,단일로 - 기타,승용,남,61세,상해없음,승용,여,51세,경상
2014081600100129,2014년 8월 16일 08시,토요일,인천광역시 계양구 용종동,중상사고,0,1,0,0,차대사람 - 횡단중,보행자보호의무위반,건조,맑음,교차로 - 교차로부근,승용,남,37세,상해없음,보행자,여,18세,중상
2014081600100130,2014년 8월 16일 08시,토요일,인천광역시 강화군 강화읍,경상사고,0,0,1,0,차대차 - 기타,안전운전불이행,건조,맑음,교차로 - 교차로안,화물,남,66세,상해없음,승용,남,74세,경상
2014081600100211,2014년 8월 16일 11시,토요일,인천광역시 계양구 작전동,경상사고,0,0,1,0,차대사람 - 횡단중,안전운전불이행,건조,맑음,교차로 - 교차로안,승용,남,26세,상해없음,보행자,여,78세,경상
2014081600100212,2014년 8월 16일 11시,토요일,인천광역시 연수구 옥련동,경상사고,0,0,1,0,차량단독 - 기타,기타,건조,맑음,단일로 - 기타,승합,남,44세,상해없음,,,,
2014081600100247,2014년 8월 16일 12시,토요일,인천광역시 남구 주안동,경상사고,0,0,4,0,차대차 - 기타,교차로운행방법위반,건조,맑음,교차로 - 교차로안,승용,남,51세,상해없음,승용,여,41세,경상
2014081600100248,2014년 8월 16일 12시,토요일,인천광역시 계양구 박촌동,경상사고,0,0,1,0,차대차 - 기타,안전운전불이행,건조,맑음,단일로 - 기타,화물,남,55세,상해없음,이륜,남,24세,경상
2014081600100280,2014년 8월 16일 13시,토요일,인천광역시 남동구 만수동,중상사고,0,1,0,0,차대차 - 기타,신호위반,건조,맑음,단일로 - 기타,승용,남,28세,상해없음,자전거,남,68세,중상
2014081600100281,2014년 8월 16일 13시,토요일,인천광역시 서구 경서동,중상사고,0,1,0,0,차대차 - 추돌 - 진행중,안전운전불이행,건조,맑음,기타 - 기타,자전거,남,23세,상해없음,자전거,남,65세,중상
2014081600100431,2014년 8월 16일 17시,토요일,인천광역시 남구 주안동,중상사고,0,1,0,0,차대차 - 기타,신호위반,건조,맑음,교차로 - 교차로부근,이륜,남,19세,기타불명,승용,남,30세,상해없음
2014081600100432,2014년 8월 16일 17시,토요일,인천광역시 부평구 청천동,경상사고,0,0,6,0,차대차 - 측면직각충돌,신호위반,건조,맑음,교차로 - 교차로안,승용,남,56세,상해없음,승용,여,45세,경상
2014081600100433,2014년 8월 16일 17시,토요일,인천광역시 부평구 청천동,경상사고,0,0,2,0,차대차 - 기타,불법유턴,건조,맑음,단일로 - 기타,승용,남,54세,상해없음,승용,여,27세,경상
2014081600100434,2014년 8월 16일 17시,토요일,인천광역시 남동구 만수동,경상사고,0,0,1,0,차대차 - 기타,안전거리미확보,건조,맑음,단일로 - 기타,이륜,남,17세,경상,승용,남,47세,상해없음
2014081600100490,2014년 8월 16일 19시,토요일,인천광역시 남동구 만수동,중상사고,0,1,0,0,차대차 - 측면직각충돌,중앙선침범,건조,맑음,단일로 - 기타,원동기,남,17세,중상,승용,남,18세,상해없음
2014081600100556,2014년 8월 16일 21시,토요일,인천광역시 남동구 간석동,중상사고,0,1,0,0,차대차 - 측면직각충돌,안전운전불이행,건조,맑음,교차로 - 교차로안,원동기,남,16세,중상,승용,남,45세,상해없음
2014081600100557,2014년 8월 16일 21시,토요일,인천광역시 남동구 간석동,중상사고,0,1,0,0,차대차 - 기타,안전운전불이행,건조,맑음,단일로 - 기타,승용,남,24세,상해없음,이륜,남,27세,중상
2014081600100597,2014년 8월 16일 22시,토요일,인천광역시 남동구 만수동,경상사고,0,0,3,0,차대차 - 측면직각충돌,교차로운행방법위반,건조,맑음,교차로 - 교차로안,승용,여,52세,상해없음,승용,남,51세,경상
2014081600100598,2014년 8월 16일 22시,토요일,인천광역시 서구 경서동,중상사고,0,1,0,0,차대차 - 측면직각충돌,신호위반,건조,맑음,교차로 - 교차로안,승용,남,31세,상해없음,이륜,남,33세,중상
2014081600100599,2014년 8월 16일 22시,토요일,인천광역시 연수구 옥련동,경상사고,0,0,1,0,차량단독 - 기타,안전운전불이행,건조,맑음,단일로 - 기타,승합,남,49세,상해없음,,,,
2014081600100619,2014년 8월 16일 23시,토요일,인천광역시 부평구 삼산동,경상사고,0,0,2,0,차대차 - 측면직각충돌,안전거리미확보,건조,맑음,단일로 - 기타,승용,남,50세,상해없음,승용,남,49세,경상
2014081700100014,2014년 8월 17일 00시,일요일,인천광역시 남동구 간석동,중상사고,0,1,0,0,차대사람 - 횡단중,안전운전불이행,건조,맑음,단일로 - 횡단보도상,승용,남,65세,상해없음,보행자,남,31세,중상
2014081700100015,2014년 8월 17일 00시,일요일,인천광역시 부평구 부개동,경상사고,0,0,1,0,차대사람 - 기타,기타,건조,맑음,기타 - 기타,이륜,남,51세,상해없음,보행자,여,30세,경상
2014081700100059,2014년 8월 17일 03시,일요일,인천광역시 계양구 작전동,중상사고,0,1,7,0,차대차 - 추돌 - 주정차중,안전운전불이행,건조,맑음,단일로 - 기타,승용,남,29세,상해없음,승용,남,48세,경상
2014081700100060,2014년 8월 17일 03시,일요일,인천광역시 연수구 송도동,경상사고,0,0,2,0,차대차 - 정면충돌,중앙선침범,건조,맑음,교차로 - 교차로안,승용,남,20세,상해없음,승용,남,56세,경상
2014081700100083,2014년 8월 17일 06시,일요일,인천광역시 부평구 삼산동,중상사고,0,1,1,0,차대차 - 정면충돌,신호위반,건조,맑음,교차로 - 교차로안,승용,남,30세,상해없음,승용,남,57세,경상
2014081700100110,2014년 8월 17일 08시,일요일,인천광역시 남동구 구월동,경상사고,0,0,1,0,차대차 - 측면직각충돌,신호위반,건조,맑음,교차로 - 교차로안,승용,남,63세,상해없음,화물,남,50세,경상
2014081700100123,2014년 8월 17일 09시,일요일,인천광역시 남동구 장수동,중상사고,0,1,0,0,차대차 - 측면직각충돌,안전운전불이행,습기,비,교차로 - 교차로안,승용,여,41세,상해없음,승용,남,65세,중상
2014081700100149,2014년 8월 17일 10시,일요일,인천광역시 연수구 청학동,경상사고,0,0,1,0,차대차 - 추돌 - 주정차중,안전운전불이행,습기,비,단일로 - 기타,승용,남,44세,상해없음,승합,여,53세,경상
2014081700100243,2014년 8월 17일 14시,일요일,인천광역시 부평구 삼산동,부상신고사고,0,0,0,1,차대사람 - 기타,안전운전불이행,습기,흐림,단일로 - 기타,이륜,남,16세,상해없음,보행자,남,6세,부상신고
2014081700100276,2014년 8월 17일 15시,일요일,인천광역시 남동구 간석동,경상사고,0,0,1,0,차대차 - 측면직각충돌,안전운전불이행,건조,흐림,단일로 - 기타,승용,남,28세,상해없음,승용,남,34세,경상
2014081700100321,2014년 8월 17일 17시,일요일,인천광역시 부평구 부평동,경상사고,0,0,3,0,차대차 - 추돌 - 주정차중,안전거리미확보,건조,맑음,교차로 - 교차로부근,승용,남,41세,상해없음,승용,남,45세,경상
2014081700100322,2014년 8월 17일 17시,일요일,인천광역시 계양구 서운동,경상사고,0,0,1,0,차대차 - 측면직각충돌,신호위반,건조,맑음,교차로 - 교차로안,승용,여,67세,상해없음,자전거,남,16세,경상
2014081700100323,2014년 8월 17일 17시,일요일,인천광역시 계양구 계산동,중상사고,0,1,0,0,차대사람 - 기타,안전운전불이행,건조,맑음,단일로 - 기타,원동기,남,49세,상해없음,보행자,남,44세,중상
2014081700100324,2014년 8월 17일 17시,일요일,인천광역시 연수구 송도동,중상사고,0,1,0,0,차대차 - 기타,신호위반,건조,맑음,교차로 - 교차로안,승용,남,57세,상해없음,승용,남,34세,중상
2014081700100373,2014년 8월 17일 19시,일요일,인천광역시 남구 용현동,중상사고,0,1,0,0,차대차 - 측면직각충돌,중앙선침범,건조,맑음,단일로 - 기타,자전거,남,55세,중상,승용,남,72세,상해없음
2014081700100374,2014년 8월 17일 19시,일요일,인천광역시 부평구 부평동,경상사고,0,0,1,0,차대차 - 기타,교차로운행방법위반,습기,비,교차로 - 교차로안,승용,남,42세,상해없음,이륜,남,19세,경상
2014081700100375,2014년 8월 17일 19시,일요일,인천광역시 남동구 논현동,경상사고,0,0,1,0,차대사람 - 기타,중앙선침범,건조,맑음,교차로 - 교차로안,승합,남,52세,상해없음,보행자,여,13세,경상
2014081700100407,2014년 8월 17일 20시,일요일,인천광역시 계양구 갈현동,경상사고,0,0,1,0,차대사람 - 횡단중,중앙선침범,습기,비,교차로 - 교차로부근,이륜,남,18세,상해없음,보행자,여,41세,경상
2014081700100433,2014년 8월 17일 21시,일요일,인천광역시 동구 송현동,경상사고,0,0,2,0,차대차 - 추돌 - 주정차중,안전거리미확보,건조,맑음,교차로 - 교차로부근,승용,남,53세,경상,승합,남,57세,상해없음
2014081700100461,2014년 8월 17일 22시,일요일,인천광역시 부평구 부평동,경상사고,0,0,1,0,차대차 - 정면충돌,안전운전불이행,건조,맑음,단일로 - 기타,승용,남,64세,상해없음,자전거,남,18세,경상
2014081700100462,2014년 8월 17일 22시,일요일,인천광역시 서구 경서동,경상사고,0,0,1,0,차대차 - 정면충돌,신호위반,건조,맑음,교차로 - 교차로안,승합,남,52세,상해없음,승용,남,38세,경상
2014081700100463,2014년 8월 17일 22시,일요일,인천광역시 서구 석남동,경상사고,0,0,2,1,차대차 - 기타,중앙선침범,건조,맑음,교차로 - 교차로부근,승용,남,44세,상해없음,승합,남,30세,상해없음
2014081700100490,2014년 8월 17일 23시,일요일,인천광역시 부평구 십정동,중상사고,0,1,0,0,차대사람 - 횡단중,안전운전불이행,건조,흐림,단일로 - 횡단보도부근,원동기,남,21세,상해없음,보행자,남,55세,중상
2014081700100491,2014년 8월 17일 23시,일요일,인천광역시 부평구 청천동,중상사고,0,1,0,0,차대차 - 추돌 - 주정차중,안전거리미확보,건조,맑음,단일로 - 기타,승용,남,24세,상해없음,승용,남,23세,중상
2014081800100041,2014년 8월 18일 02시,월요일,인천광역시 남동구 구월동,중상사고,0,1,0,0,차대사람 - 기타,신호위반,건조,맑음,단일로 - 기타,승용,남,56세,상해없음,보행자,남,22세,중상
2014081800100078,2014년 8월 18일 06시,월요일,인천광역시 남동구 간석동,경상사고,0,0,1,0,차대차 - 기타,신호위반,건조,맑음,교차로 - 교차로안,승용,남,71세,상해없음,승용,남,34세,경상
2014081800100101,2014년 8월 18일 07시,월요일,인천광역시 서구 연희동,중상사고,0,1,0,0,차대사람 - 기타,안전운전불이행,습기,비,단일로 - 횡단보도부근,승용,남,37세,상해없음,보행자,남,46세,중상
2014081800100133,2014년 8월 18일 08시,월요일,인천광역시 남동구 만수동,경상사고,0,0,1,0,차대차 - 추돌 - 진행중,안전거리미확보,건조,맑음,단일로 - 기타,승용,여,44세,상해없음,승용,여,48세,경상
2014081800100134,2014년 8월 18일 08시,월요일,인천광역시 서구 검암동,경상사고,0,0,1,0,차량단독 - 기타,기타,건조,맑음,단일로 - 기타,승합,남,48세,상해없음,,,,
2014081800100197,2014년 8월 18일 10시,월요일,인천광역시 부평구 부평동,중상사고,0,1,0,0,차대차 - 정면충돌,중앙선침범,습기,비,교차로 - 교차로안,승용,여,36세,상해없음,승용,남,35세,중상
2014081800100198,2014년 8월 18일 10시,월요일,인천광역시 서구 가정동,경상사고,0,0,3,0,차대차 - 기타,안전운전불이행,습기,비,단일로 - 기타,화물,남,54세,상해없음,승용,여,30세,경상
2014081800100257,2014년 8월 18일 12시,월요일,인천광역시 계양구 계산동,중상사고,0,1,1,0,차대차 - 정면충돌,신호위반,건조,맑음,교차로 - 교차로부근,승용,여,56세,상해없음,승용,남,53세,중상
2014081800100258,2014년 8월 18일 12시,월요일,인천광역시 서구 검암동,경상사고,0,0,2,0,차대차 - 측면직각충돌,차로위반,건조,맑음,단일로 - 기타,승용,남,62세,상해없음,승용,여,27세,경상
2014081800100290,2014년 8월 18일 13시,월요일,인천광역시 서구 백석동,경상사고,0,0,4,0,차대차 - 기타,안전운전불이행,건조,맑음,단일로 - 기타,승합,남,51세,상해없음,승용,남,36세,경상
2014081800100355,2014년 8월 18일 15시,월요일,인천광역시 남구 주안동,중상사고,0,1,0,0,차대사람 - 기타,보행자보호의무위반,건조,맑음,단일로 - 횡단보도상,화물,남,49세,상해없음,보행자,남,41세,중상
2014081800100390,2014년 8월 18일 16시,월요일,인천광역시 부평구 부평동,중상사고,0,1,0,0,차대차 - 측면직각충돌,신호위반,건조,흐림,교차로 - 교차로안,승용,남,59세,상해없음,자전거,남,66세,중상
2014081800100450,2014년 8월 18일 18시,월요일,인천광역시 남구 주안동,경상사고,0,0,1,0,차대사람 - 기타,안전운전불이행,기타,비,단일로 - 기타,승용,남,61세,상해없음,보행자,여,32세,경상
2014081800100489,2014년 8월 18일 19시,월요일,인천광역시 남동구 고잔동,경상사고,0,0,1,0,차대차 - 추돌 - 진행중,안전운전불이행,습기,비,교차로 - 교차로안,승합,남,52세,상해없음,승용,남,47세,경상
2014081800100490,2014년 8월 18일 19시,월요일,인천광역시 남동구 논현동,경상사고,0,0,1,0,차대사람 - 횡단중,신호위반,습기,비,교차로 - 교차로안,승용,여,35세,상해없음,보행자,남,10세,경상
2014081800100491,2014년 8월 18일 19시,월요일,인천광역시 서구 백석동,중상사고,0,1,1,0,차대차 - 추돌 - 진행중,안전거리미확보,건조,맑음,단일로 - 교량,승용,남,30세,상해없음,승용,여,46세,상해없음
2014081800100492,2014년 8월 18일 19시,월요일,인천광역시 서구 당하동,경상사고,0,0,1,0,차대차 - 기타,안전운전불이행,습기,비,단일로 - 횡단보도상,승용,기타불명,기타불명,기타불명,자전거,남,11세,경상
2014081800100493,2014년 8월 18일 19시,월요일,인천광역시 계양구 작전동,중상사고,0,2,0,0,차대사람 - 횡단중,보행자보호의무위반,습기,비,교차로 - 교차로안,승용,남,54세,상해없음,보행자,여,32세,중상
2014081800100494,2014년 8월 18일 19시,월요일,인천광역시 부평구 부평동,경상사고,0,0,1,0,차대사람 - 횡단중,안전운전불이행,건조,맑음,교차로 - 교차로안,승용,남,51세,상해없음,보행자,여,30세,경상
2014081800100495,2014년 8월 18일 19시,월요일,인천광역시 서구 가좌동,경상사고,0,0,1,0,차대차 - 기타,안전운전불이행,습기,비,미분류 - 미분류,화물,남,56세,상해없음,승용,여,47세,경상
2014081800100528,2014년 8월 18일 20시,월요일,인천광역시 남동구 간석동,경상사고,0,0,1,0,차대차 - 측면직각충돌,안전운전불이행,습기,비,교차로 - 교차로안,승합,남,27세,상해없음,이륜,남,17세,경상
2014081800100556,2014년 8월 18일 21시,월요일,인천광역시 연수구 연수동,경상사고,0,0,2,0,차대차 - 측면직각충돌,신호위반,건조,맑음,교차로 - 교차로안,승용,남,22세,상해없음,승용,남,56세,경상
2014081800100557,2014년 8월 18일 21시,월요일,인천광역시 연수구 옥련동,경상사고,0,0,2,0,차대차 - 추돌 - 주정차중,안전운전불이행,습기,비,단일로 - 기타,승용,남,50세,상해없음,승용,남,35세,경상