사고번호,사고일시,요일,시군구,사고내용,사망자수,중상자수,경상자수,부상신고자수,사고유형,법규위반,노면상태,기상상태,도로형태,가해운전자 차종,가해운전자 성별,가해운전자 연령,가해운전자 상해정도,피해운전자 차종,피해운전자 성별,피해운전자 연령,피해운전자 상해정도
2014081800100621,2014년 8월 18일 23시,월요일,인천광역시 부평구 부평동,경상사고,0,0,1,0,차대차 - 기타,안전운전불이행,습기,비,교차로 - 교차로부근,승합,남,47세,상해없음,승용,남,53세,상해없음
2014081800100622,2014년 8월 18일 23시,월요일,인천광역시 남동구 장수동,경상사고,0,0,2,0,차대차 - 추돌 - 진행중,안전운전불이행,습기,비,교차로 - 교차로부근,승용,남,46세,상해없음,승용,남,49세,경상
2014081900100023,2014년 8월 19일 00시,화요일,인천광역시 남동구 고잔동,경상사고,0,0,3,0,차대차 - 추돌 - 주정차중,안전운전불이행,습기,비,단일로 - 기타,승용,남,42세,상해없음,승용,남,38세,경상
2014081900100024,2014년 8월 19일 00시,화요일,인천광역시 연수구 송도동,경상사고,0,0,2,0,차대차 - 기타,중앙선침범,건조,맑음,교차로 - 교차로부근,승용,여,26세,상해없음,승용,남,44세,경상
2014081900100042,2014년 8월 19일 01시,화요일,인천광역시 남구 숭의동,중상사고,0,1,0,0,차대사람 - 차도통행중,신호위반,습기,비,교차로 - 교차로부근,승용,남,51세,상해없음,보행자,남,68세,중상
2014081900100043,2014년 8월 19일 01시,화요일,인천광역시 계양구 계산동,부상신고사고,0,0,0,1,차대사람 - 횡단중,안전운전불이행,건조,맑음,단일로 - 기타,승용,남,39세,상해없음,보행자,여,46세,부상신고
2014081900100069,2014년 8월 19일 03시,화요일,인천광역시 중구 신흥동3가,경상사고,0,0,1,0,차대차 - 기타,차로위반,습기,비,단일로 - 기타,승용,남,36세,상해없음,화물,남,36세,경상
2014081900100070,2014년 8월 19일 03시,화요일,인천광역시 부평구 부평동,중상사고,0,2,0,0,차대차 - 기타,중앙선침범,습기,비,단일로 - 기타,승용,여,47세,상해없음,승용,남,39세,중상
2014081900100071,2014년 8월 19일 03시,화요일,인천광역시 남동구 논현동,중상사고,0,1,1,0,차대차 - 측면직각충돌,신호위반,습기,비,교차로 - 교차로안,승용,남,30세,상해없음,승용,남,55세,중상
2014081900100139,2014년 8월 19일 07시,화요일,인천광역시 남동구 구월동,경상사고,0,0,2,0,차대차 - 기타,안전운전불이행,건조,맑음,단일로 - 기타,승용,여,51세,기타불명,승용,남,47세,경상
2014081900100140,2014년 8월 19일 07시,화요일,인천광역시 서구 가좌동,중상사고,0,2,0,0,차대차 - 기타,중앙선침범,건조,맑음,단일로 - 기타,승용,남,67세,상해없음,승합,남,55세,중상
2014081900100207,2014년 8월 19일 09시,화요일,인천광역시 부평구 청천동,중상사고,0,1,0,0,차대사람 - 기타,보행자보호의무위반,건조,맑음,단일로 - 기타,화물,남,64세,상해없음,보행자,여,79세,중상
2014081900100208,2014년 8월 19일 09시,화요일,인천광역시 계양구 작전동,경상사고,0,0,1,0,차대차 - 추돌 - 진행중,안전운전불이행,습기,흐림,단일로 - 횡단보도부근,승용,여,46세,상해없음,승용,여,39세,경상
2014081900100239,2014년 8월 19일 10시,화요일,인천광역시 계양구 작전동,중상사고,0,2,1,0,차대차 - 측면직각충돌,안전거리미확보,건조,맑음,단일로 - 기타,승용,남,17세,상해없음,이륜,남,20세,중상
2014081900100356,2014년 8월 19일 14시,화요일,인천광역시 중구 도원동,경상사고,0,0,3,0,차대차 - 추돌 - 진행중,안전운전불이행,건조,맑음,교차로 - 교차로부근,승용,남,44세,상해없음,승용,여,33세,경상
2014081900100357,2014년 8월 19일 14시,화요일,인천광역시 남구 문학동,경상사고,0,0,1,0,차대차 - 기타,안전운전불이행,건조,맑음,교차로 - 교차로부근,화물,남,57세,상해없음,승용,여,55세,경상
2014081900100358,2014년 8월 19일 14시,화요일,인천광역시 서구 백석동,중상사고,0,2,2,0,차대차 - 정면충돌,중앙선침범,건조,맑음,단일로 - 기타,승용,여,52세,경상,승용,여,48세,경상
2014081900100394,2014년 8월 19일 15시,화요일,인천광역시 중구 항동7가,중상사고,0,1,0,0,차대차 - 측면직각충돌,안전운전불이행,건조,맑음,교차로 - 교차로부근,화물,남,49세,상해없음,자전거,남,72세,중상
2014081900100395,2014년 8월 19일 15시,화요일,인천광역시 서구 심곡동,경상사고,0,0,1,0,차대차 - 추돌 - 주정차중,안전운전불이행,건조,맑음,단일로 - 기타,승용,남,53세,상해없음,승용,남,57세,경상
2014081900100427,2014년 8월 19일 16시,화요일,인천광역시 남동구 장수동,중상사고,0,1,0,0,차대사람 - 기타,안전운전불이행,건조,맑음,단일로 - 기타,이륜,남,29세,상해없음,보행자,남,7세,중상
2014081900100428,2014년 8월 19일 16시,화요일,인천광역시 연수구 동춘동,경상사고,0,0,1,0,차대사람 - 횡단중,안전운전불이행,건조,맑음,교차로 - 교차로안,승용,여,30세,상해없음,보행자,남,8세,경상
2014081900100466,2014년 8월 19일 17시,화요일,인천광역시 남구 학익동,경상사고,0,0,1,0,차대사람 - 횡단중,신호위반,건조,맑음,교차로 - 교차로부근,승용,여,66세,상해없음,보행자,남,11세,경상
2014081900100509,2014년 8월 19일 18시,화요일,인천광역시 서구 가좌동,경상사고,0,0,1,0,차대사람 - 차도통행중,안전운전불이행,건조,맑음,단일로 - 횡단보도부근,화물,남,54세,상해없음,보행자,여,55세,경상
2014081900100552,2014년 8월 19일 19시,화요일,인천광역시 서구 석남동,중상사고,0,1,0,0,차대사람 - 기타,안전운전불이행,건조,맑음,단일로 - 기타,승합,남,47세,상해없음,보행자,남,78세,중상
2014081900100553,2014년 8월 19일 19시,화요일,인천광역시 부평구 부평동,경상사고,0,0,1,0,차대차 - 측면직각충돌,교차로운행방법위반,건조,맑음,교차로 - 교차로안,이륜,남,31세,경상,승용,남,51세,상해없음
2014081900100554,2014년 8월 19일 19시,화요일,인천광역시 부평구 삼산동,경상사고,0,0,1,0,차대차 - 측면직각충돌,교차로운행방법위반,건조,맑음,교차로 - 교차로안,승용,남,43세,상해없음,이륜,남,16세,경상
2014081900100583,2014년 8월 19일 20시,화요일,인천광역시 부평구 부평동,부상신고사고,0,0,0,1,차대사람 - 기타,안전운전불이행,건조,맑음,단일로 - 기타,자전거,기타불명,기타불명,기타불명,보행자,여,24세,부상신고
2014081900100584,2014년 8월 19일 20시,화요일,인천광역시 남동구 간석동,중상사고,0,1,0,0,차대사람 - 횡단중,안전운전불이행,건조,맑음,단일로 - 기타,승용,남,60세,상해없음,보행자,여,35세,중상
2014081900100585,2014년 8월 19일 20시,화요일,인천광역시 연수구 송도동,경상사고,0,0,1,0,차대차 - 기타,안전운전불이행,건조,맑음,단일로 - 기타,승용,여,43세,상해없음,승용,여,43세,경상
2014081900100619,2014년 8월 19일 21시,화요일,인천광역시 계양구 박촌동,경상사고,0,0,1,0,차대사람 - 횡단중,보행자보호의무위반,건조,맑음,단일로 - 횡단보도상,승용,남,22세,상해없음,보행자,여,18세,경상
2014081900100678,2014년 8월 19일 23시,화요일,인천광역시 남동구 구월동,경상사고,0,0,1,0,차대차 - 추돌 - 주정차중,안전거리미확보,건조,맑음,단일로 - 기타,승용,여,50세,상해없음,승용,남,43세,경상
2014082000100053,2014년 8월 20일 02시,수요일,인천광역시 남동구 논현동,중상사고,0,1,1,0,차대차 - 측면직각충돌,신호위반,건조,맑음,교차로 - 교차로안,승용,남,74세,상해없음,승용,남,59세,중상
2014082000100067,2014년 8월 20일 04시,수요일,인천광역시 부평구 십정동,경상사고,0,0,3,0,차대차 - 기타,안전운전불이행,건조,맑음,교차로 - 교차로부근,승용,남,61세,상해없음,승용,남,44세,경상
2014082000100133,2014년 8월 20일 08시,수요일,인천광역시 남동구 간석동,경상사고,0,0,1,0,차대차 - 기타,중앙선침범,건조,맑음,단일로 - 기타,승용,남,59세,상해없음,승용,남,67세,상해없음
2014082000100134,2014년 8월 20일 08시,수요일,인천광역시 남동구 남촌동,중상사고,0,1,0,0,차대차 - 측면직각충돌,안전운전불이행,건조,맑음,단일로 - 기타,승합,남,54세,상해없음,승용,여,40세,중상
2014082000100135,2014년 8월 20일 08시,수요일,인천광역시 서구 경서동,경상사고,0,0,1,0,차대사람 - 기타,안전운전불이행,건조,맑음,교차로 - 교차로부근,기타불명,기타불명,기타불명,기타불명,보행자,남,57세,경상
2014082000100164,2014년 8월 20일 09시,수요일,인천광역시 남동구 구월동,중상사고,0,4,0,1,차대차 - 측면직각충돌,신호위반,건조,맑음,교차로 - 교차로안,승용,남,33세,상해없음,승용,남,65세,중상
2014082000100218,2014년 8월 20일 11시,수요일,인천광역시 남구 도화동,경상사고,0,0,1,0,차대차 - 기타,교차로운행방법위반,건조,맑음,교차로 - 교차로안,승용,남,23세,경상,승용,여,55세,상해없음
2014082000100377,2014년 8월 20일 16시,수요일,인천광역시 남동구 구월동,경상사고,0,0,3,0,차대차 - 기타,차로위반,건조,맑음,단일로 - 기타,승용,남,26세,상해없음,승용,남,32세,경상
2014082000100402,2014년 8월 20일 17시,수요일,인천광역시 남동구 구월동,경상사고,0,0,1,0,차대차 - 측면직각충돌,안전운전불이행,건조,맑음,단일로 - 기타,승용,남,55세,상해없음,자전거,남,16세,경상
2014082000100403,2014년 8월 20일 17시,수요일,인천광역시 계양구 귤현동,경상사고,0,0,1,0,차량단독 - 기타,기타,건조,맑음,단일로 - 기타,승합,남,52세,상해없음,,,,
2014082000100428,2014년 8월 20일 18시,수요일,인천광역시 계양구 서운동,중상사고,0,1,0,0,차대차 - 측면직각충돌,교차로운행방법위반,건조,맑음,교차로 - 교차로안,승용,남,30세,상해없음,자전거,여,47세,중상
2014082000100519,2014년 8월 20일 20시,수요일,인천광역시 동구 창영동,경상사고,0,0,2,0,차대차 - 추돌 - 진행중,안전거리미확보,건조,맑음,단일로 - 기타,승용,남,29세,경상,이륜,남,54세,경상
2014082000100552,2014년 8월 20일 21시,수요일,인천광역시 남구 주안동,중상사고,0,1,0,0,차대사람 - 기타,안전운전불이행,건조,맑음,교차로 - 교차로안,승용,여,38세,상해없음,보행자,남,66세,중상
2014082000100553,2014년 8월 20일 21시,수요일,인천광역시 부평구 청천동,경상사고,0,0,1,0,차대차 - 기타,신호위반,건조,맑음,교차로 - 교차로부근,승용,남,33세,상해없음,자전거,여,55세,경상
2014082000100554,2014년 8월 20일 21시,수요일,인천광역시 남동구 구월동,중상사고,0,1,0,0,차대사람 - 횡단중,안전운전불이행,건조,맑음,단일로 - 기타,승합,남,51세,상해없음,보행자,남,45세,중상
2014082000100591,2014년 8월 20일 22시,수요일,인천광역시 남구 주안동,중상사고,0,1,1,0,차대차 - 추돌 - 진행중,안전운전불이행,건조,맑음,단일로 - 기타,승용,남,54세,상해없음,승용,남,55세,중상
2014082000100592,2014년 8월 20일 22시,수요일,인천광역시 부평구 청천동,경상사고,0,0,2,0,차대차 - 측면직각충돌,안전운전불이행,건조,맑음,단일로 - 기타,승용,남,66세,경상,승용,남,52세,경상
2014082000100637,2014년 8월 20일 23시,수요일,인천광역시 중구 을왕동,중상사고,0,1,0,0,차대차 - 추돌 - 진행중,안전운전불이행,건조,맑음,단일로 - 기타,이륜,남,22세,중상,승용,남,21세,상해없음
2014082000100638,2014년 8월 20일 23시,수요일,인천광역시 서구 심곡동,중상사고,0,1,0,0,차대차 - 추돌 - 주정차중,안전운전불이행,건조,맑음,단일로 - 기타,승용,남,33세,상해없음,승용,여,22세,중상
2014082100100048,2014년 8월 21일 01시,목요일,인천광역시 남구 주안동,중상사고,0,1,0,0,차대사람 - 횡단중,안전운전불이행,건조,맑음,교차로 - 교차로부근,승용,남,40세,상해없음,보행자,남,46세,중상
2014082100100081,2014년 8월 21일 03시,목요일,인천광역시 서구 가좌동,경상사고,0,0,1,0,차량단독 - 전도전복,안전운전불이행,습기,비,단일로 - 기타,이륜,남,37세,경상,,,,
2014082100100112,2014년 8월 21일 05시,목요일,인천광역시 부평구 삼산동,경상사고,0,0,2,0,차대차 - 추돌 - 진행중,안전운전불이행,습기,비,미분류 - 미분류,승용,남,49세,상해없음,승용,남,46세,경상
2014082100100126,2014년 8월 21일 06시,목요일,인천광역시 부평구 부평동,경상사고,0,0,1,0,차대차 - 측면직각충돌,안전운전불이행,습기,비,교차로 - 교차로부근,승용,여,42세,상해없음,화물,남,37세,상해없음
2014082100100147,2014년 8월 21일 07시,목요일,인천광역시 남구 주안동,경상사고,0,0,1,0,차대사람 - 길가장자리구역통행중,안전운전불이행,습기,비,교차로 - 교차로안,승용,남,60세,상해없음,보행자,여,18세,경상
2014082100100148,2014년 8월 21일 07시,목요일,인천광역시 부평구 일신동,경상사고,0,0,4,1,차대차 - 추돌 - 주정차중,안전운전불이행,습기,비,단일로 - 기타,승용,남,27세,경상,승합,남,58세,상해없음
2014082100100180,2014년 8월 21일 08시,목요일,인천광역시 서구 마전동,경상사고,0,0,1,0,차대사람 - 횡단중,보행자보호의무위반,습기,비,교차로 - 교차로부근,승용,여,47세,상해없음,보행자,남,31세,경상
2014082100100258,2014년 8월 21일 11시,목요일,인천광역시 중구 신흥동2가,중상사고,0,1,0,0,차대차 - 기타,신호위반,습기,비,교차로 - 교차로안,기타불명,기타불명,기타불명,기타불명,자전거,남,7세,중상
2014082100100259,2014년 8월 21일 11시,목요일,인천광역시 중구 항동7가,경상사고,0,0,1,0,차대차 - 측면직각충돌,안전운전불이행,건조,맑음,교차로 - 교차로안,화물,남,47세,상해없음,승용,남,56세,경상
2014082100100301,2014년 8월 21일 12시,목요일,인천광역시 남구 용현동,경상사고,0,0,1,0,차대차 - 기타,안전운전불이행,습기,비,교차로 - 교차로안,승용,여,40세,상해없음,승용,남,61세,상해없음
2014082100100302,2014년 8월 21일 12시,목요일,인천광역시 남동구 논현동,중상사고,0,2,0,0,차대차 - 측면직각충돌,신호위반,건조,맑음,교차로 - 교차로안,화물,남,44세,상해없음,승용,여,27세,중상
2014082100100333,2014년 8월 21일 13시,목요일,인천광역시 계양구 계산동,부상신고사고,0,0,0,1,차대사람 - 횡단중,신호위반,습기,비,교차로 - 교차로안,승용,남,29세,상해없음,보행자,여,46세,부상신고
2014082100100360,2014년 8월 21일 14시,목요일,인천광역시 남동구 논현동,중상사고,0,1,0,0,차대차 - 측면직각충돌,안전운전불이행,건조,맑음,교차로 - 교차로안,화물,남,66세,상해없음,승용,남,46세,중상
2014082100100387,2014년 8월 21일 15시,목요일,인천광역시 중구 유동,경상사고,0,0,1,0,차대사람 - 기타,안전운전불이행,건조,맑음,교차로 - 교차로부근,승합,남,53세,상해없음,보행자,남,90세,경상
2014082100100420,2014년 8월 21일 16시,목요일,인천광역시 부평구 청천동,중상사고,0,1,0,0,차대차 - 기타,신호위반,건조,흐림,교차로 - 교차로안,승용,여,27세,상해없음,승용,남,53세,중상
2014082100100421,2014년 8월 21일 16시,목요일,인천광역시 남동구 논현동,중상사고,0,1,0,0,차대차 - 측면직각충돌,불법유턴,건조,맑음,단일로 - 횡단보도상,이륜,남,18세,중상,화물,남,65세,상해없음
2014082100100498,2014년 8월 21일 18시,목요일,인천광역시 부평구 청천동,경상사고,0,0,1,0,차량단독 - 기타,기타,습기,비,단일로 - 기타,승합,남,40세,상해없음,,,,
2014082100100499,2014년 8월 21일 18시,목요일,인천광역시 부평구 산곡동,경상사고,0,0,1,0,차대차 - 추돌 - 주정차중,안전운전불이행,습기,비,단일로 - 기타,승합,남,58세,상해없음,승용,여,52세,경상
2014082100100500,2014년 8월 21일 18시,목요일,인천광역시 남동구 논현동,경상사고,0,0,1,0,차대차 - 추돌 - 주정차중,안전거리미확보,습기,비,교차로 - 교차로안,승용,여,40세,상해없음,승용,여,23세,경상
2014082100100614,2014년 8월 21일 21시,목요일,인천광역시 남동구 구월동,경상사고,0,0,1,0,차대차 - 기타,신호위반,건조,맑음,교차로 - 교차로안,승용,남,43세,상해없음,승용,남,41세,경상
2014082100100664,2014년 8월 21일 23시,목요일,인천광역시 연수구 옥련동,중상사고,0,1,0,0,차대사람 - 횡단중,안전운전불이행,건조,맑음,단일로 - 기타,승용,남,33세,상해없음,보행자,여,57세,중상
2014082200100042,2014년 8월 22일 01시,금요일,인천광역시 남구 주안동,경상사고,0,0,1,0,차대사람 - 기타,안전운전불이행,습기,비,단일로 - 기타,승용,남,61세,상해없음,보행자,여,19세,경상
2014082200100043,2014년 8월 22일 01시,금요일,인천광역시 계양구 계산동,중상사고,0,1,0,0,차대사람 - 횡단중,신호위반,습기,비,단일로 - 기타,이륜,남,74세,상해없음,보행자,여,50세,중상
2014082200100044,2014년 8월 22일 01시,금요일,인천광역시 연수구 송도동,중상사고,0,1,0,0,차대사람 - 기타,안전운전불이행,습기,흐림,단일로 - 기타,승용,남,32세,상해없음,보행자,남,44세,중상
2014082200100088,2014년 8월 22일 05시,금요일,인천광역시 계양구 계산동,경상사고,0,0,1,0,차대차 - 추돌 - 주정차중,안전거리미확보,습기,흐림,교차로 - 교차로부근,승용,남,23세,상해없음,승용,여,53세,경상
2014082200100100,2014년 8월 22일 06시,금요일,인천광역시 서구 마전동,경상사고,0,0,1,0,차대사람 - 기타,안전운전불이행,건조,맑음,단일로 - 기타,승용,남,32세,상해없음,보행자,여,15세,경상
2014082200100159,2014년 8월 22일 08시,금요일,인천광역시 남구 용현동,경상사고,0,0,1,0,차대차 - 기타,안전운전불이행,건조,맑음,교차로 - 교차로안,승용,남,60세,상해없음,자전거,남,27세,경상
2014082200100246,2014년 8월 22일 11시,금요일,인천광역시 동구 화평동,경상사고,0,0,1,0,차량단독 - 기타,안전운전불이행,건조,맑음,교차로 - 교차로안,승합,남,47세,상해없음,,,,
2014082200100313,2014년 8월 22일 13시,금요일,인천광역시 남구 관교동,부상신고사고,0,0,0,1,차대사람 - 기타,보행자보호의무위반,건조,맑음,단일로 - 횡단보도상,승용,남,51세,상해없음,보행자,여,59세,부상신고
2014082200100347,2014년 8월 22일 14시,금요일,인천광역시 중구 운서동,중상사고,0,1,2,0,차대차 - 추돌 - 주정차중,안전운전불이행,건조,맑음,단일로 - 횡단보도부근,승용,여,42세,상해없음,승용,남,28세,기타불명
2014082200100380,2014년 8월 22일 15시,금요일,인천광역시 남동구 논현동,부상신고사고,0,0,0,1,차대차 - 측면직각충돌,안전운전불이행,건조,맑음,단일로 - 기타,승용,여,27세,상해없음,자전거,남,7세,부상신고
2014082200100381,2014년 8월 22일 15시,금요일,인천광역시 서구 연희동,중상사고,0,1,0,0,차대사람 - 횡단중,보행자보호의무위반,건조,맑음,단일로 - 횡단보도상,승용,남,54세,상해없음,보행자,여,6세,중상
2014082200100422,2014년 8월 22일 16시,금요일,인천광역시 남동구 논현동,중상사고,0,1,0,0,차대차 - 측면직각충돌,안전운전불이행,건조,맑음,교차로 - 교차로안,승용,여,39세,상해없음,자전거,여,44세,중상
2014082200100423,2014년 8월 22일 16시,금요일,인천광역시 부평구 부평동,중상사고,0,1,3,0,차대차 - 측면직각충돌,차로위반,건조,맑음,교차로 - 교차로안,승용,남,21세,상해없음,승합,남,54세,상해없음
2014082200100464,2014년 8월 22일 17시,금요일,인천광역시 남동구 만수동,경상사고,0,0,1,0,차대사람 - 기타,불법유턴,건조,맑음,단일로 - 기타,화물,남,42세,상해없음,보행자,남,20세,경상
2014082200100506,2014년 8월 22일 18시,금요일,인천광역시 남구 문학동,중상사고,0,1,0,0,차대차 - 기타,안전거리미확보,건조,흐림,미분류 - 미분류,승용,남,62세,상해없음,승용,남,31세,중상
2014082200100553,2014년 8월 22일 19시,금요일,인천광역시 서구 석남동,경상사고,0,0,1,0,차대사람 - 기타,안전운전불이행,건조,맑음,단일로 - 기타,승합,남,51세,상해없음,보행자,여,45세,경상
2014082200100588,2014년 8월 22일 20시,금요일,인천광역시 남구 주안동,경상사고,0,0,1,0,차대차 - 추돌 - 주정차중,안전운전불이행,건조,맑음,교차로 - 교차로안,승용,남,28세,상해없음,승용,여,48세,경상
2014082200100589,2014년 8월 22일 20시,금요일,인천광역시 부평구 부평동,경상사고,0,0,3,0,차대차 - 기타,안전운전불이행,건조,맑음,단일로 - 기타,승용,여,41세,상해없음,승용,남,34세,경상
2014082200100590,2014년 8월 22일 20시,금요일,인천광역시 계양구 병방동,중상사고,0,1,0,0,차대차 - 측면직각충돌,안전운전불이행,건조,맑음,교차로 - 교차로안,화물,남,66세,상해없음,원동기,남,20세,중상
2014082200100668,2014년 8월 22일 22시,금요일,인천광역시 중구 운서동,중상사고,0,2,2,0,차대차 - 추돌 - 진행중,차로위반,건조,맑음,단일로 - 기타,승용,여,55세,중상,승합,남,49세,상해없음
2014082200100669,2014년 8월 22일 22시,금요일,인천광역시 남구 관교동,경상사고,0,0,1,0,차대사람 - 횡단중,보행자보호의무위반,건조,맑음,기타 - 기타,자전거,여,64세,상해없음,보행자,여,22세,경상
2014082200100704,2014년 8월 22일 23시,금요일,인천광역시 남동구 만수동,경상사고,0,0,1,0,차대차 - 기타,안전운전불이행,건조,맑음,기타 - 기타,승용,남,49세,상해없음,승용,남,52세,상해없음
2014082200100705,2014년 8월 22일 23시,금요일,인천광역시 서구 심곡동,경상사고,0,0,1,0,차대사람 - 기타,보행자보호의무위반,건조,맑음,단일로 - 횡단보도상,승용,남,37세,상해없음,보행자,남,27세,경상
2014082300100024,2014년 8월 23일 00시,토요일,인천광역시 서구 석남동,경상사고,0,0,1,0,차대사람 - 기타,안전운전불이행,건조,맑음,단일로 - 기타,승용,여,45세,상해없음,보행자,여,58세,경상
2014082300100025,2014년 8월 23일 00시,토요일,인천광역시 계양구 작전동,경상사고,0,0,2,0,차대차 - 측면직각충돌,안전운전불이행,건조,맑음,단일로 - 기타,승용,여,37세,상해없음,승합,남,53세,경상
2014082300100026,2014년 8월 23일 00시,토요일,인천광역시 부평구 일신동,경상사고,0,0,2,0,차대차 - 추돌 - 주정차중,안전운전불이행,건조,맑음,단일로 - 기타,승용,남,29세,상해없음,승용,남,26세,경상
2014082300100057,2014년 8월 23일 02시,토요일,인천광역시 서구 경서동,경상사고,0,0,1,0,차량단독 - 공작물충돌,안전운전불이행,건조,맑음,교차로 - 교차로안,승용,남,38세,상해없음,,,,
2014082300100071,2014년 8월 23일 03시,토요일,인천광역시 서구 석남동,경상사고,0,0,4,0,차대차 - 측면직각충돌,중앙선침범,건조,맑음,교차로 - 교차로부근,승용,남,19세,상해없음,화물,남,25세,경상
2014082300100086,2014년 8월 23일 04시,토요일,인천광역시 남동구 구월동,중상사고,0,4,0,0,차대차 - 측면직각충돌,안전거리미확보,건조,맑음,단일로 - 기타,승용,남,62세,중상,승용,남,60세,중상
2014082300100087,2014년 8월 23일 04시,토요일,인천광역시 계양구 병방동,중상사고,0,2,1,0,차대차 - 추돌 - 진행중,차로위반,건조,맑음,교차로 - 교차로부근,승용,남,18세,중상,승용,남,20세,경상
2014082300100117,2014년 8월 23일 06시,토요일,인천광역시 부평구 갈산동,경상사고,0,0,1,0,차대차 - 측면직각충돌,신호위반,건조,맑음,교차로 - 교차로안,화물,남,55세,상해없음,승합,여,48세,경상
2014082300100142,2014년 8월 23일 07시,토요일,인천광역시 연수구 송도동,경상사고,0,0,1,0,차대차 - 기타,안전운전불이행,건조,맑음,단일로 - 기타,특수,남,29세,상해없음,승용,남,27세,경상
2014082300100164,2014년 8월 23일 08시,토요일,인천광역시 중구 운북동,경상사고,0,0,2,0,차대차 - 정면충돌,교차로운행방법위반,건조,맑음,교차로 - 교차로안,승용,남,52세,경상,건설기계,남,63세,상해없음
2014082300100192,2014년 8월 23일 09시,토요일,인천광역시 남구 도화동,경상사고,0,0,1,0,차대차 - 기타,안전운전불이행,건조,맑음,단일로 - 기타,승용,남,30세,상해없음,승용,여,48세,경상
2014082300100193,2014년 8월 23일 09시,토요일,인천광역시 부평구 부평동,경상사고,0,0,1,0,차대사람 - 기타,안전운전불이행,건조,맑음,단일로 - 기타,자전거,남,17세,상해없음,보행자,여,31세,경상
2014082300100222,2014년 8월 23일 10시,토요일,인천광역시 중구 경동,부상신고사고,0,0,0,1,차대사람 - 기타,안전운전불이행,건조,맑음,단일로 - 기타,승용,기타불명,기타불명,기타불명,보행자,남,25세,부상신고
2014082300100223,2014년 8월 23일 10시,토요일,인천광역시 남동구 구월동,부상신고사고,0,0,0,1,차대차 - 측면직각충돌,안전운전불이행,건조,맑음,단일로 - 기타,이륜,남,40세,부상신고,화물,남,46세,상해없음
2014082300100278,2014년 8월 23일 12시,토요일,인천광역시 남구 숭의동,중상사고,0,1,0,0,차대차 - 추돌 - 주정차중,안전운전불이행,건조,맑음,미분류 - 미분류,승용,남,24세,상해없음,승용,여,47세,중상
2014082300100300,2014년 8월 23일 13시,토요일,인천광역시 동구 송림동,중상사고,0,1,0,0,차대차 - 측면직각충돌,신호위반,건조,맑음,교차로 - 교차로안,승용,남,59세,상해없음,승용,남,26세,중상
2014082300100301,2014년 8월 23일 13시,토요일,인천광역시 부평구 청천동,경상사고,0,0,1,0,차대차 - 측면직각충돌,안전운전불이행,건조,맑음,단일로 - 기타,승용,남,56세,상해없음,승용,남,64세,경상
2014082300100302,2014년 8월 23일 13시,토요일,인천광역시 남동구 남촌동,중상사고,0,1,0,0,차대사람 - 기타,안전운전불이행,건조,맑음,단일로 - 기타,승용,남,26세,상해없음,보행자,여,74세,중상
2014082300100303,2014년 8월 23일 13시,토요일,인천광역시 서구 검암동,중상사고,0,1,0,0,차대사람 - 횡단중,안전운전불이행,건조,맑음,단일로 - 기타,자전거,남,25세,상해없음,보행자,여,5세,중상
2014082300100304,2014년 8월 23일 13시,토요일,인천광역시 계양구 효성동,중상사고,0,1,2,0,차대차 - 측면직각충돌,신호위반,건조,맑음,교차로 - 교차로안,승용,여,44세,기타불명,승용,남,32세,경상
2014082300100305,2014년 8월 23일 13시,토요일,인천광역시 강화군 선원면,중상사고,0,1,0,0,차대차 - 추돌 - 진행중,교차로운행방법위반,건조,맑음,교차로 - 교차로안,승용,남,43세,상해없음,승용,남,50세,상해없음
2014082300100344,2014년 8월 23일 14시,토요일,인천광역시 남구 관교동,중상사고,0,1,0,0,차대사람 - 기타,안전운전불이행,건조,맑음,기타 - 기타,승용,남,58세,상해없음,보행자,남,2세,중상
2014082300100345,2014년 8월 23일 14시,토요일,인천광역시 부평구 청천동,경상사고,0,0,1,0,차대차 - 측면직각충돌,안전운전불이행,건조,맑음,단일로 - 기타,승용,남,37세,상해없음,승용,남,66세,경상
2014082300100416,2014년 8월 23일 16시,토요일,인천광역시 중구 신흥동1가,중상사고,0,1,0,0,차대차 - 기타,기타,건조,맑음,단일로 - 횡단보도부근,승용,여,39세,상해없음,이륜,남,60세,중상
2014082300100485,2014년 8월 23일 18시,토요일,인천광역시 남구 주안동,경상사고,0,0,1,0,차대차 - 측면직각충돌,안전운전불이행,건조,맑음,단일로 - 기타,승합,남,43세,기타불명,승용,여,30세,경상
2014082300100486,2014년 8월 23일 18시,토요일,인천광역시 남동구 구월동,경상사고,0,0,1,0,차대차 - 측면직각충돌,교차로운행방법위반,건조,맑음,교차로 - 교차로안,이륜,남,74세,경상,승용,남,25세,상해없음
2014082300100559,2014년 8월 23일 20시,토요일,인천광역시 남동구 구월동,중상사고,0,1,0,0,차대차 - 측면직각충돌,교차로운행방법위반,건조,맑음,교차로 - 교차로안,승용,남,54세,상해없음,승용,남,59세,상해없음
2014082300100560,2014년 8월 23일 20시,토요일,인천광역시 서구 가정동,중상사고,0,1,0,0,차대차 - 기타,안전운전불이행,건조,흐림,단일로 - 기타,승용,남,47세,상해없음,원동기,남,18세,중상
2014082300100561,2014년 8월 23일 20시,토요일,인천광역시 계양구 작전동,중상사고,0,1,0,0,차대차 - 측면직각충돌,안전운전불이행,건조,맑음,단일로 - 기타,승합,남,52세,상해없음,승용,남,30세,중상