사고번호,사고일시,요일,시군구,사고내용,사망자수,중상자수,경상자수,부상신고자수,사고유형,법규위반,노면상태,기상상태,도로형태,가해운전자 차종,가해운전자 성별,가해운전자 연령,가해운전자 상해정도,피해운전자 차종,피해운전자 성별,피해운전자 연령,피해운전자 상해정도
2014082800100496,2014년 8월 28일 18시,목요일,인천광역시 중구 신흥동3가,경상사고,0,0,1,0,차대차 - 기타,교차로운행방법위반,건조,맑음,교차로 - 교차로안,화물,기타불명,기타불명,기타불명,승용,여,33세,경상
2014082800100497,2014년 8월 28일 18시,목요일,인천광역시 부평구 부평동,중상사고,0,1,0,0,차대차 - 측면직각충돌,안전운전불이행,건조,맑음,단일로 - 기타,승용,남,62세,상해없음,자전거,남,18세,중상
2014082800100534,2014년 8월 28일 19시,목요일,인천광역시 부평구 구산동,중상사고,0,1,0,0,차대사람 - 길가장자리구역통행중,안전운전불이행,건조,맑음,단일로 - 기타,승용,남,55세,상해없음,보행자,남,25세,중상
2014082800100608,2014년 8월 28일 21시,목요일,인천광역시 강화군 하점면,중상사고,0,1,0,0,차대사람 - 기타,안전운전불이행,건조,맑음,단일로 - 기타,승용,여,42세,상해없음,보행자,남,46세,중상
2014082800100637,2014년 8월 28일 22시,목요일,인천광역시 부평구 부평동,중상사고,0,1,0,0,차대차 - 측면직각충돌,안전운전불이행,건조,맑음,단일로 - 기타,승용,남,52세,상해없음,승용,남,50세,상해없음
2014082900100007,2014년 8월 29일 00시,금요일,인천광역시 남구 학익동,경상사고,0,0,2,0,차대차 - 기타,안전운전불이행,건조,맑음,교차로 - 교차로안,승합,남,66세,상해없음,승용,여,53세,경상
2014082900100008,2014년 8월 29일 00시,금요일,인천광역시 부평구 부평동,부상신고사고,0,0,0,1,차대사람 - 기타,안전운전불이행,건조,맑음,단일로 - 기타,기타불명,기타불명,기타불명,기타불명,보행자,여,42세,부상신고
2014082900100043,2014년 8월 29일 02시,금요일,인천광역시 남구 주안동,경상사고,0,0,2,0,차대차 - 기타,안전운전불이행,건조,맑음,단일로 - 기타,승용,남,37세,상해없음,승용,남,26세,경상
2014082900100051,2014년 8월 29일 03시,금요일,인천광역시 남동구 만수동,사망사고,1,0,0,0,차량단독 - 공작물충돌,안전운전불이행,건조,맑음,교차로 - 교차로부근,원동기,남,20세,사망,,,,
2014082900100066,2014년 8월 29일 05시,금요일,인천광역시 남동구 간석동,중상사고,0,1,0,0,차대사람 - 횡단중,안전운전불이행,건조,맑음,단일로 - 기타,승용,여,53세,상해없음,보행자,여,33세,중상
2014082900100067,2014년 8월 29일 05시,금요일,인천광역시 서구 경서동,경상사고,0,0,1,0,차대차 - 측면직각충돌,신호위반,건조,맑음,교차로 - 교차로안,승용,남,59세,상해없음,승용,남,32세,경상
2014082900100147,2014년 8월 29일 08시,금요일,인천광역시 남구 주안동,경상사고,0,0,1,0,차대차 - 기타,안전운전불이행,건조,맑음,단일로 - 기타,승용,여,42세,상해없음,승합,남,51세,상해없음
2014082900100148,2014년 8월 29일 08시,금요일,인천광역시 남동구 구월동,중상사고,0,1,0,0,차대사람 - 기타,안전운전불이행,건조,맑음,교차로 - 교차로안,승용,기타불명,기타불명,기타불명,보행자,남,44세,중상
2014082900100149,2014년 8월 29일 08시,금요일,인천광역시 서구 연희동,경상사고,0,0,1,0,차대차 - 측면직각충돌,신호위반,건조,맑음,교차로 - 교차로안,승용,여,52세,상해없음,승용,남,33세,경상
2014082900100150,2014년 8월 29일 08시,금요일,인천광역시 서구 가정동,중상사고,0,1,0,0,차대차 - 측면직각충돌,기타,건조,맑음,교차로 - 교차로안,원동기,남,78세,중상,승용,여,38세,상해없음
2014082900100151,2014년 8월 29일 08시,금요일,인천광역시 부평구 부개동,경상사고,0,0,1,0,차대차 - 추돌 - 진행중,안전운전불이행,건조,맑음,단일로 - 기타,승용,남,49세,상해없음,화물,남,34세,상해없음
2014082900100177,2014년 8월 29일 09시,금요일,인천광역시 부평구 청천동,경상사고,0,0,4,0,차대차 - 추돌 - 진행중,안전운전불이행,건조,맑음,교차로 - 교차로안,승합,남,48세,상해없음,승용,여,26세,경상
2014082900100233,2014년 8월 29일 11시,금요일,인천광역시 서구 신현동,부상신고사고,0,0,0,1,차대사람 - 기타,안전운전불이행,습기,맑음,단일로 - 기타,기타불명,기타불명,기타불명,기타불명,보행자,여,37세,부상신고
2014082900100258,2014년 8월 29일 12시,금요일,인천광역시 부평구 부평동,경상사고,0,0,1,0,차대차 - 추돌 - 주정차중,안전운전불이행,건조,맑음,단일로 - 기타,승용,남,70세,상해없음,승용,남,59세,경상
2014082900100259,2014년 8월 29일 12시,금요일,인천광역시 계양구 계산동,경상사고,0,0,1,0,차량단독 - 기타,기타,건조,맑음,교차로 - 교차로안,승합,남,62세,상해없음,,,,
2014082900100297,2014년 8월 29일 13시,금요일,인천광역시 부평구 십정동,경상사고,0,0,2,0,차량단독 - 공작물충돌,안전운전불이행,건조,맑음,단일로 - 기타,승용,남,50세,상해없음,,,,
2014082900100298,2014년 8월 29일 13시,금요일,인천광역시 남동구 만수동,경상사고,0,0,1,0,차대사람 - 기타,신호위반,건조,맑음,교차로 - 교차로안,승용,남,63세,상해없음,보행자,여,62세,경상
2014082900100338,2014년 8월 29일 14시,금요일,인천광역시 서구 가정동,경상사고,0,0,1,0,차대차 - 기타,안전거리미확보,건조,맑음,단일로 - 기타,화물,남,68세,상해없음,승합,남,48세,상해없음
2014082900100372,2014년 8월 29일 15시,금요일,인천광역시 강화군 강화읍,중상사고,0,5,1,0,차대차 - 기타,신호위반,건조,맑음,교차로 - 교차로안,승용,남,76세,상해없음,승용,남,60세,중상
2014082900100410,2014년 8월 29일 16시,금요일,인천광역시 연수구 송도동,경상사고,0,0,1,0,차대차 - 측면직각충돌,신호위반,건조,맑음,교차로 - 교차로안,승용,여,25세,상해없음,화물,남,31세,경상
2014082900100464,2014년 8월 29일 17시,금요일,인천광역시 남동구 남촌동,경상사고,0,0,4,0,차대차 - 추돌 - 주정차중,안전거리미확보,건조,맑음,교차로 - 교차로부근,승용,남,50세,상해없음,화물,여,53세,경상
2014082900100508,2014년 8월 29일 18시,금요일,인천광역시 부평구 십정동,경상사고,0,0,1,0,차대차 - 기타,안전운전불이행,건조,맑음,단일로 - 기타,화물,남,35세,상해없음,승용,여,25세,경상
2014082900100509,2014년 8월 29일 18시,금요일,인천광역시 계양구 귤현동,중상사고,0,1,0,0,차대차 - 측면직각충돌,안전운전불이행,건조,맑음,교차로 - 교차로안,승용,여,32세,상해없음,자전거,남,13세,중상
2014082900100510,2014년 8월 29일 18시,금요일,인천광역시 연수구 송도동,중상사고,0,1,0,0,차대차 - 추돌 - 진행중,안전운전불이행,건조,맑음,단일로 - 기타,기타불명,기타불명,기타불명,기타불명,자전거,남,63세,중상
2014082900100551,2014년 8월 29일 19시,금요일,인천광역시 서구 가좌동,경상사고,0,0,1,0,차대차 - 기타,안전운전불이행,건조,맑음,단일로 - 횡단보도부근,승용,여,49세,상해없음,승용,여,51세,경상
2014082900100552,2014년 8월 29일 19시,금요일,인천광역시 계양구 박촌동,경상사고,0,0,1,0,차대차 - 기타,교차로운행방법위반,건조,맑음,교차로 - 교차로안,승용,남,55세,상해없음,승용,남,44세,상해없음
2014082900100589,2014년 8월 29일 20시,금요일,인천광역시 중구 을왕동,중상사고,0,1,0,0,차대차 - 정면충돌,중앙선침범,건조,흐림,단일로 - 기타,승용,남,45세,상해없음,승용,남,55세,중상
2014082900100590,2014년 8월 29일 20시,금요일,인천광역시 서구 가정동,중상사고,0,1,0,0,차대차 - 추돌 - 진행중,안전운전불이행,건조,맑음,단일로 - 기타,화물,남,52세,상해없음,승용,여,44세,중상
2014082900100591,2014년 8월 29일 20시,금요일,인천광역시 연수구 연수동,경상사고,0,0,3,0,차대차 - 기타,안전운전불이행,건조,맑음,교차로 - 교차로부근,승용,남,59세,상해없음,승용,남,34세,경상
2014082900100729,2014년 8월 29일 23시,금요일,인천광역시 남구 문학동,중상사고,0,1,2,0,차대차 - 추돌 - 주정차중,안전운전불이행,건조,맑음,단일로 - 기타,승용,남,34세,상해없음,승용,남,49세,중상
2014083000100051,2014년 8월 30일 01시,토요일,인천광역시 남구 도화동,경상사고,0,0,1,0,차량단독 - 기타,안전운전불이행,건조,맑음,단일로 - 기타,승용,남,79세,상해없음,,,,
2014083000100052,2014년 8월 30일 01시,토요일,인천광역시 계양구 계산동,중상사고,0,1,0,0,차대차 - 측면직각충돌,중앙선침범,건조,맑음,단일로 - 기타,승용,여,47세,상해없음,원동기,남,23세,중상
2014083000100053,2014년 8월 30일 01시,토요일,인천광역시 부평구 부평동,경상사고,0,0,1,0,차대사람 - 차도통행중,신호위반,건조,맑음,단일로 - 기타,승용,여,20세,상해없음,보행자,여,16세,경상
2014083000100075,2014년 8월 30일 02시,토요일,인천광역시 부평구 부평동,중상사고,0,1,3,0,차대차 - 기타,안전운전불이행,건조,맑음,단일로 - 기타,승용,남,21세,상해없음,승용,남,45세,중상
2014083000100111,2014년 8월 30일 04시,토요일,인천광역시 남동구 구월동,중상사고,0,1,0,0,차대사람 - 횡단중,안전운전불이행,건조,맑음,단일로 - 기타,승용,남,53세,상해없음,보행자,남,56세,중상
2014083000100126,2014년 8월 30일 05시,토요일,인천광역시 남동구 만수동,중상사고,0,1,0,0,차대사람 - 기타,안전운전불이행,건조,맑음,단일로 - 기타,승용,남,67세,상해없음,보행자,여,74세,중상
2014083000100236,2014년 8월 30일 09시,토요일,인천광역시 서구 신현동,경상사고,0,0,1,0,차대사람 - 횡단중,신호위반,건조,맑음,단일로 - 기타,승용,여,64세,상해없음,보행자,여,9세,경상
2014083000100275,2014년 8월 30일 10시,토요일,인천광역시 중구 운서동,경상사고,0,0,1,0,차대차 - 기타,신호위반,건조,맑음,교차로 - 교차로안,승합,남,25세,상해없음,건설기계,남,49세,경상
2014083000100307,2014년 8월 30일 11시,토요일,인천광역시 남동구 구월동,경상사고,0,0,1,0,차대사람 - 기타,안전운전불이행,건조,맑음,단일로 - 기타,승용,남,27세,상해없음,보행자,남,6세,경상
2014083000100348,2014년 8월 30일 12시,토요일,인천광역시 동구 송림동,경상사고,0,0,4,0,차대차 - 측면직각충돌,신호위반,건조,맑음,교차로 - 교차로안,이륜,남,40세,기타불명,승용,남,56세,경상
2014083000100378,2014년 8월 30일 13시,토요일,인천광역시 남동구 논현동,중상사고,0,1,3,0,차대차 - 추돌 - 진행중,안전거리미확보,건조,맑음,단일로 - 교량,승용,남,18세,상해없음,승용,남,52세,경상
2014083000100379,2014년 8월 30일 13시,토요일,인천광역시 남동구 간석동,경상사고,0,0,2,0,차대차 - 추돌 - 주정차중,안전거리미확보,건조,맑음,교차로 - 교차로부근,승용,남,56세,상해없음,승용,남,40세,경상
2014083000100459,2014년 8월 30일 15시,토요일,인천광역시 서구 가좌동,경상사고,0,0,1,0,차량단독 - 기타,안전운전불이행,건조,맑음,교차로 - 교차로부근,기타불명,기타불명,기타불명,기타불명,,,,
2014083000100543,2014년 8월 30일 17시,토요일,인천광역시 남구 주안동,중상사고,0,1,0,0,차대차 - 추돌 - 주정차중,안전운전불이행,건조,맑음,기타 - 기타,승합,남,57세,기타불명,승합,남,54세,중상
2014083000100544,2014년 8월 30일 17시,토요일,인천광역시 서구 시천동,중상사고,0,2,0,0,차대사람 - 기타,안전운전불이행,건조,맑음,단일로 - 기타,자전거,남,44세,중상,보행자,남,6세,중상
2014083000100584,2014년 8월 30일 18시,토요일,인천광역시 남동구 구월동,경상사고,0,0,1,0,차대사람 - 길가장자리구역통행중,안전운전불이행,건조,맑음,단일로 - 기타,승용,남,64세,상해없음,보행자,남,55세,경상
2014083000100585,2014년 8월 30일 18시,토요일,인천광역시 남동구 고잔동,경상사고,0,0,1,0,차대차 - 기타,안전운전불이행,건조,맑음,단일로 - 기타,승용,여,43세,상해없음,승용,남,38세,경상
2014083000100620,2014년 8월 30일 19시,토요일,인천광역시 남구 숭의동,경상사고,0,0,1,0,차대차 - 기타,안전운전불이행,건조,맑음,단일로 - 기타,승용,남,39세,상해없음,승용,남,60세,경상
2014083000100621,2014년 8월 30일 19시,토요일,인천광역시 중구 을왕동,중상사고,0,1,3,0,차대차 - 측면직각충돌,안전운전불이행,건조,맑음,단일로 - 기타,화물,남,58세,상해없음,승용,남,32세,중상
2014083000100622,2014년 8월 30일 19시,토요일,인천광역시 남구 숭의동,경상사고,0,0,2,0,차대차 - 추돌 - 진행중,안전운전불이행,건조,맑음,단일로 - 기타,승용,여,29세,상해없음,승용,남,46세,경상
2014083000100623,2014년 8월 30일 19시,토요일,인천광역시 남동구 구월동,경상사고,0,0,1,0,차대사람 - 차도통행중,안전운전불이행,건조,맑음,교차로 - 교차로안,승용,남,65세,상해없음,보행자,남,49세,경상
2014083000100624,2014년 8월 30일 19시,토요일,인천광역시 계양구 작전동,경상사고,0,0,1,0,차대차 - 추돌 - 주정차중,안전운전불이행,건조,맑음,단일로 - 기타,승용,남,46세,기타불명,승용,남,48세,경상
2014083000100757,2014년 8월 30일 23시,토요일,인천광역시 남구 주안동,경상사고,0,0,1,0,차대사람 - 차도통행중,안전운전불이행,건조,맑음,기타 - 기타,승용,남,53세,상해없음,보행자,남,56세,경상
2014083000100758,2014년 8월 30일 23시,토요일,인천광역시 남동구 만수동,경상사고,0,0,1,0,차대차 - 측면직각충돌,신호위반,건조,맑음,교차로 - 교차로안,승용,남,62세,상해없음,이륜,남,34세,경상
2014083000100759,2014년 8월 30일 23시,토요일,인천광역시 연수구 청학동,중상사고,0,2,0,0,차대사람 - 횡단중,안전운전불이행,건조,맑음,단일로 - 기타,승용,남,61세,상해없음,보행자,남,56세,중상
2014083100100014,2014년 8월 31일 00시,일요일,인천광역시 동구 송림동,경상사고,0,0,7,0,차대차 - 측면직각충돌,안전운전불이행,건조,맑음,교차로 - 교차로안,승용,기타불명,기타불명,기타불명,승용,남,36세,경상
2014083100100033,2014년 8월 31일 01시,일요일,인천광역시 남구 숭의동,중상사고,0,1,0,0,차대사람 - 기타,안전운전불이행,건조,흐림,단일로 - 기타,승용,남,57세,상해없음,보행자,여,54세,중상
2014083100100044,2014년 8월 31일 02시,일요일,인천광역시 남구 숭의동,경상사고,0,0,3,0,차대차 - 측면직각충돌,신호위반,건조,맑음,교차로 - 교차로안,승용,여,48세,상해없음,승용,남,50세,경상
2014083100100045,2014년 8월 31일 02시,일요일,인천광역시 남구 용현동,경상사고,0,0,1,0,차대차 - 측면직각충돌,신호위반,건조,맑음,교차로 - 교차로부근,승용,여,49세,상해없음,화물,남,33세,경상
2014083100100046,2014년 8월 31일 02시,일요일,인천광역시 연수구 연수동,경상사고,0,0,2,0,차대차 - 기타,중앙선침범,건조,맑음,교차로 - 교차로부근,이륜,남,15세,경상,승용,남,45세,기타불명
2014083100100058,2014년 8월 31일 03시,일요일,인천광역시 부평구 십정동,경상사고,0,0,1,0,차대차 - 기타,안전운전불이행,건조,맑음,교차로 - 교차로부근,승용,남,54세,상해없음,자전거,남,25세,경상
2014083100100059,2014년 8월 31일 03시,일요일,인천광역시 계양구 작전동,경상사고,0,0,2,0,차대차 - 측면직각충돌,불법유턴,건조,맑음,교차로 - 교차로안,승용,남,34세,상해없음,승용,여,26세,경상
2014083100100068,2014년 8월 31일 04시,일요일,인천광역시 남동구 간석동,경상사고,0,0,3,0,차대차 - 측면직각충돌,신호위반,건조,맑음,교차로 - 교차로안,승용,남,24세,경상,승용,남,53세,경상
2014083100100069,2014년 8월 31일 04시,일요일,인천광역시 부평구 삼산동,중상사고,0,1,0,0,차대사람 - 횡단중,신호위반,건조,맑음,단일로 - 횡단보도상,원동기,남,16세,상해없음,보행자,남,75세,중상
2014083100100092,2014년 8월 31일 06시,일요일,인천광역시 남구 관교동,중상사고,0,1,0,0,차대사람 - 기타,안전운전불이행,건조,맑음,기타 - 기타,승합,남,54세,상해없음,보행자,남,59세,중상
2014083100100093,2014년 8월 31일 06시,일요일,인천광역시 계양구 효성동,중상사고,0,1,0,0,차량단독 - 기타,안전운전불이행,건조,맑음,단일로 - 기타,원동기,남,57세,중상,,,,
2014083100100117,2014년 8월 31일 07시,일요일,인천광역시 서구 가좌동,중상사고,0,3,0,0,차대차 - 측면직각충돌,신호위반,건조,맑음,교차로 - 교차로안,승용,남,65세,중상,승용,남,55세,중상
2014083100100220,2014년 8월 31일 12시,일요일,인천광역시 남구 주안동,경상사고,0,0,2,0,차대차 - 측면직각충돌,안전거리미확보,건조,맑음,단일로 - 기타,승합,남,53세,상해없음,승용,남,32세,경상
2014083100100221,2014년 8월 31일 12시,일요일,인천광역시 서구 경서동,경상사고,0,0,1,0,차대차 - 측면직각충돌,신호위반,건조,맑음,교차로 - 교차로안,승용,남,56세,상해없음,승용,남,28세,경상
2014083100100222,2014년 8월 31일 12시,일요일,인천광역시 서구 가좌동,중상사고,0,2,3,0,차대차 - 추돌 - 진행중,안전운전불이행,건조,맑음,교차로 - 교차로부근,승용,남,24세,상해없음,승용,남,62세,경상
2014083100100223,2014년 8월 31일 12시,일요일,인천광역시 계양구 계산동,경상사고,0,0,1,0,차대사람 - 길가장자리구역통행중,안전운전불이행,건조,맑음,단일로 - 기타,승용,남,69세,상해없음,보행자,남,42세,경상
2014083100100263,2014년 8월 31일 13시,일요일,인천광역시 부평구 산곡동,경상사고,0,0,1,0,차대차 - 기타,안전운전불이행,건조,맑음,교차로 - 교차로부근,승용,여,51세,상해없음,화물,남,58세,경상
2014083100100264,2014년 8월 31일 13시,일요일,인천광역시 남동구 구월동,경상사고,0,0,2,0,차대사람 - 횡단중,신호위반,건조,맑음,교차로 - 교차로부근,승용,남,58세,상해없음,보행자,남,53세,경상
2014083100100265,2014년 8월 31일 13시,일요일,인천광역시 서구 가좌동,경상사고,0,0,2,0,차대차 - 측면직각충돌,차로위반,건조,맑음,단일로 - 기타,승용,남,55세,상해없음,승용,남,41세,경상
2014083100100296,2014년 8월 31일 14시,일요일,인천광역시 남구 학익동,중상사고,0,1,0,0,차대차 - 측면직각충돌,신호위반,건조,맑음,기타 - 기타,승용,남,70세,상해없음,자전거,남,57세,중상
2014083100100297,2014년 8월 31일 14시,일요일,인천광역시 남동구 도림동,중상사고,0,1,0,0,차대차 - 측면직각충돌,신호위반,건조,맑음,교차로 - 교차로부근,승합,남,64세,상해없음,자전거,남,75세,중상
2014083100100328,2014년 8월 31일 15시,일요일,인천광역시 남구 도화동,중상사고,0,2,0,0,차량단독 - 공작물충돌,안전운전불이행,건조,맑음,교차로 - 교차로부근,승용,여,59세,상해없음,,,,
2014083100100329,2014년 8월 31일 15시,일요일,인천광역시 남동구 구월동,경상사고,0,0,1,0,차대차 - 측면직각충돌,교차로운행방법위반,건조,맑음,교차로 - 교차로부근,승용,남,60세,상해없음,자전거,남,36세,경상
2014083100100330,2014년 8월 31일 15시,일요일,인천광역시 남동구 논현동,경상사고,0,0,2,0,차대차 - 기타,중앙선침범,건조,맑음,단일로 - 기타,승용,남,53세,상해없음,승용,남,47세,경상
2014083100100354,2014년 8월 31일 16시,일요일,인천광역시 계양구 계산동,중상사고,0,1,0,0,차대차 - 측면직각충돌,중앙선침범,건조,맑음,단일로 - 기타,승용,여,40세,상해없음,이륜,남,19세,중상
2014083100100355,2014년 8월 31일 16시,일요일,인천광역시 부평구 부개동,중상사고,0,1,0,0,차대차 - 추돌 - 주정차중,안전운전불이행,건조,맑음,단일로 - 기타,승용,남,53세,상해없음,승용,남,34세,기타불명
2014083100100393,2014년 8월 31일 17시,일요일,인천광역시 중구 운서동,경상사고,0,0,4,0,차대차 - 기타,중앙선침범,건조,맑음,단일로 - 기타,승용,남,60세,상해없음,승용,남,33세,경상
2014083100100394,2014년 8월 31일 17시,일요일,인천광역시 부평구 산곡동,중상사고,0,1,0,0,차대사람 - 횡단중,안전운전불이행,건조,맑음,단일로 - 기타,승용,남,59세,상해없음,보행자,남,12세,중상
2014083100100456,2014년 8월 31일 19시,일요일,인천광역시 부평구 십정동,경상사고,0,0,1,0,차량단독 - 기타,안전운전불이행,습기,흐림,기타 - 기타,승용,남,44세,상해없음,,,,
2014083100100491,2014년 8월 31일 20시,일요일,인천광역시 남구 학익동,경상사고,0,0,1,0,차대차 - 기타,안전운전불이행,건조,맑음,단일로 - 기타,승용,여,57세,상해없음,자전거,남,12세,경상
2014083100100492,2014년 8월 31일 20시,일요일,인천광역시 연수구 연수동,경상사고,0,0,1,0,차대차 - 기타,중앙선침범,건조,맑음,교차로 - 교차로안,화물,남,40세,상해없음,승용,남,26세,경상
2014090100100010,2014년 9월 1일 00시,월요일,인천광역시 부평구 부평동,부상신고사고,0,0,0,1,차대사람 - 기타,교차로운행방법위반,건조,흐림,교차로 - 교차로부근,승용,남,40세,상해없음,보행자,남,47세,부상신고
2014090100100020,2014년 9월 1일 01시,월요일,인천광역시 남구 주안동,경상사고,0,0,1,0,차량단독 - 기타,안전운전불이행,건조,맑음,단일로 - 기타,기타불명,기타불명,기타불명,기타불명,,,,
2014090100100021,2014년 9월 1일 01시,월요일,인천광역시 부평구 부개동,중상사고,0,2,1,0,차대차 - 측면직각충돌,신호위반,건조,맑음,교차로 - 교차로안,승용,남,48세,경상,승용,남,31세,중상
2014090100100053,2014년 9월 1일 05시,월요일,인천광역시 동구 송림동,경상사고,0,0,1,0,차대차 - 기타,신호위반,건조,맑음,교차로 - 교차로안,원동기,남,63세,상해없음,승용,남,27세,경상
2014090100100054,2014년 9월 1일 05시,월요일,인천광역시 남구 학익동,중상사고,0,1,0,0,차대사람 - 기타,안전운전불이행,건조,맑음,교차로 - 교차로부근,승합,남,37세,상해없음,보행자,여,71세,중상
2014090100100073,2014년 9월 1일 06시,월요일,인천광역시 남동구 고잔동,중상사고,0,3,1,0,차대차 - 측면직각충돌,신호위반,건조,맑음,교차로 - 교차로안,화물,남,48세,중상,승용,여,48세,경상
2014090100100093,2014년 9월 1일 07시,월요일,인천광역시 서구 가좌동,중상사고,0,1,0,0,차대차 - 추돌 - 진행중,안전거리미확보,건조,맑음,단일로 - 기타,승용,남,29세,상해없음,화물,남,55세,중상
2014090100100094,2014년 9월 1일 07시,월요일,인천광역시 남동구 만수동,경상사고,0,0,1,0,차대사람 - 기타,안전운전불이행,건조,맑음,단일로 - 기타,승용,남,18세,상해없음,보행자,남,17세,경상
2014090100100142,2014년 9월 1일 08시,월요일,인천광역시 계양구 계산동,경상사고,0,0,1,0,차대사람 - 길가장자리구역통행중,안전운전불이행,건조,맑음,단일로 - 기타,승용,남,60세,상해없음,보행자,여,65세,경상
2014090100100143,2014년 9월 1일 08시,월요일,인천광역시 계양구 작전동,경상사고,0,0,1,0,차대차 - 추돌 - 진행중,안전운전불이행,건조,맑음,교차로 - 교차로부근,승용,여,38세,상해없음,승용,남,42세,경상
2014090100100144,2014년 9월 1일 08시,월요일,인천광역시 연수구 옥련동,중상사고,0,1,0,0,차대차 - 추돌 - 진행중,안전운전불이행,건조,맑음,단일로 - 기타,승용,남,32세,상해없음,승용,여,27세,중상
2014090100100214,2014년 9월 1일 10시,월요일,인천광역시 남동구 만수동,중상사고,0,1,0,0,차대사람 - 횡단중,안전운전불이행,건조,맑음,단일로 - 기타,승용,남,29세,상해없음,보행자,여,69세,중상
2014090100100282,2014년 9월 1일 12시,월요일,인천광역시 남구 주안동,부상신고사고,0,0,0,2,차대차 - 측면직각충돌,안전거리미확보,건조,맑음,단일로 - 기타,이륜,남,17세,부상신고,승용,남,43세,상해없음
2014090100100309,2014년 9월 1일 13시,월요일,인천광역시 남구 도화동,경상사고,0,0,2,0,차대차 - 기타,안전운전불이행,건조,맑음,단일로 - 기타,기타불명,기타불명,기타불명,기타불명,화물,여,33세,경상
2014090100100343,2014년 9월 1일 14시,월요일,인천광역시 계양구 작전동,중상사고,0,1,0,0,차대차 - 측면직각충돌,안전운전불이행,건조,맑음,교차로 - 교차로부근,승용,남,33세,상해없음,자전거,남,14세,중상
2014090100100432,2014년 9월 1일 16시,월요일,인천광역시 남구 주안동,경상사고,0,0,2,0,차대차 - 추돌 - 진행중,안전거리미확보,건조,맑음,단일로 - 횡단보도부근,승용,남,54세,상해없음,승용,남,60세,경상
2014090100100483,2014년 9월 1일 17시,월요일,인천광역시 계양구 서운동,경상사고,0,0,2,0,차대차 - 측면직각충돌,안전운전불이행,건조,맑음,단일로 - 기타,화물,남,37세,상해없음,승용,남,62세,경상
2014090100100484,2014년 9월 1일 17시,월요일,인천광역시 부평구 구산동,경상사고,0,0,1,0,차대차 - 추돌 - 주정차중,안전운전불이행,습기,비,교차로 - 교차로부근,승용,남,54세,상해없음,화물,남,49세,경상
2014090100100548,2014년 9월 1일 18시,월요일,인천광역시 남동구 간석동,중상사고,0,1,0,0,차대사람 - 횡단중,보행자보호의무위반,건조,맑음,단일로 - 횡단보도상,기타불명,기타불명,기타불명,기타불명,보행자,여,37세,중상
2014090100100549,2014년 9월 1일 18시,월요일,인천광역시 서구 석남동,부상신고사고,0,0,0,1,차대차 - 기타,안전운전불이행,건조,맑음,교차로 - 교차로부근,기타불명,기타불명,기타불명,기타불명,자전거,남,11세,부상신고
2014090100100550,2014년 9월 1일 18시,월요일,인천광역시 부평구 삼산동,중상사고,0,1,0,0,차대차 - 추돌 - 진행중,차로위반,건조,맑음,단일로 - 기타,승용,남,28세,상해없음,승용,남,58세,중상
2014090100100597,2014년 9월 1일 19시,월요일,인천광역시 부평구 부평동,경상사고,0,0,1,0,차대차 - 기타,안전운전불이행,건조,맑음,단일로 - 기타,승용,여,52세,상해없음,승용,남,59세,경상
2014090100100598,2014년 9월 1일 19시,월요일,인천광역시 남동구 만수동,경상사고,0,0,1,0,차대사람 - 횡단중,안전운전불이행,건조,맑음,교차로 - 교차로부근,승용,여,31세,상해없음,보행자,여,59세,경상
2014090100100637,2014년 9월 1일 20시,월요일,인천광역시 남동구 구월동,중상사고,0,1,1,0,차대차 - 정면충돌,신호위반,습기,비,교차로 - 교차로안,승용,여,36세,경상,승용,남,77세,중상
2014090100100638,2014년 9월 1일 20시,월요일,인천광역시 연수구 연수동,중상사고,0,1,0,0,차대사람 - 횡단중,안전운전불이행,건조,맑음,단일로 - 기타,승용,여,31세,상해없음,보행자,여,54세,중상
2014090200100016,2014년 9월 2일 00시,화요일,인천광역시 남구 주안동,경상사고,0,0,1,0,차대차 - 측면직각충돌,신호위반,건조,맑음,교차로 - 교차로안,승용,남,31세,상해없음,승용,여,41세,경상
2014090200100041,2014년 9월 2일 03시,화요일,인천광역시 연수구 연수동,경상사고,0,0,1,0,차대차 - 측면직각충돌,직진우회전진행방해,건조,맑음,교차로 - 교차로안,승용,남,53세,상해없음,승용,남,37세,상해없음
2014090200100073,2014년 9월 2일 06시,화요일,인천광역시 동구 송현동,중상사고,0,1,0,0,차대차 - 측면직각충돌,신호위반,건조,맑음,교차로 - 교차로안,승용,남,63세,상해없음,자전거,남,53세,중상
2014090200100214,2014년 9월 2일 10시,화요일,인천광역시 남동구 장수동,중상사고,0,1,1,0,차대차 - 측면직각충돌,안전운전불이행,건조,맑음,단일로 - 기타,이륜,남,49세,경상,승합,남,40세,상해없음
2014090200100215,2014년 9월 2일 10시,화요일,인천광역시 남동구 남촌동,경상사고,0,0,1,0,차대차 - 측면직각충돌,안전거리미확보,건조,맑음,단일로 - 기타,기타불명,기타불명,기타불명,기타불명,화물,남,50세,경상
2014090200100216,2014년 9월 2일 10시,화요일,인천광역시 계양구 계산동,경상사고,0,0,1,0,차대차 - 측면직각충돌,교차로운행방법위반,건조,맑음,교차로 - 교차로안,승용,남,52세,상해없음,승용,남,48세,경상
2014090200100254,2014년 9월 2일 11시,화요일,인천광역시 남구 용현동,경상사고,0,0,1,0,차대차 - 기타,안전운전불이행,건조,맑음,단일로 - 기타,승용,여,40세,상해없음,승용,여,51세,경상