사고번호,사고일시,요일,시군구,사고내용,사망자수,중상자수,경상자수,부상신고자수,사고유형,법규위반,노면상태,기상상태,도로형태,가해운전자 차종,가해운전자 성별,가해운전자 연령,가해운전자 상해정도,피해운전자 차종,피해운전자 성별,피해운전자 연령,피해운전자 상해정도
2014090600100453,2014년 9월 6일 16시,토요일,인천광역시 중구 운북동,경상사고,0,0,3,1,차대차 - 측면직각충돌,교차로운행방법위반,건조,맑음,교차로 - 교차로안,승용,남,38세,상해없음,승용,남,28세,경상
2014090600100527,2014년 9월 6일 18시,토요일,인천광역시 남동구 논현동,중상사고,0,1,0,0,차대사람 - 횡단중,안전운전불이행,건조,맑음,교차로 - 교차로부근,승용,남,25세,상해없음,보행자,남,58세,중상
2014090600100555,2014년 9월 6일 19시,토요일,인천광역시 연수구 송도동,중상사고,0,1,0,0,차량단독 - 공작물충돌,안전운전불이행,건조,맑음,단일로 - 기타,자전거,남,49세,중상,,,,
2014090600100622,2014년 9월 6일 21시,토요일,인천광역시 부평구 갈산동,중상사고,0,1,1,0,차대사람 - 횡단중,중앙선침범,건조,맑음,단일로 - 교량,자전거,여,17세,상해없음,보행자,여,58세,중상
2014090600100655,2014년 9월 6일 22시,토요일,인천광역시 서구 경서동,사망사고,1,0,0,0,차량단독 - 전도전복,안전운전불이행,건조,맑음,단일로 - 기타,원동기,남,16세,사망,,,,
2014090600100674,2014년 9월 6일 23시,토요일,인천광역시 남구 용현동,중상사고,0,1,0,0,차대사람 - 기타,안전운전불이행,건조,맑음,단일로 - 기타,승용,남,26세,상해없음,보행자,남,51세,중상
2014090600100676,2014년 9월 6일 23시,토요일,인천광역시 계양구 작전동,중상사고,0,1,0,0,차대사람 - 횡단중,보행자보호의무위반,건조,맑음,단일로 - 횡단보도상,승용,남,48세,상해없음,보행자,여,54세,중상
2014090700100013,2014년 9월 7일 00시,일요일,인천광역시 부평구 십정동,중상사고,0,1,0,0,차대사람 - 횡단중,안전운전불이행,건조,맑음,단일로 - 기타,승용,남,27세,상해없음,보행자,남,41세,중상
2014090700100014,2014년 9월 7일 00시,일요일,인천광역시 계양구 효성동,중상사고,0,1,0,0,차대차 - 기타,신호위반,건조,맑음,교차로 - 교차로안,승용,남,34세,상해없음,승합,남,30세,중상
2014090700100029,2014년 9월 7일 01시,일요일,인천광역시 계양구 병방동,경상사고,0,0,4,0,차대차 - 측면직각충돌,안전운전불이행,건조,맑음,단일로 - 기타,승용,남,23세,상해없음,승용,남,54세,경상
2014090700100050,2014년 9월 7일 02시,일요일,인천광역시 중구 운서동,경상사고,0,0,1,0,차량단독 - 공작물충돌,안전운전불이행,건조,맑음,단일로 - 기타,승용,남,53세,상해없음,,,,
2014090700100063,2014년 9월 7일 03시,일요일,인천광역시 남구 용현동,중상사고,0,1,0,0,차대사람 - 차도통행중,안전운전불이행,건조,맑음,단일로 - 기타,화물,남,34세,상해없음,보행자,남,42세,중상
2014090700100064,2014년 9월 7일 03시,일요일,인천광역시 남구 용현동,중상사고,0,1,0,0,차대사람 - 보도통행중,기타,건조,맑음,단일로 - 기타,승용,여,44세,상해없음,보행자,남,32세,중상
2014090700100065,2014년 9월 7일 03시,일요일,인천광역시 남동구 간석동,사망사고,1,0,0,0,차대사람 - 횡단중,안전운전불이행,건조,맑음,단일로 - 기타,승용,남,58세,상해없음,보행자,남,49세,사망
2014090700100144,2014년 9월 7일 09시,일요일,인천광역시 중구 운남동,경상사고,0,0,1,0,차대차 - 측면직각충돌,안전운전불이행,건조,맑음,단일로 - 기타,승용,여,35세,상해없음,승용,남,45세,경상
2014090700100168,2014년 9월 7일 10시,일요일,인천광역시 서구 왕길동,중상사고,0,1,0,0,차대사람 - 기타,안전운전불이행,건조,맑음,단일로 - 기타,승용,남,44세,상해없음,보행자,남,3세,중상
2014090700100211,2014년 9월 7일 12시,일요일,인천광역시 부평구 부평동,경상사고,0,0,1,0,차대차 - 측면직각충돌,교차로운행방법위반,건조,맑음,교차로 - 교차로부근,원동기,남,81세,경상,승용,남,32세,상해없음
2014090700100245,2014년 9월 7일 13시,일요일,인천광역시 연수구 연수동,중상사고,0,2,0,0,차대차 - 추돌 - 진행중,안전운전불이행,건조,맑음,단일로 - 기타,승용,남,43세,상해없음,승용,여,57세,중상
2014090700100293,2014년 9월 7일 15시,일요일,인천광역시 강화군 불은면,중상사고,0,2,0,3,차대차 - 정면충돌,중앙선침범,건조,맑음,단일로 - 기타,승용,남,62세,상해없음,승용,남,44세,중상
2014090700100326,2014년 9월 7일 16시,일요일,인천광역시 부평구 부평동,중상사고,0,1,0,0,차대사람 - 기타,안전운전불이행,건조,맑음,단일로 - 기타,승용,남,43세,상해없음,보행자,여,57세,중상
2014090700100357,2014년 9월 7일 17시,일요일,인천광역시 부평구 부평동,경상사고,0,0,1,0,차대차 - 추돌 - 주정차중,안전운전불이행,건조,맑음,단일로 - 기타,승용,여,30세,상해없음,승용,남,30세,경상
2014090700100439,2014년 9월 7일 21시,일요일,인천광역시 동구 송림동,부상신고사고,0,0,0,1,차대차 - 기타,안전운전불이행,건조,맑음,단일로 - 기타,승용,기타불명,기타불명,기타불명,승합,남,61세,부상신고
2014090700100440,2014년 9월 7일 21시,일요일,인천광역시 남동구 만수동,중상사고,0,1,2,0,차대차 - 추돌 - 진행중,안전운전불이행,건조,맑음,교차로 - 교차로부근,승용,남,47세,상해없음,승용,여,51세,중상
2014090700100441,2014년 9월 7일 21시,일요일,인천광역시 연수구 동춘동,중상사고,0,1,0,0,차대차 - 추돌 - 주정차중,안전운전불이행,건조,맑음,교차로 - 교차로부근,승용,남,41세,상해없음,승용,여,61세,중상
2014090700100459,2014년 9월 7일 22시,일요일,인천광역시 동구 화평동,중상사고,0,1,0,0,차대사람 - 횡단중,안전운전불이행,건조,맑음,단일로 - 횡단보도상,승용,남,64세,상해없음,보행자,남,56세,중상
2014090700100460,2014년 9월 7일 22시,일요일,인천광역시 남구 숭의동,경상사고,0,0,2,0,차대차 - 기타,안전운전불이행,건조,흐림,단일로 - 기타,승용,남,43세,상해없음,승용,남,46세,경상
2014090700100476,2014년 9월 7일 23시,일요일,인천광역시 남구 주안동,경상사고,0,0,1,0,차대사람 - 길가장자리구역통행중,안전운전불이행,건조,맑음,교차로 - 교차로부근,기타불명,기타불명,기타불명,기타불명,보행자,남,23세,경상
2014090800100064,2014년 9월 8일 07시,월요일,인천광역시 남구 도화동,경상사고,0,0,4,0,차대차 - 측면직각충돌,안전운전불이행,건조,맑음,단일로 - 기타,승용,남,63세,상해없음,승용,남,45세,경상
2014090800100172,2014년 9월 8일 12시,월요일,인천광역시 서구 신현동,사망사고,1,0,0,0,차대차 - 측면직각충돌,신호위반,건조,맑음,교차로 - 교차로안,승용,남,61세,상해없음,자전거,여,63세,사망
2014090800100173,2014년 9월 8일 12시,월요일,인천광역시 부평구 부개동,부상신고사고,0,0,0,1,차대차 - 기타,교차로운행방법위반,건조,맑음,교차로 - 교차로부근,승용,남,30세,상해없음,승용,남,48세,부상신고
2014090800100212,2014년 9월 8일 13시,월요일,인천광역시 남동구 만수동,경상사고,0,0,1,0,차대사람 - 기타,불법유턴,건조,맑음,단일로 - 기타,승용,남,46세,상해없음,보행자,여,41세,경상
2014090800100213,2014년 9월 8일 13시,월요일,인천광역시 계양구 계산동,중상사고,0,2,0,1,차대차 - 측면직각충돌,중앙선침범,건조,맑음,단일로 - 기타,승용,남,82세,상해없음,승용,남,22세,부상신고
2014090800100239,2014년 9월 8일 14시,월요일,인천광역시 남동구 간석동,경상사고,0,0,1,0,차대차 - 측면직각충돌,안전운전불이행,건조,맑음,교차로 - 교차로안,승용,남,54세,상해없음,승용,여,42세,경상
2014090800100268,2014년 9월 8일 15시,월요일,인천광역시 강화군 하점면,중상사고,0,1,0,0,차대차 - 기타,안전운전불이행,건조,맑음,교차로 - 교차로안,승용,남,47세,상해없음,이륜,남,52세,중상
2014090800100305,2014년 9월 8일 16시,월요일,인천광역시 서구 심곡동,경상사고,0,0,3,0,차대차 - 추돌 - 진행중,안전운전불이행,건조,맑음,교차로 - 교차로부근,승용,남,57세,경상,승용,남,53세,경상
2014090800100371,2014년 9월 8일 19시,월요일,인천광역시 남구 학익동,중상사고,0,1,0,0,차대사람 - 기타,안전운전불이행,건조,맑음,교차로 - 교차로안,승용,남,25세,상해없음,보행자,남,15세,중상
2014090800100372,2014년 9월 8일 19시,월요일,인천광역시 연수구 연수동,중상사고,0,1,0,0,차대차 - 추돌 - 주정차중,안전운전불이행,건조,맑음,단일로 - 기타,원동기,남,16세,상해없음,승용,남,53세,상해없음
2014090800100392,2014년 9월 8일 20시,월요일,인천광역시 서구 신현동,경상사고,0,0,1,0,차대차 - 기타,안전운전불이행,건조,맑음,단일로 - 기타,승용,남,27세,상해없음,이륜,남,17세,경상
2014090800100415,2014년 9월 8일 21시,월요일,인천광역시 동구 송현동,중상사고,0,1,0,0,차대사람 - 횡단중,보행자보호의무위반,건조,맑음,교차로 - 교차로부근,승용,남,34세,상해없음,보행자,여,26세,중상
2014090800100416,2014년 9월 8일 21시,월요일,인천광역시 남구 주안동,경상사고,0,0,1,0,차대사람 - 기타,안전운전불이행,건조,맑음,단일로 - 기타,승용,남,36세,상해없음,보행자,남,50세,경상
2014090800100417,2014년 9월 8일 21시,월요일,인천광역시 남동구 만수동,경상사고,0,0,1,0,차대사람 - 기타,안전운전불이행,건조,맑음,단일로 - 기타,자전거,기타불명,기타불명,기타불명,보행자,남,43세,경상
2014090800100439,2014년 9월 8일 23시,월요일,인천광역시 부평구 청천동,부상신고사고,0,0,0,1,차대차 - 기타,차로위반,건조,맑음,교차로 - 교차로부근,승용,여,50세,상해없음,승용,남,51세,상해없음
2014090800100440,2014년 9월 8일 23시,월요일,인천광역시 남동구 구월동,경상사고,0,0,2,0,차대차 - 추돌 - 주정차중,안전운전불이행,건조,맑음,단일로 - 기타,승용,남,27세,상해없음,승용,여,24세,경상
2014090900100043,2014년 9월 9일 03시,화요일,인천광역시 부평구 청천동,경상사고,0,0,1,0,차대차 - 추돌 - 주정차중,안전운전불이행,건조,맑음,교차로 - 교차로부근,승용,남,42세,상해없음,승용,남,61세,경상
2014090900100044,2014년 9월 9일 03시,화요일,인천광역시 서구 경서동,경상사고,0,0,3,0,차대차 - 측면직각충돌,신호위반,건조,맑음,교차로 - 교차로안,승용,남,28세,상해없음,승용,남,45세,경상
2014090900100045,2014년 9월 9일 03시,화요일,인천광역시 부평구 부평동,경상사고,0,0,1,0,차대차 - 측면직각충돌,신호위반,건조,맑음,교차로 - 교차로안,승용,남,21세,상해없음,승용,남,24세,경상
2014090900100075,2014년 9월 9일 06시,화요일,인천광역시 남동구 간석동,경상사고,0,0,2,0,차대차 - 측면직각충돌,중앙선침범,건조,맑음,단일로 - 기타,화물,남,46세,경상,승합,남,50세,경상
2014090900100124,2014년 9월 9일 11시,화요일,인천광역시 옹진군 영흥면,중상사고,0,1,0,0,차대차 - 측면직각충돌,안전운전불이행,건조,맑음,교차로 - 교차로부근,승용,여,57세,상해없음,승용,여,53세,중상
2014090900100125,2014년 9월 9일 11시,화요일,인천광역시 강화군 화도면,중상사고,0,1,0,0,차대차 - 기타,중앙선침범,건조,맑음,단일로 - 기타,승용,남,39세,상해없음,자전거,남,30세,중상
2014090900100126,2014년 9월 9일 11시,화요일,인천광역시 강화군 내가면,중상사고,0,5,2,0,차대차 - 기타,중앙선침범,건조,맑음,단일로 - 기타,승용,남,36세,상해없음,승용,남,39세,중상
2014090900100147,2014년 9월 9일 12시,화요일,인천광역시 부평구 청천동,중상사고,0,1,2,0,차대차 - 측면직각충돌,교차로운행방법위반,건조,맑음,교차로 - 교차로안,승용,남,35세,상해없음,승용,남,47세,상해없음
2014090900100148,2014년 9월 9일 12시,화요일,인천광역시 남동구 구월동,경상사고,0,0,2,0,차대차 - 추돌 - 주정차중,안전운전불이행,건조,맑음,단일로 - 기타,승용,남,25세,상해없음,승용,여,27세,경상
2014090900100171,2014년 9월 9일 13시,화요일,인천광역시 남구 관교동,경상사고,0,0,2,0,차대차 - 정면충돌,안전운전불이행,건조,맑음,교차로 - 교차로부근,승용,남,58세,상해없음,승용,남,24세,경상
2014090900100172,2014년 9월 9일 13시,화요일,인천광역시 강화군 하점면,경상사고,0,0,1,0,차대차 - 기타,안전운전불이행,건조,맑음,단일로 - 기타,승용,남,54세,상해없음,원동기,남,57세,경상
2014090900100203,2014년 9월 9일 14시,화요일,인천광역시 연수구 송도동,중상사고,0,1,0,0,차대차 - 기타,신호위반,건조,맑음,교차로 - 교차로부근,이륜,남,16세,상해없음,자전거,남,12세,중상
2014090900100265,2014년 9월 9일 16시,화요일,인천광역시 남동구 간석동,경상사고,0,0,1,0,차대차 - 측면직각충돌,안전운전불이행,건조,맑음,단일로 - 기타,승용,남,51세,기타불명,승용,남,26세,경상
2014090900100292,2014년 9월 9일 17시,화요일,인천광역시 남동구 운연동,부상신고사고,0,0,0,1,차대차 - 기타,교차로운행방법위반,건조,맑음,단일로 - 기타,승용,남,50세,상해없음,승용,남,56세,부상신고
2014090900100293,2014년 9월 9일 17시,화요일,인천광역시 서구 검암동,중상사고,0,1,0,0,차대차 - 기타,안전운전불이행,건조,맑음,교차로 - 교차로안,승합,남,49세,상해없음,원동기,남,18세,중상
2014090900100322,2014년 9월 9일 18시,화요일,인천광역시 중구 내동,중상사고,0,1,0,0,차량단독 - 기타,안전운전불이행,건조,맑음,단일로 - 기타,승합,남,45세,상해없음,,,,
2014090900100323,2014년 9월 9일 18시,화요일,인천광역시 남동구 만수동,중상사고,0,1,0,0,차대사람 - 횡단중,신호위반,건조,맑음,단일로 - 기타,화물,남,45세,상해없음,보행자,여,18세,중상
2014090900100387,2014년 9월 9일 20시,화요일,인천광역시 남구 숭의동,경상사고,0,0,1,0,차대차 - 기타,교차로운행방법위반,건조,맑음,교차로 - 교차로안,승용,남,73세,상해없음,승합,남,55세,상해없음
2014090900100388,2014년 9월 9일 20시,화요일,인천광역시 연수구 송도동,중상사고,0,1,0,0,차대사람 - 횡단중,안전운전불이행,건조,맑음,교차로 - 교차로안,승용,남,53세,상해없음,보행자,남,39세,중상
2014090900100414,2014년 9월 9일 21시,화요일,인천광역시 부평구 부평동,경상사고,0,0,1,0,차대차 - 측면직각충돌,신호위반,건조,맑음,교차로 - 교차로부근,원동기,남,15세,경상,승용,남,44세,상해없음
2014090900100435,2014년 9월 9일 22시,화요일,인천광역시 계양구 박촌동,중상사고,0,1,0,0,차대사람 - 횡단중,안전운전불이행,건조,맑음,단일로 - 기타,승용,남,62세,상해없음,보행자,여,72세,중상
2014090900100452,2014년 9월 9일 23시,화요일,인천광역시 남구 주안동,경상사고,0,0,1,0,차대사람 - 길가장자리구역통행중,안전운전불이행,건조,맑음,기타 - 기타,승용,남,26세,상해없음,보행자,남,50세,경상
2014090900100453,2014년 9월 9일 23시,화요일,인천광역시 계양구 계산동,중상사고,0,1,0,0,차대사람 - 기타,안전운전불이행,건조,맑음,교차로 - 교차로부근,화물,남,47세,상해없음,보행자,남,51세,중상
2014091000100019,2014년 9월 10일 01시,수요일,인천광역시 계양구 서운동,중상사고,0,1,0,0,차대사람 - 횡단중,안전운전불이행,건조,맑음,단일로 - 횡단보도상,승용,남,41세,상해없음,보행자,여,22세,중상
2014091000100113,2014년 9월 10일 09시,수요일,인천광역시 부평구 청천동,경상사고,0,0,1,0,차대사람 - 기타,기타,건조,맑음,단일로 - 기타,승합,남,44세,상해없음,보행자,여,51세,경상
2014091000100139,2014년 9월 10일 10시,수요일,인천광역시 서구 마전동,경상사고,0,0,1,0,차대사람 - 기타,안전운전불이행,건조,맑음,단일로 - 기타,기타불명,기타불명,기타불명,기타불명,보행자,여,67세,경상
2014091000100214,2014년 9월 10일 13시,수요일,인천광역시 중구 운서동,경상사고,0,0,1,0,차대차 - 추돌 - 진행중,안전운전불이행,건조,맑음,단일로 - 기타,승용,남,50세,상해없음,자전거,남,58세,경상
2014091000100252,2014년 9월 10일 14시,수요일,인천광역시 동구 창영동,중상사고,0,1,0,0,차대차 - 측면직각충돌,신호위반,건조,맑음,교차로 - 교차로안,이륜,남,24세,중상,화물,남,51세,상해없음
2014091000100253,2014년 9월 10일 14시,수요일,인천광역시 남동구 구월동,중상사고,0,1,1,0,차대차 - 정면충돌,신호위반,건조,맑음,교차로 - 교차로안,승용,남,66세,상해없음,승용,남,29세,경상
2014091000100254,2014년 9월 10일 14시,수요일,인천광역시 강화군 화도면,경상사고,0,0,4,0,차대차 - 기타,중앙선침범,건조,맑음,단일로 - 기타,승용,남,83세,상해없음,승합,남,42세,경상
2014091000100296,2014년 9월 10일 15시,수요일,인천광역시 남동구 간석동,경상사고,0,0,2,0,차대차 - 추돌 - 주정차중,안전운전불이행,건조,맑음,교차로 - 교차로부근,승용,남,54세,상해없음,승용,남,29세,경상
2014091000100297,2014년 9월 10일 15시,수요일,인천광역시 남동구 간석동,경상사고,0,0,1,0,차대차 - 기타,안전거리미확보,건조,맑음,단일로 - 기타,승용,여,44세,상해없음,승용,남,58세,경상
2014091000100298,2014년 9월 10일 15시,수요일,인천광역시 서구 공촌동,중상사고,0,1,0,0,차대차 - 추돌 - 주정차중,안전운전불이행,건조,맑음,단일로 - 기타,승용,남,40세,상해없음,이륜,남,58세,중상
2014091000100371,2014년 9월 10일 17시,수요일,인천광역시 중구 신흥동3가,중상사고,0,3,4,0,차대차 - 추돌 - 주정차중,안전운전불이행,건조,맑음,교차로 - 교차로부근,승용,남,26세,상해없음,승용,남,61세,중상
2014091000100372,2014년 9월 10일 17시,수요일,인천광역시 서구 경서동,경상사고,0,0,1,0,차대차 - 기타,안전운전불이행,기타,맑음,기타 - 기타,승용,남,54세,상해없음,자전거,남,10세,경상
2014091000100373,2014년 9월 10일 17시,수요일,인천광역시 연수구 동춘동,경상사고,0,0,2,0,차대차 - 추돌 - 주정차중,안전운전불이행,건조,맑음,단일로 - 기타,승용,남,47세,상해없음,승용,남,44세,경상
2014091000100396,2014년 9월 10일 18시,수요일,인천광역시 서구 당하동,경상사고,0,0,1,0,차대차 - 측면직각충돌,신호위반,건조,맑음,단일로 - 횡단보도상,원동기,남,47세,상해없음,원동기,남,49세,경상
2014091000100470,2014년 9월 10일 21시,수요일,인천광역시 부평구 십정동,경상사고,0,0,1,0,차대차 - 기타,안전운전불이행,건조,맑음,단일로 - 기타,승용,남,46세,상해없음,승용,여,55세,경상
2014091000100471,2014년 9월 10일 21시,수요일,인천광역시 남동구 간석동,경상사고,0,0,1,0,차대사람 - 차도통행중,안전운전불이행,건조,맑음,단일로 - 기타,승용,남,62세,상해없음,보행자,남,47세,경상
2014091000100472,2014년 9월 10일 21시,수요일,인천광역시 서구 가좌동,경상사고,0,0,4,0,차대차 - 측면직각충돌,신호위반,건조,맑음,단일로 - 기타,승용,여,47세,상해없음,승용,남,21세,경상
2014091000100496,2014년 9월 10일 22시,수요일,인천광역시 동구 송림동,경상사고,0,0,3,0,차대차 - 추돌 - 진행중,신호위반,건조,맑음,교차로 - 교차로안,승용,남,55세,상해없음,승용,여,45세,경상
2014091000100497,2014년 9월 10일 22시,수요일,인천광역시 계양구 계산동,경상사고,0,0,1,0,차대차 - 추돌 - 주정차중,안전운전불이행,건조,맑음,단일로 - 기타,승용,남,39세,상해없음,승용,여,52세,경상
2014091000100498,2014년 9월 10일 22시,수요일,인천광역시 연수구 옥련동,경상사고,0,0,1,0,차대차 - 측면직각충돌,안전운전불이행,건조,맑음,교차로 - 교차로부근,승용,남,52세,상해없음,승용,남,51세,경상
2014091000100499,2014년 9월 10일 22시,수요일,인천광역시 부평구 부개동,중상사고,0,1,0,0,차대차 - 측면직각충돌,중앙선침범,건조,맑음,단일로 - 기타,승용,남,31세,상해없음,원동기,남,36세,중상
2014091000100500,2014년 9월 10일 22시,수요일,인천광역시 부평구 부평동,경상사고,0,0,1,0,차대차 - 측면직각충돌,신호위반,건조,맑음,교차로 - 교차로안,원동기,남,46세,상해없음,원동기,남,59세,경상
2014091100100027,2014년 9월 11일 01시,목요일,인천광역시 연수구 옥련동,경상사고,0,0,4,0,차대차 - 추돌 - 주정차중,안전운전불이행,건조,맑음,단일로 - 기타,승용,남,43세,상해없음,승용,남,56세,경상
2014091100100063,2014년 9월 11일 06시,목요일,인천광역시 부평구 산곡동,중상사고,0,1,0,0,차대사람 - 횡단중,신호위반,건조,맑음,교차로 - 교차로부근,승합,남,53세,상해없음,보행자,여,72세,중상
2014091100100095,2014년 9월 11일 07시,목요일,인천광역시 서구 가정동,경상사고,0,0,1,0,차대사람 - 기타,안전운전불이행,건조,맑음,교차로 - 교차로부근,승합,남,57세,기타불명,보행자,여,67세,경상
2014091100100096,2014년 9월 11일 07시,목요일,인천광역시 계양구 작전동,중상사고,0,1,0,0,차대사람 - 횡단중,신호위반,건조,맑음,교차로 - 교차로안,화물,남,39세,상해없음,보행자,남,67세,중상
2014091100100097,2014년 9월 11일 07시,목요일,인천광역시 서구 경서동,경상사고,0,0,2,0,차대차 - 추돌 - 진행중,안전운전불이행,건조,맑음,단일로 - 기타,승용,남,24세,상해없음,승합,여,41세,경상
2014091100100136,2014년 9월 11일 08시,목요일,인천광역시 남구 숭의동,경상사고,0,0,1,0,차대사람 - 기타,안전운전불이행,건조,맑음,단일로 - 기타,승합,남,53세,상해없음,보행자,여,62세,경상
2014091100100137,2014년 9월 11일 08시,목요일,인천광역시 부평구 십정동,경상사고,0,0,2,1,차대차 - 추돌 - 진행중,안전거리미확보,건조,맑음,단일로 - 기타,이륜,남,34세,부상신고,승용,남,57세,경상
2014091100100300,2014년 9월 11일 13시,목요일,인천광역시 중구 항동7가,경상사고,0,0,1,0,차대차 - 추돌 - 진행중,안전운전불이행,건조,맑음,단일로 - 횡단보도부근,승용,여,44세,상해없음,승용,여,27세,경상
2014091100100345,2014년 9월 11일 14시,목요일,인천광역시 계양구 효성동,경상사고,0,0,1,0,차대차 - 추돌 - 주정차중,안전운전불이행,건조,맑음,단일로 - 기타,승용,여,46세,상해없음,승용,여,40세,경상
2014091100100406,2014년 9월 11일 16시,목요일,인천광역시 중구 항동7가,경상사고,0,0,3,0,차대차 - 측면직각충돌,직진우회전진행방해,건조,맑음,교차로 - 교차로안,승용,남,64세,상해없음,화물,남,41세,경상
2014091100100407,2014년 9월 11일 16시,목요일,인천광역시 서구 경서동,경상사고,0,0,1,0,차대차 - 기타,안전운전불이행,건조,맑음,단일로 - 기타,승용,여,33세,경상,승합,남,52세,상해없음
2014091100100436,2014년 9월 11일 17시,목요일,인천광역시 남동구 간석동,경상사고,0,0,1,0,차대차 - 측면직각충돌,안전운전불이행,건조,맑음,단일로 - 기타,이륜,남,37세,경상,화물,남,49세,상해없음
2014091100100437,2014년 9월 11일 17시,목요일,인천광역시 계양구 계산동,중상사고,0,1,0,0,차대사람 - 횡단중,안전운전불이행,건조,맑음,교차로 - 교차로부근,승용,남,54세,상해없음,보행자,여,12세,중상
2014091100100465,2014년 9월 11일 18시,목요일,인천광역시 계양구 작전동,경상사고,0,0,1,0,차대차 - 기타,신호위반,건조,맑음,단일로 - 기타,승용,여,52세,상해없음,승합,남,52세,상해없음
2014091100100532,2014년 9월 11일 20시,목요일,인천광역시 계양구 병방동,중상사고,0,1,0,0,차대사람 - 기타,안전운전불이행,건조,맑음,교차로 - 교차로안,화물,남,37세,상해없음,보행자,남,57세,중상
2014091100100593,2014년 9월 11일 22시,목요일,인천광역시 중구 항동7가,중상사고,0,1,0,0,차대차 - 기타,안전운전불이행,건조,맑음,단일로 - 기타,화물,남,31세,상해없음,화물,남,48세,중상
2014091100100594,2014년 9월 11일 22시,목요일,인천광역시 남구 학익동,중상사고,0,1,0,0,차대차 - 기타,안전운전불이행,건조,맑음,단일로 - 기타,승합,남,41세,상해없음,승용,여,49세,중상
2014091100100621,2014년 9월 11일 23시,목요일,인천광역시 서구 가정동,경상사고,0,0,1,0,차대차 - 측면직각충돌,교차로운행방법위반,건조,맑음,교차로 - 교차로안,승용,남,44세,상해없음,승용,남,28세,경상
2014091200100011,2014년 9월 12일 00시,금요일,인천광역시 남구 도화동,중상사고,0,2,0,0,차대사람 - 횡단중,신호위반,건조,맑음,단일로 - 기타,승용,기타불명,기타불명,기타불명,보행자,여,44세,중상
2014091200100048,2014년 9월 12일 04시,금요일,인천광역시 부평구 산곡동,중상사고,0,1,1,1,차대차 - 기타,신호위반,건조,맑음,교차로 - 교차로안,승용,여,65세,부상신고,승용,남,59세,중상
2014091200100049,2014년 9월 12일 04시,금요일,인천광역시 서구 당하동,중상사고,0,2,0,0,차대차 - 기타,신호위반,건조,맑음,교차로 - 교차로안,승합,남,54세,상해없음,승용,남,70세,중상
2014091200100050,2014년 9월 12일 04시,금요일,인천광역시 서구 가좌동,중상사고,0,1,0,0,차대차 - 추돌 - 주정차중,안전운전불이행,건조,맑음,교차로 - 교차로부근,화물,남,51세,상해없음,화물,남,57세,중상
2014091200100060,2014년 9월 12일 05시,금요일,인천광역시 부평구 부평동,중상사고,0,1,0,1,차대차 - 기타,안전운전불이행,건조,맑음,교차로 - 교차로안,자전거,남,57세,부상신고,이륜,남,49세,중상
2014091200100094,2014년 9월 12일 07시,금요일,인천광역시 남동구 구월동,중상사고,0,1,0,0,차대차 - 측면직각충돌,교차로운행방법위반,건조,맑음,교차로 - 교차로부근,승용,남,52세,상해없음,원동기,남,64세,중상
2014091200100129,2014년 9월 12일 08시,금요일,인천광역시 남동구 만수동,경상사고,0,0,2,0,차대차 - 측면직각충돌,안전운전불이행,건조,맑음,단일로 - 기타,승용,남,48세,상해없음,자전거,남,15세,경상
2014091200100130,2014년 9월 12일 08시,금요일,인천광역시 서구 석남동,경상사고,0,0,1,0,차대차 - 측면직각충돌,안전운전불이행,건조,맑음,교차로 - 교차로안,승용,남,72세,상해없음,자전거,여,24세,경상
2014091200100131,2014년 9월 12일 08시,금요일,인천광역시 서구 원당동,부상신고사고,0,0,0,1,차대사람 - 기타,안전운전불이행,건조,맑음,단일로 - 기타,기타불명,기타불명,기타불명,기타불명,보행자,남,16세,부상신고
2014091200100132,2014년 9월 12일 08시,금요일,인천광역시 연수구 연수동,경상사고,0,0,2,0,차대차 - 추돌 - 주정차중,안전운전불이행,건조,맑음,단일로 - 기타,승용,여,40세,상해없음,승용,남,67세,경상
2014091200100182,2014년 9월 12일 10시,금요일,인천광역시 부평구 부개동,경상사고,0,0,3,0,차대차 - 추돌 - 주정차중,안전운전불이행,건조,맑음,단일로 - 교량,승용,여,50세,상해없음,승용,남,47세,경상
2014091200100217,2014년 9월 12일 11시,금요일,인천광역시 남구 숭의동,경상사고,0,0,1,0,차대사람 - 횡단중,안전운전불이행,건조,맑음,교차로 - 교차로부근,승용,여,31세,상해없음,보행자,남,50세,경상
2014091200100269,2014년 9월 12일 13시,금요일,인천광역시 부평구 산곡동,경상사고,0,0,1,0,차대차 - 측면직각충돌,안전운전불이행,건조,맑음,단일로 - 기타,원동기,남,49세,상해없음,원동기,남,35세,경상
2014091200100270,2014년 9월 12일 13시,금요일,인천광역시 남동구 구월동,경상사고,0,0,2,0,차대차 - 추돌 - 주정차중,안전운전불이행,건조,맑음,단일로 - 기타,승용,남,25세,상해없음,승용,여,44세,경상
2014091200100271,2014년 9월 12일 13시,금요일,인천광역시 남동구 만수동,부상신고사고,0,0,0,1,차대차 - 추돌 - 진행중,안전거리미확보,건조,맑음,단일로 - 기타,이륜,남,50세,부상신고,승용,남,60세,상해없음
2014091200100325,2014년 9월 12일 15시,금요일,인천광역시 계양구 효성동,중상사고,0,1,0,0,차대사람 - 기타,교차로운행방법위반,건조,맑음,교차로 - 교차로안,화물,여,51세,상해없음,보행자,남,59세,중상
2014091200100326,2014년 9월 12일 15시,금요일,인천광역시 연수구 송도동,중상사고,0,1,0,0,차대사람 - 보도통행중,신호위반,건조,맑음,단일로 - 기타,승합,남,63세,상해없음,보행자,여,8세,중상