사고번호,사고일시,요일,시군구,사고내용,사망자수,중상자수,경상자수,부상신고자수,사고유형,법규위반,노면상태,기상상태,도로형태,가해운전자 차종,가해운전자 성별,가해운전자 연령,가해운전자 상해정도,피해운전자 차종,피해운전자 성별,피해운전자 연령,피해운전자 상해정도
2014091200100394,2014년 9월 12일 17시,금요일,인천광역시 서구 경서동,경상사고,0,0,1,0,차대사람 - 횡단중,안전운전불이행,건조,맑음,단일로 - 기타,승용,여,56세,상해없음,보행자,여,5세,경상
2014091200100395,2014년 9월 12일 17시,금요일,인천광역시 부평구 갈산동,경상사고,0,0,2,0,차대사람 - 기타,보행자보호의무위반,건조,맑음,단일로 - 횡단보도부근,이륜,남,55세,경상,보행자,여,11세,경상
2014091200100428,2014년 9월 12일 18시,금요일,인천광역시 부평구 산곡동,중상사고,0,1,0,0,차대차 - 측면직각충돌,안전운전불이행,건조,맑음,교차로 - 교차로안,승용,여,47세,상해없음,원동기,남,29세,중상
2014091200100429,2014년 9월 12일 18시,금요일,인천광역시 연수구 송도동,중상사고,0,1,0,0,차대차 - 측면직각충돌,신호위반,건조,맑음,교차로 - 교차로안,승용,남,58세,상해없음,원동기,남,30세,중상
2014091200100470,2014년 9월 12일 19시,금요일,인천광역시 남구 학익동,부상신고사고,0,0,0,1,차대차 - 추돌 - 주정차중,안전운전불이행,건조,맑음,단일로 - 기타,기타불명,기타불명,기타불명,기타불명,승용,남,49세,부상신고
2014091200100471,2014년 9월 12일 19시,금요일,인천광역시 남구 용현동,경상사고,0,0,1,0,차대사람 - 기타,안전운전불이행,건조,맑음,단일로 - 횡단보도부근,화물,남,51세,상해없음,보행자,남,68세,경상
2014091200100472,2014년 9월 12일 19시,금요일,인천광역시 남동구 간석동,경상사고,0,0,1,0,차대차 - 측면직각충돌,차로위반,건조,맑음,단일로 - 기타,승용,여,52세,상해없음,승용,남,55세,경상
2014091200100473,2014년 9월 12일 19시,금요일,인천광역시 계양구 계산동,경상사고,0,0,1,0,차대사람 - 기타,안전운전불이행,건조,맑음,교차로 - 교차로안,승용,여,64세,상해없음,보행자,남,37세,경상
2014091200100515,2014년 9월 12일 20시,금요일,인천광역시 서구 공촌동,중상사고,0,1,0,0,차대차 - 기타,안전운전불이행,건조,맑음,교차로 - 교차로안,승용,남,48세,상해없음,자전거,남,17세,중상
2014091200100516,2014년 9월 12일 20시,금요일,인천광역시 계양구 계산동,사망사고,1,0,0,0,차대사람 - 횡단중,안전운전불이행,건조,맑음,단일로 - 횡단보도상,승용,남,50세,상해없음,보행자,여,66세,사망
2014091200100563,2014년 9월 12일 21시,금요일,인천광역시 남동구 간석동,중상사고,0,1,0,0,차대사람 - 횡단중,안전운전불이행,건조,맑음,단일로 - 횡단보도상,승용,남,60세,상해없음,보행자,남,40세,중상
2014091200100587,2014년 9월 12일 22시,금요일,인천광역시 부평구 부평동,부상신고사고,0,0,0,1,차대차 - 기타,안전운전불이행,건조,맑음,단일로 - 기타,이륜,남,33세,부상신고,승용,남,51세,상해없음
2014091300100019,2014년 9월 13일 00시,토요일,인천광역시 남구 주안동,경상사고,0,0,2,0,차대차 - 측면직각충돌,안전운전불이행,건조,맑음,단일로 - 기타,승용,남,28세,상해없음,승용,남,46세,경상
2014091300100020,2014년 9월 13일 00시,토요일,인천광역시 서구 백석동,경상사고,0,0,3,0,차대차 - 추돌 - 진행중,안전거리미확보,건조,맑음,단일로 - 기타,화물,남,39세,상해없음,승용,남,49세,경상
2014091300100021,2014년 9월 13일 00시,토요일,인천광역시 연수구 옥련동,경상사고,0,0,1,0,차대차 - 측면직각충돌,안전운전불이행,건조,맑음,단일로 - 기타,자전거,남,26세,경상,승용,남,45세,상해없음
2014091300100038,2014년 9월 13일 01시,토요일,인천광역시 옹진군 영흥면,중상사고,0,1,0,2,차대사람 - 기타,안전운전불이행,건조,맑음,교차로 - 교차로부근,승용,남,20세,상해없음,보행자,남,67세,중상
2014091300100039,2014년 9월 13일 01시,토요일,인천광역시 부평구 부평동,경상사고,0,0,2,0,차대차 - 추돌 - 주정차중,안전운전불이행,건조,맑음,교차로 - 교차로부근,승용,여,43세,상해없음,승용,여,29세,경상
2014091300100040,2014년 9월 13일 01시,토요일,인천광역시 서구 가정동,경상사고,0,0,1,0,차대사람 - 기타,안전운전불이행,건조,기타,기타 - 기타,승용,남,51세,상해없음,보행자,남,32세,경상
2014091300100051,2014년 9월 13일 02시,토요일,인천광역시 남구 용현동,경상사고,0,0,2,0,차대사람 - 길가장자리구역통행중,안전운전불이행,건조,맑음,교차로 - 교차로안,승용,남,26세,상해없음,보행자,남,33세,경상
2014091300100052,2014년 9월 13일 02시,토요일,인천광역시 계양구 효성동,중상사고,0,1,1,0,차대차 - 측면직각충돌,신호위반,건조,맑음,교차로 - 교차로안,승용,남,63세,상해없음,승용,남,66세,중상
2014091300100079,2014년 9월 13일 05시,토요일,인천광역시 남동구 도림동,중상사고,0,1,0,0,차대차 - 추돌 - 주정차중,안전거리미확보,건조,맑음,교차로 - 교차로안,승용,남,23세,상해없음,화물,남,41세,중상
2014091300100235,2014년 9월 13일 11시,토요일,인천광역시 계양구 효성동,경상사고,0,0,1,0,차대사람 - 기타,안전운전불이행,건조,맑음,단일로 - 기타,기타불명,기타불명,기타불명,기타불명,보행자,남,60세,경상
2014091300100258,2014년 9월 13일 12시,토요일,인천광역시 연수구 옥련동,경상사고,0,0,1,0,차대차 - 측면직각충돌,안전운전불이행,건조,맑음,단일로 - 기타,승합,남,54세,상해없음,승용,남,49세,경상
2014091300100303,2014년 9월 13일 13시,토요일,인천광역시 부평구 청천동,부상신고사고,0,0,0,1,차대차 - 측면직각충돌,교차로운행방법위반,건조,맑음,교차로 - 교차로안,승용,남,57세,부상신고,승용,남,42세,상해없음
2014091300100304,2014년 9월 13일 13시,토요일,인천광역시 남동구 논현동,부상신고사고,0,0,0,1,차대차 - 측면직각충돌,안전운전불이행,건조,맑음,단일로 - 기타,이륜,남,18세,부상신고,승용,남,53세,상해없음
2014091300100339,2014년 9월 13일 14시,토요일,인천광역시 서구 가좌동,경상사고,0,0,1,0,차대차 - 측면직각충돌,안전거리미확보,건조,맑음,단일로 - 기타,승용,남,46세,상해없음,승용,남,54세,상해없음
2014091300100402,2014년 9월 13일 16시,토요일,인천광역시 부평구 산곡동,부상신고사고,0,0,0,1,차량단독 - 기타,안전운전불이행,건조,맑음,교차로 - 교차로안,이륜,남,16세,부상신고,,,,
2014091300100437,2014년 9월 13일 17시,토요일,인천광역시 계양구 계산동,중상사고,0,1,0,0,차대사람 - 횡단중,안전운전불이행,건조,맑음,교차로 - 교차로부근,자전거,여,19세,상해없음,보행자,여,10세,중상
2014091300100438,2014년 9월 13일 17시,토요일,인천광역시 강화군 화도면,사망사고,1,0,0,0,차대차 - 정면충돌,안전운전불이행,건조,맑음,교차로 - 교차로안,승용,여,54세,상해없음,이륜,남,76세,사망
2014091300100475,2014년 9월 13일 18시,토요일,인천광역시 남동구 만수동,경상사고,0,0,1,0,차대사람 - 기타,중앙선침범,건조,맑음,단일로 - 기타,승용,남,51세,상해없음,보행자,남,70세,경상
2014091300100476,2014년 9월 13일 18시,토요일,인천광역시 서구 검암동,중상사고,0,1,0,1,차대차 - 기타,신호위반,건조,맑음,단일로 - 기타,승용,여,53세,부상신고,승합,남,54세,중상
2014091300100477,2014년 9월 13일 18시,토요일,인천광역시 서구 원당동,중상사고,0,1,0,0,차대차 - 기타,신호위반,건조,맑음,단일로 - 횡단보도상,승용,남,63세,상해없음,자전거,여,41세,중상
2014091300100516,2014년 9월 13일 19시,토요일,인천광역시 서구 가좌동,중상사고,0,1,3,0,차대차 - 추돌 - 주정차중,안전거리미확보,건조,맑음,단일로 - 기타,승합,남,54세,상해없음,화물,남,44세,중상
2014091300100517,2014년 9월 13일 19시,토요일,인천광역시 서구 가좌동,중상사고,0,2,1,0,차대차 - 추돌 - 주정차중,안전거리미확보,건조,맑음,교차로 - 교차로부근,승용,남,44세,상해없음,승용,남,40세,중상
2014091300100552,2014년 9월 13일 20시,토요일,인천광역시 남구 주안동,중상사고,0,2,1,0,차대차 - 정면충돌,신호위반,건조,맑음,교차로 - 교차로안,이륜,남,27세,상해없음,승용,남,55세,경상
2014091300100553,2014년 9월 13일 20시,토요일,인천광역시 남동구 서창동,경상사고,0,0,1,0,차대차 - 기타,차로위반,건조,맑음,단일로 - 기타,화물,남,59세,상해없음,이륜,남,25세,경상
2014091300100577,2014년 9월 13일 21시,토요일,인천광역시 계양구 효성동,경상사고,0,0,1,0,차대사람 - 기타,안전운전불이행,건조,맑음,단일로 - 기타,승용,남,46세,상해없음,보행자,남,55세,경상
2014091300100599,2014년 9월 13일 22시,토요일,인천광역시 남동구 남촌동,중상사고,0,1,0,0,차대차 - 기타,안전운전불이행,건조,맑음,단일로 - 기타,기타불명,기타불명,기타불명,기타불명,자전거,남,22세,중상
2014091300100632,2014년 9월 13일 23시,토요일,인천광역시 부평구 십정동,중상사고,0,1,0,0,차대차 - 기타,기타,건조,맑음,단일로 - 교량,승용,남,54세,상해없음,이륜,남,49세,중상
2014091400100023,2014년 9월 14일 01시,일요일,인천광역시 중구 운북동,경상사고,0,0,1,0,차량단독 - 공작물충돌,안전운전불이행,건조,맑음,단일로 - 기타,화물,남,47세,경상,,,,
2014091400100041,2014년 9월 14일 02시,일요일,인천광역시 부평구 구산동,경상사고,0,0,1,0,차대차 - 측면직각충돌,안전운전불이행,건조,맑음,단일로 - 기타,승용,남,43세,상해없음,승용,남,32세,경상
2014091400100042,2014년 9월 14일 02시,일요일,인천광역시 계양구 용종동,경상사고,0,0,4,0,차대차 - 추돌 - 진행중,안전거리미확보,건조,맑음,단일로 - 기타,승용,남,22세,경상,승용,남,26세,상해없음
2014091400100051,2014년 9월 14일 03시,일요일,인천광역시 남구 주안동,경상사고,0,0,1,0,차대차 - 추돌 - 진행중,안전거리미확보,건조,맑음,교차로 - 교차로부근,승용,남,61세,상해없음,승용,남,55세,경상
2014091400100052,2014년 9월 14일 03시,일요일,인천광역시 부평구 삼산동,중상사고,0,1,0,0,차대차 - 측면직각충돌,신호위반,건조,맑음,교차로 - 교차로부근,승용,남,64세,상해없음,자전거,남,27세,중상
2014091400100063,2014년 9월 14일 04시,일요일,인천광역시 서구 가정동,중상사고,0,1,0,0,차대사람 - 기타,안전운전불이행,기타,기타,단일로 - 기타,기타불명,기타불명,기타불명,기타불명,보행자,남,43세,중상
2014091400100085,2014년 9월 14일 06시,일요일,인천광역시 남동구 장수동,경상사고,0,0,3,0,차대차 - 추돌 - 주정차중,안전거리미확보,건조,맑음,교차로 - 교차로부근,화물,여,46세,상해없음,승용,남,53세,경상
2014091400100100,2014년 9월 14일 07시,일요일,인천광역시 남구 숭의동,중상사고,0,1,0,0,차량단독 - 기타,기타,건조,맑음,교차로 - 교차로부근,승용,남,19세,상해없음,,,,
2014091400100115,2014년 9월 14일 08시,일요일,인천광역시 남동구 구월동,중상사고,0,1,2,0,차대차 - 측면직각충돌,신호위반,건조,맑음,교차로 - 교차로안,승용,여,46세,경상,승용,남,44세,경상
2014091400100130,2014년 9월 14일 09시,일요일,인천광역시 부평구 청천동,경상사고,0,0,1,0,차대차 - 측면직각충돌,안전운전불이행,건조,맑음,교차로 - 교차로부근,화물,남,53세,상해없음,승용,여,55세,경상
2014091400100131,2014년 9월 14일 09시,일요일,인천광역시 부평구 십정동,중상사고,0,1,0,0,차대사람 - 횡단중,안전운전불이행,건조,맑음,단일로 - 기타,승용,여,33세,상해없음,보행자,남,63세,중상
2014091400100145,2014년 9월 14일 10시,일요일,인천광역시 남동구 간석동,경상사고,0,0,1,0,차대차 - 추돌 - 진행중,안전운전불이행,건조,맑음,단일로 - 기타,승용,남,73세,상해없음,승용,남,36세,경상
2014091400100193,2014년 9월 14일 12시,일요일,인천광역시 남동구 간석동,경상사고,0,0,1,0,차대차 - 측면직각충돌,중앙선침범,건조,맑음,단일로 - 기타,승용,남,29세,상해없음,이륜,남,42세,경상
2014091400100194,2014년 9월 14일 12시,일요일,인천광역시 계양구 계산동,경상사고,0,0,1,0,차대사람 - 횡단중,보행자보호의무위반,건조,맑음,교차로 - 교차로안,승용,남,52세,상해없음,보행자,여,51세,경상
2014091400100248,2014년 9월 14일 14시,일요일,인천광역시 부평구 부평동,경상사고,0,0,1,0,차대사람 - 횡단중,안전운전불이행,건조,맑음,교차로 - 교차로안,승용,남,63세,상해없음,보행자,여,18세,경상
2014091400100249,2014년 9월 14일 14시,일요일,인천광역시 연수구 연수동,경상사고,0,0,1,0,차대차 - 추돌 - 진행중,안전운전불이행,건조,맑음,교차로 - 교차로안,화물,남,29세,상해없음,화물,남,36세,경상
2014091400100274,2014년 9월 14일 15시,일요일,인천광역시 중구 운서동,중상사고,0,2,0,0,차대차 - 측면직각충돌,직진우회전진행방해,건조,맑음,교차로 - 교차로안,승합,남,39세,기타불명,승용,여,53세,중상
2014091400100275,2014년 9월 14일 15시,일요일,인천광역시 강화군 강화읍,중상사고,0,1,0,0,차대차 - 측면직각충돌,안전운전불이행,건조,맑음,교차로 - 교차로안,승용,여,53세,상해없음,승용,남,48세,상해없음
2014091400100313,2014년 9월 14일 16시,일요일,인천광역시 강화군 길상면,경상사고,0,0,1,0,차대차 - 정면충돌,중앙선침범,건조,맑음,단일로 - 기타,승용,남,34세,상해없음,승용,남,73세,경상
2014091400100346,2014년 9월 14일 17시,일요일,인천광역시 남구 용현동,경상사고,0,0,1,0,차대차 - 기타,안전운전불이행,건조,맑음,단일로 - 기타,승용,남,57세,기타불명,승용,남,27세,상해없음
2014091400100347,2014년 9월 14일 17시,일요일,인천광역시 남동구 논현동,경상사고,0,0,3,0,차대차 - 추돌 - 주정차중,안전거리미확보,건조,맑음,단일로 - 기타,승용,남,53세,상해없음,승용,여,31세,경상
2014091400100348,2014년 9월 14일 17시,일요일,인천광역시 연수구 선학동,경상사고,0,0,1,0,차대차 - 측면직각충돌,직진우회전진행방해,건조,맑음,교차로 - 교차로안,승용,여,32세,상해없음,승용,남,41세,경상
2014091400100378,2014년 9월 14일 18시,일요일,인천광역시 서구 가좌동,부상신고사고,0,0,0,1,차대차 - 기타,안전운전불이행,기타,기타,교차로 - 교차로안,승용,기타불명,기타불명,기타불명,자전거,남,17세,부상신고
2014091400100405,2014년 9월 14일 19시,일요일,인천광역시 계양구 계산동,경상사고,0,0,1,0,차대차 - 측면직각충돌,중앙선침범,건조,맑음,단일로 - 기타,승용,남,47세,상해없음,원동기,남,41세,경상
2014091400100422,2014년 9월 14일 20시,일요일,인천광역시 남동구 간석동,경상사고,0,0,2,0,차대차 - 측면직각충돌,신호위반,건조,맑음,교차로 - 교차로안,승용,여,28세,상해없음,승용,남,33세,경상
2014091400100423,2014년 9월 14일 20시,일요일,인천광역시 남동구 구월동,중상사고,0,1,1,0,차대차 - 측면직각충돌,안전운전불이행,건조,맑음,교차로 - 교차로부근,이륜,남,17세,중상,승용,여,32세,경상
2014091400100424,2014년 9월 14일 20시,일요일,인천광역시 부평구 부개동,중상사고,0,1,0,0,차대차 - 측면직각충돌,중앙선침범,건조,맑음,단일로 - 기타,승용,남,40세,상해없음,자전거,남,16세,중상
2014091400100444,2014년 9월 14일 21시,일요일,인천광역시 동구 송림동,중상사고,0,1,0,0,차대차 - 정면충돌,교차로운행방법위반,건조,맑음,교차로 - 교차로안,승용,남,60세,상해없음,화물,남,43세,중상
2014091400100445,2014년 9월 14일 21시,일요일,인천광역시 남구 숭의동,경상사고,0,0,2,0,차대차 - 기타,안전운전불이행,건조,맑음,단일로 - 기타,승용,남,35세,상해없음,승용,남,62세,경상
2014091400100446,2014년 9월 14일 21시,일요일,인천광역시 부평구 산곡동,경상사고,0,0,1,0,차대사람 - 기타,안전운전불이행,건조,맑음,단일로 - 기타,화물,남,21세,상해없음,보행자,남,29세,경상
2014091400100447,2014년 9월 14일 21시,일요일,인천광역시 연수구 송도동,중상사고,0,1,0,0,차대사람 - 보도통행중,중앙선침범,건조,맑음,기타 - 기타,자전거,남,15세,상해없음,보행자,여,59세,중상
2014091500100030,2014년 9월 15일 05시,월요일,인천광역시 남구 주안동,중상사고,0,1,0,0,차대차 - 측면직각충돌,교차로운행방법위반,건조,맑음,교차로 - 교차로부근,승합,남,37세,상해없음,이륜,남,31세,중상
2014091500100063,2014년 9월 15일 07시,월요일,인천광역시 남구 숭의동,경상사고,0,0,3,0,차대차 - 추돌 - 주정차중,안전운전불이행,건조,맑음,단일로 - 기타,승용,남,66세,상해없음,승용,여,40세,경상
2014091500100064,2014년 9월 15일 07시,월요일,인천광역시 계양구 효성동,중상사고,0,1,2,1,차대차 - 측면직각충돌,신호위반,건조,맑음,교차로 - 교차로안,승용,남,60세,상해없음,승용,남,37세,경상
2014091500100065,2014년 9월 15일 07시,월요일,인천광역시 연수구 연수동,중상사고,0,1,0,0,차대사람 - 횡단중,안전운전불이행,건조,맑음,단일로 - 기타,승용,여,42세,상해없음,보행자,남,18세,중상
2014091500100103,2014년 9월 15일 08시,월요일,인천광역시 남구 학익동,부상신고사고,0,0,0,1,차대차 - 기타,기타,건조,맑음,단일로 - 횡단보도상,자전거,남,34세,부상신고,승용,여,52세,상해없음
2014091500100104,2014년 9월 15일 08시,월요일,인천광역시 남동구 고잔동,중상사고,0,1,3,0,차대차 - 기타,과속,건조,맑음,단일로 - 기타,승용,남,58세,경상,승용,남,50세,상해없음
2014091500100105,2014년 9월 15일 08시,월요일,인천광역시 계양구 계산동,경상사고,0,0,1,0,차대사람 - 차도통행중,안전운전불이행,건조,맑음,단일로 - 기타,승용,여,45세,상해없음,보행자,여,50세,경상
2014091500100139,2014년 9월 15일 09시,월요일,인천광역시 중구 신흥동3가,경상사고,0,0,2,0,차대차 - 기타,신호위반,건조,맑음,교차로 - 교차로안,화물,남,41세,상해없음,승용,남,53세,경상
2014091500100225,2014년 9월 15일 12시,월요일,인천광역시 서구 연희동,경상사고,0,0,1,0,차대차 - 추돌 - 주정차중,안전거리미확보,건조,맑음,교차로 - 교차로부근,기타불명,기타불명,기타불명,기타불명,승용,남,69세,경상
2014091500100253,2014년 9월 15일 13시,월요일,인천광역시 남구 학익동,경상사고,0,0,1,0,차대차 - 추돌 - 진행중,안전거리미확보,건조,맑음,교차로 - 교차로안,승용,여,39세,상해없음,승용,남,38세,경상
2014091500100254,2014년 9월 15일 13시,월요일,인천광역시 서구 가정동,경상사고,0,0,1,1,차대사람 - 횡단중,신호위반,건조,맑음,단일로 - 횡단보도상,이륜,여,52세,부상신고,보행자,여,54세,경상
2014091500100285,2014년 9월 15일 14시,월요일,인천광역시 계양구 작전동,경상사고,0,0,1,0,차대사람 - 기타,안전운전불이행,건조,맑음,단일로 - 기타,승용,여,48세,상해없음,보행자,남,17세,경상
2014091500100314,2014년 9월 15일 15시,월요일,인천광역시 중구 중산동,중상사고,0,1,1,1,차대차 - 측면직각충돌,신호위반,건조,맑음,교차로 - 교차로안,승용,남,71세,경상,승합,남,43세,중상
2014091500100315,2014년 9월 15일 15시,월요일,인천광역시 서구 경서동,경상사고,0,0,1,0,차대차 - 추돌 - 진행중,안전운전불이행,건조,맑음,단일로 - 기타,자전거,여,48세,상해없음,자전거,여,39세,경상
2014091500100344,2014년 9월 15일 16시,월요일,인천광역시 남동구 논현동,경상사고,0,0,1,0,차대차 - 측면직각충돌,교차로운행방법위반,건조,맑음,교차로 - 교차로안,승용,남,42세,상해없음,원동기,남,29세,경상
2014091500100380,2014년 9월 15일 17시,월요일,인천광역시 남구 도화동,중상사고,0,1,0,0,차대사람 - 횡단중,안전운전불이행,건조,맑음,단일로 - 기타,승용,남,25세,상해없음,보행자,남,77세,중상
2014091500100381,2014년 9월 15일 17시,월요일,인천광역시 계양구 계산동,경상사고,0,0,1,0,차대사람 - 횡단중,안전운전불이행,건조,맑음,교차로 - 교차로안,승용,남,61세,상해없음,보행자,남,59세,경상
2014091500100425,2014년 9월 15일 18시,월요일,인천광역시 부평구 부평동,부상신고사고,0,0,0,1,차대차 - 측면직각충돌,안전운전불이행,건조,맑음,교차로 - 교차로안,자전거,남,77세,부상신고,화물,남,51세,상해없음
2014091500100426,2014년 9월 15일 18시,월요일,인천광역시 서구 신현동,중상사고,0,1,0,1,차대차 - 측면직각충돌,안전운전불이행,건조,맑음,교차로 - 교차로안,승용,여,60세,부상신고,이륜,남,19세,중상
2014091500100427,2014년 9월 15일 18시,월요일,인천광역시 계양구 귤현동,경상사고,0,0,1,0,차대사람 - 기타,안전운전불이행,건조,맑음,단일로 - 기타,승용,여,41세,상해없음,보행자,남,3세,경상
2014091500100467,2014년 9월 15일 19시,월요일,인천광역시 중구 항동7가,중상사고,0,1,0,0,차대사람 - 기타,안전운전불이행,건조,맑음,교차로 - 교차로안,화물,남,49세,상해없음,보행자,남,64세,중상
2014091500100468,2014년 9월 15일 19시,월요일,인천광역시 부평구 부평동,경상사고,0,0,1,0,차대사람 - 기타,안전운전불이행,건조,맑음,단일로 - 기타,승합,남,41세,상해없음,보행자,여,38세,경상
2014091500100469,2014년 9월 15일 19시,월요일,인천광역시 남동구 고잔동,경상사고,0,0,4,0,차대차 - 측면직각충돌,신호위반,건조,맑음,교차로 - 교차로안,승용,남,56세,상해없음,승용,남,45세,경상
2014091500100505,2014년 9월 15일 20시,월요일,인천광역시 남동구 만수동,경상사고,0,0,1,0,차대차 - 추돌 - 주정차중,안전운전불이행,건조,맑음,단일로 - 기타,승용,남,33세,상해없음,승용,남,56세,경상
2014091500100531,2014년 9월 15일 21시,월요일,인천광역시 계양구 작전동,경상사고,0,0,1,0,차대사람 - 기타,안전운전불이행,건조,맑음,단일로 - 기타,승합,남,51세,기타불명,보행자,여,16세,경상
2014091500100532,2014년 9월 15일 21시,월요일,인천광역시 부평구 갈산동,중상사고,0,1,0,0,차대차 - 추돌 - 주정차중,안전운전불이행,건조,맑음,교차로 - 교차로부근,이륜,남,14세,중상,승용,여,39세,상해없음
2014091600100018,2014년 9월 16일 00시,화요일,인천광역시 남구 주안동,중상사고,0,1,0,0,차대차 - 추돌 - 진행중,안전운전불이행,건조,맑음,단일로 - 기타,승용,남,34세,상해없음,승용,남,56세,중상
2014091600100076,2014년 9월 16일 06시,화요일,인천광역시 연수구 연수동,경상사고,0,0,2,0,차대차 - 추돌 - 주정차중,안전운전불이행,건조,맑음,교차로 - 교차로부근,승용,남,44세,상해없음,승용,남,44세,상해없음
2014091600100107,2014년 9월 16일 07시,화요일,인천광역시 남동구 구월동,중상사고,0,2,3,0,차대차 - 측면직각충돌,신호위반,건조,맑음,교차로 - 교차로안,승합,남,52세,경상,승합,남,62세,중상
2014091600100108,2014년 9월 16일 07시,화요일,인천광역시 남동구 구월동,중상사고,0,1,0,0,차대차 - 추돌 - 진행중,안전거리미확보,건조,맑음,단일로 - 기타,승용,남,58세,상해없음,이륜,남,29세,중상
2014091600100144,2014년 9월 16일 08시,화요일,인천광역시 동구 만석동,경상사고,0,0,1,0,차대차 - 측면직각충돌,교차로운행방법위반,건조,맑음,교차로 - 교차로안,승용,남,58세,상해없음,승용,남,44세,경상
2014091600100145,2014년 9월 16일 08시,화요일,인천광역시 부평구 산곡동,중상사고,0,1,0,0,차대사람 - 기타,안전운전불이행,건조,맑음,단일로 - 기타,승용,남,64세,상해없음,보행자,남,19세,중상
2014091600100146,2014년 9월 16일 08시,화요일,인천광역시 남동구 도림동,경상사고,0,0,1,0,차대차 - 추돌 - 주정차중,안전운전불이행,건조,맑음,단일로 - 횡단보도부근,승용,남,57세,상해없음,승용,여,29세,경상
2014091600100147,2014년 9월 16일 08시,화요일,인천광역시 서구 오류동,경상사고,0,0,1,0,차대차 - 기타,신호위반,건조,맑음,교차로 - 교차로안,승용,남,71세,상해없음,이륜,남,41세,경상
2014091600100184,2014년 9월 16일 09시,화요일,인천광역시 서구 가정동,경상사고,0,0,1,0,차대차 - 추돌 - 진행중,안전운전불이행,건조,맑음,단일로 - 기타,승용,여,52세,상해없음,승용,남,54세,경상
2014091600100206,2014년 9월 16일 10시,화요일,인천광역시 계양구 장기동,경상사고,0,0,5,0,차대차 - 측면직각충돌,신호위반,건조,맑음,교차로 - 교차로안,승용,남,47세,상해없음,승합,남,44세,상해없음
2014091600100231,2014년 9월 16일 11시,화요일,인천광역시 서구 석남동,중상사고,0,1,0,0,차대차 - 기타,안전거리미확보,건조,맑음,교차로 - 교차로부근,승용,남,29세,상해없음,승용,남,52세,중상
2014091600100265,2014년 9월 16일 13시,화요일,인천광역시 남동구 만수동,경상사고,0,0,1,0,차대사람 - 기타,안전운전불이행,건조,맑음,단일로 - 기타,승합,남,55세,상해없음,보행자,남,19세,경상
2014091600100288,2014년 9월 16일 14시,화요일,인천광역시 남동구 고잔동,경상사고,0,0,1,0,차대차 - 추돌 - 주정차중,안전운전불이행,건조,맑음,단일로 - 기타,승용,남,33세,상해없음,승용,남,29세,경상
2014091600100289,2014년 9월 16일 14시,화요일,인천광역시 계양구 동양동,경상사고,0,0,1,0,차대차 - 측면직각충돌,안전운전불이행,건조,맑음,단일로 - 기타,자전거,여,9세,경상,승용,남,62세,상해없음
2014091600100325,2014년 9월 16일 15시,화요일,인천광역시 서구 가정동,중상사고,0,1,0,0,차대사람 - 횡단중,안전운전불이행,건조,맑음,단일로 - 기타,승용,남,59세,상해없음,보행자,여,63세,중상
2014091600100326,2014년 9월 16일 15시,화요일,인천광역시 서구 경서동,경상사고,0,0,1,0,차대차 - 추돌 - 주정차중,안전운전불이행,건조,맑음,단일로 - 기타,승용,여,44세,상해없음,승용,남,40세,경상
2014091600100350,2014년 9월 16일 16시,화요일,인천광역시 연수구 옥련동,중상사고,0,1,0,0,차대사람 - 보도통행중,보행자보호의무위반,건조,맑음,단일로 - 기타,승용,남,61세,상해없음,보행자,여,12세,중상
2014091600100391,2014년 9월 16일 17시,화요일,인천광역시 서구 검암동,경상사고,0,0,1,0,차대차 - 기타,안전운전불이행,건조,맑음,단일로 - 기타,승용,남,44세,상해없음,승용,남,27세,경상
2014091600100433,2014년 9월 16일 18시,화요일,인천광역시 중구 운서동,경상사고,0,0,1,0,차대차 - 추돌 - 진행중,안전운전불이행,건조,맑음,단일로 - 횡단보도상,승용,여,43세,상해없음,승용,남,31세,경상
2014091600100434,2014년 9월 16일 18시,화요일,인천광역시 서구 가정동,경상사고,0,0,1,0,차대차 - 기타,안전운전불이행,건조,맑음,교차로 - 교차로안,원동기,남,20세,상해없음,원동기,남,54세,경상
2014091600100496,2014년 9월 16일 20시,화요일,인천광역시 남구 관교동,경상사고,0,0,3,0,차대차 - 기타,안전운전불이행,건조,맑음,교차로 - 교차로부근,승용,남,36세,기타불명,승용,남,26세,경상
2014091600100497,2014년 9월 16일 20시,화요일,인천광역시 서구 왕길동,경상사고,0,0,1,0,차대차 - 기타,안전운전불이행,건조,맑음,교차로 - 교차로부근,이륜,기타불명,기타불명,기타불명,자전거,남,48세,경상
2014091600100525,2014년 9월 16일 21시,화요일,인천광역시 계양구 계산동,경상사고,0,0,1,0,차대차 - 측면직각충돌,신호위반,건조,맑음,단일로 - 횡단보도상,승용,여,46세,상해없음,이륜,남,50세,경상
2014091600100526,2014년 9월 16일 21시,화요일,인천광역시 부평구 부평동,중상사고,0,1,0,0,차대사람 - 기타,안전운전불이행,건조,맑음,단일로 - 횡단보도상,화물,남,46세,상해없음,보행자,여,76세,중상
2014091600100571,2014년 9월 16일 23시,화요일,인천광역시 남동구 구월동,중상사고,0,1,0,0,차대사람 - 기타,안전운전불이행,건조,맑음,단일로 - 기타,승용,남,51세,상해없음,보행자,여,53세,중상
2014091600100572,2014년 9월 16일 23시,화요일,인천광역시 부평구 삼산동,중상사고,0,1,0,0,차대차 - 측면직각충돌,기타,건조,맑음,단일로 - 횡단보도부근,승용,남,48세,상해없음,자전거,남,27세,중상
2014091700100012,2014년 9월 17일 00시,수요일,인천광역시 부평구 산곡동,중상사고,0,1,0,0,차대차 - 추돌 - 진행중,안전운전불이행,건조,맑음,단일로 - 기타,승용,여,29세,상해없음,화물,남,55세,상해없음