사고번호,사고일시,요일,시군구,사고내용,사망자수,중상자수,경상자수,부상신고자수,사고유형,법규위반,노면상태,기상상태,도로형태,가해운전자 차종,가해운전자 성별,가해운전자 연령,가해운전자 상해정도,피해운전자 차종,피해운전자 성별,피해운전자 연령,피해운전자 상해정도
2014091700100013,2014년 9월 17일 00시,수요일,인천광역시 서구 석남동,경상사고,0,0,1,0,차대사람 - 보도통행중,안전운전불이행,건조,맑음,단일로 - 횡단보도부근,승용,기타불명,기타불명,기타불명,보행자,남,50세,경상
2014091700100045,2014년 9월 17일 02시,수요일,인천광역시 부평구 부평동,경상사고,0,0,2,0,차대차 - 기타,교차로운행방법위반,건조,맑음,교차로 - 교차로부근,승용,여,51세,상해없음,승용,남,53세,상해없음
2014091700100089,2014년 9월 17일 06시,수요일,인천광역시 남동구 간석동,경상사고,0,0,1,0,차대차 - 기타,중앙선침범,건조,맑음,단일로 - 기타,자전거,남,56세,경상,승용,남,49세,상해없음
2014091700100151,2014년 9월 17일 08시,수요일,인천광역시 부평구 산곡동,부상신고사고,0,0,0,1,차대차 - 측면직각충돌,안전운전불이행,건조,맑음,교차로 - 교차로부근,자전거,남,43세,부상신고,화물,남,34세,상해없음
2014091700100197,2014년 9월 17일 10시,수요일,인천광역시 남동구 구월동,경상사고,0,0,1,0,차대사람 - 기타,안전운전불이행,건조,맑음,단일로 - 기타,승용,남,49세,상해없음,보행자,여,61세,경상
2014091700100257,2014년 9월 17일 12시,수요일,인천광역시 부평구 부평동,부상신고사고,0,0,0,1,차대차 - 추돌 - 진행중,안전운전불이행,건조,맑음,교차로 - 교차로안,이륜,남,33세,부상신고,승합,남,55세,상해없음
2014091700100258,2014년 9월 17일 12시,수요일,인천광역시 서구 대곡동,경상사고,0,0,1,0,차량단독 - 기타,안전운전불이행,건조,맑음,단일로 - 기타,승합,남,46세,상해없음,,,,
2014091700100290,2014년 9월 17일 13시,수요일,인천광역시 남구 용현동,경상사고,0,0,1,0,차대차 - 기타,차로위반,건조,맑음,단일로 - 기타,승용,남,73세,상해없음,승합,남,58세,상해없음
2014091700100291,2014년 9월 17일 13시,수요일,인천광역시 남동구 도림동,경상사고,0,0,2,0,차대차 - 측면직각충돌,안전운전불이행,건조,맑음,단일로 - 기타,화물,남,52세,상해없음,승용,여,35세,경상
2014091700100292,2014년 9월 17일 13시,수요일,인천광역시 계양구 귤현동,중상사고,0,1,0,0,차량단독 - 기타,안전운전불이행,건조,맑음,단일로 - 기타,승합,남,42세,상해없음,,,,
2014091700100346,2014년 9월 17일 15시,수요일,인천광역시 연수구 송도동,경상사고,0,0,1,0,차대차 - 기타,안전운전불이행,건조,맑음,단일로 - 기타,승용,남,56세,상해없음,승용,남,23세,상해없음
2014091700100382,2014년 9월 17일 16시,수요일,인천광역시 부평구 청천동,사망사고,1,0,0,0,차대사람 - 횡단중,보행자보호의무위반,건조,맑음,교차로 - 교차로안,화물,남,61세,상해없음,보행자,남,78세,사망
2014091700100423,2014년 9월 17일 17시,수요일,인천광역시 남구 주안동,경상사고,0,0,1,0,차대사람 - 기타,안전운전불이행,건조,맑음,단일로 - 기타,화물,남,49세,상해없음,보행자,여,42세,경상
2014091700100424,2014년 9월 17일 17시,수요일,인천광역시 서구 당하동,경상사고,0,0,4,0,차대차 - 추돌 - 주정차중,안전운전불이행,건조,맑음,단일로 - 기타,승용,남,61세,상해없음,승용,남,46세,경상
2014091700100479,2014년 9월 17일 18시,수요일,인천광역시 남구 주안동,중상사고,0,1,0,0,차대사람 - 보도통행중,기타,건조,맑음,단일로 - 기타,화물,남,41세,상해없음,보행자,여,54세,중상
2014091700100480,2014년 9월 17일 18시,수요일,인천광역시 남동구 남촌동,부상신고사고,0,0,0,1,차대차 - 측면직각충돌,기타,건조,맑음,교차로 - 교차로안,이륜,남,34세,부상신고,승용,남,38세,상해없음
2014091700100528,2014년 9월 17일 19시,수요일,인천광역시 남동구 논현동,중상사고,0,1,0,0,차대차 - 측면직각충돌,안전운전불이행,건조,맑음,교차로 - 교차로안,승용,남,58세,상해없음,원동기,남,20세,중상
2014091700100567,2014년 9월 17일 20시,수요일,인천광역시 중구 경동,경상사고,0,0,1,0,차대사람 - 기타,기타,건조,맑음,단일로 - 기타,승합,남,47세,상해없음,보행자,남,54세,경상
2014091700100634,2014년 9월 17일 22시,수요일,인천광역시 서구 마전동,사망사고,1,4,2,0,차대차 - 측면직각충돌,신호위반,건조,맑음,교차로 - 교차로안,승용,남,40세,중상,승용,남,43세,경상
2014091800100013,2014년 9월 18일 00시,목요일,인천광역시 남구 용현동,중상사고,0,1,2,0,차대차 - 측면직각충돌,직진우회전진행방해,건조,맑음,교차로 - 교차로안,승용,남,40세,경상,승용,남,46세,경상
2014091800100014,2014년 9월 18일 00시,목요일,인천광역시 남동구 남촌동,경상사고,0,0,1,0,차대차 - 추돌 - 주정차중,안전운전불이행,건조,맑음,교차로 - 교차로부근,승용,여,56세,상해없음,승용,남,30세,경상
2014091800100053,2014년 9월 18일 03시,목요일,인천광역시 남구 주안동,경상사고,0,0,1,0,차대차 - 측면직각충돌,과속,건조,맑음,단일로 - 기타,화물,남,35세,상해없음,승용,남,52세,경상
2014091800100153,2014년 9월 18일 08시,목요일,인천광역시 남동구 고잔동,경상사고,0,0,2,0,차대차 - 측면직각충돌,신호위반,건조,맑음,교차로 - 교차로안,승용,남,37세,경상,승용,남,47세,경상
2014091800100154,2014년 9월 18일 08시,목요일,인천광역시 남동구 논현동,중상사고,0,1,0,0,차대사람 - 횡단중,안전운전불이행,건조,맑음,교차로 - 교차로안,화물,남,30세,상해없음,보행자,여,15세,중상
2014091800100155,2014년 9월 18일 08시,목요일,인천광역시 서구 가정동,경상사고,0,0,1,0,차대차 - 측면직각충돌,안전운전불이행,건조,맑음,단일로 - 기타,화물,남,57세,상해없음,승합,남,71세,경상
2014091800100209,2014년 9월 18일 10시,목요일,인천광역시 남구 주안동,경상사고,0,0,1,0,차대차 - 기타,안전운전불이행,건조,맑음,기타 - 기타,승용,남,76세,상해없음,승용,남,25세,경상
2014091800100210,2014년 9월 18일 10시,목요일,인천광역시 남동구 만수동,경상사고,0,0,1,0,차대차 - 기타,안전운전불이행,건조,맑음,단일로 - 기타,승용,여,34세,상해없음,승용,남,31세,경상
2014091800100234,2014년 9월 18일 11시,목요일,인천광역시 중구 항동2가,경상사고,0,0,2,0,차대차 - 측면직각충돌,안전운전불이행,건조,맑음,교차로 - 교차로안,화물,남,35세,경상,승용,여,31세,경상
2014091800100345,2014년 9월 18일 15시,목요일,인천광역시 중구 신흥동3가,중상사고,0,1,1,0,차대차 - 추돌 - 진행중,안전운전불이행,건조,맑음,단일로 - 기타,특수,남,45세,상해없음,승용,남,39세,경상
2014091800100346,2014년 9월 18일 15시,목요일,인천광역시 남구 주안동,경상사고,0,0,2,0,차대차 - 기타,안전거리미확보,건조,맑음,단일로 - 기타,기타불명,기타불명,기타불명,기타불명,승용,남,35세,경상
2014091800100347,2014년 9월 18일 15시,목요일,인천광역시 남구 주안동,경상사고,0,0,1,0,차대차 - 측면직각충돌,안전거리미확보,건조,맑음,미분류 - 미분류,화물,남,41세,상해없음,승용,여,36세,경상
2014091800100348,2014년 9월 18일 15시,목요일,인천광역시 연수구 송도동,중상사고,0,1,0,0,차대차 - 기타,교차로운행방법위반,건조,맑음,교차로 - 교차로안,화물,남,46세,상해없음,자전거,남,14세,중상
2014091800100393,2014년 9월 18일 16시,목요일,인천광역시 연수구 송도동,경상사고,0,0,1,0,차대차 - 기타,안전운전불이행,건조,맑음,단일로 - 기타,화물,남,65세,상해없음,자전거,남,50세,경상
2014091800100394,2014년 9월 18일 16시,목요일,인천광역시 부평구 부개동,경상사고,0,0,1,0,차대차 - 기타,안전운전불이행,건조,맑음,단일로 - 기타,승합,남,46세,상해없음,자전거,남,11세,경상
2014091800100427,2014년 9월 18일 17시,목요일,인천광역시 강화군 송해면,경상사고,0,0,4,1,차대차 - 추돌 - 주정차중,안전운전불이행,건조,맑음,단일로 - 기타,화물,남,71세,경상,승용,남,61세,경상
2014091800100471,2014년 9월 18일 18시,목요일,인천광역시 서구 심곡동,경상사고,0,0,1,0,차대차 - 추돌 - 주정차중,안전운전불이행,건조,맑음,교차로 - 교차로부근,승용,남,46세,상해없음,승용,여,37세,경상
2014091800100472,2014년 9월 18일 18시,목요일,인천광역시 서구 검암동,중상사고,0,1,0,0,차대차 - 측면직각충돌,교차로운행방법위반,건조,맑음,교차로 - 교차로안,승용,남,50세,기타불명,승용,여,46세,중상
2014091800100511,2014년 9월 18일 19시,목요일,인천광역시 부평구 산곡동,중상사고,0,1,0,0,차대사람 - 기타,교차로운행방법위반,건조,맑음,교차로 - 교차로부근,승용,여,55세,상해없음,보행자,남,48세,중상
2014091800100512,2014년 9월 18일 19시,목요일,인천광역시 남동구 간석동,중상사고,0,1,0,0,차대차 - 측면직각충돌,중앙선침범,건조,맑음,단일로 - 기타,승용,남,41세,상해없음,이륜,남,36세,중상
2014091800100587,2014년 9월 18일 21시,목요일,인천광역시 부평구 십정동,경상사고,0,0,1,0,차대차 - 추돌 - 주정차중,안전운전불이행,건조,맑음,교차로 - 교차로부근,승용,남,47세,상해없음,승용,남,47세,경상
2014091800100621,2014년 9월 18일 22시,목요일,인천광역시 연수구 옥련동,중상사고,0,1,0,0,차대차 - 측면직각충돌,안전거리미확보,건조,맑음,단일로 - 기타,승합,남,42세,상해없음,이륜,남,50세,중상
2014091800100643,2014년 9월 18일 23시,목요일,인천광역시 부평구 삼산동,경상사고,0,0,2,0,차대차 - 기타,안전운전불이행,건조,맑음,단일로 - 기타,원동기,남,18세,상해없음,화물,남,49세,경상
2014091900100025,2014년 9월 19일 00시,금요일,인천광역시 부평구 십정동,경상사고,0,0,1,0,차대차 - 측면직각충돌,교차로운행방법위반,건조,맑음,교차로 - 교차로부근,승용,여,50세,상해없음,승용,남,55세,경상
2014091900100026,2014년 9월 19일 00시,금요일,인천광역시 계양구 계산동,경상사고,0,0,1,0,차대차 - 측면직각충돌,안전운전불이행,건조,맑음,단일로 - 기타,승용,남,53세,상해없음,승용,남,57세,상해없음
2014091900100027,2014년 9월 19일 00시,금요일,인천광역시 계양구 병방동,경상사고,0,0,3,0,차대차 - 측면직각충돌,직진우회전진행방해,건조,맑음,교차로 - 교차로안,승용,여,54세,경상,승용,남,46세,경상
2014091900100075,2014년 9월 19일 05시,금요일,인천광역시 남동구 만수동,경상사고,0,0,1,0,차대사람 - 길가장자리구역통행중,안전운전불이행,건조,맑음,단일로 - 기타,승용,남,50세,상해없음,보행자,남,45세,경상
2014091900100076,2014년 9월 19일 05시,금요일,인천광역시 남구 도화동,경상사고,0,0,1,1,차대차 - 추돌 - 주정차중,안전운전불이행,건조,맑음,교차로 - 교차로부근,승용,남,49세,상해없음,승용,남,55세,경상
2014091900100085,2014년 9월 19일 06시,금요일,인천광역시 중구 중산동,경상사고,0,0,2,0,차대차 - 기타,신호위반,건조,맑음,교차로 - 교차로안,승합,남,52세,상해없음,승용,남,55세,경상
2014091900100086,2014년 9월 19일 06시,금요일,인천광역시 연수구 연수동,경상사고,0,0,1,0,차대차 - 측면직각충돌,신호위반,건조,맑음,교차로 - 교차로안,승용,남,48세,상해없음,승용,남,33세,경상
2014091900100087,2014년 9월 19일 06시,금요일,인천광역시 부평구 삼산동,중상사고,0,1,0,0,차대차 - 기타,안전거리미확보,건조,맑음,단일로 - 횡단보도부근,승용,여,35세,상해없음,승합,남,52세,상해없음
2014091900100128,2014년 9월 19일 07시,금요일,인천광역시 강화군 강화읍,경상사고,0,0,1,1,차대차 - 정면충돌,신호위반,건조,맑음,교차로 - 교차로안,승용,남,61세,상해없음,승용,남,51세,경상
2014091900100129,2014년 9월 19일 07시,금요일,인천광역시 부평구 부평동,부상신고사고,0,0,0,1,차대차 - 정면충돌,안전운전불이행,건조,맑음,단일로 - 기타,승용,남,63세,부상신고,승합,남,50세,기타불명
2014091900100130,2014년 9월 19일 07시,금요일,인천광역시 부평구 구산동,경상사고,0,0,1,0,차대차 - 추돌 - 진행중,안전운전불이행,건조,맑음,단일로 - 기타,승용,남,57세,상해없음,승용,여,29세,경상
2014091900100175,2014년 9월 19일 08시,금요일,인천광역시 서구 경서동,경상사고,0,0,2,0,차대차 - 추돌 - 진행중,안전거리미확보,건조,맑음,단일로 - 기타,화물,남,58세,상해없음,화물,남,70세,경상
2014091900100176,2014년 9월 19일 08시,금요일,인천광역시 계양구 서운동,경상사고,0,0,1,0,차대사람 - 길가장자리구역통행중,안전운전불이행,건조,맑음,단일로 - 기타,승용,기타불명,기타불명,기타불명,보행자,남,75세,경상
2014091900100209,2014년 9월 19일 09시,금요일,인천광역시 남동구 구월동,경상사고,0,0,1,0,차대사람 - 기타,안전운전불이행,기타,기타,교차로 - 교차로부근,승용,남,36세,상해없음,보행자,남,63세,경상
2014091900100210,2014년 9월 19일 09시,금요일,인천광역시 계양구 작전동,경상사고,0,0,1,0,차대차 - 측면직각충돌,신호위반,건조,맑음,교차로 - 교차로안,승합,남,58세,상해없음,승용,남,22세,경상
2014091900100258,2014년 9월 19일 11시,금요일,인천광역시 남동구 간석동,중상사고,0,1,0,0,차대차 - 기타,안전운전불이행,건조,맑음,단일로 - 기타,승합,남,45세,상해없음,승용,여,42세,상해없음
2014091900100259,2014년 9월 19일 11시,금요일,인천광역시 부평구 삼산동,경상사고,0,0,2,0,차대차 - 추돌 - 주정차중,안전운전불이행,건조,맑음,단일로 - 기타,승용,남,24세,상해없음,승용,여,31세,경상
2014091900100293,2014년 9월 19일 12시,금요일,인천광역시 남구 용현동,사망사고,1,0,1,0,차대차 - 추돌 - 주정차중,안전운전불이행,건조,맑음,미분류 - 미분류,이륜,남,35세,사망,화물,남,55세,경상
2014091900100294,2014년 9월 19일 12시,금요일,인천광역시 남구 용현동,경상사고,0,0,1,0,차량단독 - 기타,안전운전불이행,건조,맑음,단일로 - 기타,승합,남,50세,상해없음,,,,
2014091900100295,2014년 9월 19일 12시,금요일,인천광역시 강화군 양도면,중상사고,0,2,0,0,차대차 - 기타,중앙선침범,건조,맑음,단일로 - 기타,화물,남,64세,상해없음,승용,남,46세,중상
2014091900100357,2014년 9월 19일 14시,금요일,인천광역시 계양구 동양동,경상사고,0,0,1,0,차대차 - 추돌 - 진행중,교차로운행방법위반,건조,흐림,교차로 - 교차로안,화물,남,52세,상해없음,화물,여,50세,경상
2014091900100358,2014년 9월 19일 14시,금요일,인천광역시 연수구 송도동,중상사고,0,1,0,0,차대사람 - 횡단중,안전운전불이행,건조,맑음,교차로 - 교차로안,승용,여,42세,상해없음,보행자,여,8세,중상
2014091900100477,2014년 9월 19일 17시,금요일,인천광역시 부평구 부평동,경상사고,0,0,1,0,차대사람 - 기타,안전운전불이행,건조,맑음,단일로 - 기타,승용,남,59세,상해없음,보행자,여,2세,경상
2014091900100478,2014년 9월 19일 17시,금요일,인천광역시 부평구 부평동,중상사고,0,1,0,0,차대사람 - 횡단중,보행자보호의무위반,건조,맑음,단일로 - 횡단보도상,승용,여,59세,상해없음,보행자,남,7세,중상
2014091900100525,2014년 9월 19일 18시,금요일,인천광역시 부평구 부평동,경상사고,0,0,1,0,차대차 - 기타,중앙선침범,건조,맑음,단일로 - 기타,승용,남,56세,상해없음,원동기,남,17세,경상
2014091900100526,2014년 9월 19일 18시,금요일,인천광역시 계양구 계산동,중상사고,0,1,0,0,차대차 - 측면직각충돌,교차로운행방법위반,건조,맑음,교차로 - 교차로안,승합,남,58세,상해없음,이륜,남,48세,중상
2014091900100580,2014년 9월 19일 19시,금요일,인천광역시 동구 송현동,중상사고,0,1,0,0,차대차 - 기타,안전운전불이행,건조,맑음,교차로 - 교차로부근,화물,남,41세,상해없음,자전거,남,58세,중상
2014091900100581,2014년 9월 19일 19시,금요일,인천광역시 남동구 고잔동,중상사고,0,1,0,0,차대차 - 기타,안전운전불이행,건조,맑음,교차로 - 교차로안,승용,남,65세,상해없음,자전거,남,45세,중상
2014091900100624,2014년 9월 19일 20시,금요일,인천광역시 서구 당하동,경상사고,0,0,1,0,차대사람 - 기타,안전운전불이행,건조,맑음,단일로 - 기타,승용,남,40세,상해없음,보행자,여,3세,경상
2014091900100667,2014년 9월 19일 21시,금요일,인천광역시 남동구 장수동,경상사고,0,0,1,0,차대차 - 기타,안전운전불이행,건조,맑음,단일로 - 기타,승용,남,45세,상해없음,승합,남,50세,상해없음
2014091900100668,2014년 9월 19일 21시,금요일,인천광역시 계양구 귤현동,중상사고,0,2,0,0,차대차 - 측면직각충돌,신호위반,건조,맑음,교차로 - 교차로안,승용,남,46세,상해없음,승용,남,39세,중상
2014091900100702,2014년 9월 19일 22시,금요일,인천광역시 부평구 청천동,경상사고,0,0,2,0,차대차 - 추돌 - 주정차중,안전운전불이행,건조,맑음,단일로 - 기타,승용,여,40세,상해없음,승용,남,23세,경상
2014091900100703,2014년 9월 19일 22시,금요일,인천광역시 남동구 간석동,중상사고,0,1,0,0,차대사람 - 기타,안전운전불이행,건조,맑음,단일로 - 기타,승용,남,52세,상해없음,보행자,남,59세,중상
2014091900100736,2014년 9월 19일 23시,금요일,인천광역시 남동구 구월동,경상사고,0,0,1,0,차대차 - 추돌 - 주정차중,안전운전불이행,건조,맑음,단일로 - 기타,승용,남,25세,상해없음,승용,남,54세,경상
2014091900100737,2014년 9월 19일 23시,금요일,인천광역시 남동구 논현동,경상사고,0,0,1,0,차대사람 - 횡단중,신호위반,건조,맑음,단일로 - 횡단보도상,이륜,남,19세,상해없음,보행자,남,46세,경상
2014092000100022,2014년 9월 20일 00시,토요일,인천광역시 연수구 연수동,경상사고,0,0,1,0,차대차 - 기타,안전운전불이행,건조,맑음,단일로 - 기타,승용,남,32세,상해없음,승용,남,18세,경상
2014092000100067,2014년 9월 20일 02시,토요일,인천광역시 서구 경서동,중상사고,0,1,0,0,차량단독 - 공작물충돌,안전운전불이행,습기,맑음,단일로 - 기타,승용,남,30세,중상,,,,
2014092000100068,2014년 9월 20일 02시,토요일,인천광역시 서구 경서동,중상사고,0,2,1,0,차대차 - 추돌 - 주정차중,안전운전불이행,습기,맑음,단일로 - 기타,승용,남,28세,중상,승용,남,26세,중상
2014092000100069,2014년 9월 20일 02시,토요일,인천광역시 계양구 계산동,경상사고,0,0,1,0,차대차 - 측면직각충돌,안전운전불이행,건조,맑음,교차로 - 교차로안,승용,남,67세,상해없음,승용,남,53세,경상
2014092000100113,2014년 9월 20일 05시,토요일,인천광역시 남동구 간석동,경상사고,0,0,1,0,차대차 - 기타,교차로운행방법위반,건조,맑음,교차로 - 교차로안,이륜,남,24세,경상,승용,남,29세,상해없음
2014092000100141,2014년 9월 20일 06시,토요일,인천광역시 남구 주안동,부상신고사고,0,0,0,1,차대차 - 기타,신호위반,건조,맑음,교차로 - 교차로안,자전거,남,23세,부상신고,승용,남,43세,상해없음
2014092000100160,2014년 9월 20일 07시,토요일,인천광역시 서구 공촌동,중상사고,0,2,2,1,차대차 - 추돌 - 주정차중,안전운전불이행,건조,맑음,단일로 - 기타,승용,남,24세,부상신고,승용,남,40세,중상
2014092000100192,2014년 9월 20일 08시,토요일,인천광역시 남구 주안동,경상사고,0,0,1,0,차대차 - 추돌 - 주정차중,안전운전불이행,건조,맑음,교차로 - 교차로부근,승용,남,29세,상해없음,승용,남,32세,경상
2014092000100193,2014년 9월 20일 08시,토요일,인천광역시 남동구 고잔동,경상사고,0,0,1,0,차대차 - 측면직각충돌,교차로운행방법위반,건조,맑음,교차로 - 교차로안,승용,여,46세,상해없음,화물,남,28세,경상
2014092000100222,2014년 9월 20일 09시,토요일,인천광역시 서구 석남동,중상사고,0,1,0,0,차대사람 - 기타,안전운전불이행,건조,맑음,단일로 - 기타,승합,남,47세,상해없음,보행자,남,9세,중상
2014092000100321,2014년 9월 20일 12시,토요일,인천광역시 남동구 구월동,중상사고,0,1,0,0,차대차 - 측면직각충돌,교차로운행방법위반,건조,맑음,단일로 - 기타,이륜,남,41세,중상,승용,남,44세,상해없음
2014092000100411,2014년 9월 20일 14시,토요일,인천광역시 중구 신흥동3가,중상사고,0,1,0,0,차대차 - 기타,안전운전불이행,건조,맑음,단일로 - 기타,승용,남,41세,상해없음,승합,남,57세,상해없음
2014092000100412,2014년 9월 20일 14시,토요일,인천광역시 계양구 작전동,경상사고,0,0,1,0,차대차 - 측면직각충돌,안전운전불이행,건조,맑음,단일로 - 기타,승용,기타불명,기타불명,기타불명,이륜,남,72세,경상
2014092000100456,2014년 9월 20일 15시,토요일,인천광역시 동구 송림동,경상사고,0,0,2,0,차대차 - 기타,신호위반,건조,맑음,교차로 - 교차로안,승용,여,39세,상해없음,화물,남,56세,경상
2014092000100484,2014년 9월 20일 16시,토요일,인천광역시 남동구 구월동,경상사고,0,0,1,0,차대사람 - 횡단중,보행자보호의무위반,건조,맑음,교차로 - 교차로안,이륜,남,18세,상해없음,보행자,여,72세,경상
2014092000100485,2014년 9월 20일 16시,토요일,인천광역시 계양구 효성동,중상사고,0,1,0,0,차대사람 - 기타,안전운전불이행,건조,맑음,단일로 - 기타,승용,남,43세,상해없음,보행자,여,67세,중상
2014092000100486,2014년 9월 20일 16시,토요일,인천광역시 연수구 송도동,경상사고,0,0,1,0,차대차 - 기타,신호위반,건조,맑음,교차로 - 교차로안,건설기계,남,54세,상해없음,승용,여,27세,경상
2014092000100531,2014년 9월 20일 17시,토요일,인천광역시 계양구 방축동,경상사고,0,0,1,0,차량단독 - 전도전복,안전운전불이행,건조,맑음,교차로 - 교차로부근,자전거,남,14세,경상,,,,
2014092000100573,2014년 9월 20일 18시,토요일,인천광역시 강화군 강화읍,경상사고,0,0,1,0,차대차 - 기타,안전운전불이행,건조,맑음,단일로 - 기타,승용,남,56세,상해없음,승용,여,68세,경상
2014092000100622,2014년 9월 20일 19시,토요일,인천광역시 동구 송림동,중상사고,0,6,1,0,차대차 - 기타,중앙선침범,건조,맑음,교차로 - 교차로부근,승용,남,51세,상해없음,승용,남,54세,중상
2014092000100654,2014년 9월 20일 20시,토요일,인천광역시 남동구 논현동,경상사고,0,0,2,0,차대차 - 측면직각충돌,안전거리미확보,건조,맑음,단일로 - 기타,승용,남,41세,상해없음,승용,남,33세,경상
2014092000100655,2014년 9월 20일 20시,토요일,인천광역시 서구 석남동,중상사고,0,1,0,0,차대차 - 측면직각충돌,교차로운행방법위반,건조,맑음,교차로 - 교차로안,승합,남,36세,상해없음,이륜,남,16세,중상
2014092000100724,2014년 9월 20일 22시,토요일,인천광역시 부평구 청천동,경상사고,0,0,2,0,차대사람 - 기타,안전운전불이행,건조,기타,단일로 - 기타,이륜,남,27세,상해없음,보행자,남,18세,경상
2014092000100725,2014년 9월 20일 22시,토요일,인천광역시 남동구 구월동,사망사고,1,0,0,0,차대사람 - 횡단중,안전운전불이행,건조,맑음,교차로 - 교차로부근,승용,남,42세,상해없음,보행자,남,44세,사망
2014092000100726,2014년 9월 20일 22시,토요일,인천광역시 계양구 용종동,경상사고,0,0,2,0,차대차 - 추돌 - 진행중,안전운전불이행,건조,맑음,단일로 - 기타,기타불명,기타불명,기타불명,기타불명,승용,남,30세,경상
2014092000100756,2014년 9월 20일 23시,토요일,인천광역시 남동구 남촌동,경상사고,0,0,1,0,차대차 - 측면직각충돌,신호위반,건조,맑음,교차로 - 교차로안,승합,남,51세,상해없음,승합,남,48세,경상
2014092000100757,2014년 9월 20일 23시,토요일,인천광역시 남동구 논현동,경상사고,0,0,1,0,차대차 - 정면충돌,중앙선침범,건조,맑음,교차로 - 교차로안,승용,남,37세,상해없음,승용,남,34세,경상
2014092000100758,2014년 9월 20일 23시,토요일,인천광역시 계양구 용종동,중상사고,0,1,0,0,차대차 - 측면직각충돌,안전운전불이행,건조,맑음,교차로 - 교차로안,승용,남,51세,상해없음,원동기,남,17세,중상
2014092000100759,2014년 9월 20일 23시,토요일,인천광역시 부평구 삼산동,부상신고사고,0,0,0,1,차대차 - 추돌 - 진행중,안전운전불이행,건조,맑음,단일로 - 교량,승합,남,39세,상해없음,승용,남,68세,부상신고
2014092100100024,2014년 9월 21일 00시,일요일,인천광역시 계양구 작전동,중상사고,0,1,0,0,차대사람 - 기타,안전운전불이행,건조,맑음,교차로 - 교차로안,승용,남,48세,상해없음,보행자,남,55세,중상
2014092100100053,2014년 9월 21일 02시,일요일,인천광역시 부평구 산곡동,경상사고,0,0,3,0,차대차 - 추돌 - 주정차중,안전운전불이행,건조,맑음,교차로 - 교차로부근,승용,남,49세,상해없음,승용,여,45세,경상
2014092100100153,2014년 9월 21일 09시,일요일,인천광역시 부평구 부평동,중상사고,0,1,0,0,차대사람 - 기타,안전운전불이행,건조,맑음,단일로 - 기타,승합,남,55세,기타불명,보행자,남,73세,중상
2014092100100178,2014년 9월 21일 10시,일요일,인천광역시 동구 송림동,중상사고,0,1,0,0,차대사람 - 기타,안전운전불이행,건조,맑음,단일로 - 기타,승합,남,54세,상해없음,보행자,여,72세,중상
2014092100100179,2014년 9월 21일 10시,일요일,인천광역시 서구 검암동,경상사고,0,0,1,0,차대사람 - 횡단중,안전운전불이행,건조,맑음,교차로 - 교차로안,승용,여,27세,상해없음,보행자,여,40세,경상
2014092100100200,2014년 9월 21일 11시,일요일,인천광역시 서구 검암동,중상사고,0,1,0,0,차대차 - 기타,안전운전불이행,건조,맑음,기타 - 기타,자전거,남,39세,상해없음,자전거,남,59세,중상
2014092100100291,2014년 9월 21일 14시,일요일,인천광역시 서구 심곡동,경상사고,0,0,1,0,차대사람 - 횡단중,보행자보호의무위반,건조,맑음,교차로 - 교차로안,화물,남,55세,상해없음,보행자,여,60세,경상
2014092100100325,2014년 9월 21일 15시,일요일,인천광역시 중구 운북동,중상사고,0,7,2,1,차대차 - 기타,교차로운행방법위반,건조,맑음,교차로 - 교차로안,승용,남,36세,중상,승용,남,60세,중상
2014092100100355,2014년 9월 21일 16시,일요일,인천광역시 동구 송림동,경상사고,0,0,1,0,차대차 - 기타,안전운전불이행,건조,맑음,단일로 - 기타,승용,기타불명,기타불명,기타불명,승용,여,46세,경상
2014092100100381,2014년 9월 21일 17시,일요일,인천광역시 부평구 부평동,경상사고,0,0,1,0,차대차 - 측면직각충돌,교차로운행방법위반,건조,맑음,교차로 - 교차로안,승용,남,68세,상해없음,원동기,남,43세,경상
2014092100100382,2014년 9월 21일 17시,일요일,인천광역시 서구 불로동,경상사고,0,0,1,0,차대차 - 추돌 - 진행중,안전운전불이행,건조,맑음,단일로 - 기타,화물,남,58세,상해없음,승용,남,44세,경상
2014092100100383,2014년 9월 21일 17시,일요일,인천광역시 강화군 내가면,사망사고,2,1,0,0,차대차 - 정면충돌,중앙선침범,건조,맑음,단일로 - 기타,승용,여,46세,사망,승용,남,73세,중상
2014092100100384,2014년 9월 21일 17시,일요일,인천광역시 연수구 선학동,경상사고,0,0,1,0,차대차 - 기타,안전운전불이행,건조,맑음,교차로 - 교차로안,자전거,남,69세,경상,승합,남,54세,상해없음
2014092100100407,2014년 9월 21일 18시,일요일,인천광역시 중구 항동7가,경상사고,0,0,2,0,차대차 - 추돌 - 진행중,안전운전불이행,건조,맑음,단일로 - 기타,승용,남,43세,상해없음,승용,남,44세,경상
2014092100100408,2014년 9월 21일 18시,일요일,인천광역시 남구 주안동,경상사고,0,0,4,0,차대차 - 측면직각충돌,안전운전불이행,건조,맑음,기타 - 기타,승용,남,78세,상해없음,승용,여,34세,경상
2014092100100452,2014년 9월 21일 19시,일요일,인천광역시 연수구 송도동,경상사고,0,0,1,0,차대차 - 측면직각충돌,안전운전불이행,건조,맑음,교차로 - 교차로안,승용,남,73세,상해없음,자전거,남,14세,경상