사고번호,사고일시,요일,시군구,사고내용,사망자수,중상자수,경상자수,부상신고자수,사고유형,법규위반,노면상태,기상상태,도로형태,가해운전자 차종,가해운전자 성별,가해운전자 연령,가해운전자 상해정도,피해운전자 차종,피해운전자 성별,피해운전자 연령,피해운전자 상해정도
2014092100100492,2014년 9월 21일 20시,일요일,인천광역시 남구 주안동,경상사고,0,0,3,0,차대차 - 추돌 - 진행중,안전운전불이행,건조,맑음,단일로 - 기타,승용,남,23세,상해없음,승용,남,24세,경상
2014092100100493,2014년 9월 21일 20시,일요일,인천광역시 서구 신현동,경상사고,0,0,3,0,차대차 - 기타,안전운전불이행,기타,기타,단일로 - 기타,승합,남,56세,상해없음,승용,남,48세,경상
2014092100100494,2014년 9월 21일 20시,일요일,인천광역시 서구 마전동,경상사고,0,0,1,0,차대사람 - 횡단중,보행자보호의무위반,건조,맑음,교차로 - 교차로안,승용,여,42세,상해없음,보행자,여,45세,경상
2014092100100525,2014년 9월 21일 21시,일요일,인천광역시 남동구 고잔동,중상사고,0,1,0,0,차대차 - 정면충돌,중앙선침범,건조,맑음,교차로 - 교차로안,원동기,남,31세,중상,승용,남,64세,상해없음
2014092100100526,2014년 9월 21일 21시,일요일,인천광역시 남동구 구월동,경상사고,0,0,1,0,차대차 - 측면직각충돌,신호위반,건조,맑음,교차로 - 교차로안,이륜,남,73세,상해없음,승용,남,54세,상해없음
2014092100100527,2014년 9월 21일 21시,일요일,인천광역시 서구 왕길동,중상사고,0,2,0,0,차대차 - 측면직각충돌,신호위반,건조,맑음,교차로 - 교차로안,원동기,남,38세,중상,승용,남,23세,상해없음
2014092100100543,2014년 9월 21일 22시,일요일,인천광역시 부평구 산곡동,중상사고,0,1,0,0,차대사람 - 횡단중,보행자보호의무위반,건조,맑음,교차로 - 교차로부근,승용,남,25세,상해없음,보행자,남,53세,중상
2014092200100010,2014년 9월 22일 00시,월요일,인천광역시 남구 도화동,중상사고,0,1,0,0,차대차 - 기타,안전거리미확보,건조,맑음,단일로 - 기타,승용,남,42세,상해없음,이륜,남,34세,중상
2014092200100039,2014년 9월 22일 05시,월요일,인천광역시 서구 가좌동,중상사고,0,1,0,0,차대차 - 추돌 - 주정차중,안전운전불이행,건조,맑음,교차로 - 교차로부근,승용,남,66세,상해없음,원동기,남,42세,중상
2014092200100050,2014년 9월 22일 06시,월요일,인천광역시 남동구 논현동,경상사고,0,0,1,0,차대차 - 측면직각충돌,신호위반,건조,맑음,교차로 - 교차로안,승용,남,60세,상해없음,승용,남,35세,경상
2014092200100127,2014년 9월 22일 08시,월요일,인천광역시 서구 왕길동,경상사고,0,0,1,0,차대차 - 기타,안전운전불이행,건조,맑음,단일로 - 기타,승용,여,20세,상해없음,승용,여,35세,경상
2014092200100165,2014년 9월 22일 09시,월요일,인천광역시 중구 율목동,경상사고,0,0,1,0,차대차 - 기타,안전운전불이행,건조,맑음,단일로 - 기타,승합,남,52세,상해없음,승합,남,50세,경상
2014092200100226,2014년 9월 22일 11시,월요일,인천광역시 연수구 연수동,중상사고,0,1,0,0,차대차 - 기타,안전운전불이행,건조,맑음,교차로 - 교차로부근,승용,남,65세,상해없음,자전거,남,71세,중상
2014092200100296,2014년 9월 22일 13시,월요일,인천광역시 강화군 길상면,중상사고,0,1,0,0,차대사람 - 기타,안전운전불이행,건조,맑음,단일로 - 기타,승용,남,62세,상해없음,보행자,남,37세,중상
2014092200100331,2014년 9월 22일 14시,월요일,인천광역시 남구 주안동,중상사고,0,1,0,0,차대사람 - 기타,안전운전불이행,건조,맑음,기타 - 기타,기타불명,기타불명,기타불명,기타불명,보행자,여,52세,중상
2014092200100408,2014년 9월 22일 16시,월요일,인천광역시 남구 도화동,중상사고,0,1,0,0,차대사람 - 횡단중,신호위반,건조,맑음,단일로 - 횡단보도상,승용,남,49세,상해없음,보행자,남,6세,중상
2014092200100409,2014년 9월 22일 16시,월요일,인천광역시 남동구 구월동,경상사고,0,0,1,0,차대차 - 측면직각충돌,안전거리미확보,건조,맑음,교차로 - 교차로부근,원동기,남,21세,경상,승용,남,63세,상해없음
2014092200100410,2014년 9월 22일 16시,월요일,인천광역시 강화군 화도면,경상사고,0,0,2,0,차대차 - 기타,중앙선침범,건조,맑음,단일로 - 기타,화물,남,64세,상해없음,승용,남,55세,경상
2014092200100446,2014년 9월 22일 17시,월요일,인천광역시 옹진군 백령면,경상사고,0,0,1,0,차대차 - 기타,안전운전불이행,건조,맑음,기타 - 기타,화물,남,52세,상해없음,화물,남,19세,상해없음
2014092200100447,2014년 9월 22일 17시,월요일,인천광역시 부평구 부평동,경상사고,0,0,1,0,차대차 - 측면직각충돌,안전운전불이행,건조,맑음,교차로 - 교차로부근,화물,남,62세,상해없음,승용,남,30세,경상
2014092200100498,2014년 9월 22일 18시,월요일,인천광역시 부평구 부평동,경상사고,0,0,1,0,차대차 - 추돌 - 진행중,안전운전불이행,건조,맑음,단일로 - 기타,승용,남,24세,상해없음,승용,남,29세,경상
2014092200100499,2014년 9월 22일 18시,월요일,인천광역시 서구 가정동,중상사고,0,1,0,0,차대사람 - 기타,안전운전불이행,건조,맑음,단일로 - 횡단보도부근,승용,남,41세,상해없음,보행자,여,53세,중상
2014092200100539,2014년 9월 22일 19시,월요일,인천광역시 부평구 십정동,경상사고,0,0,1,0,차대사람 - 기타,안전운전불이행,건조,맑음,단일로 - 기타,승용,남,35세,상해없음,보행자,남,24세,경상
2014092300100015,2014년 9월 23일 00시,화요일,인천광역시 남구 주안동,중상사고,0,1,0,0,차대차 - 측면직각충돌,신호위반,건조,맑음,교차로 - 교차로안,자전거,여,25세,중상,승용,남,56세,상해없음
2014092300100016,2014년 9월 23일 00시,화요일,인천광역시 남구 주안동,부상신고사고,0,0,0,1,차대차 - 추돌 - 주정차중,안전운전불이행,건조,맑음,단일로 - 기타,승용,남,31세,부상신고,승용,여,21세,기타불명
2014092300100017,2014년 9월 23일 00시,화요일,인천광역시 연수구 송도동,경상사고,0,0,1,0,차대차 - 측면직각충돌,신호위반,건조,맑음,교차로 - 교차로부근,승용,남,54세,상해없음,승합,남,31세,경상
2014092300100040,2014년 9월 23일 01시,화요일,인천광역시 계양구 용종동,경상사고,0,0,1,0,차대차 - 측면직각충돌,안전운전불이행,건조,맑음,교차로 - 교차로부근,승용,여,30세,상해없음,이륜,남,58세,경상
2014092300100049,2014년 9월 23일 02시,화요일,인천광역시 서구 공촌동,경상사고,0,0,1,1,차대차 - 기타,안전운전불이행,건조,맑음,교차로 - 교차로부근,승용,남,31세,부상신고,승용,남,52세,경상
2014092300100064,2014년 9월 23일 04시,화요일,인천광역시 남구 주안동,경상사고,0,0,1,0,차대차 - 추돌 - 주정차중,안전운전불이행,건조,맑음,교차로 - 교차로부근,승용,남,64세,상해없음,승용,남,44세,경상
2014092300100082,2014년 9월 23일 05시,화요일,인천광역시 남동구 논현동,중상사고,0,1,0,0,차대차 - 기타,신호위반,건조,맑음,교차로 - 교차로안,승용,남,55세,상해없음,승용,남,60세,중상
2014092300100123,2014년 9월 23일 07시,화요일,인천광역시 남구 문학동,경상사고,0,0,1,0,차대사람 - 기타,안전운전불이행,건조,맑음,교차로 - 교차로부근,승용,남,51세,상해없음,보행자,남,33세,경상
2014092300100124,2014년 9월 23일 07시,화요일,인천광역시 연수구 동춘동,중상사고,0,1,0,0,차대차 - 측면직각충돌,신호위반,건조,맑음,교차로 - 교차로안,승합,남,54세,상해없음,승용,남,46세,중상
2014092300100166,2014년 9월 23일 08시,화요일,인천광역시 서구 당하동,중상사고,0,1,0,0,차대차 - 측면직각충돌,신호위반,건조,맑음,교차로 - 교차로안,승용,여,44세,상해없음,승용,남,47세,중상
2014092300100234,2014년 9월 23일 10시,화요일,인천광역시 서구 가좌동,경상사고,0,0,1,0,차대사람 - 기타,안전운전불이행,기타,맑음,기타 - 기타,승용,남,22세,상해없음,보행자,남,33세,경상
2014092300100318,2014년 9월 23일 13시,화요일,인천광역시 강화군 송해면,중상사고,0,1,9,0,차대차 - 추돌 - 진행중,안전운전불이행,건조,맑음,단일로 - 기타,특수,남,54세,상해없음,승용,남,51세,경상
2014092300100356,2014년 9월 23일 14시,화요일,인천광역시 부평구 십정동,경상사고,0,0,1,0,차대차 - 측면직각충돌,신호위반,건조,맑음,교차로 - 교차로안,승용,남,62세,상해없음,이륜,남,25세,경상
2014092300100357,2014년 9월 23일 14시,화요일,인천광역시 서구 가좌동,경상사고,0,0,1,0,차대차 - 추돌 - 주정차중,안전운전불이행,기타,맑음,단일로 - 기타,화물,남,58세,상해없음,승용,남,35세,경상
2014092300100358,2014년 9월 23일 14시,화요일,인천광역시 서구 연희동,경상사고,0,0,1,0,차대사람 - 기타,신호위반,건조,맑음,단일로 - 횡단보도상,승용,여,30세,상해없음,보행자,여,37세,경상
2014092300100389,2014년 9월 23일 15시,화요일,인천광역시 동구 화수동,중상사고,0,1,0,0,차대사람 - 차도통행중,안전운전불이행,건조,맑음,단일로 - 기타,승용,여,44세,상해없음,보행자,여,77세,중상
2014092300100390,2014년 9월 23일 15시,화요일,인천광역시 계양구 효성동,경상사고,0,0,1,0,차대차 - 추돌 - 진행중,신호위반,건조,맑음,교차로 - 교차로안,승용,남,26세,상해없음,이륜,남,17세,경상
2014092300100422,2014년 9월 23일 16시,화요일,인천광역시 계양구 귤현동,경상사고,0,0,4,0,차대차 - 측면직각충돌,안전운전불이행,건조,맑음,교차로 - 교차로부근,승용,여,55세,경상,승용,여,36세,경상
2014092300100460,2014년 9월 23일 17시,화요일,인천광역시 남동구 서창동,경상사고,0,0,2,0,차대차 - 측면직각충돌,신호위반,건조,맑음,교차로 - 교차로안,승용,여,46세,상해없음,승용,남,63세,경상
2014092300100461,2014년 9월 23일 17시,화요일,인천광역시 남동구 간석동,중상사고,0,1,1,0,차대차 - 측면직각충돌,신호위반,건조,맑음,교차로 - 교차로안,승용,여,42세,상해없음,이륜,남,43세,중상
2014092300100462,2014년 9월 23일 17시,화요일,인천광역시 남동구 간석동,중상사고,0,1,0,0,차대차 - 측면직각충돌,안전거리미확보,건조,맑음,교차로 - 교차로부근,승용,남,31세,상해없음,자전거,남,58세,중상
2014092300100566,2014년 9월 23일 19시,화요일,인천광역시 남구 주안동,중상사고,0,1,0,0,차대사람 - 기타,안전운전불이행,건조,맑음,단일로 - 기타,승용,남,33세,상해없음,보행자,남,80세,중상
2014092300100567,2014년 9월 23일 19시,화요일,인천광역시 남구 주안동,중상사고,0,1,0,0,차대사람 - 기타,안전운전불이행,건조,맑음,교차로 - 교차로안,승용,남,58세,상해없음,보행자,여,79세,중상
2014092300100568,2014년 9월 23일 19시,화요일,인천광역시 남동구 간석동,경상사고,0,0,3,0,차대차 - 추돌 - 주정차중,안전운전불이행,건조,맑음,교차로 - 교차로부근,승용,남,41세,상해없음,승용,남,26세,경상
2014092300100612,2014년 9월 23일 20시,화요일,인천광역시 남동구 간석동,중상사고,0,1,0,0,차대차 - 측면직각충돌,신호위반,건조,맑음,교차로 - 교차로안,승용,남,33세,상해없음,자전거,남,24세,중상
2014092300100613,2014년 9월 23일 20시,화요일,인천광역시 남동구 남촌동,경상사고,0,0,1,0,차대차 - 측면직각충돌,안전운전불이행,건조,맑음,교차로 - 교차로부근,승용,여,47세,상해없음,승용,남,57세,경상
2014092300100717,2014년 9월 23일 22시,화요일,인천광역시 부평구 산곡동,경상사고,0,0,1,0,차대차 - 추돌 - 진행중,안전거리미확보,건조,맑음,단일로 - 기타,승용,남,30세,상해없음,승용,남,53세,경상
2014092400100032,2014년 9월 24일 00시,수요일,인천광역시 계양구 병방동,중상사고,0,1,0,0,차대차 - 측면직각충돌,안전운전불이행,건조,맑음,단일로 - 기타,승용,남,48세,상해없음,이륜,남,33세,중상
2014092400100131,2014년 9월 24일 06시,수요일,인천광역시 남동구 고잔동,중상사고,0,1,0,0,차대차 - 기타,안전운전불이행,건조,맑음,교차로 - 교차로안,승용,남,61세,상해없음,자전거,남,54세,중상
2014092400100132,2014년 9월 24일 06시,수요일,인천광역시 계양구 효성동,경상사고,0,0,1,0,차대사람 - 횡단중,안전운전불이행,건조,맑음,교차로 - 교차로안,화물,남,50세,상해없음,보행자,여,39세,경상
2014092400100197,2014년 9월 24일 08시,수요일,인천광역시 남구 관교동,경상사고,0,0,1,0,차대사람 - 길가장자리구역통행중,안전운전불이행,습기,비,단일로 - 기타,승용,여,38세,상해없음,보행자,여,13세,경상
2014092400100198,2014년 9월 24일 08시,수요일,인천광역시 남구 숭의동,경상사고,0,0,1,0,차대사람 - 기타,안전운전불이행,건조,맑음,단일로 - 기타,승용,여,31세,상해없음,보행자,남,25세,경상
2014092400100199,2014년 9월 24일 08시,수요일,인천광역시 부평구 십정동,경상사고,0,0,1,0,차대차 - 정면충돌,중앙선침범,건조,맑음,단일로 - 기타,승용,남,25세,상해없음,승용,남,42세,경상
2014092400100268,2014년 9월 24일 10시,수요일,인천광역시 계양구 동양동,경상사고,0,0,1,0,차대차 - 측면직각충돌,직진우회전진행방해,습기,비,교차로 - 교차로안,건설기계,남,43세,상해없음,승용,여,54세,경상
2014092400100294,2014년 9월 24일 11시,수요일,인천광역시 연수구 송도동,경상사고,0,0,1,0,차대차 - 기타,안전운전불이행,건조,맑음,기타 - 기타,승용,여,46세,상해없음,승용,여,57세,경상
2014092400100326,2014년 9월 24일 12시,수요일,인천광역시 남동구 구월동,중상사고,0,1,0,0,차대사람 - 기타,보행자보호의무위반,건조,맑음,교차로 - 교차로부근,승용,남,55세,상해없음,보행자,여,54세,중상
2014092400100327,2014년 9월 24일 12시,수요일,인천광역시 서구 검암동,중상사고,0,1,0,0,차대사람 - 기타,안전운전불이행,건조,맑음,단일로 - 기타,승용,여,50세,상해없음,보행자,여,71세,중상
2014092400100360,2014년 9월 24일 13시,수요일,인천광역시 남동구 만수동,경상사고,0,0,2,0,차대차 - 추돌 - 주정차중,안전거리미확보,건조,맑음,교차로 - 교차로부근,승용,남,19세,상해없음,승용,남,65세,경상
2014092400100406,2014년 9월 24일 14시,수요일,인천광역시 남동구 구월동,경상사고,0,0,1,0,차대사람 - 기타,안전운전불이행,건조,맑음,단일로 - 기타,기타불명,기타불명,기타불명,기타불명,보행자,남,29세,경상
2014092400100445,2014년 9월 24일 15시,수요일,인천광역시 남구 용현동,부상신고사고,0,0,0,1,차대차 - 기타,신호위반,건조,맑음,교차로 - 교차로안,승용,남,51세,상해없음,승용,남,43세,부상신고
2014092400100446,2014년 9월 24일 15시,수요일,인천광역시 부평구 삼산동,경상사고,0,0,2,0,차대차 - 측면직각충돌,신호위반,건조,맑음,교차로 - 교차로안,승용,여,44세,상해없음,승용,남,60세,경상
2014092400100507,2014년 9월 24일 17시,수요일,인천광역시 부평구 십정동,경상사고,0,0,1,0,차대차 - 추돌 - 진행중,교차로운행방법위반,건조,맑음,교차로 - 교차로안,승용,남,35세,상해없음,원동기,남,28세,경상
2014092400100599,2014년 9월 24일 19시,수요일,인천광역시 중구 신흥동3가,경상사고,0,0,2,0,차대차 - 측면직각충돌,안전운전불이행,건조,맑음,단일로 - 기타,승용,남,75세,상해없음,승용,남,54세,경상
2014092400100600,2014년 9월 24일 19시,수요일,인천광역시 남구 용현동,경상사고,0,0,1,0,차대차 - 기타,교차로운행방법위반,건조,맑음,교차로 - 교차로안,승용,남,44세,상해없음,승용,남,38세,경상
2014092400100601,2014년 9월 24일 19시,수요일,인천광역시 계양구 서운동,중상사고,0,1,0,0,차대차 - 측면직각충돌,안전운전불이행,건조,맑음,교차로 - 교차로안,승용,남,40세,상해없음,이륜,남,53세,중상
2014092400100670,2014년 9월 24일 21시,수요일,인천광역시 남동구 간석동,경상사고,0,0,2,0,차대차 - 측면직각충돌,교차로운행방법위반,건조,맑음,교차로 - 교차로부근,이륜,남,57세,경상,승용,남,45세,상해없음
2014092400100671,2014년 9월 24일 21시,수요일,인천광역시 남동구 구월동,사망사고,1,2,1,0,차대사람 - 기타,안전운전불이행,건조,맑음,단일로 - 기타,승합,남,31세,상해없음,보행자,여,51세,사망
2014092400100672,2014년 9월 24일 21시,수요일,인천광역시 서구 원당동,중상사고,0,1,0,0,차대사람 - 횡단중,보행자보호의무위반,건조,맑음,교차로 - 교차로안,화물,남,47세,상해없음,보행자,여,17세,중상
2014092400100673,2014년 9월 24일 21시,수요일,인천광역시 강화군 화도면,중상사고,0,2,0,0,차대차 - 기타,중앙선침범,건조,맑음,단일로 - 기타,화물,남,40세,상해없음,승용,여,30세,중상
2014092400100710,2014년 9월 24일 22시,수요일,인천광역시 남구 주안동,중상사고,0,1,0,0,차대차 - 측면직각충돌,중앙선침범,건조,맑음,단일로 - 기타,기타불명,기타불명,기타불명,기타불명,원동기,남,23세,중상
2014092400100736,2014년 9월 24일 23시,수요일,인천광역시 남동구 서창동,경상사고,0,0,1,0,차대차 - 측면직각충돌,안전운전불이행,건조,맑음,교차로 - 교차로안,승용,남,26세,상해없음,승용,남,29세,경상
2014092500100011,2014년 9월 25일 00시,목요일,인천광역시 남구 주안동,경상사고,0,0,2,0,차대차 - 측면직각충돌,안전운전불이행,건조,맑음,교차로 - 교차로안,승용,남,33세,상해없음,승용,여,47세,경상
2014092500100012,2014년 9월 25일 00시,목요일,인천광역시 연수구 선학동,중상사고,0,1,2,0,차대차 - 추돌 - 주정차중,안전운전불이행,건조,맑음,교차로 - 교차로부근,승용,남,33세,상해없음,승용,남,59세,중상
2014092500100059,2014년 9월 25일 05시,목요일,인천광역시 부평구 청천동,중상사고,0,1,0,0,차대차 - 정면충돌,중앙선침범,건조,맑음,교차로 - 교차로부근,기타불명,기타불명,기타불명,기타불명,화물,남,68세,중상
2014092500100060,2014년 9월 25일 05시,목요일,인천광역시 서구 마전동,경상사고,0,0,1,0,차대차 - 정면충돌,신호위반,건조,맑음,교차로 - 교차로안,승용,남,35세,상해없음,자전거,남,65세,경상
2014092500100220,2014년 9월 25일 10시,목요일,인천광역시 중구 운서동,경상사고,0,0,5,1,차대차 - 추돌 - 주정차중,안전거리미확보,건조,맑음,미분류 - 미분류,승합,남,49세,상해없음,승합,남,53세,경상
2014092500100253,2014년 9월 25일 11시,목요일,인천광역시 서구 가좌동,경상사고,0,0,1,0,차대차 - 기타,안전운전불이행,건조,맑음,교차로 - 교차로부근,화물,남,38세,상해없음,승합,남,56세,경상
2014092500100275,2014년 9월 25일 12시,목요일,인천광역시 남동구 장수동,경상사고,0,0,1,0,차대차 - 측면직각충돌,차로위반,건조,맑음,단일로 - 기타,승용,남,68세,상해없음,승용,여,29세,경상
2014092500100305,2014년 9월 25일 13시,목요일,인천광역시 부평구 갈산동,경상사고,0,0,1,0,차대사람 - 횡단중,신호위반,건조,맑음,교차로 - 교차로안,승용,여,54세,상해없음,보행자,남,9세,경상
2014092500100374,2014년 9월 25일 15시,목요일,인천광역시 남구 도화동,경상사고,0,0,1,0,차대차 - 기타,기타,건조,맑음,교차로 - 교차로부근,승용,여,65세,상해없음,자전거,남,17세,경상
2014092500100375,2014년 9월 25일 15시,목요일,인천광역시 부평구 십정동,경상사고,0,0,1,0,차대사람 - 기타,안전운전불이행,건조,맑음,단일로 - 기타,승합,남,26세,상해없음,보행자,여,59세,경상
2014092500100401,2014년 9월 25일 16시,목요일,인천광역시 옹진군 영흥면,중상사고,0,1,1,0,차대차 - 정면충돌,안전운전불이행,건조,맑음,단일로 - 기타,승합,남,57세,중상,승용,남,62세,상해없음
2014092500100402,2014년 9월 25일 16시,목요일,인천광역시 남구 주안동,경상사고,0,0,1,0,차대차 - 측면직각충돌,신호위반,건조,맑음,교차로 - 교차로안,승용,여,51세,상해없음,승용,남,63세,경상
2014092500100446,2014년 9월 25일 17시,목요일,인천광역시 남동구 논현동,경상사고,0,0,1,0,차대차 - 추돌 - 진행중,안전운전불이행,건조,맑음,단일로 - 기타,승용,남,66세,상해없음,승용,여,37세,경상
2014092500100479,2014년 9월 25일 18시,목요일,인천광역시 중구 운남동,경상사고,0,0,2,0,차대차 - 추돌 - 진행중,안전운전불이행,건조,맑음,단일로 - 기타,승용,여,48세,상해없음,화물,남,38세,경상
2014092500100480,2014년 9월 25일 18시,목요일,인천광역시 서구 백석동,경상사고,0,0,1,0,차대차 - 추돌 - 진행중,교차로운행방법위반,건조,맑음,교차로 - 교차로안,승용,남,31세,상해없음,승용,여,30세,경상
2014092500100522,2014년 9월 25일 19시,목요일,인천광역시 부평구 청천동,경상사고,0,0,1,0,차량단독 - 기타,안전운전불이행,건조,맑음,단일로 - 기타,승합,남,59세,기타불명,,,,
2014092500100587,2014년 9월 25일 21시,목요일,인천광역시 연수구 청학동,경상사고,0,0,1,0,차대사람 - 기타,안전운전불이행,건조,맑음,기타 - 기타,승합,남,67세,상해없음,보행자,남,64세,경상
2014092600100040,2014년 9월 26일 01시,금요일,인천광역시 부평구 산곡동,중상사고,0,1,0,0,차대사람 - 기타,안전운전불이행,건조,맑음,단일로 - 기타,승용,남,32세,상해없음,보행자,여,43세,중상
2014092600100068,2014년 9월 26일 04시,금요일,인천광역시 계양구 계산동,경상사고,0,0,2,0,차대차 - 측면직각충돌,차로위반,건조,맑음,단일로 - 기타,화물,남,64세,상해없음,승용,남,54세,경상
2014092600100082,2014년 9월 26일 05시,금요일,인천광역시 서구 석남동,경상사고,0,0,1,0,차대차 - 추돌 - 진행중,안전운전불이행,건조,맑음,단일로 - 기타,승용,여,30세,상해없음,승합,남,54세,경상
2014092600100167,2014년 9월 26일 08시,금요일,인천광역시 계양구 효성동,중상사고,0,1,1,0,차대차 - 측면직각충돌,신호위반,건조,맑음,교차로 - 교차로안,승용,남,28세,상해없음,승합,남,54세,경상
2014092600100226,2014년 9월 26일 10시,금요일,인천광역시 계양구 임학동,중상사고,0,1,0,0,차대차 - 측면직각충돌,교차로운행방법위반,건조,맑음,교차로 - 교차로안,승용,남,54세,상해없음,자전거,남,16세,중상
2014092600100252,2014년 9월 26일 11시,금요일,인천광역시 부평구 부평동,경상사고,0,0,1,0,차대차 - 추돌 - 주정차중,안전운전불이행,건조,맑음,단일로 - 기타,승용,남,80세,상해없음,승용,여,26세,경상
2014092600100253,2014년 9월 26일 11시,금요일,인천광역시 강화군 강화읍,부상신고사고,0,0,0,1,차대사람 - 기타,안전운전불이행,건조,맑음,단일로 - 기타,자전거,남,14세,기타불명,보행자,여,65세,부상신고
2014092600100312,2014년 9월 26일 13시,금요일,인천광역시 연수구 연수동,중상사고,0,1,0,0,차대차 - 측면직각충돌,안전운전불이행,건조,맑음,교차로 - 교차로안,자전거,남,78세,중상,화물,남,73세,상해없음
2014092600100313,2014년 9월 26일 13시,금요일,인천광역시 부평구 부평동,중상사고,0,1,0,0,차대차 - 기타,기타,건조,맑음,단일로 - 기타,승용,남,46세,상해없음,자전거,여,45세,중상
2014092600100342,2014년 9월 26일 14시,금요일,인천광역시 계양구 병방동,경상사고,0,0,1,0,차대차 - 측면직각충돌,신호위반,건조,맑음,교차로 - 교차로안,승용,여,55세,상해없음,승용,여,42세,경상
2014092600100409,2014년 9월 26일 16시,금요일,인천광역시 동구 창영동,중상사고,0,1,1,0,차대차 - 측면직각충돌,안전운전불이행,건조,맑음,교차로 - 교차로안,승용,남,57세,상해없음,승용,남,59세,중상
2014092600100410,2014년 9월 26일 16시,금요일,인천광역시 남구 주안동,경상사고,0,0,1,0,차대차 - 기타,교차로운행방법위반,건조,맑음,교차로 - 교차로안,이륜,남,33세,상해없음,승합,여,54세,경상
2014092600100453,2014년 9월 26일 17시,금요일,인천광역시 서구 가좌동,경상사고,0,0,1,0,차대차 - 측면직각충돌,안전운전불이행,건조,맑음,교차로 - 교차로안,승용,여,19세,상해없음,승용,남,58세,경상
2014092600100510,2014년 9월 26일 18시,금요일,인천광역시 동구 송림동,경상사고,0,0,1,0,차대사람 - 보도통행중,안전운전불이행,건조,맑음,단일로 - 기타,이륜,기타불명,기타불명,기타불명,보행자,여,23세,경상
2014092600100511,2014년 9월 26일 18시,금요일,인천광역시 부평구 산곡동,중상사고,0,1,0,0,차대차 - 기타,안전운전불이행,습기,비,교차로 - 교차로부근,승용,남,53세,상해없음,원동기,남,62세,중상
2014092600100512,2014년 9월 26일 18시,금요일,인천광역시 부평구 십정동,중상사고,0,1,0,0,차대사람 - 기타,안전운전불이행,건조,맑음,단일로 - 기타,승용,남,46세,상해없음,보행자,여,10세,중상
2014092600100513,2014년 9월 26일 18시,금요일,인천광역시 남동구 논현동,경상사고,0,0,1,0,차량단독 - 기타,안전운전불이행,건조,맑음,교차로 - 교차로부근,승합,남,57세,상해없음,,,,
2014092600100571,2014년 9월 26일 19시,금요일,인천광역시 남동구 장수동,부상신고사고,0,0,0,1,차대사람 - 기타,안전운전불이행,건조,맑음,단일로 - 기타,자전거,남,65세,기타불명,보행자,남,49세,부상신고
2014092600100572,2014년 9월 26일 19시,금요일,인천광역시 남동구 구월동,경상사고,0,0,1,0,차대차 - 추돌 - 주정차중,안전운전불이행,건조,맑음,단일로 - 기타,화물,남,48세,상해없음,승용,남,60세,경상
2014092600100573,2014년 9월 26일 19시,금요일,인천광역시 남동구 구월동,중상사고,0,1,1,0,차대차 - 측면직각충돌,안전운전불이행,건조,맑음,단일로 - 기타,이륜,남,19세,중상,승용,여,35세,경상
2014092600100574,2014년 9월 26일 19시,금요일,인천광역시 서구 마전동,부상신고사고,0,0,0,1,차대차 - 기타,중앙선침범,건조,맑음,단일로 - 기타,자전거,남,24세,부상신고,승용,남,24세,상해없음
2014092600100575,2014년 9월 26일 19시,금요일,인천광역시 계양구 계산동,중상사고,0,1,0,0,차대사람 - 횡단중,보행자보호의무위반,건조,맑음,교차로 - 교차로안,화물,남,54세,상해없음,보행자,여,55세,중상
2014092600100576,2014년 9월 26일 19시,금요일,인천광역시 계양구 박촌동,중상사고,0,1,0,0,차대차 - 측면직각충돌,안전운전불이행,건조,맑음,단일로 - 기타,승용,남,30세,상해없음,이륜,남,24세,중상
2014092600100577,2014년 9월 26일 19시,금요일,인천광역시 강화군 강화읍,중상사고,0,1,2,0,차대차 - 기타,안전운전불이행,건조,맑음,단일로 - 기타,화물,남,56세,상해없음,승용,남,61세,상해없음
2014092600100614,2014년 9월 26일 20시,금요일,인천광역시 부평구 청천동,중상사고,0,1,0,0,차대사람 - 기타,안전운전불이행,건조,맑음,단일로 - 기타,화물,남,41세,기타불명,보행자,여,79세,중상
2014092600100667,2014년 9월 26일 21시,금요일,인천광역시 남구 학익동,경상사고,0,0,2,0,차대차 - 기타,안전운전불이행,건조,맑음,단일로 - 기타,자전거,남,23세,상해없음,승합,남,58세,상해없음
2014092600100707,2014년 9월 26일 22시,금요일,인천광역시 남동구 만수동,경상사고,0,0,3,0,차대차 - 추돌 - 진행중,안전운전불이행,건조,맑음,단일로 - 기타,화물,남,26세,상해없음,승용,남,55세,경상
2014092600100744,2014년 9월 26일 23시,금요일,인천광역시 남구 주안동,경상사고,0,0,2,0,차대차 - 추돌 - 주정차중,안전운전불이행,건조,맑음,단일로 - 기타,승용,남,50세,상해없음,승용,남,45세,상해없음
2014092700100020,2014년 9월 27일 00시,토요일,인천광역시 남동구 장수동,부상신고사고,0,0,0,1,차대차 - 추돌 - 진행중,기타,건조,맑음,단일로 - 기타,기타불명,기타불명,기타불명,기타불명,승용,남,41세,부상신고
2014092700100041,2014년 9월 27일 01시,토요일,인천광역시 중구 신흥동3가,경상사고,0,0,2,0,차대차 - 기타,안전운전불이행,건조,맑음,단일로 - 기타,승용,여,47세,상해없음,승용,남,33세,경상
2014092700100042,2014년 9월 27일 01시,토요일,인천광역시 부평구 십정동,중상사고,0,1,0,0,차대사람 - 기타,안전운전불이행,건조,맑음,단일로 - 기타,승용,여,32세,상해없음,보행자,남,43세,중상
2014092700100097,2014년 9월 27일 04시,토요일,인천광역시 서구 검암동,사망사고,1,0,0,0,차대사람 - 보도통행중,보행자보호의무위반,건조,맑음,교차로 - 교차로안,승용,남,59세,상해없음,보행자,남,88세,사망