사고번호,사고일시,요일,시군구,사고내용,사망자수,중상자수,경상자수,부상신고자수,사고유형,법규위반,노면상태,기상상태,도로형태,가해운전자 차종,가해운전자 성별,가해운전자 연령,가해운전자 상해정도,피해운전자 차종,피해운전자 성별,피해운전자 연령,피해운전자 상해정도
2014100100100614,2014년 10월 1일 22시,수요일,인천광역시 중구 신흥동3가,중상사고,0,1,0,0,차대차 - 측면직각충돌,신호위반,습기,흐림,교차로 - 교차로안,승용,남,41세,상해없음,승용,남,53세,중상
2014100100100615,2014년 10월 1일 22시,수요일,인천광역시 서구 마전동,경상사고,0,0,1,0,차대차 - 기타,안전운전불이행,건조,맑음,교차로 - 교차로안,기타불명,기타불명,기타불명,기타불명,승용,여,45세,경상
2014100100100631,2014년 10월 1일 23시,수요일,인천광역시 남구 용현동,중상사고,0,1,0,0,차량단독 - 기타,안전운전불이행,건조,맑음,단일로 - 기타,승합,남,53세,상해없음,,,,
2014100200100046,2014년 10월 2일 03시,목요일,인천광역시 남구 도화동,경상사고,0,0,1,0,차량단독 - 기타,안전운전불이행,건조,맑음,단일로 - 기타,승용,남,42세,기타불명,,,,
2014100200100104,2014년 10월 2일 07시,목요일,인천광역시 중구 운서동,경상사고,0,0,1,0,차대차 - 기타,안전운전불이행,건조,맑음,단일로 - 기타,승용,남,63세,상해없음,승용,남,43세,경상
2014100200100105,2014년 10월 2일 07시,목요일,인천광역시 계양구 서운동,중상사고,0,1,0,0,차대차 - 기타,안전운전불이행,건조,맑음,단일로 - 기타,자전거,남,16세,중상,승합,남,47세,상해없음
2014100200100106,2014년 10월 2일 07시,목요일,인천광역시 중구 중산동,부상신고사고,0,0,0,1,차대차 - 측면직각충돌,안전거리미확보,건조,맑음,단일로 - 기타,승용,남,44세,기타불명,승용,남,69세,부상신고
2014100200100178,2014년 10월 2일 09시,목요일,인천광역시 남구 주안동,중상사고,0,2,1,0,차대차 - 기타,안전거리미확보,건조,맑음,단일로 - 기타,승용,남,58세,상해없음,승용,남,70세,중상
2014100200100179,2014년 10월 2일 09시,목요일,인천광역시 강화군 길상면,경상사고,0,0,1,0,차대차 - 기타,신호위반,건조,맑음,교차로 - 교차로안,승용,남,78세,상해없음,승용,여,49세,경상
2014100200100206,2014년 10월 2일 10시,목요일,인천광역시 남동구 논현동,중상사고,0,1,0,0,차대차 - 측면직각충돌,안전운전불이행,건조,맑음,교차로 - 교차로부근,승용,여,32세,상해없음,승용,남,38세,중상
2014100200100207,2014년 10월 2일 10시,목요일,인천광역시 계양구 작전동,중상사고,0,1,0,0,차량단독 - 기타,기타,건조,맑음,단일로 - 기타,승합,남,46세,상해없음,,,,
2014100200100239,2014년 10월 2일 11시,목요일,인천광역시 계양구 계산동,중상사고,0,1,0,0,차대사람 - 횡단중,보행자보호의무위반,건조,맑음,교차로 - 교차로안,화물,남,39세,상해없음,보행자,남,40세,중상
2014100200100266,2014년 10월 2일 12시,목요일,인천광역시 남동구 고잔동,경상사고,0,0,4,0,차대차 - 추돌 - 주정차중,안전운전불이행,건조,맑음,단일로 - 기타,화물,남,47세,상해없음,화물,남,39세,경상
2014100200100326,2014년 10월 2일 14시,목요일,인천광역시 남동구 만수동,경상사고,0,0,2,0,차량단독 - 기타,안전운전불이행,건조,맑음,교차로 - 교차로안,승용,남,51세,상해없음,,,,
2014100200100327,2014년 10월 2일 14시,목요일,인천광역시 서구 석남동,중상사고,0,1,0,0,차대차 - 기타,안전운전불이행,건조,맑음,기타 - 기타,승용,여,54세,상해없음,원동기,남,42세,중상
2014100200100328,2014년 10월 2일 14시,목요일,인천광역시 강화군 삼산면,경상사고,0,0,1,0,차대차 - 기타,안전운전불이행,습기,비,교차로 - 교차로안,승용,남,71세,상해없음,승용,남,57세,경상
2014100200100387,2014년 10월 2일 16시,목요일,인천광역시 중구 항동4가,중상사고,0,1,0,0,차대차 - 기타,안전운전불이행,건조,맑음,단일로 - 기타,승용,여,48세,상해없음,승용,여,44세,중상
2014100200100425,2014년 10월 2일 17시,목요일,인천광역시 강화군 강화읍,중상사고,0,1,0,0,차대사람 - 기타,안전운전불이행,건조,흐림,교차로 - 교차로부근,승용,남,32세,상해없음,보행자,남,21세,중상
2014100200100426,2014년 10월 2일 17시,목요일,인천광역시 강화군 강화읍,경상사고,0,0,2,0,차대차 - 기타,안전운전불이행,건조,맑음,단일로 - 기타,승합,남,48세,상해없음,원동기,남,24세,경상
2014100200100427,2014년 10월 2일 17시,목요일,인천광역시 연수구 동춘동,중상사고,0,1,0,0,차대사람 - 기타,안전운전불이행,습기,흐림,교차로 - 교차로부근,승용,여,44세,상해없음,보행자,여,75세,중상
2014100200100498,2014년 10월 2일 18시,목요일,인천광역시 남동구 수산동,경상사고,0,0,1,0,차대사람 - 차도통행중,안전운전불이행,건조,맑음,기타 - 기타,승용,남,52세,상해없음,보행자,여,19세,경상
2014100200100499,2014년 10월 2일 18시,목요일,인천광역시 서구 석남동,경상사고,0,0,3,1,차대차 - 기타,안전운전불이행,건조,맑음,단일로 - 기타,승용,여,50세,상해없음,승합,남,57세,경상
2014100200100551,2014년 10월 2일 19시,목요일,인천광역시 남동구 간석동,경상사고,0,0,1,0,차대차 - 추돌 - 진행중,안전거리미확보,건조,맑음,교차로 - 교차로부근,승용,남,58세,상해없음,승용,남,30세,경상
2014100200100619,2014년 10월 2일 21시,목요일,인천광역시 동구 창영동,중상사고,0,1,0,0,차대사람 - 기타,안전운전불이행,건조,맑음,단일로 - 기타,원동기,남,23세,상해없음,보행자,남,13세,중상
2014100200100620,2014년 10월 2일 21시,목요일,인천광역시 남동구 논현동,부상신고사고,0,0,0,1,차대차 - 기타,신호위반,건조,맑음,교차로 - 교차로안,승용,여,64세,상해없음,자전거,남,16세,부상신고
2014100200100647,2014년 10월 2일 22시,목요일,인천광역시 남구 용현동,경상사고,0,0,1,0,차대차 - 추돌 - 진행중,안전운전불이행,건조,맑음,단일로 - 기타,승용,남,43세,상해없음,승용,남,31세,경상
2014100200100648,2014년 10월 2일 22시,목요일,인천광역시 남동구 논현동,경상사고,0,0,1,0,차대차 - 추돌 - 주정차중,안전운전불이행,건조,맑음,단일로 - 기타,승용,남,32세,상해없음,승합,남,64세,상해없음
2014100200100682,2014년 10월 2일 23시,목요일,인천광역시 남구 관교동,경상사고,0,0,3,0,차대차 - 기타,안전운전불이행,건조,맑음,교차로 - 교차로부근,승용,남,53세,상해없음,승용,여,29세,경상
2014100200100683,2014년 10월 2일 23시,목요일,인천광역시 남동구 만수동,경상사고,0,0,1,0,차대차 - 추돌 - 주정차중,안전운전불이행,건조,맑음,교차로 - 교차로부근,승용,남,47세,상해없음,승용,여,55세,경상
2014100200100684,2014년 10월 2일 23시,목요일,인천광역시 서구 신현동,중상사고,0,1,0,0,차량단독 - 기타,기타,건조,흐림,단일로 - 기타,승합,남,45세,상해없음,,,,
2014100300100027,2014년 10월 3일 00시,금요일,인천광역시 남동구 구월동,중상사고,0,2,0,0,차대사람 - 횡단중,안전운전불이행,건조,맑음,단일로 - 기타,승용,남,65세,상해없음,보행자,남,52세,중상
2014100300100028,2014년 10월 3일 00시,금요일,인천광역시 남동구 간석동,경상사고,0,0,2,0,차대차 - 기타,안전운전불이행,건조,맑음,단일로 - 기타,승용,남,33세,상해없음,승합,남,23세,경상
2014100300100045,2014년 10월 3일 01시,금요일,인천광역시 서구 석남동,부상신고사고,0,0,0,3,차대차 - 기타,신호위반,건조,맑음,교차로 - 교차로안,기타불명,기타불명,기타불명,기타불명,승용,남,42세,부상신고
2014100300100061,2014년 10월 3일 02시,금요일,인천광역시 부평구 산곡동,중상사고,0,1,0,0,차대차 - 기타,안전운전불이행,건조,맑음,교차로 - 교차로부근,승용,남,30세,상해없음,승용,여,52세,중상
2014100300100062,2014년 10월 3일 02시,금요일,인천광역시 계양구 계산동,경상사고,0,0,1,0,차대차 - 측면직각충돌,안전운전불이행,건조,맑음,단일로 - 기타,승용,여,41세,상해없음,승용,여,42세,경상
2014100300100095,2014년 10월 3일 04시,금요일,인천광역시 남동구 간석동,중상사고,0,1,0,0,차대사람 - 기타,안전운전불이행,건조,맑음,교차로 - 교차로부근,승용,남,57세,상해없음,보행자,남,81세,중상
2014100300100121,2014년 10월 3일 06시,금요일,인천광역시 서구 석남동,중상사고,0,1,0,0,차대사람 - 횡단중,안전운전불이행,건조,맑음,단일로 - 기타,승용,남,43세,상해없음,보행자,남,56세,중상
2014100300100137,2014년 10월 3일 07시,금요일,인천광역시 동구 송림동,경상사고,0,0,2,0,차대차 - 추돌 - 주정차중,안전운전불이행,건조,맑음,교차로 - 교차로부근,승용,기타불명,기타불명,기타불명,승용,남,54세,경상
2014100300100138,2014년 10월 3일 07시,금요일,인천광역시 남동구 논현동,경상사고,0,0,1,0,차대차 - 추돌 - 주정차중,안전거리미확보,건조,맑음,교차로 - 교차로부근,승용,남,25세,상해없음,승용,남,52세,경상
2014100300100139,2014년 10월 3일 07시,금요일,인천광역시 계양구 상야동,경상사고,0,0,1,0,차량단독 - 전도전복,안전운전불이행,건조,맑음,교차로 - 교차로부근,승용,남,81세,경상,,,,
2014100300100155,2014년 10월 3일 08시,금요일,인천광역시 남동구 간석동,중상사고,0,1,0,0,차대차 - 기타,안전운전불이행,건조,맑음,교차로 - 교차로안,승용,여,29세,기타불명,승용,남,25세,중상
2014100300100156,2014년 10월 3일 08시,금요일,인천광역시 계양구 계산동,중상사고,0,1,15,0,차대차 - 추돌 - 진행중,안전운전불이행,건조,맑음,교차로 - 교차로부근,승합,남,43세,상해없음,승용,여,44세,경상
2014100300100157,2014년 10월 3일 08시,금요일,인천광역시 계양구 계산동,경상사고,0,0,1,0,차대차 - 추돌 - 진행중,안전운전불이행,건조,맑음,단일로 - 기타,승용,남,39세,상해없음,화물,남,54세,경상
2014100300100158,2014년 10월 3일 08시,금요일,인천광역시 강화군 하점면,경상사고,0,0,3,0,차대차 - 기타,중앙선침범,건조,맑음,단일로 - 기타,승용,남,52세,상해없음,승용,남,44세,경상
2014100300100184,2014년 10월 3일 09시,금요일,인천광역시 남동구 논현동,중상사고,0,2,0,0,차대차 - 측면직각충돌,신호위반,건조,맑음,교차로 - 교차로안,승용,남,35세,상해없음,승용,남,27세,중상
2014100300100211,2014년 10월 3일 10시,금요일,인천광역시 남동구 간석동,경상사고,0,0,4,0,차대차 - 추돌 - 주정차중,안전거리미확보,건조,맑음,교차로 - 교차로부근,승합,남,49세,상해없음,승용,남,37세,상해없음
2014100300100212,2014년 10월 3일 10시,금요일,인천광역시 부평구 부개동,경상사고,0,0,3,0,차대차 - 추돌 - 주정차중,안전운전불이행,건조,맑음,단일로 - 기타,승용,남,35세,기타불명,승용,여,45세,경상
2014100300100248,2014년 10월 3일 11시,금요일,인천광역시 연수구 청학동,경상사고,0,0,1,0,차대사람 - 보도통행중,안전운전불이행,건조,맑음,단일로 - 기타,승용,남,56세,상해없음,보행자,여,45세,경상
2014100300100316,2014년 10월 3일 13시,금요일,인천광역시 부평구 삼산동,경상사고,0,0,1,0,차대차 - 추돌 - 진행중,안전거리미확보,건조,맑음,단일로 - 기타,화물,남,60세,상해없음,승용,남,25세,경상
2014100300100350,2014년 10월 3일 14시,금요일,인천광역시 남구 주안동,경상사고,0,0,1,0,차대차 - 기타,안전거리미확보,건조,맑음,단일로 - 기타,승용,여,50세,경상,승용,남,61세,상해없음
2014100300100384,2014년 10월 3일 15시,금요일,인천광역시 중구 전동,경상사고,0,0,1,0,차대사람 - 기타,안전운전불이행,건조,맑음,교차로 - 교차로부근,승합,기타불명,기타불명,기타불명,보행자,남,36세,경상
2014100300100385,2014년 10월 3일 15시,금요일,인천광역시 중구 항동7가,경상사고,0,0,4,0,차대차 - 측면직각충돌,안전거리미확보,건조,맑음,단일로 - 기타,화물,남,47세,상해없음,승용,남,37세,경상
2014100300100386,2014년 10월 3일 15시,금요일,인천광역시 중구 신흥동3가,부상신고사고,0,0,0,1,차대차 - 기타,안전운전불이행,건조,맑음,단일로 - 기타,승용,기타불명,기타불명,기타불명,승용,남,32세,부상신고
2014100300100388,2014년 10월 3일 15시,금요일,인천광역시 강화군 불은면,중상사고,0,1,0,0,차대사람 - 기타,안전운전불이행,건조,맑음,단일로 - 기타,승합,남,60세,상해없음,보행자,여,75세,중상
2014100300100436,2014년 10월 3일 16시,금요일,인천광역시 서구 연희동,경상사고,0,0,1,0,차대사람 - 횡단중,안전운전불이행,건조,맑음,단일로 - 기타,승용,남,55세,상해없음,보행자,남,7세,경상
2014100300100474,2014년 10월 3일 17시,금요일,인천광역시 남동구 구월동,경상사고,0,0,1,0,차대차 - 기타,안전운전불이행,건조,맑음,교차로 - 교차로안,화물,남,58세,상해없음,승용,남,64세,경상
2014100300100475,2014년 10월 3일 17시,금요일,인천광역시 부평구 구산동,중상사고,0,1,1,0,차대차 - 추돌 - 주정차중,안전운전불이행,건조,맑음,단일로 - 기타,화물,남,53세,상해없음,승용,남,53세,경상
2014100300100524,2014년 10월 3일 18시,금요일,인천광역시 중구 덕교동,경상사고,0,0,4,0,차대차 - 측면직각충돌,교차로운행방법위반,건조,맑음,교차로 - 교차로안,승용,남,43세,경상,승용,남,23세,경상
2014100300100525,2014년 10월 3일 18시,금요일,인천광역시 부평구 부평동,중상사고,0,1,0,0,차대사람 - 횡단중,보행자보호의무위반,건조,맑음,단일로 - 횡단보도상,승용,남,53세,상해없음,보행자,여,36세,중상
2014100300100572,2014년 10월 3일 19시,금요일,인천광역시 중구 남북동,경상사고,0,0,1,0,차대사람 - 기타,안전운전불이행,건조,맑음,단일로 - 기타,승용,남,37세,상해없음,보행자,남,48세,경상
2014100300100573,2014년 10월 3일 19시,금요일,인천광역시 옹진군 연평면,중상사고,0,1,0,0,차대차 - 기타,중앙선침범,건조,맑음,단일로 - 기타,승용,남,54세,상해없음,화물,남,44세,기타불명
2014100300100574,2014년 10월 3일 19시,금요일,인천광역시 부평구 청천동,중상사고,0,1,0,0,차대사람 - 기타,교차로운행방법위반,건조,맑음,단일로 - 기타,화물,남,40세,상해없음,보행자,남,50세,중상
2014100300100608,2014년 10월 3일 20시,금요일,인천광역시 남동구 만수동,경상사고,0,0,1,0,차대차 - 추돌 - 주정차중,안전운전불이행,건조,맑음,교차로 - 교차로부근,화물,남,54세,상해없음,승용,여,39세,경상
2014100300100609,2014년 10월 3일 20시,금요일,인천광역시 부평구 부평동,경상사고,0,0,1,0,차대차 - 측면직각충돌,안전운전불이행,건조,맑음,단일로 - 기타,승용,여,20세,상해없음,승용,남,44세,상해없음
2014100300100643,2014년 10월 3일 21시,금요일,인천광역시 부평구 십정동,경상사고,0,0,1,0,차대차 - 측면직각충돌,교차로운행방법위반,건조,맑음,교차로 - 교차로안,승용,남,30세,상해없음,화물,남,51세,경상
2014100300100644,2014년 10월 3일 21시,금요일,인천광역시 계양구 서운동,경상사고,0,0,2,5,차대차 - 추돌 - 주정차중,안전운전불이행,건조,맑음,단일로 - 기타,승용,남,44세,상해없음,승용,남,40세,경상
2014100300100665,2014년 10월 3일 22시,금요일,인천광역시 계양구 임학동,중상사고,0,1,1,0,차대차 - 측면직각충돌,중앙선침범,건조,맑음,단일로 - 기타,이륜,남,16세,경상,이륜,남,26세,중상
2014100300100689,2014년 10월 3일 23시,금요일,인천광역시 부평구 십정동,중상사고,0,1,0,0,차대차 - 측면직각충돌,신호위반,건조,맑음,교차로 - 교차로부근,승용,남,21세,상해없음,승용,남,21세,중상
2014100300100690,2014년 10월 3일 23시,금요일,인천광역시 서구 심곡동,부상신고사고,0,0,0,1,차대사람 - 기타,안전운전불이행,기타,기타,단일로 - 기타,승용,기타불명,기타불명,기타불명,보행자,여,50세,부상신고
2014100300100691,2014년 10월 3일 23시,금요일,인천광역시 계양구 효성동,중상사고,0,3,0,0,차대차 - 측면직각충돌,신호위반,건조,맑음,교차로 - 교차로안,승용,여,55세,상해없음,승용,남,48세,중상
2014100400100020,2014년 10월 4일 00시,토요일,인천광역시 남구 문학동,중상사고,0,1,1,0,차대차 - 측면직각충돌,신호위반,건조,맑음,교차로 - 교차로안,승용,남,35세,상해없음,승용,남,33세,경상
2014100400100021,2014년 10월 4일 00시,토요일,인천광역시 부평구 산곡동,경상사고,0,0,2,0,차대차 - 추돌 - 진행중,교차로운행방법위반,건조,맑음,교차로 - 교차로안,승용,남,52세,상해없음,승용,남,59세,경상
2014100400100022,2014년 10월 4일 00시,토요일,인천광역시 서구 검암동,경상사고,0,0,2,0,차대차 - 추돌 - 주정차중,안전운전불이행,건조,맑음,단일로 - 기타,승용,남,50세,상해없음,승용,남,49세,경상
2014100400100023,2014년 10월 4일 00시,토요일,인천광역시 서구 원창동,사망사고,1,2,0,0,차대차 - 추돌 - 주정차중,안전운전불이행,건조,맑음,단일로 - 기타,승용,남,37세,사망,화물,남,56세,중상
2014100400100043,2014년 10월 4일 02시,토요일,인천광역시 부평구 산곡동,중상사고,0,1,1,0,차대차 - 추돌 - 주정차중,안전운전불이행,건조,맑음,교차로 - 교차로부근,승용,여,58세,상해없음,승용,남,54세,경상
2014100400100044,2014년 10월 4일 02시,토요일,인천광역시 남동구 간석동,중상사고,0,1,0,0,차대차 - 측면직각충돌,신호위반,건조,맑음,교차로 - 교차로안,승용,남,32세,상해없음,승용,남,66세,상해없음
2014100400100051,2014년 10월 4일 03시,토요일,인천광역시 남동구 만수동,경상사고,0,0,2,0,차대차 - 추돌 - 진행중,안전운전불이행,건조,맑음,단일로 - 기타,승용,남,36세,상해없음,승용,남,57세,경상
2014100400100057,2014년 10월 4일 04시,토요일,인천광역시 남동구 간석동,중상사고,0,1,0,0,차대차 - 측면직각충돌,신호위반,건조,맑음,단일로 - 기타,승용,남,58세,상해없음,자전거,남,74세,중상
2014100400100100,2014년 10월 4일 07시,토요일,인천광역시 강화군 화도면,경상사고,0,0,4,0,차대차 - 기타,중앙선침범,건조,맑음,단일로 - 기타,승용,남,52세,상해없음,승용,남,72세,경상
2014100400100177,2014년 10월 4일 10시,토요일,인천광역시 연수구 연수동,중상사고,0,1,0,0,차대사람 - 기타,안전운전불이행,건조,맑음,단일로 - 기타,원동기,남,37세,상해없음,보행자,남,55세,중상
2014100400100209,2014년 10월 4일 11시,토요일,인천광역시 남구 주안동,중상사고,0,1,0,0,차대사람 - 기타,안전운전불이행,건조,맑음,단일로 - 기타,승용,여,33세,상해없음,보행자,여,70세,중상
2014100400100328,2014년 10월 4일 14시,토요일,인천광역시 계양구 작전동,중상사고,0,1,0,0,차대차 - 측면직각충돌,안전운전불이행,건조,맑음,단일로 - 횡단보도부근,승용,여,47세,상해없음,이륜,남,23세,중상
2014100400100360,2014년 10월 4일 15시,토요일,인천광역시 중구 도원동,경상사고,0,0,1,0,차대차 - 측면직각충돌,안전운전불이행,건조,맑음,교차로 - 교차로안,승용,기타불명,기타불명,기타불명,자전거,남,11세,경상
2014100400100361,2014년 10월 4일 15시,토요일,인천광역시 남동구 구월동,경상사고,0,0,1,0,차대사람 - 길가장자리구역통행중,안전운전불이행,건조,맑음,교차로 - 교차로안,승용,남,42세,상해없음,보행자,남,64세,경상
2014100400100362,2014년 10월 4일 15시,토요일,인천광역시 연수구 선학동,경상사고,0,0,1,0,차대차 - 기타,안전운전불이행,건조,맑음,교차로 - 교차로부근,승용,남,55세,상해없음,화물,남,60세,경상
2014100400100441,2014년 10월 4일 17시,토요일,인천광역시 서구 심곡동,중상사고,0,1,0,0,차대사람 - 기타,안전운전불이행,건조,맑음,교차로 - 교차로부근,승용,남,56세,상해없음,보행자,여,53세,중상
2014100400100511,2014년 10월 4일 19시,토요일,인천광역시 중구 운남동,경상사고,0,0,4,0,차대차 - 추돌 - 주정차중,안전운전불이행,건조,맑음,교차로 - 교차로부근,승용,남,58세,상해없음,승용,여,47세,경상
2014100400100512,2014년 10월 4일 19시,토요일,인천광역시 남구 숭의동,경상사고,0,0,1,0,차대사람 - 기타,안전운전불이행,건조,맑음,단일로 - 횡단보도상,승용,남,28세,상해없음,보행자,여,54세,경상
2014100400100569,2014년 10월 4일 21시,토요일,인천광역시 강화군 강화읍,중상사고,0,1,0,0,차량단독 - 전도전복,안전운전불이행,건조,맑음,단일로 - 기타,원동기,남,30세,상해없음,,,,
2014100400100570,2014년 10월 4일 21시,토요일,인천광역시 부평구 부평동,경상사고,0,0,1,0,차대차 - 측면직각충돌,신호위반,건조,맑음,단일로 - 횡단보도상,승용,여,33세,상해없음,자전거,남,41세,경상
2014100400100571,2014년 10월 4일 21시,토요일,인천광역시 부평구 일신동,중상사고,0,1,0,0,차대차 - 측면직각충돌,안전운전불이행,건조,맑음,단일로 - 기타,승용,남,54세,상해없음,이륜,남,37세,중상
2014100400100594,2014년 10월 4일 22시,토요일,인천광역시 부평구 부평동,중상사고,0,1,0,0,차대사람 - 기타,보행자보호의무위반,건조,맑음,단일로 - 횡단보도상,승용,여,21세,상해없음,보행자,남,57세,중상
2014100400100595,2014년 10월 4일 22시,토요일,인천광역시 남동구 구월동,경상사고,0,0,1,0,차대차 - 기타,신호위반,건조,맑음,교차로 - 교차로안,승용,남,39세,상해없음,승용,남,51세,경상
2014100400100596,2014년 10월 4일 22시,토요일,인천광역시 연수구 옥련동,중상사고,0,1,0,0,차대사람 - 기타,안전운전불이행,건조,맑음,단일로 - 기타,화물,남,38세,상해없음,보행자,여,18세,중상
2014100400100631,2014년 10월 4일 23시,토요일,인천광역시 계양구 임학동,중상사고,0,1,1,0,차대사람 - 횡단중,안전운전불이행,건조,맑음,교차로 - 교차로안,승용,남,63세,상해없음,보행자,남,49세,경상
2014100400100632,2014년 10월 4일 23시,토요일,인천광역시 강화군 강화읍,경상사고,0,0,2,0,차대차 - 추돌 - 주정차중,안전운전불이행,건조,맑음,단일로 - 기타,승용,남,22세,상해없음,승용,남,32세,경상
2014100400100633,2014년 10월 4일 23시,토요일,인천광역시 연수구 선학동,경상사고,0,0,1,0,차대차 - 추돌 - 진행중,안전운전불이행,건조,맑음,단일로 - 기타,화물,남,55세,상해없음,승용,남,42세,경상
2014100400100634,2014년 10월 4일 23시,토요일,인천광역시 계양구 용종동,경상사고,0,0,1,0,차대차 - 기타,안전운전불이행,건조,맑음,미분류 - 미분류,기타불명,기타불명,기타불명,기타불명,승용,여,60세,경상
2014100500100016,2014년 10월 5일 00시,일요일,인천광역시 남구 주안동,경상사고,0,0,2,0,차대차 - 기타,안전운전불이행,건조,맑음,교차로 - 교차로부근,승용,남,41세,상해없음,승용,남,51세,경상
2014100500100032,2014년 10월 5일 01시,일요일,인천광역시 강화군 강화읍,경상사고,0,0,3,0,차대차 - 추돌 - 주정차중,안전운전불이행,건조,맑음,단일로 - 기타,승용,남,44세,상해없음,승용,남,41세,경상
2014100500100033,2014년 10월 5일 01시,일요일,인천광역시 부평구 부개동,경상사고,0,0,1,0,차대차 - 측면직각충돌,신호위반,건조,맑음,교차로 - 교차로안,원동기,남,24세,상해없음,원동기,남,18세,경상
2014100500100049,2014년 10월 5일 02시,일요일,인천광역시 서구 가정동,경상사고,0,0,1,0,차량단독 - 도로외이탈 - 기타,안전운전불이행,건조,맑음,단일로 - 기타,원동기,남,26세,경상,,,,
2014100500100075,2014년 10월 5일 05시,일요일,인천광역시 남동구 간석동,경상사고,0,0,1,0,차대차 - 측면직각충돌,신호위반,건조,맑음,교차로 - 교차로안,승용,남,20세,상해없음,승용,남,58세,경상
2014100500100076,2014년 10월 5일 05시,일요일,인천광역시 남동구 구월동,경상사고,0,0,1,0,차대차 - 측면직각충돌,신호위반,건조,맑음,교차로 - 교차로안,승용,남,26세,상해없음,이륜,남,70세,경상
2014100500100246,2014년 10월 5일 14시,일요일,인천광역시 강화군 불은면,중상사고,0,1,0,0,차대사람 - 기타,안전운전불이행,건조,맑음,단일로 - 기타,승합,남,53세,상해없음,보행자,여,82세,중상
2014100500100247,2014년 10월 5일 14시,일요일,인천광역시 부평구 삼산동,중상사고,0,1,0,0,차대차 - 측면직각충돌,신호위반,건조,맑음,교차로 - 교차로안,승용,여,49세,상해없음,자전거,여,56세,중상
2014100500100337,2014년 10월 5일 16시,일요일,인천광역시 계양구 작전동,경상사고,0,0,1,0,차대차 - 추돌 - 진행중,안전운전불이행,건조,맑음,단일로 - 기타,승용,여,20세,경상,승합,남,57세,상해없음
2014100500100394,2014년 10월 5일 18시,일요일,인천광역시 남동구 논현동,경상사고,0,0,2,0,차대차 - 측면직각충돌,안전운전불이행,건조,맑음,단일로 - 기타,승용,남,49세,기타불명,승용,남,34세,경상
2014100500100395,2014년 10월 5일 18시,일요일,인천광역시 남동구 구월동,경상사고,0,0,1,0,차대차 - 측면직각충돌,신호위반,건조,맑음,교차로 - 교차로안,승용,남,25세,상해없음,이륜,남,32세,경상
2014100500100396,2014년 10월 5일 18시,일요일,인천광역시 남동구 구월동,경상사고,0,0,2,0,차대차 - 추돌 - 진행중,안전운전불이행,건조,맑음,단일로 - 기타,이륜,남,17세,상해없음,승용,남,30세,경상
2014100500100463,2014년 10월 5일 20시,일요일,인천광역시 남동구 만수동,중상사고,0,1,0,0,차대사람 - 기타,안전운전불이행,건조,맑음,단일로 - 기타,승용,남,20세,상해없음,보행자,남,14세,중상
2014100500100464,2014년 10월 5일 20시,일요일,인천광역시 서구 금곡동,중상사고,0,1,0,0,차대차 - 추돌 - 진행중,안전운전불이행,기타,맑음,단일로 - 기타,승용,남,36세,상해없음,화물,남,57세,중상
2014100600100056,2014년 10월 6일 06시,월요일,인천광역시 부평구 산곡동,중상사고,0,1,0,0,차대차 - 기타,안전운전불이행,건조,맑음,교차로 - 교차로안,자전거,남,58세,중상,승용,남,67세,상해없음
2014100600100138,2014년 10월 6일 08시,월요일,인천광역시 남구 도화동,경상사고,0,0,1,0,차대차 - 측면직각충돌,차로위반,건조,맑음,단일로 - 기타,기타불명,기타불명,기타불명,기타불명,승합,남,52세,상해없음
2014100600100193,2014년 10월 6일 09시,월요일,인천광역시 남동구 구월동,중상사고,0,1,1,0,차대사람 - 횡단중,안전운전불이행,건조,맑음,단일로 - 기타,자전거,남,64세,중상,보행자,남,51세,경상
2014100600100194,2014년 10월 6일 09시,월요일,인천광역시 서구 원창동,경상사고,0,0,1,0,차대차 - 기타,차로위반,건조,맑음,단일로 - 기타,기타불명,기타불명,기타불명,기타불명,승용,여,33세,경상
2014100600100231,2014년 10월 6일 10시,월요일,인천광역시 남동구 만수동,경상사고,0,0,1,0,차대사람 - 기타,안전운전불이행,건조,맑음,교차로 - 교차로부근,화물,남,44세,상해없음,보행자,여,75세,경상
2014100600100232,2014년 10월 6일 10시,월요일,인천광역시 부평구 삼산동,중상사고,0,1,0,0,차대차 - 측면직각충돌,안전운전불이행,건조,맑음,교차로 - 교차로부근,승용,남,56세,상해없음,자전거,여,42세,중상
2014100600100259,2014년 10월 6일 11시,월요일,인천광역시 서구 당하동,경상사고,0,0,1,0,차대차 - 기타,차로위반,건조,맑음,단일로 - 기타,기타불명,기타불명,기타불명,기타불명,승용,여,47세,경상
2014100600100295,2014년 10월 6일 12시,월요일,인천광역시 서구 석남동,경상사고,0,0,1,0,차대사람 - 기타,안전운전불이행,건조,맑음,교차로 - 교차로부근,기타불명,기타불명,기타불명,기타불명,보행자,여,51세,경상
2014100600100396,2014년 10월 6일 15시,월요일,인천광역시 중구 신흥동2가,중상사고,0,1,0,0,차대차 - 정면충돌,교차로운행방법위반,건조,맑음,교차로 - 교차로부근,건설기계,남,59세,상해없음,승용,남,47세,중상
2014100600100397,2014년 10월 6일 15시,월요일,인천광역시 부평구 십정동,중상사고,0,1,0,0,차대차 - 측면직각충돌,신호위반,건조,맑음,교차로 - 교차로안,승용,여,57세,상해없음,원동기,남,47세,중상