사고번호,사고일시,요일,시군구,사고내용,사망자수,중상자수,경상자수,부상신고자수,사고유형,법규위반,노면상태,기상상태,도로형태,가해운전자 차종,가해운전자 성별,가해운전자 연령,가해운전자 상해정도,피해운전자 차종,피해운전자 성별,피해운전자 연령,피해운전자 상해정도
2014100600100435,2014년 10월 6일 16시,월요일,인천광역시 계양구 동양동,경상사고,0,0,9,2,차대차 - 정면충돌,신호위반,건조,맑음,교차로 - 교차로안,승합,남,50세,상해없음,승용,남,38세,경상
2014100600100534,2014년 10월 6일 18시,월요일,인천광역시 동구 송림동,경상사고,0,0,1,0,차대사람 - 횡단중,중앙선침범,건조,맑음,교차로 - 교차로부근,원동기,남,18세,상해없음,보행자,여,27세,경상
2014100600100574,2014년 10월 6일 19시,월요일,인천광역시 남동구 구월동,중상사고,0,1,0,0,차대사람 - 기타,안전운전불이행,건조,맑음,단일로 - 기타,승용,남,50세,상해없음,보행자,남,70세,중상
2014100600100575,2014년 10월 6일 19시,월요일,인천광역시 서구 가좌동,중상사고,0,1,2,0,차대차 - 추돌 - 주정차중,안전운전불이행,건조,맑음,단일로 - 기타,승용,남,43세,상해없음,승합,남,47세,경상
2014100600100576,2014년 10월 6일 19시,월요일,인천광역시 서구 가정동,경상사고,0,0,2,0,차대사람 - 기타,안전운전불이행,건조,맑음,단일로 - 기타,승용,남,75세,상해없음,보행자,남,21세,경상
2014100600100606,2014년 10월 6일 20시,월요일,인천광역시 남동구 간석동,경상사고,0,0,1,0,차대차 - 추돌 - 주정차중,안전운전불이행,건조,맑음,단일로 - 기타,승용,남,55세,상해없음,승용,여,40세,경상
2014100600100607,2014년 10월 6일 20시,월요일,인천광역시 서구 석남동,부상신고사고,0,0,0,1,차대사람 - 길가장자리구역통행중,안전운전불이행,기타,기타,단일로 - 기타,승용,기타불명,기타불명,기타불명,보행자,남,24세,부상신고
2014100700100020,2014년 10월 7일 01시,화요일,인천광역시 서구 연희동,중상사고,0,1,0,0,차대사람 - 기타,안전운전불이행,건조,맑음,단일로 - 기타,승용,남,28세,상해없음,보행자,남,32세,중상
2014100700100050,2014년 10월 7일 05시,화요일,인천광역시 부평구 청천동,중상사고,0,1,0,0,차대사람 - 횡단중,신호위반,건조,맑음,교차로 - 교차로안,승용,남,70세,상해없음,보행자,여,44세,중상
2014100700100051,2014년 10월 7일 05시,화요일,인천광역시 서구 석남동,경상사고,0,0,1,0,차대사람 - 기타,안전운전불이행,건조,맑음,단일로 - 기타,기타불명,기타불명,기타불명,기타불명,보행자,남,18세,경상
2014100700100098,2014년 10월 7일 07시,화요일,인천광역시 남동구 남촌동,경상사고,0,0,1,0,차대차 - 기타,안전운전불이행,건조,맑음,단일로 - 기타,자전거,기타불명,기타불명,기타불명,자전거,남,16세,경상
2014100700100099,2014년 10월 7일 07시,화요일,인천광역시 남동구 논현동,경상사고,0,0,1,0,차대차 - 측면직각충돌,안전운전불이행,건조,맑음,교차로 - 교차로안,승용,여,54세,기타불명,자전거,남,34세,경상
2014100700100140,2014년 10월 7일 08시,화요일,인천광역시 부평구 십정동,경상사고,0,0,1,0,차대차 - 추돌 - 진행중,안전운전불이행,건조,맑음,기타 - 기타,승용,남,55세,상해없음,승용,남,50세,경상
2014100700100264,2014년 10월 7일 12시,화요일,인천광역시 계양구 갈현동,중상사고,0,1,0,0,차대차 - 기타,안전운전불이행,건조,맑음,교차로 - 교차로부근,화물,남,52세,상해없음,자전거,남,84세,중상
2014100700100265,2014년 10월 7일 12시,화요일,인천광역시 계양구 작전동,중상사고,0,1,0,0,차대차 - 측면직각충돌,안전운전불이행,건조,맑음,교차로 - 교차로부근,승용,여,33세,상해없음,이륜,남,72세,중상
2014100700100327,2014년 10월 7일 14시,화요일,인천광역시 강화군 강화읍,중상사고,0,1,0,0,차대사람 - 기타,보행자보호의무위반,건조,맑음,교차로 - 교차로부근,승합,남,44세,상해없음,보행자,남,65세,중상
2014100700100404,2014년 10월 7일 16시,화요일,인천광역시 부평구 부평동,중상사고,0,2,1,0,차대차 - 기타,안전운전불이행,건조,맑음,단일로 - 기타,승용,남,58세,상해없음,승용,남,58세,경상
2014100700100405,2014년 10월 7일 16시,화요일,인천광역시 서구 연희동,중상사고,0,1,0,0,차대차 - 기타,안전운전불이행,건조,맑음,교차로 - 교차로부근,화물,남,44세,상해없음,자전거,여,7세,중상
2014100700100406,2014년 10월 7일 16시,화요일,인천광역시 서구 석남동,경상사고,0,0,1,0,차대차 - 기타,안전운전불이행,건조,맑음,단일로 - 기타,승용,남,37세,상해없음,승용,남,31세,경상
2014100700100442,2014년 10월 7일 17시,화요일,인천광역시 남동구 간석동,경상사고,0,0,1,0,차대차 - 기타,안전운전불이행,건조,맑음,단일로 - 기타,승용,남,56세,기타불명,이륜,남,42세,경상
2014100700100528,2014년 10월 7일 19시,화요일,인천광역시 남동구 만수동,경상사고,0,0,1,0,차대차 - 기타,교차로운행방법위반,건조,맑음,교차로 - 교차로안,승용,남,59세,상해없음,승합,남,51세,상해없음
2014100700100529,2014년 10월 7일 19시,화요일,인천광역시 부평구 구산동,중상사고,0,1,0,0,차대차 - 측면직각충돌,중앙선침범,건조,맑음,교차로 - 교차로부근,승용,남,40세,상해없음,원동기,남,46세,중상
2014100700100562,2014년 10월 7일 20시,화요일,인천광역시 계양구 서운동,경상사고,0,0,1,0,차대차 - 추돌 - 진행중,안전운전불이행,건조,맑음,단일로 - 기타,화물,남,37세,기타불명,승용,남,40세,경상
2014100700100585,2014년 10월 7일 21시,화요일,인천광역시 부평구 부개동,중상사고,0,1,0,0,차대차 - 추돌 - 진행중,안전운전불이행,건조,맑음,단일로 - 횡단보도부근,승용,남,37세,상해없음,승용,여,44세,중상
2014100700100617,2014년 10월 7일 22시,화요일,인천광역시 남동구 서창동,경상사고,0,0,4,0,차대차 - 추돌 - 주정차중,안전운전불이행,건조,맑음,단일로 - 기타,승용,남,37세,기타불명,승용,여,58세,경상
2014100700100642,2014년 10월 7일 23시,화요일,인천광역시 서구 가정동,중상사고,0,2,0,0,차대차 - 정면충돌,안전운전불이행,건조,맑음,교차로 - 교차로안,승용,남,54세,상해없음,원동기,남,16세,중상
2014100800100011,2014년 10월 8일 00시,수요일,인천광역시 서구 불로동,중상사고,0,1,0,0,차대사람 - 기타,안전운전불이행,건조,맑음,교차로 - 교차로부근,승용,여,52세,상해없음,보행자,남,53세,중상
2014100800100012,2014년 10월 8일 00시,수요일,인천광역시 부평구 부평동,중상사고,0,2,0,0,차대사람 - 보도통행중,기타,건조,맑음,기타 - 기타,이륜,남,16세,상해없음,보행자,남,19세,중상
2014100800100027,2014년 10월 8일 01시,수요일,인천광역시 서구 가좌동,경상사고,0,0,1,0,차대차 - 추돌 - 주정차중,안전거리미확보,건조,맑음,단일로 - 기타,이륜,남,47세,상해없음,승용,남,43세,경상
2014100800100035,2014년 10월 8일 02시,수요일,인천광역시 부평구 십정동,경상사고,0,0,1,0,차대차 - 기타,안전운전불이행,건조,맑음,단일로 - 기타,승용,남,48세,상해없음,승용,남,42세,상해없음
2014100800100048,2014년 10월 8일 04시,수요일,인천광역시 남구 숭의동,중상사고,0,1,0,0,차대사람 - 횡단중,안전운전불이행,건조,맑음,단일로 - 기타,화물,남,44세,상해없음,보행자,남,79세,중상
2014100800100059,2014년 10월 8일 05시,수요일,인천광역시 남동구 간석동,중상사고,0,1,0,0,차대사람 - 기타,안전운전불이행,건조,맑음,단일로 - 횡단보도상,승용,남,56세,상해없음,보행자,남,50세,중상
2014100800100073,2014년 10월 8일 06시,수요일,인천광역시 계양구 계산동,중상사고,0,2,0,0,차대사람 - 횡단중,보행자보호의무위반,건조,맑음,단일로 - 횡단보도상,이륜,남,22세,중상,보행자,남,51세,중상
2014100800100141,2014년 10월 8일 08시,수요일,인천광역시 남구 주안동,경상사고,0,0,1,0,차대차 - 기타,안전운전불이행,건조,맑음,단일로 - 기타,승용,여,44세,상해없음,승용,남,35세,경상
2014100800100168,2014년 10월 8일 09시,수요일,인천광역시 남구 숭의동,경상사고,0,0,1,0,차대차 - 기타,안전운전불이행,건조,맑음,교차로 - 교차로안,승용,남,27세,상해없음,자전거,남,70세,경상
2014100800100169,2014년 10월 8일 09시,수요일,인천광역시 강화군 강화읍,중상사고,0,1,0,0,차대사람 - 기타,안전운전불이행,건조,맑음,기타 - 기타,승합,여,45세,상해없음,보행자,여,84세,중상
2014100800100194,2014년 10월 8일 10시,수요일,인천광역시 중구 운서동,경상사고,0,0,1,0,차대차 - 측면직각충돌,교차로운행방법위반,건조,흐림,교차로 - 교차로안,승용,남,29세,상해없음,화물,남,30세,경상
2014100800100262,2014년 10월 8일 12시,수요일,인천광역시 중구 항동7가,사망사고,1,0,0,0,차대사람 - 기타,안전운전불이행,건조,맑음,교차로 - 교차로안,건설기계,남,41세,상해없음,보행자,남,48세,사망
2014100800100263,2014년 10월 8일 12시,수요일,인천광역시 남구 숭의동,경상사고,0,0,1,0,차대차 - 기타,신호위반,건조,맑음,교차로 - 교차로안,승용,남,28세,상해없음,승용,여,55세,경상
2014100800100264,2014년 10월 8일 12시,수요일,인천광역시 부평구 부평동,부상신고사고,0,0,0,1,차량단독 - 기타,안전운전불이행,건조,맑음,단일로 - 기타,자전거,남,60세,부상신고,,,,
2014100800100304,2014년 10월 8일 13시,수요일,인천광역시 서구 신현동,경상사고,0,0,1,0,차대차 - 측면직각충돌,중앙선침범,건조,맑음,단일로 - 기타,승용,남,65세,상해없음,이륜,남,17세,경상
2014100800100359,2014년 10월 8일 15시,수요일,인천광역시 부평구 부평동,경상사고,0,0,1,0,차대차 - 기타,교차로운행방법위반,건조,맑음,교차로 - 교차로안,승합,남,57세,상해없음,승용,남,29세,경상
2014100800100439,2014년 10월 8일 17시,수요일,인천광역시 계양구 작전동,중상사고,0,1,0,0,차대차 - 측면직각충돌,안전운전불이행,건조,맑음,교차로 - 교차로부근,승합,남,55세,상해없음,이륜,남,59세,중상
2014100800100503,2014년 10월 8일 18시,수요일,인천광역시 남구 도화동,중상사고,0,1,0,0,차대차 - 추돌 - 진행중,안전운전불이행,건조,맑음,단일로 - 기타,승용,남,25세,상해없음,승용,남,44세,중상
2014100800100504,2014년 10월 8일 18시,수요일,인천광역시 부평구 부평동,경상사고,0,0,1,0,차대차 - 측면직각충돌,신호위반,건조,맑음,교차로 - 교차로안,이륜,남,17세,상해없음,이륜,남,50세,경상
2014100800100505,2014년 10월 8일 18시,수요일,인천광역시 남동구 만수동,중상사고,0,1,0,0,차대차 - 기타,안전운전불이행,건조,맑음,단일로 - 기타,원동기,남,38세,상해없음,자전거,남,32세,중상
2014100800100557,2014년 10월 8일 19시,수요일,인천광역시 남구 주안동,경상사고,0,0,1,0,차대차 - 기타,안전운전불이행,건조,맑음,단일로 - 기타,승용,남,55세,상해없음,원동기,남,42세,경상
2014100800100558,2014년 10월 8일 19시,수요일,인천광역시 서구 마전동,중상사고,0,1,0,0,차대사람 - 기타,안전운전불이행,건조,맑음,교차로 - 교차로부근,승용,남,42세,상해없음,보행자,여,75세,중상
2014100800100559,2014년 10월 8일 19시,수요일,인천광역시 연수구 연수동,중상사고,0,1,0,0,차대차 - 기타,신호위반,건조,맑음,교차로 - 교차로부근,승용,남,65세,상해없음,이륜,남,41세,중상
2014100800100587,2014년 10월 8일 20시,수요일,인천광역시 부평구 청천동,경상사고,0,0,1,0,차대차 - 측면직각충돌,안전운전불이행,건조,맑음,단일로 - 기타,원동기,기타불명,기타불명,기타불명,자전거,남,47세,경상
2014100800100588,2014년 10월 8일 20시,수요일,인천광역시 남동구 만수동,중상사고,0,1,0,0,차대차 - 측면직각충돌,기타,건조,맑음,단일로 - 기타,승용,남,48세,상해없음,이륜,남,17세,기타불명
2014100800100639,2014년 10월 8일 21시,수요일,인천광역시 서구 연희동,경상사고,0,0,1,0,차대차 - 추돌 - 진행중,안전운전불이행,건조,맑음,단일로 - 기타,승용,남,49세,상해없음,승합,여,27세,경상
2014100800100668,2014년 10월 8일 22시,수요일,인천광역시 동구 송림동,중상사고,0,1,0,0,차대차 - 측면직각충돌,직진우회전진행방해,건조,맑음,교차로 - 교차로안,화물,남,58세,상해없음,원동기,남,18세,중상
2014100800100669,2014년 10월 8일 22시,수요일,인천광역시 서구 연희동,중상사고,0,1,0,0,차대차 - 기타,안전거리미확보,건조,맑음,교차로 - 교차로부근,자전거,남,16세,상해없음,자전거,여,44세,중상
2014100900100053,2014년 10월 9일 01시,목요일,인천광역시 계양구 계산동,경상사고,0,0,1,0,차대사람 - 횡단중,안전운전불이행,건조,맑음,교차로 - 교차로부근,승용,남,23세,상해없음,보행자,남,38세,경상
2014100900100137,2014년 10월 9일 06시,목요일,인천광역시 남구 관교동,중상사고,0,1,0,0,차대차 - 기타,안전거리미확보,건조,맑음,교차로 - 교차로부근,승합,남,62세,상해없음,원동기,남,73세,중상
2014100900100138,2014년 10월 9일 06시,목요일,인천광역시 남동구 논현동,경상사고,0,0,1,0,차대차 - 추돌 - 주정차중,안전운전불이행,건조,맑음,교차로 - 교차로부근,승용,남,50세,상해없음,승용,남,49세,경상
2014100900100153,2014년 10월 9일 07시,목요일,인천광역시 부평구 구산동,경상사고,0,0,1,0,차대사람 - 기타,안전운전불이행,건조,맑음,단일로 - 기타,승용,여,63세,상해없음,보행자,남,50세,경상
2014100900100215,2014년 10월 9일 10시,목요일,인천광역시 동구 송현동,중상사고,0,1,0,0,차대사람 - 기타,안전운전불이행,건조,맑음,단일로 - 기타,승용,남,63세,상해없음,보행자,남,80세,중상
2014100900100216,2014년 10월 9일 10시,목요일,인천광역시 서구 가정동,경상사고,0,0,1,0,차대차 - 추돌 - 진행중,안전운전불이행,건조,맑음,단일로 - 기타,승용,남,61세,기타불명,승용,남,32세,경상
2014100900100280,2014년 10월 9일 12시,목요일,인천광역시 서구 경서동,경상사고,0,0,1,0,차대차 - 기타,안전운전불이행,건조,맑음,단일로 - 기타,기타불명,기타불명,기타불명,기타불명,자전거,남,9세,경상
2014100900100341,2014년 10월 9일 14시,목요일,인천광역시 중구 송월동3가,경상사고,0,0,1,0,차대사람 - 기타,안전운전불이행,건조,맑음,단일로 - 기타,승용,남,34세,상해없음,보행자,남,26세,경상
2014100900100342,2014년 10월 9일 14시,목요일,인천광역시 서구 연희동,경상사고,0,0,1,0,차대차 - 기타,신호위반,건조,맑음,단일로 - 횡단보도부근,승용,남,54세,상해없음,자전거,남,13세,경상
2014100900100370,2014년 10월 9일 15시,목요일,인천광역시 동구 송현동,경상사고,0,0,2,0,차대차 - 추돌 - 주정차중,안전거리미확보,건조,맑음,교차로 - 교차로부근,화물,남,28세,상해없음,승용,남,31세,경상
2014100900100408,2014년 10월 9일 16시,목요일,인천광역시 남구 학익동,중상사고,0,2,0,0,차대차 - 추돌 - 주정차중,안전운전불이행,건조,맑음,단일로 - 기타,승용,남,35세,상해없음,승용,남,37세,기타불명
2014100900100439,2014년 10월 9일 17시,목요일,인천광역시 계양구 노오지동,경상사고,0,0,2,0,차대차 - 기타,안전운전불이행,건조,맑음,미분류 - 미분류,승용,남,29세,상해없음,승용,남,44세,경상
2014100900100487,2014년 10월 9일 18시,목요일,인천광역시 남구 주안동,경상사고,0,0,1,0,차대사람 - 길가장자리구역통행중,안전운전불이행,건조,맑음,단일로 - 기타,승용,남,59세,상해없음,보행자,남,39세,경상
2014100900100488,2014년 10월 9일 18시,목요일,인천광역시 남구 숭의동,경상사고,0,0,2,0,차대차 - 추돌 - 진행중,안전거리미확보,건조,맑음,단일로 - 기타,화물,남,57세,기타불명,승용,여,44세,경상
2014100900100489,2014년 10월 9일 18시,목요일,인천광역시 부평구 산곡동,경상사고,0,0,1,0,차대차 - 기타,안전운전불이행,건조,맑음,교차로 - 교차로안,승용,여,27세,상해없음,승용,남,64세,상해없음
2014100900100556,2014년 10월 9일 20시,목요일,인천광역시 계양구 효성동,중상사고,0,1,0,0,차대차 - 측면직각충돌,신호위반,건조,맑음,교차로 - 교차로안,자전거,남,22세,중상,승용,여,34세,상해없음
2014100900100591,2014년 10월 9일 21시,목요일,인천광역시 계양구 임학동,중상사고,0,2,0,1,차대차 - 측면직각충돌,안전운전불이행,건조,맑음,단일로 - 기타,승용,여,39세,상해없음,이륜,남,21세,중상
2014100900100628,2014년 10월 9일 23시,목요일,인천광역시 서구 금곡동,중상사고,0,1,0,0,차대차 - 추돌 - 주정차중,안전운전불이행,건조,맑음,교차로 - 교차로부근,승용,남,36세,상해없음,승용,여,28세,중상
2014101000100019,2014년 10월 10일 01시,금요일,인천광역시 남동구 논현동,경상사고,0,0,1,0,차량단독 - 공작물충돌,안전운전불이행,건조,맑음,단일로 - 기타,승용,남,21세,상해없음,,,,
2014101000100081,2014년 10월 10일 06시,금요일,인천광역시 서구 가정동,경상사고,0,0,1,0,차대차 - 기타,신호위반,건조,맑음,교차로 - 교차로부근,기타불명,기타불명,기타불명,기타불명,승합,남,56세,경상
2014101000100082,2014년 10월 10일 06시,금요일,인천광역시 서구 금곡동,중상사고,0,1,0,0,차대차 - 측면직각충돌,신호위반,건조,맑음,교차로 - 교차로안,승합,남,44세,상해없음,건설기계,남,36세,중상
2014101000100119,2014년 10월 10일 07시,금요일,인천광역시 계양구 계산동,경상사고,0,0,3,2,차대차 - 정면충돌,안전운전불이행,건조,맑음,단일로 - 기타,승용,남,54세,상해없음,승용,남,49세,경상
2014101000100250,2014년 10월 10일 10시,금요일,인천광역시 연수구 송도동,경상사고,0,0,2,0,차대차 - 기타,신호위반,건조,맑음,교차로 - 교차로안,승용,여,36세,상해없음,특수,남,42세,경상
2014101000100286,2014년 10월 10일 11시,금요일,인천광역시 남구 주안동,경상사고,0,0,1,0,차대차 - 측면직각충돌,신호위반,건조,맑음,단일로 - 횡단보도상,원동기,남,44세,상해없음,자전거,남,12세,경상
2014101000100309,2014년 10월 10일 12시,금요일,인천광역시 중구 신포동,중상사고,0,1,0,0,차대사람 - 차도통행중,안전운전불이행,건조,맑음,단일로 - 기타,승용,남,51세,상해없음,보행자,여,68세,중상
2014101000100310,2014년 10월 10일 12시,금요일,인천광역시 서구 원창동,사망사고,1,0,0,0,차대차 - 측면직각충돌,안전운전불이행,건조,맑음,단일로 - 기타,화물,남,50세,사망,화물,남,37세,상해없음
2014101000100311,2014년 10월 10일 12시,금요일,인천광역시 계양구 계산동,경상사고,0,0,1,0,차대차 - 측면직각충돌,안전운전불이행,건조,맑음,단일로 - 기타,승합,여,66세,상해없음,승용,여,47세,경상
2014101000100340,2014년 10월 10일 13시,금요일,인천광역시 남구 관교동,경상사고,0,0,1,0,차량단독 - 기타,안전운전불이행,기타,기타,단일로 - 기타,승합,남,46세,상해없음,,,,
2014101000100374,2014년 10월 10일 14시,금요일,인천광역시 중구 중산동,경상사고,0,0,1,0,차대차 - 기타,신호위반,건조,맑음,교차로 - 교차로부근,승용,기타불명,기타불명,기타불명,자전거,여,9세,경상
2014101000100509,2014년 10월 10일 17시,금요일,인천광역시 남구 숭의동,경상사고,0,0,1,0,차대사람 - 횡단중,신호위반,건조,맑음,교차로 - 교차로부근,건설기계,남,46세,상해없음,보행자,여,10세,경상
2014101000100510,2014년 10월 10일 17시,금요일,인천광역시 남구 숭의동,경상사고,0,0,1,0,차량단독 - 기타,안전운전불이행,건조,맑음,단일로 - 기타,승용,남,51세,상해없음,,,,
2014101000100511,2014년 10월 10일 17시,금요일,인천광역시 남동구 수산동,경상사고,0,0,1,0,차대차 - 측면직각충돌,안전운전불이행,건조,맑음,교차로 - 교차로안,승용,남,61세,상해없음,자전거,여,27세,경상
2014101000100563,2014년 10월 10일 18시,금요일,인천광역시 남구 숭의동,중상사고,0,1,0,0,차대사람 - 횡단중,신호위반,건조,맑음,교차로 - 교차로안,승용,남,59세,상해없음,보행자,여,34세,중상
2014101000100564,2014년 10월 10일 18시,금요일,인천광역시 남구 숭의동,중상사고,0,1,0,0,차대차 - 기타,안전운전불이행,건조,맑음,단일로 - 기타,승용,남,31세,상해없음,자전거,남,49세,중상
2014101000100565,2014년 10월 10일 18시,금요일,인천광역시 남구 숭의동,중상사고,0,1,0,0,차대사람 - 기타,안전운전불이행,건조,맑음,단일로 - 기타,승용,남,64세,상해없음,보행자,여,62세,중상
2014101000100566,2014년 10월 10일 18시,금요일,인천광역시 서구 가좌동,경상사고,0,0,1,0,차대사람 - 기타,안전운전불이행,건조,맑음,단일로 - 기타,승용,여,54세,상해없음,보행자,여,60세,경상
2014101000100567,2014년 10월 10일 18시,금요일,인천광역시 계양구 효성동,경상사고,0,0,1,0,차대사람 - 횡단중,안전운전불이행,건조,맑음,단일로 - 기타,이륜,남,17세,상해없음,보행자,여,22세,경상
2014101000100618,2014년 10월 10일 19시,금요일,인천광역시 연수구 송도동,중상사고,0,1,2,0,차대차 - 추돌 - 진행중,안전운전불이행,건조,맑음,단일로 - 기타,승용,남,32세,상해없음,승용,여,36세,중상
2014101000100619,2014년 10월 10일 19시,금요일,인천광역시 부평구 부평동,경상사고,0,0,1,0,차대사람 - 차도통행중,안전운전불이행,건조,맑음,단일로 - 기타,승용,남,50세,상해없음,보행자,여,54세,경상
2014101000100656,2014년 10월 10일 20시,금요일,인천광역시 남동구 간석동,중상사고,0,1,0,0,차대사람 - 기타,안전운전불이행,건조,맑음,단일로 - 기타,승용,남,54세,상해없음,보행자,여,77세,중상
2014101000100681,2014년 10월 10일 21시,금요일,인천광역시 남동구 논현동,경상사고,0,0,1,0,차대차 - 측면직각충돌,신호위반,건조,맑음,교차로 - 교차로안,승용,여,32세,상해없음,승용,남,26세,경상
2014101000100682,2014년 10월 10일 21시,금요일,인천광역시 부평구 삼산동,경상사고,0,0,4,0,차대차 - 측면직각충돌,기타,건조,맑음,교차로 - 교차로안,승용,남,44세,상해없음,승용,남,32세,경상
2014101100100064,2014년 10월 11일 03시,토요일,인천광역시 서구 가좌동,부상신고사고,0,0,0,2,차대차 - 측면직각충돌,중앙선침범,건조,맑음,미분류 - 미분류,기타불명,기타불명,기타불명,기타불명,승용,남,35세,부상신고
2014101100100065,2014년 10월 11일 03시,토요일,인천광역시 계양구 작전동,경상사고,0,0,1,0,차대차 - 측면직각충돌,안전운전불이행,건조,맑음,교차로 - 교차로안,승용,남,54세,상해없음,원동기,남,28세,경상
2014101100100073,2014년 10월 11일 04시,토요일,인천광역시 부평구 갈산동,부상신고사고,0,0,0,1,차량단독 - 공작물충돌,중앙선침범,건조,맑음,단일로 - 기타,승용,남,22세,부상신고,,,,
2014101100100074,2014년 10월 11일 04시,토요일,인천광역시 남동구 장수동,중상사고,0,2,1,0,차량단독 - 공작물충돌,안전운전불이행,건조,맑음,단일로 - 기타,승용,남,15세,상해없음,,,,
2014101100100075,2014년 10월 11일 04시,토요일,인천광역시 남동구 남촌동,경상사고,0,0,4,0,차대차 - 추돌 - 주정차중,안전운전불이행,건조,맑음,단일로 - 기타,승용,여,22세,상해없음,승용,남,21세,경상
2014101100100086,2014년 10월 11일 05시,토요일,인천광역시 부평구 산곡동,경상사고,0,0,1,0,차대차 - 측면직각충돌,신호위반,건조,맑음,교차로 - 교차로안,승합,남,57세,상해없음,승용,남,53세,경상
2014101100100171,2014년 10월 11일 09시,토요일,인천광역시 남동구 논현동,경상사고,0,0,1,0,차대차 - 측면직각충돌,안전운전불이행,건조,맑음,단일로 - 기타,화물,남,49세,상해없음,자전거,남,67세,경상
2014101100100172,2014년 10월 11일 09시,토요일,인천광역시 남동구 만수동,경상사고,0,0,2,0,차대차 - 정면충돌,안전거리미확보,건조,맑음,단일로 - 기타,화물,남,35세,상해없음,승용,남,53세,경상
2014101100100173,2014년 10월 11일 09시,토요일,인천광역시 부평구 삼산동,중상사고,0,1,0,0,차대사람 - 횡단중,안전운전불이행,건조,맑음,교차로 - 교차로안,승용,여,58세,상해없음,보행자,여,48세,중상
2014101100100204,2014년 10월 11일 10시,토요일,인천광역시 중구 항동7가,경상사고,0,0,3,0,차대차 - 측면직각충돌,안전운전불이행,건조,맑음,단일로 - 기타,승용,여,44세,기타불명,화물,여,51세,경상
2014101100100243,2014년 10월 11일 11시,토요일,인천광역시 부평구 청천동,중상사고,0,1,0,0,차대차 - 추돌 - 주정차중,안전운전불이행,건조,맑음,교차로 - 교차로부근,화물,남,53세,상해없음,원동기,여,42세,중상
2014101100100340,2014년 10월 11일 14시,토요일,인천광역시 남동구 장수동,경상사고,0,0,1,0,차대차 - 측면직각충돌,안전운전불이행,건조,맑음,단일로 - 기타,화물,남,38세,상해없음,승용,남,50세,경상
2014101100100385,2014년 10월 11일 15시,토요일,인천광역시 계양구 계산동,경상사고,0,0,1,0,차량단독 - 기타,안전운전불이행,건조,맑음,단일로 - 기타,승합,남,53세,상해없음,,,,
2014101100100386,2014년 10월 11일 15시,토요일,인천광역시 계양구 계산동,경상사고,0,0,2,1,차대차 - 측면직각충돌,안전운전불이행,건조,맑음,단일로 - 기타,승용,남,73세,상해없음,승용,남,32세,경상
2014101100100436,2014년 10월 11일 16시,토요일,인천광역시 중구 항동7가,경상사고,0,0,4,0,차대차 - 측면직각충돌,안전운전불이행,건조,맑음,단일로 - 기타,승용,남,44세,상해없음,승용,남,31세,상해없음
2014101100100476,2014년 10월 11일 17시,토요일,인천광역시 남동구 고잔동,경상사고,0,0,2,0,차대차 - 측면직각충돌,신호위반,건조,맑음,교차로 - 교차로안,기타불명,기타불명,기타불명,기타불명,승용,남,34세,경상
2014101100100477,2014년 10월 11일 17시,토요일,인천광역시 강화군 강화읍,경상사고,0,0,2,0,차대차 - 기타,안전운전불이행,건조,맑음,단일로 - 기타,승용,여,44세,상해없음,승용,여,49세,경상
2014101100100525,2014년 10월 11일 18시,토요일,인천광역시 계양구 병방동,경상사고,0,0,2,0,차대차 - 측면직각충돌,신호위반,건조,맑음,교차로 - 교차로안,승용,여,47세,경상,승용,남,61세,경상
2014101100100527,2014년 10월 11일 18시,토요일,인천광역시 남구 문학동,경상사고,0,0,2,0,차대차 - 기타,신호위반,건조,맑음,교차로 - 교차로안,화물,남,64세,상해없음,승용,남,24세,경상
2014101100100633,2014년 10월 11일 21시,토요일,인천광역시 중구 운남동,중상사고,0,1,0,0,차대차 - 측면직각충돌,신호위반,건조,맑음,교차로 - 교차로안,승용,남,63세,상해없음,승용,여,34세,중상
2014101100100661,2014년 10월 11일 22시,토요일,인천광역시 남구 관교동,중상사고,0,1,0,0,차량단독 - 기타,기타,건조,맑음,단일로 - 기타,승합,남,49세,상해없음,,,,
2014101100100662,2014년 10월 11일 22시,토요일,인천광역시 서구 신현동,부상신고사고,0,0,0,1,차대사람 - 횡단중,안전운전불이행,기타,기타,단일로 - 횡단보도상,승합,기타불명,기타불명,기타불명,보행자,여,51세,부상신고
2014101100100663,2014년 10월 11일 22시,토요일,인천광역시 계양구 임학동,경상사고,0,0,1,0,차량단독 - 기타,안전운전불이행,건조,맑음,단일로 - 횡단보도상,승합,남,46세,상해없음,,,,
2014101100100682,2014년 10월 11일 23시,토요일,인천광역시 남구 숭의동,중상사고,0,1,4,0,차대차 - 기타,안전운전불이행,건조,맑음,단일로 - 기타,승용,남,34세,상해없음,승용,남,49세,경상
2014101200100072,2014년 10월 12일 04시,일요일,인천광역시 부평구 부평동,경상사고,0,0,1,0,차대차 - 측면직각충돌,안전운전불이행,건조,맑음,단일로 - 기타,승용,남,40세,상해없음,자전거,남,22세,경상
2014101200100120,2014년 10월 12일 08시,일요일,인천광역시 남동구 수산동,중상사고,0,1,2,0,차대차 - 추돌 - 진행중,안전운전불이행,건조,맑음,단일로 - 기타,승용,남,28세,상해없음,승용,남,30세,경상
2014101200100121,2014년 10월 12일 08시,일요일,인천광역시 남동구 구월동,경상사고,0,0,5,0,차대차 - 기타,교차로운행방법위반,건조,맑음,교차로 - 교차로안,승용,여,42세,상해없음,승용,남,44세,경상