사고번호,사고일시,요일,시군구,사고내용,사망자수,중상자수,경상자수,부상신고자수,사고유형,법규위반,노면상태,기상상태,도로형태,가해운전자 차종,가해운전자 성별,가해운전자 연령,가해운전자 상해정도,피해운전자 차종,피해운전자 성별,피해운전자 연령,피해운전자 상해정도
2014102000100547,2014년 10월 20일 18시,월요일,인천광역시 남동구 간석동,경상사고,0,0,1,0,차대차 - 기타,안전운전불이행,건조,맑음,단일로 - 기타,승합,남,61세,상해없음,원동기,남,24세,상해없음
2014102000100548,2014년 10월 20일 18시,월요일,인천광역시 계양구 작전동,경상사고,0,0,1,0,차대차 - 기타,안전거리미확보,건조,맑음,단일로 - 기타,이륜,남,22세,상해없음,이륜,여,20세,경상
2014102000100622,2014년 10월 20일 20시,월요일,인천광역시 남동구 만수동,경상사고,0,0,1,0,차대차 - 측면직각충돌,안전운전불이행,건조,맑음,단일로 - 기타,승용,남,44세,상해없음,승용,남,32세,경상
2014102000100655,2014년 10월 20일 21시,월요일,인천광역시 남동구 만수동,경상사고,0,0,1,0,차대차 - 추돌 - 주정차중,안전거리미확보,건조,흐림,단일로 - 기타,화물,남,47세,상해없음,승용,남,30세,경상
2014102000100656,2014년 10월 20일 21시,월요일,인천광역시 서구 원창동,중상사고,0,1,4,0,차대차 - 기타,안전운전불이행,건조,맑음,단일로 - 기타,승용,남,35세,상해없음,승용,여,30세,중상
2014102000100657,2014년 10월 20일 21시,월요일,인천광역시 서구 심곡동,경상사고,0,0,1,0,차대차 - 측면직각충돌,안전거리미확보,건조,맑음,단일로 - 기타,승용,남,36세,상해없음,승용,여,46세,경상
2014102000100706,2014년 10월 20일 23시,월요일,인천광역시 남구 학익동,중상사고,0,2,2,0,차대차 - 측면직각충돌,신호위반,건조,맑음,교차로 - 교차로안,승합,남,57세,상해없음,화물,남,54세,중상
2014102000100707,2014년 10월 20일 23시,월요일,인천광역시 연수구 연수동,경상사고,0,0,1,0,차대차 - 추돌 - 주정차중,안전운전불이행,건조,맑음,교차로 - 교차로부근,승용,남,33세,상해없음,승용,남,31세,경상
2014102100100030,2014년 10월 21일 01시,화요일,인천광역시 부평구 부평동,중상사고,0,1,0,0,차대차 - 기타,신호위반,습기,비,교차로 - 교차로안,원동기,남,15세,중상,승용,남,46세,상해없음
2014102100100066,2014년 10월 21일 04시,화요일,인천광역시 중구 북성동2가,경상사고,0,0,3,0,차대차 - 측면직각충돌,안전운전불이행,습기,비,단일로 - 기타,승용,남,37세,상해없음,승합,남,44세,상해없음
2014102100100080,2014년 10월 21일 05시,화요일,인천광역시 부평구 산곡동,경상사고,0,0,1,0,차대사람 - 기타,신호위반,습기,비,단일로 - 횡단보도상,승용,여,64세,상해없음,보행자,여,62세,경상
2014102100100096,2014년 10월 21일 06시,화요일,인천광역시 서구 원창동,경상사고,0,0,4,0,차대차 - 기타,안전운전불이행,습기,비,교차로 - 교차로안,승용,남,57세,경상,승용,남,63세,상해없음
2014102100100118,2014년 10월 21일 07시,화요일,인천광역시 남구 관교동,경상사고,0,0,1,0,차대사람 - 기타,기타,건조,맑음,단일로 - 기타,기타불명,기타불명,기타불명,기타불명,보행자,여,56세,경상
2014102100100159,2014년 10월 21일 08시,화요일,인천광역시 연수구 옥련동,중상사고,0,1,0,0,차대사람 - 횡단중,신호위반,습기,비,단일로 - 횡단보도상,승합,남,46세,상해없음,보행자,남,20세,중상
2014102100100329,2014년 10월 21일 14시,화요일,인천광역시 남동구 구월동,중상사고,0,1,0,0,차대차 - 측면직각충돌,신호위반,습기,비,교차로 - 교차로안,승합,남,74세,상해없음,승용,여,52세,중상
2014102100100377,2014년 10월 21일 15시,화요일,인천광역시 남동구 구월동,경상사고,0,0,1,0,차대차 - 기타,차로위반,습기,흐림,단일로 - 기타,화물,남,49세,상해없음,이륜,남,24세,경상
2014102100100407,2014년 10월 21일 16시,화요일,인천광역시 남동구 고잔동,경상사고,0,0,1,0,차대차 - 측면직각충돌,차로위반,건조,맑음,단일로 - 기타,승용,남,47세,상해없음,승용,남,29세,경상
2014102100100517,2014년 10월 21일 18시,화요일,인천광역시 서구 석남동,경상사고,0,0,1,0,차대사람 - 횡단중,안전운전불이행,건조,맑음,단일로 - 횡단보도부근,승용,남,32세,상해없음,보행자,남,12세,경상
2014102100100518,2014년 10월 21일 18시,화요일,인천광역시 계양구 작전동,경상사고,0,0,2,0,차대차 - 기타,안전운전불이행,습기,비,단일로 - 기타,승용,여,59세,경상,승용,남,39세,상해없음
2014102100100576,2014년 10월 21일 19시,화요일,인천광역시 중구 항동4가,경상사고,0,0,3,0,차대차 - 측면직각충돌,교차로운행방법위반,습기,흐림,교차로 - 교차로안,승용,남,45세,상해없음,승용,남,55세,경상
2014102100100577,2014년 10월 21일 19시,화요일,인천광역시 부평구 부평동,경상사고,0,0,1,0,차대사람 - 기타,안전운전불이행,건조,맑음,단일로 - 기타,승용,남,55세,상해없음,보행자,여,59세,경상
2014102100100631,2014년 10월 21일 20시,화요일,인천광역시 남동구 남촌동,경상사고,0,0,2,0,차대사람 - 횡단중,중앙선침범,건조,맑음,단일로 - 횡단보도부근,승용,남,43세,상해없음,보행자,여,51세,경상
2014102100100632,2014년 10월 21일 20시,화요일,인천광역시 남동구 남촌동,중상사고,0,1,0,0,차대차 - 측면직각충돌,안전운전불이행,건조,맑음,교차로 - 교차로안,이륜,남,16세,상해없음,화물,남,48세,상해없음
2014102100100633,2014년 10월 21일 20시,화요일,인천광역시 남동구 고잔동,경상사고,0,0,1,0,차대차 - 기타,중앙선침범,습기,흐림,단일로 - 기타,자전거,남,63세,경상,승용,남,42세,상해없음
2014102100100634,2014년 10월 21일 20시,화요일,인천광역시 서구 연희동,중상사고,0,1,0,0,차대차 - 측면직각충돌,불법유턴,건조,맑음,단일로 - 기타,승용,남,32세,상해없음,이륜,남,33세,중상
2014102100100734,2014년 10월 21일 22시,화요일,인천광역시 남구 주안동,경상사고,0,0,1,0,차대차 - 측면직각충돌,신호위반,건조,맑음,교차로 - 교차로안,승용,남,42세,상해없음,승용,남,34세,경상
2014102100100735,2014년 10월 21일 22시,화요일,인천광역시 계양구 계산동,경상사고,0,0,1,0,차대차 - 추돌 - 진행중,안전거리미확보,건조,맑음,단일로 - 기타,승용,남,31세,상해없음,승용,남,58세,경상
2014102100100768,2014년 10월 21일 23시,화요일,인천광역시 중구 운서동,중상사고,0,1,1,0,차대차 - 추돌 - 진행중,안전운전불이행,건조,맑음,교차로 - 교차로부근,승용,남,38세,상해없음,승용,남,37세,중상
2014102200100041,2014년 10월 22일 01시,수요일,인천광역시 부평구 부평동,중상사고,0,2,2,0,차대차 - 기타,신호위반,건조,맑음,교차로 - 교차로안,승용,남,47세,경상,승용,남,49세,중상
2014102200100042,2014년 10월 22일 01시,수요일,인천광역시 남동구 만수동,경상사고,0,0,3,0,차대차 - 추돌 - 주정차중,안전운전불이행,건조,맑음,단일로 - 기타,승용,남,34세,상해없음,승용,남,49세,경상
2014102200100055,2014년 10월 22일 02시,수요일,인천광역시 남구 주안동,중상사고,0,1,0,0,차대차 - 추돌 - 주정차중,안전운전불이행,건조,맑음,교차로 - 교차로부근,승용,남,41세,상해없음,승용,남,35세,중상
2014102200100064,2014년 10월 22일 03시,수요일,인천광역시 남동구 간석동,경상사고,0,0,1,0,차대차 - 측면직각충돌,차로위반,건조,맑음,단일로 - 기타,승용,남,48세,상해없음,승용,남,63세,상해없음
2014102200100091,2014년 10월 22일 05시,수요일,인천광역시 남구 도화동,사망사고,1,0,0,0,차대사람 - 횡단중,보행자보호의무위반,건조,맑음,단일로 - 기타,승용,남,55세,상해없음,보행자,남,53세,사망
2014102200100092,2014년 10월 22일 05시,수요일,인천광역시 서구 가좌동,중상사고,0,1,2,0,차대차 - 정면충돌,중앙선침범,건조,맑음,단일로 - 기타,승용,남,47세,상해없음,화물,남,44세,중상
2014102200100114,2014년 10월 22일 06시,수요일,인천광역시 남구 주안동,중상사고,0,1,0,0,차대사람 - 횡단중,안전운전불이행,건조,맑음,단일로 - 횡단보도상,기타불명,기타불명,기타불명,기타불명,보행자,여,50세,중상
2014102200100115,2014년 10월 22일 06시,수요일,인천광역시 남동구 논현동,경상사고,0,0,1,0,차대차 - 추돌 - 주정차중,안전운전불이행,건조,맑음,단일로 - 기타,승용,남,46세,상해없음,승용,남,45세,경상
2014102200100116,2014년 10월 22일 06시,수요일,인천광역시 연수구 송도동,경상사고,0,0,1,0,차대차 - 기타,신호위반,건조,맑음,교차로 - 교차로안,승용,여,43세,상해없음,승용,남,28세,경상
2014102200100144,2014년 10월 22일 07시,수요일,인천광역시 남동구 구월동,경상사고,0,0,1,0,차대차 - 기타,안전운전불이행,건조,맑음,교차로 - 교차로안,자전거,남,18세,경상,승용,남,53세,상해없음
2014102200100145,2014년 10월 22일 07시,수요일,인천광역시 서구 가좌동,경상사고,0,0,1,0,차대차 - 추돌 - 진행중,안전거리미확보,건조,맑음,단일로 - 기타,승용,여,27세,상해없음,승용,남,32세,경상
2014102200100231,2014년 10월 22일 10시,수요일,인천광역시 남구 주안동,중상사고,0,2,0,1,차대차 - 정면충돌,신호위반,건조,맑음,교차로 - 교차로안,승용,남,61세,부상신고,화물,남,47세,중상
2014102200100232,2014년 10월 22일 10시,수요일,인천광역시 부평구 부평동,중상사고,0,1,0,0,차대차 - 측면직각충돌,안전운전불이행,건조,맑음,단일로 - 횡단보도상,자전거,여,56세,중상,승용,남,61세,상해없음
2014102200100256,2014년 10월 22일 11시,수요일,인천광역시 남구 도화동,중상사고,0,1,0,0,차대차 - 측면직각충돌,기타,건조,맑음,교차로 - 교차로부근,자전거,남,36세,상해없음,자전거,남,59세,중상
2014102200100257,2014년 10월 22일 11시,수요일,인천광역시 연수구 옥련동,중상사고,0,1,0,0,차대차 - 기타,중앙선침범,건조,맑음,단일로 - 기타,승용,여,35세,상해없음,승용,남,51세,중상
2014102200100290,2014년 10월 22일 12시,수요일,인천광역시 남동구 논현동,중상사고,0,1,0,0,차대차 - 기타,안전운전불이행,건조,맑음,단일로 - 기타,자전거,남,24세,상해없음,자전거,여,62세,중상
2014102200100291,2014년 10월 22일 12시,수요일,인천광역시 계양구 효성동,중상사고,0,1,0,0,차대사람 - 횡단중,안전운전불이행,건조,맑음,교차로 - 교차로안,승용,여,37세,상해없음,보행자,여,81세,중상
2014102200100320,2014년 10월 22일 13시,수요일,인천광역시 서구 대곡동,중상사고,0,1,0,0,차대차 - 추돌 - 주정차중,안전운전불이행,건조,맑음,단일로 - 기타,승용,여,45세,상해없음,승용,여,41세,중상
2014102200100348,2014년 10월 22일 14시,수요일,인천광역시 남동구 장수동,경상사고,0,0,2,0,차대차 - 추돌 - 주정차중,안전운전불이행,건조,흐림,미분류 - 미분류,화물,남,59세,상해없음,승용,남,49세,경상
2014102200100349,2014년 10월 22일 14시,수요일,인천광역시 서구 당하동,경상사고,0,0,2,0,차대사람 - 횡단중,기타,건조,맑음,단일로 - 기타,승용,남,58세,상해없음,보행자,남,7세,경상
2014102200100388,2014년 10월 22일 15시,수요일,인천광역시 남동구 논현동,부상신고사고,0,0,0,1,차대차 - 측면직각충돌,중앙선침범,건조,맑음,단일로 - 기타,원동기,남,59세,부상신고,화물,남,45세,상해없음
2014102200100424,2014년 10월 22일 16시,수요일,인천광역시 서구 가좌동,중상사고,0,1,0,0,차대차 - 기타,안전운전불이행,건조,맑음,교차로 - 교차로안,승용,여,44세,상해없음,원동기,남,37세,중상
2014102200100425,2014년 10월 22일 16시,수요일,인천광역시 연수구 동춘동,중상사고,0,1,0,0,차대차 - 기타,안전운전불이행,건조,맑음,단일로 - 기타,승용,남,48세,상해없음,승용,남,41세,중상
2014102200100455,2014년 10월 22일 17시,수요일,인천광역시 남구 주안동,경상사고,0,0,2,0,차대차 - 기타,안전운전불이행,건조,맑음,교차로 - 교차로안,이륜,남,28세,경상,승용,남,54세,경상
2014102200100568,2014년 10월 22일 19시,수요일,인천광역시 부평구 부평동,경상사고,0,0,2,0,차대차 - 측면직각충돌,교차로운행방법위반,건조,맑음,교차로 - 교차로안,승용,남,52세,상해없음,승용,남,50세,상해없음
2014102200100569,2014년 10월 22일 19시,수요일,인천광역시 계양구 계산동,중상사고,0,1,0,0,차대사람 - 기타,안전운전불이행,건조,맑음,단일로 - 기타,이륜,남,48세,상해없음,보행자,남,53세,중상
2014102200100592,2014년 10월 22일 20시,수요일,인천광역시 남구 주안동,경상사고,0,0,1,0,차대사람 - 횡단중,신호위반,건조,맑음,단일로 - 횡단보도상,승용,여,56세,상해없음,보행자,남,21세,경상
2014102200100593,2014년 10월 22일 20시,수요일,인천광역시 남구 학익동,중상사고,0,1,0,0,차대사람 - 횡단중,안전운전불이행,건조,맑음,단일로 - 기타,승합,남,41세,상해없음,보행자,남,43세,중상
2014102200100666,2014년 10월 22일 22시,수요일,인천광역시 남구 도화동,중상사고,0,1,4,0,차대차 - 추돌 - 주정차중,안전운전불이행,건조,맑음,기타 - 기타,승용,남,39세,상해없음,승용,남,61세,중상
2014102200100667,2014년 10월 22일 22시,수요일,인천광역시 부평구 십정동,중상사고,0,1,0,0,차대사람 - 차도통행중,안전운전불이행,건조,맑음,교차로 - 교차로안,승합,남,64세,상해없음,보행자,여,34세,중상
2014102200100668,2014년 10월 22일 22시,수요일,인천광역시 서구 연희동,중상사고,0,1,0,0,차대차 - 기타,신호위반,건조,맑음,교차로 - 교차로안,이륜,남,27세,중상,승합,남,40세,상해없음
2014102300100026,2014년 10월 23일 01시,목요일,인천광역시 서구 경서동,경상사고,0,0,2,2,차대차 - 기타,안전운전불이행,건조,맑음,교차로 - 교차로부근,승용,남,43세,부상신고,승용,남,62세,경상
2014102300100047,2014년 10월 23일 04시,목요일,인천광역시 부평구 산곡동,경상사고,0,0,1,0,차대사람 - 기타,교차로운행방법위반,건조,맑음,교차로 - 교차로안,승용,여,52세,상해없음,보행자,남,49세,경상
2014102300100155,2014년 10월 23일 08시,목요일,인천광역시 남구 학익동,경상사고,0,0,1,0,차대사람 - 횡단중,신호위반,건조,맑음,단일로 - 기타,이륜,남,17세,상해없음,보행자,여,13세,경상
2014102300100156,2014년 10월 23일 08시,목요일,인천광역시 서구 가정동,중상사고,0,1,1,0,차대차 - 측면직각충돌,안전거리미확보,건조,맑음,단일로 - 기타,승용,여,56세,상해없음,승용,여,51세,중상
2014102300100188,2014년 10월 23일 09시,목요일,인천광역시 남동구 구월동,중상사고,0,1,0,0,차량단독 - 기타,안전운전불이행,건조,맑음,단일로 - 기타,승합,남,50세,상해없음,,,,
2014102300100189,2014년 10월 23일 09시,목요일,인천광역시 부평구 삼산동,경상사고,0,0,1,0,차대차 - 측면직각충돌,신호위반,건조,맑음,교차로 - 교차로안,승용,남,37세,상해없음,승용,남,44세,경상
2014102300100225,2014년 10월 23일 10시,목요일,인천광역시 남구 주안동,경상사고,0,0,1,0,차대차 - 측면직각충돌,신호위반,건조,맑음,단일로 - 횡단보도상,화물,남,50세,상해없음,자전거,남,20세,경상
2014102300100226,2014년 10월 23일 10시,목요일,인천광역시 남동구 남촌동,중상사고,0,1,1,0,차대차 - 측면직각충돌,안전거리미확보,건조,맑음,미분류 - 미분류,승용,남,52세,상해없음,승용,남,30세,경상
2014102300100227,2014년 10월 23일 10시,목요일,인천광역시 서구 연희동,경상사고,0,0,1,0,차대차 - 측면직각충돌,신호위반,건조,맑음,교차로 - 교차로안,승용,여,44세,상해없음,승용,여,40세,경상
2014102300100264,2014년 10월 23일 11시,목요일,인천광역시 남동구 구월동,경상사고,0,0,1,0,차대차 - 측면직각충돌,안전거리미확보,건조,맑음,교차로 - 교차로안,이륜,남,20세,경상,승용,남,26세,상해없음
2014102300100291,2014년 10월 23일 12시,목요일,인천광역시 부평구 산곡동,경상사고,0,0,1,0,차대차 - 측면직각충돌,안전운전불이행,건조,맑음,단일로 - 기타,승용,남,65세,상해없음,원동기,남,22세,경상
2014102300100292,2014년 10월 23일 12시,목요일,인천광역시 남동구 서창동,사망사고,1,0,0,0,차대차 - 측면직각충돌,안전운전불이행,건조,맑음,미분류 - 미분류,승합,남,62세,상해없음,자전거,남,77세,사망
2014102300100293,2014년 10월 23일 12시,목요일,인천광역시 서구 경서동,중상사고,0,1,0,0,차대차 - 기타,안전운전불이행,건조,맑음,교차로 - 교차로안,자전거,여,66세,중상,특수,남,27세,상해없음
2014102300100327,2014년 10월 23일 13시,목요일,인천광역시 동구 송림동,중상사고,0,1,4,0,차대차 - 추돌 - 주정차중,안전운전불이행,건조,맑음,단일로 - 기타,화물,남,35세,상해없음,화물,여,48세,경상
2014102300100363,2014년 10월 23일 14시,목요일,인천광역시 남구 문학동,경상사고,0,0,1,0,차대사람 - 차도통행중,안전운전불이행,건조,맑음,단일로 - 기타,승용,여,45세,상해없음,보행자,여,10세,경상
2014102300100400,2014년 10월 23일 15시,목요일,인천광역시 부평구 부평동,중상사고,0,1,0,0,차대사람 - 기타,안전운전불이행,건조,맑음,단일로 - 기타,승합,남,63세,상해없음,보행자,남,64세,중상
2014102300100401,2014년 10월 23일 15시,목요일,인천광역시 남동구 구월동,경상사고,0,0,1,0,차대사람 - 기타,기타,건조,맑음,단일로 - 기타,이륜,남,20세,상해없음,보행자,여,34세,경상
2014102300100402,2014년 10월 23일 15시,목요일,인천광역시 남동구 구월동,경상사고,0,0,3,0,차대차 - 측면직각충돌,안전거리미확보,건조,맑음,단일로 - 기타,승용,남,57세,상해없음,승용,남,40세,경상
2014102300100443,2014년 10월 23일 16시,목요일,인천광역시 부평구 청천동,경상사고,0,0,1,0,차대사람 - 보도통행중,기타,건조,맑음,단일로 - 기타,원동기,남,66세,상해없음,보행자,여,15세,경상
2014102300100491,2014년 10월 23일 17시,목요일,인천광역시 중구 중산동,경상사고,0,0,2,1,차대차 - 측면직각충돌,직진우회전진행방해,건조,맑음,교차로 - 교차로안,승용,남,62세,상해없음,승용,남,59세,경상
2014102300100492,2014년 10월 23일 17시,목요일,인천광역시 부평구 산곡동,경상사고,0,0,1,0,차대사람 - 횡단중,보행자보호의무위반,건조,맑음,단일로 - 횡단보도상,승용,남,66세,상해없음,보행자,여,13세,경상
2014102300100545,2014년 10월 23일 18시,목요일,인천광역시 서구 가좌동,중상사고,0,1,0,0,차대사람 - 기타,안전운전불이행,건조,흐림,단일로 - 기타,승용,남,50세,상해없음,보행자,남,64세,중상
2014102300100546,2014년 10월 23일 18시,목요일,인천광역시 서구 당하동,경상사고,0,0,1,0,차대사람 - 횡단중,안전운전불이행,건조,맑음,단일로 - 기타,승용,여,59세,상해없음,보행자,여,51세,경상
2014102300100547,2014년 10월 23일 18시,목요일,인천광역시 부평구 부개동,경상사고,0,0,1,0,차대사람 - 횡단중,안전운전불이행,건조,맑음,단일로 - 기타,승용,여,48세,상해없음,보행자,여,15세,경상
2014102300100548,2014년 10월 23일 18시,목요일,인천광역시 부평구 부평동,경상사고,0,0,1,0,차대차 - 기타,불법유턴,건조,맑음,교차로 - 교차로안,자전거,남,17세,상해없음,이륜,남,33세,경상
2014102300100585,2014년 10월 23일 19시,목요일,인천광역시 남동구 도림동,경상사고,0,0,1,0,차대차 - 측면직각충돌,안전운전불이행,건조,맑음,단일로 - 기타,승용,남,61세,기타불명,승용,여,33세,경상
2014102300100586,2014년 10월 23일 19시,목요일,인천광역시 서구 가좌동,중상사고,0,1,0,0,차대차 - 기타,신호위반,건조,맑음,교차로 - 교차로안,화물,남,49세,상해없음,이륜,남,39세,중상
2014102300100587,2014년 10월 23일 19시,목요일,인천광역시 계양구 계산동,중상사고,0,1,0,0,차대사람 - 횡단중,안전운전불이행,건조,맑음,교차로 - 교차로부근,승용,남,60세,상해없음,보행자,여,55세,중상
2014102300100588,2014년 10월 23일 19시,목요일,인천광역시 부평구 갈산동,경상사고,0,0,1,0,차대사람 - 기타,안전운전불이행,건조,맑음,교차로 - 교차로부근,이륜,남,16세,상해없음,보행자,남,24세,경상
2014102300100624,2014년 10월 23일 20시,목요일,인천광역시 계양구 용종동,경상사고,0,0,1,0,차대사람 - 기타,안전운전불이행,건조,맑음,교차로 - 교차로부근,승용,여,46세,상해없음,보행자,남,41세,경상
2014102300100654,2014년 10월 23일 21시,목요일,인천광역시 남동구 구월동,경상사고,0,0,6,0,차대차 - 측면직각충돌,안전거리미확보,건조,맑음,교차로 - 교차로부근,승용,남,34세,상해없음,승용,남,59세,경상
2014102300100655,2014년 10월 23일 21시,목요일,인천광역시 남동구 도림동,중상사고,0,1,0,0,차대차 - 측면직각충돌,안전운전불이행,건조,맑음,교차로 - 교차로안,자전거,여,54세,중상,승용,남,52세,상해없음
2014102300100708,2014년 10월 23일 23시,목요일,인천광역시 서구 심곡동,부상신고사고,0,0,0,1,차대사람 - 기타,안전운전불이행,건조,흐림,단일로 - 기타,승용,남,49세,상해없음,보행자,남,53세,부상신고
2014102300100709,2014년 10월 23일 23시,목요일,인천광역시 연수구 송도동,경상사고,0,0,3,0,차대차 - 측면직각충돌,신호위반,건조,맑음,교차로 - 교차로안,승용,여,46세,경상,승용,여,42세,경상
2014102400100018,2014년 10월 24일 00시,금요일,인천광역시 서구 공촌동,경상사고,0,0,1,0,차대차 - 기타,안전운전불이행,건조,기타,단일로 - 기타,승용,남,52세,상해없음,건설기계,남,32세,경상
2014102400100034,2014년 10월 24일 01시,금요일,인천광역시 부평구 일신동,경상사고,0,0,2,0,차대차 - 기타,차로위반,건조,맑음,단일로 - 기타,기타불명,기타불명,기타불명,기타불명,승용,남,46세,경상
2014102400100044,2014년 10월 24일 02시,금요일,인천광역시 남구 관교동,사망사고,1,0,0,0,차대사람 - 횡단중,안전운전불이행,건조,맑음,단일로 - 횡단보도상,승용,남,28세,상해없음,보행자,남,80세,사망
2014102400100045,2014년 10월 24일 02시,금요일,인천광역시 서구 가좌동,경상사고,0,0,1,0,차대차 - 추돌 - 주정차중,안전운전불이행,건조,맑음,단일로 - 기타,승용,남,49세,상해없음,승용,남,44세,기타불명
2014102400100118,2014년 10월 24일 07시,금요일,인천광역시 계양구 작전동,경상사고,0,0,1,0,차대사람 - 횡단중,보행자보호의무위반,건조,맑음,단일로 - 횡단보도상,승용,기타불명,기타불명,기타불명,보행자,남,17세,경상
2014102400100163,2014년 10월 24일 08시,금요일,인천광역시 남구 주안동,경상사고,0,0,1,0,차대사람 - 차도통행중,안전운전불이행,건조,맑음,단일로 - 기타,승용,남,30세,상해없음,보행자,여,69세,경상
2014102400100164,2014년 10월 24일 08시,금요일,인천광역시 남구 주안동,경상사고,0,0,1,0,차대차 - 추돌 - 주정차중,안전운전불이행,건조,맑음,단일로 - 교량,승용,여,58세,상해없음,승용,남,35세,경상
2014102400100165,2014년 10월 24일 08시,금요일,인천광역시 서구 연희동,경상사고,0,0,1,0,차대사람 - 횡단중,신호위반,건조,맑음,단일로 - 기타,승용,남,57세,상해없음,보행자,여,8세,경상
2014102400100166,2014년 10월 24일 08시,금요일,인천광역시 연수구 연수동,경상사고,0,0,1,0,차대차 - 기타,교차로운행방법위반,건조,맑음,교차로 - 교차로부근,승용,남,59세,상해없음,승합,남,38세,경상
2014102400100193,2014년 10월 24일 09시,금요일,인천광역시 남동구 만수동,중상사고,0,1,0,0,차대차 - 기타,안전운전불이행,건조,맑음,단일로 - 기타,자전거,남,53세,중상,화물,남,56세,상해없음
2014102400100194,2014년 10월 24일 09시,금요일,인천광역시 계양구 효성동,경상사고,0,0,1,0,차대사람 - 기타,안전운전불이행,건조,맑음,교차로 - 교차로안,승용,여,62세,상해없음,보행자,여,61세,경상
2014102400100195,2014년 10월 24일 09시,금요일,인천광역시 계양구 박촌동,경상사고,0,0,1,0,차대사람 - 차도통행중,안전운전불이행,건조,맑음,단일로 - 기타,승용,여,38세,상해없음,보행자,남,40세,경상
2014102400100231,2014년 10월 24일 10시,금요일,인천광역시 서구 원창동,중상사고,0,1,0,0,차대사람 - 기타,안전운전불이행,건조,맑음,단일로 - 기타,건설기계,남,67세,상해없음,보행자,남,64세,중상
2014102400100298,2014년 10월 24일 12시,금요일,인천광역시 연수구 송도동,경상사고,0,0,4,1,차대차 - 추돌 - 주정차중,안전운전불이행,건조,맑음,교차로 - 교차로부근,승합,남,53세,상해없음,승용,여,55세,경상
2014102400100327,2014년 10월 24일 13시,금요일,인천광역시 동구 송현동,경상사고,0,0,1,0,차량단독 - 기타,안전운전불이행,건조,맑음,단일로 - 기타,승합,남,53세,상해없음,,,,
2014102400100390,2014년 10월 24일 15시,금요일,인천광역시 연수구 연수동,중상사고,0,1,1,0,차대사람 - 기타,중앙선침범,건조,맑음,단일로 - 기타,승용,남,24세,상해없음,보행자,남,57세,중상
2014102400100473,2014년 10월 24일 17시,금요일,인천광역시 강화군 길상면,경상사고,0,0,1,0,차대차 - 추돌 - 주정차중,교차로운행방법위반,건조,맑음,교차로 - 교차로부근,승용,남,37세,상해없음,승용,여,29세,경상
2014102400100610,2014년 10월 24일 20시,금요일,인천광역시 부평구 청천동,경상사고,0,0,1,0,차대차 - 측면직각충돌,신호위반,건조,맑음,교차로 - 교차로안,승용,남,55세,상해없음,원동기,남,38세,경상
2014102400100611,2014년 10월 24일 20시,금요일,인천광역시 서구 당하동,경상사고,0,0,1,0,차대차 - 기타,안전운전불이행,건조,맑음,단일로 - 기타,승용,남,41세,상해없음,승용,남,52세,상해없음
2014102400100643,2014년 10월 24일 21시,금요일,인천광역시 남동구 서창동,경상사고,0,0,1,0,차대사람 - 횡단중,보행자보호의무위반,건조,맑음,단일로 - 횡단보도상,승용,여,53세,상해없음,보행자,남,53세,경상
2014102400100666,2014년 10월 24일 22시,금요일,인천광역시 남동구 구월동,경상사고,0,0,1,0,차대사람 - 횡단중,보행자보호의무위반,건조,맑음,단일로 - 기타,승용,남,53세,상해없음,보행자,여,4세,경상
2014102400100667,2014년 10월 24일 22시,금요일,인천광역시 서구 경서동,경상사고,0,0,1,0,차대차 - 기타,신호위반,건조,맑음,교차로 - 교차로안,원동기,남,18세,상해없음,이륜,남,16세,경상
2014102500100022,2014년 10월 25일 00시,토요일,인천광역시 계양구 상야동,사망사고,1,0,0,0,차량단독 - 기타,안전운전불이행,건조,맑음,미분류 - 미분류,승용,남,46세,사망,,,,
2014102500100056,2014년 10월 25일 02시,토요일,인천광역시 남동구 장수동,경상사고,0,0,1,0,차대차 - 측면직각충돌,안전운전불이행,건조,맑음,단일로 - 기타,승용,남,30세,상해없음,승용,남,53세,경상
2014102500100069,2014년 10월 25일 03시,토요일,인천광역시 계양구 계산동,경상사고,0,0,1,0,차대차 - 추돌 - 진행중,안전운전불이행,건조,맑음,단일로 - 기타,승용,남,27세,상해없음,승용,남,32세,경상
2014102500100121,2014년 10월 25일 06시,토요일,인천광역시 남동구 장수동,경상사고,0,0,2,0,차대차 - 추돌 - 주정차중,안전운전불이행,건조,맑음,단일로 - 기타,화물,남,52세,상해없음,승용,남,50세,경상
2014102500100231,2014년 10월 25일 10시,토요일,인천광역시 강화군 양도면,경상사고,0,0,1,0,차대차 - 추돌 - 주정차중,안전운전불이행,건조,맑음,교차로 - 교차로안,건설기계,남,58세,상해없음,승용,여,52세,경상
2014102500100263,2014년 10월 25일 11시,토요일,인천광역시 남구 학익동,경상사고,0,0,1,0,차대사람 - 기타,안전운전불이행,건조,맑음,단일로 - 기타,승용,남,63세,상해없음,보행자,남,55세,경상
2014102500100304,2014년 10월 25일 12시,토요일,인천광역시 남동구 구월동,경상사고,0,0,7,0,차대차 - 기타,중앙선침범,건조,맑음,교차로 - 교차로부근,승용,남,53세,상해없음,승용,남,60세,경상