사고번호,사고일시,요일,시군구,사고내용,사망자수,중상자수,경상자수,부상신고자수,사고유형,법규위반,노면상태,기상상태,도로형태,가해운전자 차종,가해운전자 성별,가해운전자 연령,가해운전자 상해정도,피해운전자 차종,피해운전자 성별,피해운전자 연령,피해운전자 상해정도
2014102500100305,2014년 10월 25일 12시,토요일,인천광역시 강화군 강화읍,중상사고,0,1,0,0,차대차 - 기타,안전운전불이행,건조,맑음,단일로 - 기타,승용,남,45세,상해없음,자전거,남,32세,중상
2014102500100339,2014년 10월 25일 13시,토요일,인천광역시 부평구 산곡동,경상사고,0,0,1,0,차대차 - 추돌 - 주정차중,안전운전불이행,건조,맑음,교차로 - 교차로부근,승용,여,53세,상해없음,화물,남,56세,경상
2014102500100340,2014년 10월 25일 13시,토요일,인천광역시 강화군 양사면,부상신고사고,0,0,0,1,차량단독 - 공작물충돌,안전운전불이행,건조,맑음,단일로 - 기타,원동기,남,59세,부상신고,,,,
2014102500100341,2014년 10월 25일 13시,토요일,인천광역시 부평구 일신동,중상사고,0,1,0,0,차대사람 - 횡단중,보행자보호의무위반,건조,맑음,단일로 - 횡단보도상,승용,남,36세,상해없음,보행자,남,62세,중상
2014102500100372,2014년 10월 25일 14시,토요일,인천광역시 남구 도화동,중상사고,0,1,0,0,차대차 - 측면직각충돌,안전운전불이행,건조,맑음,기타 - 기타,승용,남,62세,상해없음,자전거,남,66세,중상
2014102500100373,2014년 10월 25일 14시,토요일,인천광역시 계양구 효성동,경상사고,0,0,1,0,차대사람 - 길가장자리구역통행중,안전운전불이행,건조,맑음,단일로 - 기타,승용,여,44세,상해없음,보행자,남,5세,경상
2014102500100401,2014년 10월 25일 15시,토요일,인천광역시 부평구 청천동,경상사고,0,0,2,0,차대차 - 추돌 - 주정차중,안전운전불이행,건조,맑음,교차로 - 교차로안,승용,남,35세,상해없음,승용,남,62세,경상
2014102500100438,2014년 10월 25일 16시,토요일,인천광역시 남구 도화동,경상사고,0,0,1,0,차대사람 - 기타,기타,건조,맑음,단일로 - 기타,승합,남,57세,상해없음,보행자,남,57세,경상
2014102500100485,2014년 10월 25일 17시,토요일,인천광역시 서구 가정동,경상사고,0,0,1,0,차대차 - 기타,안전운전불이행,건조,맑음,단일로 - 기타,기타불명,기타불명,기타불명,기타불명,승용,여,45세,경상
2014102500100544,2014년 10월 25일 18시,토요일,인천광역시 서구 검암동,중상사고,0,1,0,0,차대사람 - 길가장자리구역통행중,안전운전불이행,건조,기타,교차로 - 교차로부근,승용,남,26세,상해없음,보행자,남,43세,중상
2014102500100606,2014년 10월 25일 19시,토요일,인천광역시 연수구 연수동,경상사고,0,0,1,0,차대차 - 측면직각충돌,안전운전불이행,건조,맑음,교차로 - 교차로안,승용,남,44세,상해없음,승용,남,31세,경상
2014102500100636,2014년 10월 25일 20시,토요일,인천광역시 남동구 구월동,중상사고,0,1,0,0,차대사람 - 기타,안전운전불이행,건조,맑음,교차로 - 교차로부근,기타불명,기타불명,기타불명,기타불명,보행자,남,33세,중상
2014102500100637,2014년 10월 25일 20시,토요일,인천광역시 강화군 삼산면,중상사고,0,1,0,0,차량단독 - 전도전복,안전운전불이행,습기,맑음,단일로 - 기타,이륜,남,47세,중상,,,,
2014102500100638,2014년 10월 25일 20시,토요일,인천광역시 연수구 송도동,경상사고,0,0,1,0,차대차 - 측면직각충돌,안전운전불이행,건조,맑음,교차로 - 교차로안,승용,남,39세,상해없음,승용,남,32세,경상
2014102500100639,2014년 10월 25일 20시,토요일,인천광역시 부평구 일신동,경상사고,0,0,1,0,차대차 - 추돌 - 주정차중,안전운전불이행,건조,맑음,단일로 - 횡단보도부근,승용,여,42세,상해없음,승용,남,52세,경상
2014102500100672,2014년 10월 25일 21시,토요일,인천광역시 남동구 간석동,중상사고,0,1,0,0,차대사람 - 횡단중,신호위반,건조,맑음,단일로 - 기타,이륜,남,17세,상해없음,보행자,남,74세,중상
2014102500100696,2014년 10월 25일 22시,토요일,인천광역시 남구 주안동,경상사고,0,0,2,0,차대사람 - 기타,안전운전불이행,건조,맑음,교차로 - 교차로부근,승용,남,27세,기타불명,보행자,남,33세,경상
2014102500100697,2014년 10월 25일 22시,토요일,인천광역시 남동구 간석동,중상사고,0,1,0,0,차대사람 - 차도통행중,안전운전불이행,건조,맑음,단일로 - 기타,화물,남,31세,상해없음,보행자,남,58세,중상
2014102500100698,2014년 10월 25일 22시,토요일,인천광역시 연수구 연수동,사망사고,1,0,0,0,차대사람 - 횡단중,안전운전불이행,건조,맑음,교차로 - 교차로안,화물,남,31세,상해없음,보행자,남,63세,사망
2014102500100715,2014년 10월 25일 23시,토요일,인천광역시 남구 주안동,부상신고사고,0,0,0,1,차대사람 - 기타,안전운전불이행,건조,맑음,단일로 - 기타,승용,남,37세,기타불명,보행자,여,22세,부상신고
2014102500100716,2014년 10월 25일 23시,토요일,인천광역시 남동구 장수동,중상사고,0,2,0,0,차대차 - 추돌 - 진행중,안전운전불이행,건조,맑음,단일로 - 기타,승용,남,27세,상해없음,승용,남,26세,중상
2014102600100017,2014년 10월 26일 00시,일요일,인천광역시 남구 숭의동,경상사고,0,0,1,0,차대차 - 추돌 - 주정차중,안전운전불이행,건조,흐림,단일로 - 기타,승용,남,51세,상해없음,승용,남,53세,경상
2014102600100018,2014년 10월 26일 00시,일요일,인천광역시 남동구 간석동,중상사고,0,1,0,0,차대차 - 측면직각충돌,안전거리미확보,건조,맑음,교차로 - 교차로안,승용,남,28세,기타불명,승용,남,32세,중상
2014102600100019,2014년 10월 26일 00시,일요일,인천광역시 계양구 작전동,경상사고,0,0,2,1,차대차 - 기타,신호위반,건조,맑음,교차로 - 교차로안,승용,남,44세,상해없음,승용,남,49세,상해없음
2014102600100081,2014년 10월 26일 05시,일요일,인천광역시 남구 주안동,부상신고사고,0,0,0,1,차대사람 - 기타,안전운전불이행,건조,맑음,단일로 - 기타,이륜,기타불명,기타불명,기타불명,보행자,남,21세,부상신고
2014102600100095,2014년 10월 26일 06시,일요일,인천광역시 남구 도화동,중상사고,0,1,0,0,차대사람 - 차도통행중,안전운전불이행,건조,맑음,단일로 - 기타,승용,남,66세,상해없음,보행자,여,71세,중상
2014102600100131,2014년 10월 26일 08시,일요일,인천광역시 남구 주안동,경상사고,0,0,1,0,차대차 - 기타,차로위반,건조,맑음,단일로 - 기타,자전거,남,80세,경상,승용,남,52세,상해없음
2014102600100132,2014년 10월 26일 08시,일요일,인천광역시 남구 도화동,경상사고,0,0,3,0,차대차 - 측면직각충돌,안전운전불이행,건조,맑음,교차로 - 교차로부근,승용,남,39세,경상,승용,남,35세,상해없음
2014102600100133,2014년 10월 26일 08시,일요일,인천광역시 부평구 부평동,중상사고,0,1,0,0,차대사람 - 횡단중,안전운전불이행,건조,맑음,단일로 - 기타,화물,남,46세,상해없음,보행자,여,63세,중상
2014102600100193,2014년 10월 26일 11시,일요일,인천광역시 남구 용현동,경상사고,0,0,3,2,차대차 - 추돌 - 주정차중,안전운전불이행,건조,맑음,교차로 - 교차로부근,승용,남,40세,상해없음,승용,여,36세,경상
2014102600100194,2014년 10월 26일 11시,일요일,인천광역시 연수구 동춘동,중상사고,0,1,0,1,차대차 - 측면직각충돌,신호위반,건조,맑음,교차로 - 교차로안,승용,남,42세,상해없음,승용,남,43세,부상신고
2014102600100195,2014년 10월 26일 11시,일요일,인천광역시 부평구 부개동,경상사고,0,0,1,0,차대차 - 측면직각충돌,교차로운행방법위반,건조,맑음,교차로 - 교차로부근,승용,남,23세,상해없음,화물,남,43세,경상
2014102600100223,2014년 10월 26일 12시,일요일,인천광역시 옹진군 영흥면,중상사고,0,1,0,0,차대차 - 기타,안전운전불이행,건조,맑음,단일로 - 기타,승용,남,53세,상해없음,자전거,여,46세,중상
2014102600100225,2014년 10월 26일 12시,일요일,인천광역시 남동구 구월동,중상사고,0,1,0,0,차대차 - 기타,안전운전불이행,건조,맑음,교차로 - 교차로안,화물,여,56세,상해없음,승합,남,56세,상해없음
2014102600100285,2014년 10월 26일 14시,일요일,인천광역시 중구 운서동,중상사고,0,2,1,0,차대차 - 측면직각충돌,신호위반,건조,흐림,교차로 - 교차로안,승용,여,57세,상해없음,승용,남,31세,경상
2014102600100286,2014년 10월 26일 14시,일요일,인천광역시 남동구 장수동,경상사고,0,0,1,0,차대사람 - 기타,안전운전불이행,기타,흐림,단일로 - 기타,승용,남,60세,상해없음,보행자,남,49세,경상
2014102600100287,2014년 10월 26일 14시,일요일,인천광역시 계양구 병방동,경상사고,0,0,2,0,차대차 - 추돌 - 진행중,안전거리미확보,건조,맑음,단일로 - 기타,승용,남,24세,상해없음,승용,여,36세,경상
2014102600100390,2014년 10월 26일 17시,일요일,인천광역시 남구 관교동,경상사고,0,0,1,0,차대차 - 추돌 - 진행중,안전운전불이행,습기,맑음,교차로 - 교차로안,승용,남,45세,상해없음,이륜,남,33세,경상
2014102600100433,2014년 10월 26일 18시,일요일,인천광역시 남구 숭의동,중상사고,0,1,3,0,차대차 - 추돌 - 진행중,안전거리미확보,건조,맑음,단일로 - 기타,승용,남,33세,상해없음,승용,남,57세,상해없음
2014102600100464,2014년 10월 26일 19시,일요일,인천광역시 남동구 논현동,경상사고,0,0,2,0,차대차 - 추돌 - 주정차중,안전운전불이행,건조,맑음,단일로 - 기타,승용,남,48세,경상,승용,남,29세,경상
2014102700100016,2014년 10월 27일 00시,월요일,인천광역시 계양구 용종동,경상사고,0,0,2,0,차대차 - 추돌 - 주정차중,안전운전불이행,건조,맑음,단일로 - 기타,화물,남,31세,상해없음,승용,남,50세,경상
2014102700100026,2014년 10월 27일 01시,월요일,인천광역시 부평구 십정동,부상신고사고,0,0,0,1,차대차 - 추돌 - 주정차중,안전운전불이행,건조,맑음,교차로 - 교차로부근,원동기,남,17세,상해없음,승용,남,75세,상해없음
2014102700100036,2014년 10월 27일 02시,월요일,인천광역시 남구 관교동,사망사고,1,0,0,0,차대차 - 측면직각충돌,안전운전불이행,건조,맑음,교차로 - 교차로안,승합,남,54세,상해없음,이륜,남,24세,사망
2014102700100047,2014년 10월 27일 04시,월요일,인천광역시 남구 주안동,중상사고,0,1,3,0,차량단독 - 공작물충돌,안전운전불이행,건조,맑음,단일로 - 기타,화물,남,23세,상해없음,,,,
2014102700100068,2014년 10월 27일 06시,월요일,인천광역시 남구 주안동,경상사고,0,0,2,0,차대차 - 추돌 - 진행중,안전운전불이행,건조,맑음,단일로 - 기타,승용,남,51세,상해없음,화물,남,55세,경상
2014102700100069,2014년 10월 27일 06시,월요일,인천광역시 남동구 만수동,경상사고,0,0,1,0,차대차 - 측면직각충돌,안전거리미확보,건조,맑음,교차로 - 교차로부근,승용,남,54세,상해없음,승용,남,62세,경상
2014102700100097,2014년 10월 27일 07시,월요일,인천광역시 부평구 부평동,경상사고,0,0,1,0,차대차 - 추돌 - 진행중,안전운전불이행,건조,맑음,교차로 - 교차로안,승용,남,48세,상해없음,자전거,여,60세,경상
2014102700100138,2014년 10월 27일 08시,월요일,인천광역시 부평구 십정동,중상사고,0,1,0,0,차대사람 - 차도통행중,안전운전불이행,건조,맑음,단일로 - 기타,승합,남,57세,상해없음,보행자,남,45세,중상
2014102700100179,2014년 10월 27일 09시,월요일,인천광역시 서구 불로동,중상사고,0,2,1,0,차대차 - 측면직각충돌,신호위반,건조,맑음,교차로 - 교차로안,이륜,남,16세,중상,승용,남,59세,경상
2014102700100250,2014년 10월 27일 11시,월요일,인천광역시 남동구 논현동,경상사고,0,0,1,0,차대사람 - 기타,안전운전불이행,건조,맑음,단일로 - 기타,승용,남,55세,상해없음,보행자,여,37세,경상
2014102700100251,2014년 10월 27일 11시,월요일,인천광역시 계양구 계산동,경상사고,0,0,4,0,차대차 - 측면직각충돌,안전거리미확보,건조,맑음,단일로 - 기타,승용,남,59세,상해없음,승용,남,53세,경상
2014102700100285,2014년 10월 27일 12시,월요일,인천광역시 부평구 청천동,부상신고사고,0,0,0,1,차대차 - 기타,교차로운행방법위반,건조,맑음,교차로 - 교차로부근,승용,남,30세,상해없음,원동기,남,32세,부상신고
2014102700100331,2014년 10월 27일 13시,월요일,인천광역시 서구 연희동,경상사고,0,0,1,0,차대사람 - 기타,안전운전불이행,건조,맑음,단일로 - 기타,승용,여,39세,상해없음,보행자,남,60세,경상
2014102700100363,2014년 10월 27일 14시,월요일,인천광역시 서구 가정동,경상사고,0,0,1,0,차대차 - 측면직각충돌,교차로운행방법위반,건조,맑음,교차로 - 교차로안,승용,여,61세,상해없음,승용,남,54세,경상
2014102700100397,2014년 10월 27일 15시,월요일,인천광역시 남구 숭의동,경상사고,0,0,1,0,차대사람 - 기타,안전운전불이행,건조,맑음,단일로 - 기타,승용,남,65세,상해없음,보행자,남,56세,경상
2014102700100398,2014년 10월 27일 15시,월요일,인천광역시 남동구 간석동,경상사고,0,0,1,0,차대차 - 추돌 - 주정차중,안전운전불이행,건조,맑음,단일로 - 기타,승용,남,63세,상해없음,승용,남,25세,상해없음
2014102700100544,2014년 10월 27일 18시,월요일,인천광역시 남구 학익동,경상사고,0,0,2,0,차대차 - 정면충돌,신호위반,건조,맑음,교차로 - 교차로안,승용,여,44세,상해없음,승용,남,70세,경상
2014102700100545,2014년 10월 27일 18시,월요일,인천광역시 남구 주안동,경상사고,0,0,1,0,차대차 - 기타,안전거리미확보,건조,맑음,단일로 - 기타,승합,여,48세,상해없음,승용,남,26세,경상
2014102700100546,2014년 10월 27일 18시,월요일,인천광역시 부평구 청천동,경상사고,0,0,2,0,차대차 - 추돌 - 주정차중,안전운전불이행,건조,맑음,교차로 - 교차로안,승용,남,57세,상해없음,승용,여,49세,경상
2014102700100547,2014년 10월 27일 18시,월요일,인천광역시 서구 당하동,경상사고,0,0,2,0,차대차 - 추돌 - 진행중,안전운전불이행,건조,맑음,단일로 - 기타,승용,남,35세,상해없음,승용,남,29세,경상
2014102700100548,2014년 10월 27일 18시,월요일,인천광역시 연수구 송도동,중상사고,0,1,0,0,차대차 - 기타,안전운전불이행,건조,맑음,단일로 - 기타,승용,남,58세,상해없음,이륜,남,18세,중상
2014102700100549,2014년 10월 27일 18시,월요일,인천광역시 부평구 일신동,경상사고,0,0,1,0,차대사람 - 횡단중,보행자보호의무위반,건조,맑음,교차로 - 교차로부근,승용,남,61세,상해없음,보행자,여,48세,경상
2014102700100585,2014년 10월 27일 19시,월요일,인천광역시 부평구 산곡동,경상사고,0,0,1,0,차대차 - 기타,중앙선침범,건조,맑음,단일로 - 기타,승용,남,28세,상해없음,원동기,남,16세,경상
2014102700100586,2014년 10월 27일 19시,월요일,인천광역시 계양구 효성동,경상사고,0,0,3,0,차대차 - 추돌 - 진행중,안전운전불이행,건조,맑음,단일로 - 기타,승용,남,52세,상해없음,승합,남,33세,경상
2014102700100587,2014년 10월 27일 19시,월요일,인천광역시 계양구 갈현동,부상신고사고,0,0,0,1,차대차 - 측면직각충돌,신호위반,건조,맑음,교차로 - 교차로안,자전거,남,15세,부상신고,승용,남,49세,상해없음
2014102700100617,2014년 10월 27일 20시,월요일,인천광역시 남구 주안동,경상사고,0,0,1,0,차대차 - 측면직각충돌,중앙선침범,건조,맑음,단일로 - 기타,승용,남,60세,상해없음,원동기,여,55세,경상
2014102700100647,2014년 10월 27일 21시,월요일,인천광역시 남구 주안동,경상사고,0,0,1,0,차대차 - 측면직각충돌,안전운전불이행,건조,맑음,교차로 - 교차로안,승용,남,67세,상해없음,원동기,남,30세,경상
2014102800100035,2014년 10월 28일 02시,화요일,인천광역시 남동구 수산동,경상사고,0,0,1,0,차대차 - 측면직각충돌,신호위반,건조,맑음,교차로 - 교차로안,승용,남,28세,상해없음,승용,남,46세,경상
2014102800100096,2014년 10월 28일 07시,화요일,인천광역시 계양구 계산동,경상사고,0,0,2,0,차대차 - 추돌 - 진행중,안전운전불이행,건조,맑음,단일로 - 기타,화물,남,43세,상해없음,승용,남,50세,경상
2014102800100151,2014년 10월 28일 08시,화요일,인천광역시 부평구 청천동,경상사고,0,0,1,0,차대차 - 추돌 - 주정차중,안전운전불이행,건조,맑음,미분류 - 미분류,승용,남,30세,상해없음,승용,남,45세,상해없음
2014102800100152,2014년 10월 28일 08시,화요일,인천광역시 남동구 고잔동,경상사고,0,0,1,0,차대차 - 측면직각충돌,교차로운행방법위반,건조,맑음,교차로 - 교차로안,승용,여,39세,상해없음,승합,남,59세,경상
2014102800100184,2014년 10월 28일 09시,화요일,인천광역시 남구 도화동,경상사고,0,0,1,0,차대차 - 기타,신호위반,건조,맑음,교차로 - 교차로부근,이륜,남,85세,상해없음,승용,여,31세,경상
2014102800100251,2014년 10월 28일 11시,화요일,인천광역시 남동구 구월동,경상사고,0,0,1,0,차대차 - 기타,안전운전불이행,건조,맑음,단일로 - 횡단보도부근,승용,여,53세,상해없음,승용,남,25세,경상
2014102800100311,2014년 10월 28일 13시,화요일,인천광역시 남구 숭의동,중상사고,0,1,0,0,차대사람 - 기타,안전운전불이행,건조,맑음,교차로 - 교차로부근,화물,남,45세,상해없음,보행자,남,83세,중상
2014102800100350,2014년 10월 28일 14시,화요일,인천광역시 계양구 작전동,경상사고,0,0,1,0,차대사람 - 횡단중,안전운전불이행,건조,맑음,교차로 - 교차로안,승용,여,52세,상해없음,보행자,남,8세,경상
2014102800100420,2014년 10월 28일 16시,화요일,인천광역시 서구 석남동,경상사고,0,0,1,0,차대차 - 측면직각충돌,교차로운행방법위반,건조,맑음,단일로 - 기타,화물,남,42세,상해없음,건설기계,남,43세,경상
2014102800100421,2014년 10월 28일 16시,화요일,인천광역시 부평구 삼산동,중상사고,0,1,0,0,차대차 - 측면직각충돌,신호위반,건조,맑음,교차로 - 교차로안,승용,남,35세,상해없음,자전거,남,9세,중상
2014102800100455,2014년 10월 28일 17시,화요일,인천광역시 남동구 간석동,경상사고,0,0,2,0,차대차 - 추돌 - 진행중,안전거리미확보,건조,맑음,교차로 - 교차로부근,승용,남,41세,상해없음,승용,남,39세,경상
2014102800100520,2014년 10월 28일 18시,화요일,인천광역시 동구 화수동,경상사고,0,0,4,0,차대차 - 추돌 - 진행중,안전운전불이행,건조,맑음,교차로 - 교차로부근,건설기계,남,65세,상해없음,승합,남,25세,경상
2014102800100521,2014년 10월 28일 18시,화요일,인천광역시 부평구 부평동,경상사고,0,0,1,0,차대차 - 기타,교차로운행방법위반,건조,맑음,교차로 - 교차로안,승용,남,62세,상해없음,이륜,여,59세,경상
2014102800100522,2014년 10월 28일 18시,화요일,인천광역시 부평구 십정동,경상사고,0,0,1,0,차대차 - 추돌 - 주정차중,안전운전불이행,건조,맑음,교차로 - 교차로부근,승용,남,61세,상해없음,승합,남,67세,상해없음
2014102800100566,2014년 10월 28일 19시,화요일,인천광역시 계양구 동양동,경상사고,0,0,1,0,차대차 - 추돌 - 진행중,안전운전불이행,건조,맑음,단일로 - 기타,승용,남,55세,상해없음,승용,여,48세,경상
2014102800100607,2014년 10월 28일 20시,화요일,인천광역시 남동구 구월동,경상사고,0,0,2,0,차대차 - 측면직각충돌,안전운전불이행,건조,맑음,교차로 - 교차로안,승용,남,28세,상해없음,승용,남,20세,경상
2014102800100608,2014년 10월 28일 20시,화요일,인천광역시 남동구 간석동,중상사고,0,1,1,0,차대차 - 기타,안전거리미확보,건조,맑음,단일로 - 기타,승용,남,27세,상해없음,승용,남,70세,중상
2014102800100640,2014년 10월 28일 21시,화요일,인천광역시 서구 공촌동,중상사고,0,1,0,0,차대차 - 기타,안전운전불이행,건조,맑음,단일로 - 기타,승용,남,32세,상해없음,자전거,남,49세,중상
2014102800100641,2014년 10월 28일 21시,화요일,인천광역시 계양구 효성동,경상사고,0,0,4,0,차대차 - 측면직각충돌,안전운전불이행,건조,맑음,교차로 - 교차로안,승용,남,55세,상해없음,승합,남,47세,경상
2014102800100677,2014년 10월 28일 22시,화요일,인천광역시 연수구 송도동,경상사고,0,0,1,0,차대차 - 기타,신호위반,건조,맑음,단일로 - 횡단보도부근,승용,남,34세,상해없음,승용,남,34세,경상
2014102900100033,2014년 10월 29일 02시,수요일,인천광역시 남동구 간석동,사망사고,1,0,0,0,차대사람 - 횡단중,안전운전불이행,건조,맑음,단일로 - 횡단보도상,승용,남,70세,상해없음,보행자,남,34세,사망
2014102900100076,2014년 10월 29일 06시,수요일,인천광역시 중구 운서동,중상사고,0,1,0,0,차량단독 - 공작물충돌,안전운전불이행,건조,맑음,교차로 - 교차로부근,승용,남,43세,상해없음,,,,
2014102900100101,2014년 10월 29일 07시,수요일,인천광역시 부평구 갈산동,중상사고,0,1,0,0,차대사람 - 기타,안전운전불이행,건조,맑음,교차로 - 교차로부근,화물,남,37세,상해없음,보행자,남,35세,중상
2014102900100173,2014년 10월 29일 09시,수요일,인천광역시 연수구 송도동,중상사고,0,1,0,0,차대차 - 기타,신호위반,건조,맑음,교차로 - 교차로안,화물,남,44세,상해없음,승용,남,31세,중상
2014102900100199,2014년 10월 29일 10시,수요일,인천광역시 강화군 불은면,중상사고,0,2,0,0,차대차 - 기타,중앙선침범,건조,맑음,단일로 - 기타,화물,여,61세,상해없음,화물,남,47세,중상
2014102900100233,2014년 10월 29일 11시,수요일,인천광역시 중구 운서동,중상사고,0,1,2,0,차대차 - 기타,안전운전불이행,건조,맑음,단일로 - 기타,승합,남,60세,상해없음,화물,남,36세,상해없음
2014102900100234,2014년 10월 29일 11시,수요일,인천광역시 남동구 간석동,중상사고,0,1,0,0,차대사람 - 횡단중,안전운전불이행,건조,맑음,교차로 - 교차로안,승용,여,45세,상해없음,보행자,여,77세,중상
2014102900100235,2014년 10월 29일 11시,수요일,인천광역시 연수구 선학동,중상사고,0,1,0,0,차대차 - 기타,중앙선침범,건조,맑음,교차로 - 교차로부근,승용,남,53세,상해없음,이륜,남,46세,중상
2014102900100260,2014년 10월 29일 12시,수요일,인천광역시 남동구 간석동,경상사고,0,0,1,0,차대사람 - 기타,안전운전불이행,건조,맑음,단일로 - 기타,승합,남,59세,상해없음,보행자,여,71세,경상
2014102900100313,2014년 10월 29일 14시,수요일,인천광역시 서구 마전동,중상사고,0,1,0,0,차대차 - 기타,신호위반,건조,맑음,교차로 - 교차로안,화물,여,39세,상해없음,승용,여,27세,중상
2014102900100314,2014년 10월 29일 14시,수요일,인천광역시 강화군 강화읍,사망사고,1,0,0,0,차대사람 - 횡단중,안전운전불이행,건조,맑음,단일로 - 기타,건설기계,남,56세,상해없음,보행자,남,66세,사망
2014102900100344,2014년 10월 29일 15시,수요일,인천광역시 부평구 부평동,부상신고사고,0,0,0,1,차대사람 - 횡단중,안전운전불이행,건조,맑음,단일로 - 기타,원동기,남,50세,상해없음,보행자,여,9세,부상신고
2014102900100345,2014년 10월 29일 15시,수요일,인천광역시 남동구 남촌동,경상사고,0,0,1,0,차대차 - 추돌 - 진행중,안전운전불이행,건조,맑음,단일로 - 기타,화물,남,21세,상해없음,승용,남,57세,경상
2014102900100379,2014년 10월 29일 16시,수요일,인천광역시 남동구 만수동,중상사고,0,1,0,0,차대사람 - 기타,안전운전불이행,건조,맑음,단일로 - 기타,화물,남,35세,상해없음,보행자,여,83세,중상
2014102900100416,2014년 10월 29일 17시,수요일,인천광역시 중구 운서동,경상사고,0,0,2,0,차대차 - 기타,안전운전불이행,건조,맑음,교차로 - 교차로안,승용,남,46세,상해없음,승용,남,35세,경상
2014102900100485,2014년 10월 29일 18시,수요일,인천광역시 남구 문학동,경상사고,0,0,2,0,차대차 - 추돌 - 진행중,안전운전불이행,건조,맑음,단일로 - 기타,승용,남,33세,상해없음,승용,여,40세,경상
2014102900100486,2014년 10월 29일 18시,수요일,인천광역시 남동구 간석동,경상사고,0,0,1,0,차대차 - 정면충돌,교차로운행방법위반,건조,맑음,교차로 - 교차로안,승용,여,48세,상해없음,화물,남,19세,경상
2014102900100589,2014년 10월 29일 21시,수요일,인천광역시 남동구 운연동,중상사고,0,1,0,0,차대차 - 추돌 - 주정차중,안전운전불이행,건조,맑음,미분류 - 미분류,승용,남,34세,상해없음,승용,여,51세,중상
2014102900100632,2014년 10월 29일 22시,수요일,인천광역시 연수구 송도동,경상사고,0,0,1,0,차대차 - 정면충돌,신호위반,건조,맑음,교차로 - 교차로안,승용,남,55세,상해없음,승용,남,34세,경상
2014102900100659,2014년 10월 29일 23시,수요일,인천광역시 서구 당하동,경상사고,0,0,3,0,차대차 - 기타,차로위반,건조,맑음,단일로 - 기타,승용,남,30세,상해없음,승용,남,60세,경상
2014103000100017,2014년 10월 30일 00시,목요일,인천광역시 남구 주안동,경상사고,0,0,1,0,차대차 - 기타,안전운전불이행,건조,맑음,단일로 - 기타,승용,남,28세,상해없음,승용,남,60세,경상
2014103000100083,2014년 10월 30일 06시,목요일,인천광역시 중구 운서동,경상사고,0,0,1,0,차대사람 - 횡단중,신호위반,건조,맑음,단일로 - 횡단보도상,승용,남,52세,상해없음,보행자,여,39세,경상
2014103000100153,2014년 10월 30일 08시,목요일,인천광역시 서구 석남동,경상사고,0,0,1,0,차대차 - 기타,기타,건조,맑음,교차로 - 교차로안,승용,남,28세,상해없음,이륜,남,54세,경상
2014103000100207,2014년 10월 30일 10시,목요일,인천광역시 남구 학익동,경상사고,0,0,1,0,차대사람 - 횡단중,보행자보호의무위반,건조,맑음,교차로 - 교차로안,기타불명,기타불명,기타불명,기타불명,보행자,남,76세,경상
2014103000100208,2014년 10월 30일 10시,목요일,인천광역시 남동구 구월동,경상사고,0,0,2,0,차대차 - 추돌 - 진행중,안전운전불이행,건조,맑음,단일로 - 기타,승용,여,45세,상해없음,승용,남,52세,경상
2014103000100268,2014년 10월 30일 12시,목요일,인천광역시 남구 용현동,중상사고,0,1,0,0,차대차 - 기타,안전운전불이행,건조,맑음,교차로 - 교차로부근,승용,남,54세,상해없음,자전거,남,45세,중상
2014103000100269,2014년 10월 30일 12시,목요일,인천광역시 남동구 만수동,경상사고,0,0,1,0,차대차 - 측면직각충돌,신호위반,건조,맑음,단일로 - 기타,승용,여,34세,상해없음,이륜,남,22세,경상
2014103000100354,2014년 10월 30일 15시,목요일,인천광역시 부평구 청천동,중상사고,0,1,0,0,차대사람 - 기타,안전운전불이행,건조,맑음,교차로 - 교차로부근,승용,여,39세,상해없음,보행자,여,61세,중상
2014103000100392,2014년 10월 30일 16시,목요일,인천광역시 남동구 간석동,경상사고,0,0,1,0,차대차 - 기타,안전운전불이행,건조,맑음,단일로 - 기타,기타불명,기타불명,기타불명,기타불명,자전거,남,14세,경상
2014103000100393,2014년 10월 30일 16시,목요일,인천광역시 강화군 길상면,경상사고,0,0,3,0,차대차 - 정면충돌,중앙선침범,건조,맑음,단일로 - 기타,승용,여,46세,상해없음,화물,남,47세,경상
2014103000100433,2014년 10월 30일 17시,목요일,인천광역시 동구 화수동,사망사고,1,0,1,0,차대차 - 기타,안전거리미확보,건조,맑음,교차로 - 교차로안,승용,남,72세,상해없음,화물,남,48세,경상
2014103000100434,2014년 10월 30일 17시,목요일,인천광역시 부평구 부평동,중상사고,0,1,0,0,차량단독 - 기타,안전운전불이행,건조,맑음,단일로 - 기타,승합,남,53세,상해없음,,,,
2014103000100488,2014년 10월 30일 18시,목요일,인천광역시 서구 석남동,부상신고사고,0,0,0,1,차대사람 - 기타,안전운전불이행,건조,맑음,교차로 - 교차로안,승용,남,68세,상해없음,보행자,여,51세,부상신고
2014103000100489,2014년 10월 30일 18시,목요일,인천광역시 계양구 용종동,경상사고,0,0,1,0,차대차 - 추돌 - 진행중,차로위반,건조,맑음,단일로 - 기타,화물,기타불명,기타불명,기타불명,승합,남,40세,경상