사고번호,사고일시,요일,시군구,사고내용,사망자수,중상자수,경상자수,부상신고자수,사고유형,법규위반,노면상태,기상상태,도로형태,가해운전자 차종,가해운전자 성별,가해운전자 연령,가해운전자 상해정도,피해운전자 차종,피해운전자 성별,피해운전자 연령,피해운전자 상해정도
2014103000100532,2014년 10월 30일 19시,목요일,인천광역시 부평구 부평동,경상사고,0,0,1,0,차대차 - 추돌 - 주정차중,안전운전불이행,건조,맑음,단일로 - 기타,화물,남,52세,상해없음,승합,남,40세,경상
2014103000100633,2014년 10월 30일 22시,목요일,인천광역시 남구 숭의동,중상사고,0,1,0,0,차대사람 - 차도통행중,안전운전불이행,건조,맑음,단일로 - 기타,이륜,남,41세,상해없음,보행자,남,21세,중상
2014103000100634,2014년 10월 30일 22시,목요일,인천광역시 남동구 구월동,중상사고,0,1,0,0,차대차 - 추돌 - 주정차중,안전운전불이행,건조,맑음,단일로 - 기타,화물,남,49세,상해없음,승용,여,58세,중상
2014103100100019,2014년 10월 31일 00시,금요일,인천광역시 남구 관교동,중상사고,0,2,8,0,차대차 - 기타,신호위반,건조,맑음,교차로 - 교차로안,승용,남,59세,경상,승합,여,54세,경상
2014103100100043,2014년 10월 31일 02시,금요일,인천광역시 연수구 연수동,중상사고,0,1,0,0,차대사람 - 기타,안전운전불이행,건조,흐림,교차로 - 교차로부근,승용,남,42세,상해없음,보행자,남,61세,중상
2014103100100044,2014년 10월 31일 02시,금요일,인천광역시 연수구 옥련동,경상사고,0,0,1,0,차대차 - 추돌 - 진행중,안전거리미확보,건조,맑음,교차로 - 교차로안,승용,남,30세,상해없음,승용,남,50세,상해없음
2014103100100073,2014년 10월 31일 05시,금요일,인천광역시 남동구 구월동,중상사고,0,2,0,0,차대차 - 추돌 - 주정차중,안전거리미확보,습기,비,교차로 - 교차로부근,승용,남,38세,상해없음,승용,여,53세,중상
2014103100100074,2014년 10월 31일 05시,금요일,인천광역시 남동구 수산동,중상사고,0,1,1,0,차대차 - 측면직각충돌,안전거리미확보,건조,맑음,단일로 - 기타,화물,남,44세,경상,승용,남,49세,중상
2014103100100075,2014년 10월 31일 05시,금요일,인천광역시 남동구 간석동,경상사고,0,0,1,0,차대사람 - 기타,안전운전불이행,건조,맑음,단일로 - 기타,기타불명,기타불명,기타불명,기타불명,보행자,남,55세,경상
2014103100100076,2014년 10월 31일 05시,금요일,인천광역시 서구 왕길동,경상사고,0,0,1,0,차대차 - 기타,안전운전불이행,건조,맑음,교차로 - 교차로안,화물,남,55세,기타불명,승용,남,41세,경상
2014103100100077,2014년 10월 31일 05시,금요일,인천광역시 부평구 부개동,중상사고,0,1,0,0,차대사람 - 횡단중,안전운전불이행,건조,흐림,교차로 - 교차로안,화물,여,40세,상해없음,보행자,남,75세,중상
2014103100100095,2014년 10월 31일 06시,금요일,인천광역시 남구 용현동,중상사고,0,1,1,0,차대차 - 추돌 - 진행중,안전운전불이행,건조,맑음,교차로 - 교차로안,화물,남,49세,상해없음,승용,남,19세,경상
2014103100100096,2014년 10월 31일 06시,금요일,인천광역시 남구 도화동,경상사고,0,0,1,0,차대사람 - 기타,보행자보호의무위반,건조,맑음,교차로 - 교차로부근,승용,남,42세,상해없음,보행자,여,57세,경상
2014103100100184,2014년 10월 31일 09시,금요일,인천광역시 강화군 강화읍,중상사고,0,1,0,0,차대차 - 기타,안전운전불이행,건조,맑음,단일로 - 기타,승용,남,73세,상해없음,원동기,남,67세,중상
2014103100100239,2014년 10월 31일 11시,금요일,인천광역시 중구 운서동,경상사고,0,0,2,0,차대차 - 측면직각충돌,신호위반,건조,맑음,교차로 - 교차로안,건설기계,남,51세,상해없음,승용,남,30세,경상
2014103100100287,2014년 10월 31일 13시,금요일,인천광역시 계양구 동양동,경상사고,0,0,1,0,차대차 - 측면직각충돌,차로위반,건조,맑음,단일로 - 기타,승용,여,29세,상해없음,승용,남,34세,경상
2014103100100319,2014년 10월 31일 14시,금요일,인천광역시 남구 용현동,중상사고,0,1,0,0,차량단독 - 기타,안전운전불이행,건조,맑음,교차로 - 교차로안,승합,남,47세,상해없음,,,,
2014103100100342,2014년 10월 31일 15시,금요일,인천광역시 남구 학익동,중상사고,0,2,3,0,차대차 - 기타,직진우회전진행방해,건조,맑음,교차로 - 교차로안,승합,남,40세,상해없음,승용,여,53세,상해없음
2014103100100343,2014년 10월 31일 15시,금요일,인천광역시 계양구 계산동,경상사고,0,0,1,0,차대차 - 측면직각충돌,안전운전불이행,건조,맑음,교차로 - 교차로부근,승용,남,61세,상해없음,자전거,남,9세,경상
2014103100100344,2014년 10월 31일 15시,금요일,인천광역시 강화군 강화읍,경상사고,0,0,1,0,차대차 - 기타,안전운전불이행,건조,맑음,단일로 - 기타,승용,여,29세,상해없음,화물,남,53세,경상
2014103100100379,2014년 10월 31일 16시,금요일,인천광역시 서구 오류동,중상사고,0,1,0,0,차대차 - 정면충돌,중앙선침범,건조,맑음,단일로 - 기타,승용,남,48세,상해없음,화물,남,41세,중상
2014103100100517,2014년 10월 31일 18시,금요일,인천광역시 남구 관교동,경상사고,0,0,1,0,차량단독 - 기타,안전거리미확보,건조,맑음,교차로 - 교차로안,이륜,남,18세,경상,,,,
2014103100100518,2014년 10월 31일 18시,금요일,인천광역시 남동구 구월동,중상사고,0,2,0,0,차대사람 - 횡단중,안전운전불이행,건조,맑음,단일로 - 기타,승용,남,60세,상해없음,보행자,남,73세,중상
2014103100100519,2014년 10월 31일 18시,금요일,인천광역시 강화군 내가면,경상사고,0,0,1,0,차대차 - 기타,교차로운행방법위반,건조,맑음,교차로 - 교차로안,건설기계,남,53세,상해없음,특수,남,24세,경상
2014103100100593,2014년 10월 31일 19시,금요일,인천광역시 중구 신흥동3가,중상사고,0,1,0,0,차대차 - 정면충돌,안전운전불이행,건조,맑음,교차로 - 교차로안,승합,남,42세,상해없음,이륜,남,30세,중상
2014103100100594,2014년 10월 31일 19시,금요일,인천광역시 서구 가정동,중상사고,0,1,0,0,차대사람 - 차도통행중,안전운전불이행,건조,맑음,단일로 - 횡단보도부근,원동기,남,17세,상해없음,보행자,여,51세,중상
2014103100100653,2014년 10월 31일 20시,금요일,인천광역시 남구 문학동,경상사고,0,0,1,0,차대차 - 기타,안전운전불이행,건조,맑음,교차로 - 교차로안,승용,남,28세,상해없음,승용,남,53세,상해없음
2014103100100654,2014년 10월 31일 20시,금요일,인천광역시 남구 용현동,중상사고,0,1,0,0,차대차 - 측면직각충돌,안전운전불이행,건조,흐림,교차로 - 교차로부근,승합,남,45세,상해없음,이륜,남,16세,중상
2014103100100749,2014년 10월 31일 22시,금요일,인천광역시 계양구 귤현동,중상사고,0,1,0,0,차대차 - 정면충돌,중앙선침범,건조,맑음,단일로 - 기타,승용,남,57세,상해없음,승합,남,52세,중상
2014110100100027,2014년 11월 1일 00시,토요일,인천광역시 남구 용현동,경상사고,0,0,2,0,차대차 - 기타,안전거리미확보,건조,맑음,교차로 - 교차로안,승용,남,44세,상해없음,승용,남,34세,경상
2014110100100064,2014년 11월 1일 01시,토요일,인천광역시 연수구 선학동,중상사고,0,1,0,0,차대사람 - 기타,안전운전불이행,건조,맑음,교차로 - 교차로안,승용,남,54세,상해없음,보행자,남,29세,중상
2014110100100095,2014년 11월 1일 02시,토요일,인천광역시 부평구 산곡동,경상사고,0,0,2,0,차대차 - 기타,안전운전불이행,건조,맑음,단일로 - 기타,승용,남,52세,상해없음,승용,여,52세,경상
2014110100100140,2014년 11월 1일 04시,토요일,인천광역시 동구 송림동,중상사고,0,1,0,0,차대차 - 정면충돌,신호위반,건조,맑음,교차로 - 교차로안,승용,남,58세,상해없음,이륜,남,28세,중상
2014110100100141,2014년 11월 1일 04시,토요일,인천광역시 연수구 송도동,경상사고,0,0,3,0,차대차 - 기타,안전운전불이행,건조,맑음,교차로 - 교차로부근,승용,남,45세,상해없음,승용,남,62세,경상
2014110100100163,2014년 11월 1일 06시,토요일,인천광역시 중구 사동,경상사고,0,0,2,0,차대차 - 측면직각충돌,신호위반,건조,맑음,교차로 - 교차로안,승용,여,43세,상해없음,승용,남,61세,경상
2014110100100164,2014년 11월 1일 06시,토요일,인천광역시 연수구 송도동,경상사고,0,0,1,0,차대사람 - 차도통행중,안전운전불이행,건조,맑음,교차로 - 교차로안,승용,남,56세,상해없음,보행자,남,24세,경상
2014110100100165,2014년 11월 1일 06시,토요일,인천광역시 부평구 삼산동,중상사고,0,1,1,0,차대차 - 측면직각충돌,신호위반,건조,맑음,교차로 - 교차로안,화물,남,48세,경상,승용,남,29세,중상
2014110100100178,2014년 11월 1일 07시,토요일,인천광역시 부평구 부평동,중상사고,0,1,0,0,차대사람 - 기타,신호위반,건조,흐림,단일로 - 기타,승용,남,52세,상해없음,보행자,여,23세,중상
2014110100100229,2014년 11월 1일 09시,토요일,인천광역시 남구 주안동,중상사고,0,1,0,0,차대사람 - 기타,안전운전불이행,건조,맑음,단일로 - 기타,승합,남,49세,상해없음,보행자,남,46세,중상
2014110100100316,2014년 11월 1일 12시,토요일,인천광역시 남동구 간석동,경상사고,0,0,1,0,차대사람 - 기타,안전운전불이행,건조,맑음,단일로 - 기타,승용,여,44세,상해없음,보행자,여,32세,경상
2014110100100378,2014년 11월 1일 14시,토요일,인천광역시 남구 숭의동,중상사고,0,2,2,0,차대차 - 추돌 - 주정차중,안전운전불이행,건조,맑음,교차로 - 교차로부근,승용,남,52세,상해없음,승용,남,55세,중상
2014110100100416,2014년 11월 1일 15시,토요일,인천광역시 남동구 남촌동,경상사고,0,0,1,0,차대차 - 추돌 - 진행중,안전운전불이행,건조,맑음,단일로 - 기타,승용,남,44세,상해없음,승용,여,53세,경상
2014110100100417,2014년 11월 1일 15시,토요일,인천광역시 남동구 만수동,경상사고,0,0,1,0,차대사람 - 차도통행중,안전운전불이행,건조,맑음,교차로 - 교차로부근,승용,남,46세,상해없음,보행자,여,43세,경상
2014110100100442,2014년 11월 1일 16시,토요일,인천광역시 남동구 구월동,경상사고,0,0,2,0,차대차 - 추돌 - 진행중,안전운전불이행,건조,맑음,교차로 - 교차로부근,화물,남,32세,상해없음,승용,여,62세,경상
2014110100100489,2014년 11월 1일 17시,토요일,인천광역시 남동구 간석동,경상사고,0,0,1,0,차대차 - 기타,안전운전불이행,건조,맑음,단일로 - 기타,승용,남,43세,상해없음,승용,남,29세,경상
2014110100100490,2014년 11월 1일 17시,토요일,인천광역시 서구 가정동,중상사고,0,1,2,0,차대차 - 기타,직진우회전진행방해,건조,맑음,교차로 - 교차로안,승용,남,39세,상해없음,승용,남,32세,중상
2014110100100491,2014년 11월 1일 17시,토요일,인천광역시 계양구 계산동,경상사고,0,0,1,0,차대차 - 측면직각충돌,안전운전불이행,건조,맑음,단일로 - 기타,승용,여,38세,상해없음,자전거,남,78세,경상
2014110100100548,2014년 11월 1일 18시,토요일,인천광역시 남구 도화동,경상사고,0,0,1,0,차대차 - 기타,안전거리미확보,건조,맑음,단일로 - 기타,승용,남,44세,상해없음,승용,남,66세,상해없음
2014110100100549,2014년 11월 1일 18시,토요일,인천광역시 남동구 장수동,경상사고,0,0,1,2,차대차 - 기타,안전거리미확보,건조,맑음,단일로 - 기타,승용,남,53세,상해없음,승용,남,58세,경상
2014110100100593,2014년 11월 1일 19시,토요일,인천광역시 남동구 서창동,경상사고,0,0,1,0,차대차 - 측면직각충돌,안전운전불이행,건조,맑음,단일로 - 기타,원동기,남,17세,경상,승용,남,46세,상해없음
2014110100100679,2014년 11월 1일 22시,토요일,인천광역시 남동구 만수동,중상사고,0,1,0,0,차대차 - 측면직각충돌,안전운전불이행,건조,맑음,단일로 - 횡단보도부근,승용,여,36세,상해없음,원동기,남,19세,중상
2014110200100062,2014년 11월 2일 02시,일요일,인천광역시 남구 관교동,중상사고,0,1,0,0,차대사람 - 차도통행중,안전운전불이행,습기,흐림,단일로 - 기타,승용,남,55세,상해없음,보행자,남,51세,중상
2014110200100149,2014년 11월 2일 08시,일요일,인천광역시 중구 중산동,경상사고,0,0,1,0,차대차 - 기타,안전운전불이행,습기,흐림,교차로 - 교차로부근,화물,남,40세,상해없음,승용,여,32세,경상
2014110200100208,2014년 11월 2일 11시,일요일,인천광역시 부평구 십정동,부상신고사고,0,0,0,1,차량단독 - 기타,기타,건조,맑음,단일로 - 기타,승합,남,51세,상해없음,,,,
2014110200100246,2014년 11월 2일 13시,일요일,인천광역시 서구 경서동,경상사고,0,0,1,0,차대차 - 기타,신호위반,건조,맑음,단일로 - 횡단보도상,이륜,남,30세,상해없음,자전거,남,5세,경상
2014110200100247,2014년 11월 2일 13시,일요일,인천광역시 강화군 불은면,경상사고,0,0,2,0,차대차 - 정면충돌,중앙선침범,건조,맑음,단일로 - 기타,화물,남,71세,상해없음,승용,여,50세,경상
2014110200100248,2014년 11월 2일 13시,일요일,인천광역시 연수구 동춘동,중상사고,0,1,0,0,차대사람 - 기타,안전운전불이행,건조,맑음,단일로 - 기타,승합,남,50세,상해없음,보행자,여,83세,중상
2014110200100314,2014년 11월 2일 15시,일요일,인천광역시 동구 송림동,경상사고,0,0,4,0,차대차 - 추돌 - 진행중,안전운전불이행,건조,맑음,단일로 - 기타,승용,남,42세,상해없음,승용,남,33세,경상
2014110200100315,2014년 11월 2일 15시,일요일,인천광역시 부평구 청천동,부상신고사고,0,0,0,1,차대사람 - 기타,안전운전불이행,건조,맑음,단일로 - 기타,승용,남,53세,상해없음,보행자,남,21세,부상신고
2014110200100316,2014년 11월 2일 15시,일요일,인천광역시 남동구 고잔동,중상사고,0,1,0,0,차대차 - 측면직각충돌,신호위반,건조,맑음,교차로 - 교차로안,원동기,남,59세,중상,승용,남,44세,상해없음
2014110200100318,2014년 11월 2일 15시,일요일,인천광역시 서구 왕길동,경상사고,0,0,3,0,차대차 - 추돌 - 주정차중,안전거리미확보,건조,맑음,단일로 - 기타,승합,남,58세,상해없음,승용,남,39세,경상
2014110200100392,2014년 11월 2일 17시,일요일,인천광역시 계양구 계산동,경상사고,0,0,2,0,차대사람 - 보도통행중,안전운전불이행,건조,맑음,교차로 - 교차로안,승용,여,65세,상해없음,보행자,여,38세,경상
2014110200100439,2014년 11월 2일 18시,일요일,인천광역시 남구 용현동,경상사고,0,0,1,0,차대차 - 기타,안전운전불이행,건조,맑음,단일로 - 기타,승합,남,39세,상해없음,승용,남,39세,상해없음
2014110200100440,2014년 11월 2일 18시,일요일,인천광역시 부평구 삼산동,경상사고,0,0,1,0,차대사람 - 횡단중,신호위반,건조,맑음,교차로 - 교차로부근,승용,남,27세,상해없음,보행자,남,51세,경상
2014110200100487,2014년 11월 2일 19시,일요일,인천광역시 남동구 논현동,중상사고,0,2,2,0,차대차 - 정면충돌,신호위반,건조,맑음,교차로 - 교차로안,승용,여,25세,상해없음,승용,남,48세,경상
2014110200100488,2014년 11월 2일 19시,일요일,인천광역시 계양구 병방동,경상사고,0,0,3,0,차대차 - 추돌 - 진행중,안전운전불이행,건조,맑음,교차로 - 교차로부근,승용,남,59세,상해없음,승용,남,33세,경상
2014110200100489,2014년 11월 2일 19시,일요일,인천광역시 계양구 계산동,경상사고,0,0,1,0,차대차 - 측면직각충돌,안전운전불이행,건조,맑음,단일로 - 기타,승합,남,50세,상해없음,승합,남,55세,경상
2014110200100523,2014년 11월 2일 20시,일요일,인천광역시 중구 인현동,경상사고,0,0,2,2,차대차 - 측면직각충돌,교차로운행방법위반,건조,맑음,교차로 - 교차로안,원동기,남,22세,경상,승용,여,36세,경상
2014110200100550,2014년 11월 2일 21시,일요일,인천광역시 남동구 만수동,경상사고,0,0,8,0,차대차 - 추돌 - 진행중,안전운전불이행,건조,맑음,단일로 - 기타,승용,남,40세,상해없음,승용,남,27세,경상
2014110200100586,2014년 11월 2일 23시,일요일,인천광역시 부평구 산곡동,경상사고,0,0,1,0,차대차 - 추돌 - 주정차중,안전운전불이행,건조,맑음,교차로 - 교차로부근,승용,남,30세,상해없음,승용,남,51세,상해없음
2014110200100587,2014년 11월 2일 23시,일요일,인천광역시 서구 가좌동,경상사고,0,0,1,0,차대차 - 기타,안전운전불이행,건조,맑음,단일로 - 기타,승용,남,31세,상해없음,승용,남,38세,경상
2014110300100012,2014년 11월 3일 00시,월요일,인천광역시 남구 주안동,경상사고,0,0,1,0,차대차 - 기타,안전운전불이행,건조,흐림,단일로 - 기타,승용,남,31세,상해없음,승용,남,33세,경상
2014110300100027,2014년 11월 3일 02시,월요일,인천광역시 연수구 연수동,중상사고,0,1,0,0,차대차 - 추돌 - 주정차중,안전운전불이행,건조,맑음,교차로 - 교차로안,승용,남,42세,상해없음,승용,남,46세,중상
2014110300100047,2014년 11월 3일 05시,월요일,인천광역시 서구 경서동,중상사고,0,1,2,0,차대차 - 측면직각충돌,신호위반,건조,맑음,교차로 - 교차로안,승용,남,53세,경상,화물,남,61세,중상
2014110300100136,2014년 11월 3일 08시,월요일,인천광역시 부평구 부개동,경상사고,0,0,2,0,차대차 - 기타,기타,건조,맑음,교차로 - 교차로안,승용,여,42세,기타불명,자전거,남,11세,경상
2014110300100137,2014년 11월 3일 08시,월요일,인천광역시 부평구 일신동,경상사고,0,0,1,0,차대사람 - 기타,안전운전불이행,건조,맑음,단일로 - 기타,화물,남,29세,상해없음,보행자,남,46세,경상
2014110300100165,2014년 11월 3일 09시,월요일,인천광역시 남동구 간석동,경상사고,0,0,1,0,차대차 - 측면직각충돌,안전거리미확보,건조,맑음,교차로 - 교차로부근,건설기계,남,37세,상해없음,승용,남,37세,경상
2014110300100166,2014년 11월 3일 09시,월요일,인천광역시 연수구 연수동,중상사고,0,1,0,0,차대사람 - 기타,안전운전불이행,건조,맑음,단일로 - 횡단보도상,승용,남,66세,상해없음,보행자,남,50세,중상
2014110300100167,2014년 11월 3일 09시,월요일,인천광역시 부평구 일신동,경상사고,0,0,2,0,차대차 - 추돌 - 진행중,안전운전불이행,건조,맑음,단일로 - 기타,승합,남,62세,상해없음,승용,남,51세,경상
2014110300100201,2014년 11월 3일 10시,월요일,인천광역시 부평구 부개동,중상사고,0,1,0,0,차대사람 - 횡단중,보행자보호의무위반,건조,맑음,교차로 - 교차로안,승용,남,47세,상해없음,보행자,여,81세,중상
2014110300100255,2014년 11월 3일 12시,월요일,인천광역시 남구 도화동,경상사고,0,0,1,0,차대차 - 기타,안전거리미확보,건조,맑음,단일로 - 기타,승용,남,47세,상해없음,승용,남,55세,경상
2014110300100256,2014년 11월 3일 12시,월요일,인천광역시 서구 가좌동,경상사고,0,0,1,0,차대차 - 측면직각충돌,안전거리미확보,건조,맑음,교차로 - 교차로안,화물,남,58세,상해없음,승용,여,31세,경상
2014110300100291,2014년 11월 3일 13시,월요일,인천광역시 부평구 갈산동,경상사고,0,0,1,0,차대차 - 추돌 - 진행중,안전거리미확보,건조,맑음,단일로 - 기타,승합,여,53세,상해없음,승용,남,70세,경상
2014110300100326,2014년 11월 3일 14시,월요일,인천광역시 중구 운남동,경상사고,0,0,2,0,차대차 - 측면직각충돌,신호위반,건조,맑음,교차로 - 교차로안,승용,여,44세,경상,건설기계,남,55세,경상
2014110300100368,2014년 11월 3일 15시,월요일,인천광역시 서구 가정동,중상사고,0,1,0,0,차대차 - 기타,신호위반,건조,맑음,단일로 - 기타,승용,남,25세,상해없음,자전거,남,74세,중상
2014110300100369,2014년 11월 3일 15시,월요일,인천광역시 연수구 청학동,중상사고,0,1,0,0,차대차 - 기타,안전운전불이행,건조,맑음,교차로 - 교차로안,승용,남,30세,상해없음,이륜,남,40세,중상
2014110300100414,2014년 11월 3일 16시,월요일,인천광역시 부평구 청천동,경상사고,0,0,1,0,차대차 - 추돌 - 주정차중,안전운전불이행,건조,맑음,단일로 - 기타,승합,남,23세,상해없음,승용,여,54세,경상
2014110300100454,2014년 11월 3일 17시,월요일,인천광역시 중구 신흥동3가,경상사고,0,0,1,0,차대사람 - 기타,안전운전불이행,건조,맑음,단일로 - 기타,화물,남,60세,상해없음,보행자,남,45세,경상
2014110300100455,2014년 11월 3일 17시,월요일,인천광역시 남구 도화동,중상사고,0,1,0,0,차대차 - 측면직각충돌,교차로운행방법위반,건조,맑음,교차로 - 교차로안,화물,남,48세,상해없음,자전거,남,11세,중상
2014110300100511,2014년 11월 3일 18시,월요일,인천광역시 서구 가정동,중상사고,0,1,0,0,차량단독 - 기타,안전운전불이행,건조,맑음,단일로 - 기타,승합,남,40세,기타불명,,,,
2014110300100555,2014년 11월 3일 19시,월요일,인천광역시 서구 가정동,경상사고,0,0,1,0,차대차 - 기타,신호위반,건조,맑음,교차로 - 교차로안,승용,남,50세,상해없음,승용,남,59세,경상
2014110300100556,2014년 11월 3일 19시,월요일,인천광역시 계양구 계산동,경상사고,0,0,3,0,차대차 - 측면직각충돌,교차로운행방법위반,건조,맑음,교차로 - 교차로안,승용,여,41세,상해없음,승용,남,40세,경상
2014110300100557,2014년 11월 3일 19시,월요일,인천광역시 연수구 옥련동,중상사고,0,1,0,0,차대사람 - 횡단중,신호위반,건조,맑음,단일로 - 기타,승용,남,59세,상해없음,보행자,여,63세,중상
2014110300100613,2014년 11월 3일 21시,월요일,인천광역시 부평구 십정동,부상신고사고,0,0,0,1,차대차 - 측면직각충돌,신호위반,건조,맑음,단일로 - 횡단보도부근,원동기,남,26세,상해없음,승용,남,45세,상해없음
2014110300100666,2014년 11월 3일 23시,월요일,인천광역시 부평구 산곡동,경상사고,0,0,1,0,차대차 - 추돌 - 주정차중,안전운전불이행,건조,맑음,교차로 - 교차로부근,승용,남,28세,상해없음,승용,남,29세,경상
2014110300100667,2014년 11월 3일 23시,월요일,인천광역시 부평구 갈산동,경상사고,0,0,1,0,차대사람 - 횡단중,신호위반,건조,흐림,단일로 - 횡단보도상,이륜,남,17세,기타불명,보행자,남,33세,경상
2014110400100039,2014년 11월 4일 04시,화요일,인천광역시 남구 숭의동,중상사고,0,1,1,0,차대차 - 측면직각충돌,신호위반,건조,맑음,교차로 - 교차로안,승용,남,44세,상해없음,승용,남,60세,경상
2014110400100040,2014년 11월 4일 04시,화요일,인천광역시 남구 문학동,경상사고,0,0,2,0,차대차 - 추돌 - 주정차중,안전운전불이행,건조,맑음,단일로 - 기타,승용,여,29세,상해없음,승용,남,22세,경상
2014110400100048,2014년 11월 4일 05시,화요일,인천광역시 부평구 청천동,경상사고,0,0,1,0,차대차 - 측면직각충돌,안전운전불이행,건조,맑음,교차로 - 교차로안,승용,여,40세,상해없음,승용,여,33세,경상
2014110400100106,2014년 11월 4일 07시,화요일,인천광역시 서구 검암동,경상사고,0,0,1,0,차대차 - 기타,교차로운행방법위반,건조,맑음,교차로 - 교차로안,승용,남,51세,상해없음,자전거,남,28세,경상
2014110400100167,2014년 11월 4일 08시,화요일,인천광역시 계양구 작전동,경상사고,0,0,1,0,차대차 - 측면직각충돌,안전운전불이행,건조,맑음,교차로 - 교차로안,승용,여,42세,상해없음,자전거,남,14세,경상
2014110400100332,2014년 11월 4일 13시,화요일,인천광역시 남구 용현동,중상사고,0,1,0,0,차대차 - 기타,신호위반,건조,맑음,교차로 - 교차로안,승용,남,57세,상해없음,승용,여,53세,중상
2014110400100333,2014년 11월 4일 13시,화요일,인천광역시 서구 석남동,중상사고,0,1,6,0,차대차 - 정면충돌,중앙선침범,건조,맑음,단일로 - 기타,화물,남,61세,상해없음,승용,남,70세,상해없음
2014110400100366,2014년 11월 4일 14시,화요일,인천광역시 연수구 옥련동,중상사고,0,1,0,0,차대차 - 측면직각충돌,안전거리미확보,건조,맑음,교차로 - 교차로부근,승용,남,44세,중상,승용,남,43세,상해없음
2014110400100461,2014년 11월 4일 16시,화요일,인천광역시 남구 주안동,중상사고,0,2,0,0,차대차 - 기타,신호위반,건조,맑음,교차로 - 교차로안,승용,남,62세,상해없음,승용,남,60세,중상
2014110400100462,2014년 11월 4일 16시,화요일,인천광역시 남동구 논현동,부상신고사고,0,0,0,1,차대사람 - 횡단중,안전운전불이행,건조,맑음,단일로 - 기타,승합,기타불명,기타불명,기타불명,보행자,여,71세,부상신고
2014110400100572,2014년 11월 4일 18시,화요일,인천광역시 남구 주안동,경상사고,0,0,1,0,차대사람 - 기타,안전운전불이행,건조,맑음,단일로 - 기타,이륜,남,17세,상해없음,보행자,여,14세,경상
2014110400100573,2014년 11월 4일 18시,화요일,인천광역시 부평구 부평동,중상사고,0,1,0,0,차대사람 - 횡단중,안전운전불이행,건조,맑음,단일로 - 기타,원동기,남,32세,상해없음,보행자,여,68세,중상
2014110400100603,2014년 11월 4일 19시,화요일,인천광역시 서구 금곡동,부상신고사고,0,0,0,1,차대사람 - 기타,안전운전불이행,건조,맑음,단일로 - 기타,기타불명,기타불명,기타불명,기타불명,보행자,남,21세,부상신고
2014110400100705,2014년 11월 4일 22시,화요일,인천광역시 서구 마전동,경상사고,0,0,1,0,차대차 - 기타,안전운전불이행,건조,맑음,단일로 - 기타,승용,여,43세,상해없음,이륜,남,18세,경상
2014110400100730,2014년 11월 4일 23시,화요일,인천광역시 부평구 산곡동,경상사고,0,0,3,0,차대차 - 추돌 - 진행중,안전운전불이행,건조,맑음,단일로 - 기타,화물,남,31세,상해없음,승용,남,60세,경상
2014110400100731,2014년 11월 4일 23시,화요일,인천광역시 남동구 만수동,중상사고,0,1,0,0,차대차 - 추돌 - 주정차중,안전운전불이행,건조,맑음,교차로 - 교차로부근,승용,여,51세,상해없음,승용,여,32세,중상
2014110400100732,2014년 11월 4일 23시,화요일,인천광역시 서구 석남동,사망사고,1,0,0,0,차대차 - 측면직각충돌,신호위반,건조,맑음,교차로 - 교차로안,승합,남,40세,상해없음,원동기,남,50세,사망
2014110400100733,2014년 11월 4일 23시,화요일,인천광역시 계양구 갈현동,중상사고,0,1,0,0,차대차 - 측면직각충돌,안전거리미확보,건조,맑음,단일로 - 기타,승용,남,43세,상해없음,이륜,남,28세,중상
2014110400100734,2014년 11월 4일 23시,화요일,인천광역시 계양구 작전동,경상사고,0,0,1,0,차대차 - 추돌 - 진행중,안전운전불이행,건조,맑음,교차로 - 교차로부근,승용,남,27세,상해없음,승용,남,29세,경상
2014110500100019,2014년 11월 5일 00시,수요일,인천광역시 남구 학익동,경상사고,0,0,1,0,차대차 - 정면충돌,기타,건조,맑음,교차로 - 교차로부근,승용,남,42세,상해없음,승용,여,36세,경상
2014110500100020,2014년 11월 5일 00시,수요일,인천광역시 남구 학익동,경상사고,0,0,1,0,차대차 - 기타,안전운전불이행,건조,맑음,단일로 - 기타,승용,남,23세,상해없음,이륜,남,16세,경상
2014110500100021,2014년 11월 5일 00시,수요일,인천광역시 부평구 부평동,중상사고,0,2,3,0,차대차 - 정면충돌,교차로운행방법위반,건조,맑음,교차로 - 교차로안,승용,남,23세,상해없음,승용,남,58세,경상
2014110500100032,2014년 11월 5일 01시,수요일,인천광역시 동구 송현동,중상사고,0,2,0,0,차대차 - 측면직각충돌,신호위반,건조,맑음,교차로 - 교차로안,승용,남,63세,상해없음,원동기,남,18세,중상
2014110500100046,2014년 11월 5일 02시,수요일,인천광역시 남동구 수산동,경상사고,0,0,1,0,차대차 - 측면직각충돌,신호위반,건조,맑음,교차로 - 교차로안,승용,남,67세,상해없음,승용,남,40세,경상
2014110500100062,2014년 11월 5일 04시,수요일,인천광역시 연수구 연수동,사망사고,1,0,0,0,차대사람 - 횡단중,과속,건조,맑음,교차로 - 교차로부근,승용,남,52세,상해없음,보행자,여,75세,사망
2014110500100075,2014년 11월 5일 05시,수요일,인천광역시 남구 용현동,중상사고,0,1,0,0,차대사람 - 횡단중,보행자보호의무위반,건조,맑음,교차로 - 교차로부근,승합,남,42세,상해없음,보행자,여,30세,중상
2014110500100101,2014년 11월 5일 06시,수요일,인천광역시 남구 주안동,중상사고,0,1,0,0,차대사람 - 차도통행중,신호위반,건조,맑음,교차로 - 교차로안,승용,남,74세,상해없음,보행자,남,63세,중상