사고번호,사고일시,요일,시군구,사고내용,사망자수,중상자수,경상자수,부상신고자수,사고유형,법규위반,노면상태,기상상태,도로형태,가해운전자 차종,가해운전자 성별,가해운전자 연령,가해운전자 상해정도,피해운전자 차종,피해운전자 성별,피해운전자 연령,피해운전자 상해정도
2014110500100102,2014년 11월 5일 06시,수요일,인천광역시 부평구 구산동,중상사고,0,1,2,0,차대차 - 추돌 - 주정차중,안전운전불이행,건조,맑음,단일로 - 기타,승합,남,66세,상해없음,화물,남,63세,중상
2014110500100130,2014년 11월 5일 07시,수요일,인천광역시 남동구 논현동,경상사고,0,0,1,0,차대차 - 추돌 - 주정차중,안전운전불이행,건조,맑음,교차로 - 교차로부근,승용,남,29세,상해없음,건설기계,남,48세,경상
2014110500100131,2014년 11월 5일 07시,수요일,인천광역시 계양구 효성동,중상사고,0,1,0,0,차대차 - 기타,안전운전불이행,건조,맑음,단일로 - 기타,기타불명,기타불명,기타불명,기타불명,이륜,남,40세,중상
2014110500100188,2014년 11월 5일 08시,수요일,인천광역시 남구 학익동,경상사고,0,0,1,0,차대사람 - 횡단중,신호위반,건조,맑음,단일로 - 횡단보도상,승용,여,47세,상해없음,보행자,여,53세,경상
2014110500100189,2014년 11월 5일 08시,수요일,인천광역시 남구 주안동,경상사고,0,0,1,0,차대차 - 기타,안전운전불이행,건조,맑음,단일로 - 기타,승용,남,72세,상해없음,이륜,남,42세,경상
2014110500100190,2014년 11월 5일 08시,수요일,인천광역시 서구 연희동,중상사고,0,1,0,0,차대차 - 추돌 - 진행중,안전운전불이행,건조,맑음,단일로 - 기타,승용,남,31세,상해없음,이륜,남,40세,중상
2014110500100191,2014년 11월 5일 08시,수요일,인천광역시 부평구 갈산동,경상사고,0,0,1,0,차대사람 - 횡단중,안전운전불이행,건조,맑음,단일로 - 기타,승용,여,40세,상해없음,보행자,여,46세,경상
2014110500100273,2014년 11월 5일 10시,수요일,인천광역시 서구 검암동,경상사고,0,0,1,0,차대차 - 기타,안전운전불이행,건조,맑음,단일로 - 기타,자전거,남,71세,경상,자전거,남,60세,상해없음
2014110500100274,2014년 11월 5일 10시,수요일,인천광역시 부평구 삼산동,경상사고,0,0,1,0,차대차 - 측면직각충돌,교차로운행방법위반,건조,맑음,교차로 - 교차로안,화물,남,42세,상해없음,승용,여,51세,경상
2014110500100336,2014년 11월 5일 12시,수요일,인천광역시 부평구 부평동,중상사고,0,1,0,0,차대차 - 기타,신호위반,건조,맑음,교차로 - 교차로안,승용,남,51세,상해없음,원동기,남,17세,중상
2014110500100367,2014년 11월 5일 13시,수요일,인천광역시 남구 주안동,중상사고,0,1,0,0,차대차 - 추돌 - 진행중,안전운전불이행,건조,맑음,교차로 - 교차로부근,화물,남,49세,상해없음,승용,여,32세,중상
2014110500100368,2014년 11월 5일 13시,수요일,인천광역시 서구 불로동,중상사고,0,1,0,0,차대차 - 정면충돌,교차로운행방법위반,건조,맑음,교차로 - 교차로안,승용,남,38세,상해없음,이륜,남,21세,중상
2014110500100424,2014년 11월 5일 15시,수요일,인천광역시 계양구 작전동,경상사고,0,0,1,0,차대차 - 측면직각충돌,안전운전불이행,건조,맑음,단일로 - 기타,이륜,남,54세,상해없음,자전거,남,72세,경상
2014110500100508,2014년 11월 5일 17시,수요일,인천광역시 서구 가좌동,중상사고,0,1,0,0,차대차 - 기타,안전운전불이행,건조,맑음,단일로 - 기타,승용,남,55세,상해없음,이륜,여,36세,중상
2014110500100564,2014년 11월 5일 18시,수요일,인천광역시 부평구 십정동,경상사고,0,0,1,0,차대사람 - 기타,안전운전불이행,건조,맑음,교차로 - 교차로부근,승용,남,53세,상해없음,보행자,여,55세,경상
2014110500100565,2014년 11월 5일 18시,수요일,인천광역시 서구 석남동,중상사고,0,1,1,0,차대사람 - 횡단중,안전운전불이행,건조,맑음,단일로 - 기타,승용,남,64세,상해없음,보행자,여,73세,중상
2014110500100614,2014년 11월 5일 19시,수요일,인천광역시 남구 주안동,중상사고,0,1,1,0,차대차 - 추돌 - 주정차중,안전운전불이행,건조,맑음,단일로 - 기타,승용,남,38세,상해없음,승용,남,67세,경상
2014110500100615,2014년 11월 5일 19시,수요일,인천광역시 남구 주안동,중상사고,0,1,0,0,차대차 - 측면직각충돌,안전운전불이행,건조,맑음,교차로 - 교차로안,승용,남,50세,상해없음,자전거,남,48세,중상
2014110500100654,2014년 11월 5일 20시,수요일,인천광역시 부평구 갈산동,중상사고,0,1,0,0,차대차 - 측면직각충돌,안전거리미확보,건조,맑음,단일로 - 기타,승합,남,58세,상해없음,승합,남,53세,중상
2014110500100691,2014년 11월 5일 21시,수요일,인천광역시 남동구 간석동,경상사고,0,0,1,0,차대사람 - 기타,안전운전불이행,건조,맑음,단일로 - 기타,승용,남,35세,상해없음,보행자,남,70세,경상
2014110500100692,2014년 11월 5일 21시,수요일,인천광역시 계양구 효성동,경상사고,0,0,1,0,차대차 - 정면충돌,안전운전불이행,건조,맑음,교차로 - 교차로안,승용,남,42세,상해없음,원동기,남,16세,경상
2014110500100693,2014년 11월 5일 21시,수요일,인천광역시 계양구 갈현동,중상사고,0,1,0,0,차대사람 - 보도통행중,기타,기타,맑음,기타 - 기타,기타불명,기타불명,기타불명,기타불명,보행자,남,52세,중상
2014110500100724,2014년 11월 5일 22시,수요일,인천광역시 계양구 작전동,경상사고,0,0,2,0,차대차 - 추돌 - 진행중,안전운전불이행,건조,맑음,교차로 - 교차로부근,승용,남,42세,상해없음,승용,남,35세,경상
2014110500100725,2014년 11월 5일 22시,수요일,인천광역시 강화군 강화읍,중상사고,0,1,1,0,차대차 - 기타,신호위반,건조,맑음,교차로 - 교차로안,승용,여,53세,상해없음,승용,여,40세,중상
2014110500100746,2014년 11월 5일 23시,수요일,인천광역시 남구 문학동,경상사고,0,0,2,0,차대차 - 추돌 - 진행중,안전운전불이행,건조,맑음,단일로 - 기타,승용,남,19세,상해없음,승용,남,61세,경상
2014110500100748,2014년 11월 5일 23시,수요일,인천광역시 연수구 동춘동,중상사고,0,1,0,0,차대사람 - 횡단중,안전운전불이행,건조,맑음,단일로 - 횡단보도상,승용,남,46세,상해없음,보행자,남,52세,중상
2014110600100049,2014년 11월 6일 05시,목요일,인천광역시 남동구 고잔동,중상사고,0,1,0,0,차대차 - 기타,안전운전불이행,건조,맑음,단일로 - 기타,승합,남,56세,상해없음,승용,여,65세,중상
2014110600100050,2014년 11월 6일 05시,목요일,인천광역시 부평구 부평동,중상사고,0,1,0,0,차대사람 - 기타,안전운전불이행,건조,맑음,단일로 - 기타,이륜,남,56세,상해없음,보행자,여,79세,중상
2014110600100072,2014년 11월 6일 06시,목요일,인천광역시 남동구 간석동,경상사고,0,0,1,0,차대사람 - 기타,안전운전불이행,건조,맑음,단일로 - 기타,기타불명,기타불명,기타불명,기타불명,보행자,여,52세,경상
2014110600100073,2014년 11월 6일 06시,목요일,인천광역시 부평구 삼산동,중상사고,0,1,0,0,차대사람 - 횡단중,안전운전불이행,습기,비,교차로 - 교차로안,화물,남,57세,상해없음,보행자,남,56세,중상
2014110600100139,2014년 11월 6일 08시,목요일,인천광역시 계양구 효성동,중상사고,0,1,0,0,차대사람 - 횡단중,보행자보호의무위반,습기,흐림,단일로 - 횡단보도상,화물,남,67세,상해없음,보행자,여,58세,중상
2014110600100140,2014년 11월 6일 08시,목요일,인천광역시 강화군 길상면,경상사고,0,0,1,0,차대차 - 기타,안전운전불이행,건조,맑음,단일로 - 기타,화물,남,66세,상해없음,승용,남,36세,경상
2014110600100174,2014년 11월 6일 09시,목요일,인천광역시 남구 학익동,경상사고,0,0,1,0,차대차 - 측면직각충돌,안전운전불이행,건조,맑음,교차로 - 교차로안,승용,여,69세,상해없음,승용,여,57세,경상
2014110600100205,2014년 11월 6일 10시,목요일,인천광역시 남동구 간석동,중상사고,0,1,0,0,차대차 - 기타,신호위반,건조,맑음,교차로 - 교차로부근,승용,여,45세,상해없음,자전거,남,74세,중상
2014110600100206,2014년 11월 6일 10시,목요일,인천광역시 계양구 계산동,경상사고,0,0,1,0,차대차 - 기타,안전운전불이행,건조,맑음,교차로 - 교차로안,승용,남,66세,상해없음,자전거,여,56세,경상
2014110600100260,2014년 11월 6일 12시,목요일,인천광역시 중구 중산동,경상사고,0,0,1,0,차대차 - 추돌 - 주정차중,안전운전불이행,건조,맑음,단일로 - 기타,승용,남,55세,상해없음,승합,남,51세,경상
2014110600100261,2014년 11월 6일 12시,목요일,인천광역시 계양구 계산동,경상사고,0,0,1,0,차대차 - 측면직각충돌,안전운전불이행,건조,맑음,교차로 - 교차로안,승용,남,35세,상해없음,승용,여,45세,경상
2014110600100291,2014년 11월 6일 13시,목요일,인천광역시 부평구 부평동,중상사고,0,1,0,0,차대사람 - 보도통행중,기타,건조,맑음,단일로 - 기타,승용,남,73세,상해없음,보행자,여,76세,중상
2014110600100316,2014년 11월 6일 14시,목요일,인천광역시 남동구 구월동,경상사고,0,0,1,0,차대사람 - 기타,안전운전불이행,건조,맑음,단일로 - 기타,승용,남,54세,기타불명,보행자,여,16세,경상
2014110600100382,2014년 11월 6일 16시,목요일,인천광역시 남구 숭의동,경상사고,0,0,1,0,차대차 - 추돌 - 진행중,안전운전불이행,건조,맑음,단일로 - 기타,승용,남,62세,상해없음,승용,여,41세,경상
2014110600100383,2014년 11월 6일 16시,목요일,인천광역시 남동구 고잔동,경상사고,0,0,1,0,차량단독 - 기타,안전운전불이행,건조,맑음,교차로 - 교차로안,승합,남,53세,상해없음,,,,
2014110600100431,2014년 11월 6일 17시,목요일,인천광역시 남구 학익동,경상사고,0,0,1,0,차대차 - 측면직각충돌,안전운전불이행,건조,맑음,교차로 - 교차로부근,기타불명,기타불명,기타불명,기타불명,승용,남,40세,경상
2014110600100494,2014년 11월 6일 18시,목요일,인천광역시 남구 도화동,경상사고,0,0,1,0,차대차 - 기타,안전거리미확보,건조,맑음,단일로 - 기타,화물,남,55세,상해없음,승합,남,56세,상해없음
2014110600100495,2014년 11월 6일 18시,목요일,인천광역시 서구 오류동,사망사고,1,0,0,0,차대사람 - 횡단중,안전운전불이행,건조,맑음,단일로 - 기타,승용,남,51세,상해없음,보행자,남,56세,사망
2014110600100563,2014년 11월 6일 20시,목요일,인천광역시 남구 주안동,경상사고,0,0,1,0,차대차 - 기타,기타,건조,맑음,교차로 - 교차로부근,승합,남,59세,상해없음,승용,여,56세,상해없음
2014110600100564,2014년 11월 6일 20시,목요일,인천광역시 남동구 구월동,경상사고,0,0,1,0,차대차 - 추돌 - 진행중,안전운전불이행,건조,맑음,교차로 - 교차로안,이륜,남,18세,상해없음,승용,남,58세,경상
2014110600100565,2014년 11월 6일 20시,목요일,인천광역시 남동구 고잔동,중상사고,0,2,1,0,차대차 - 정면충돌,신호위반,건조,맑음,교차로 - 교차로안,승용,남,41세,상해없음,화물,남,55세,중상
2014110600100566,2014년 11월 6일 20시,목요일,인천광역시 남동구 수산동,경상사고,0,0,1,0,차대차 - 측면직각충돌,안전거리미확보,건조,맑음,단일로 - 기타,승용,여,55세,상해없음,승용,남,54세,경상
2014110600100567,2014년 11월 6일 20시,목요일,인천광역시 서구 가정동,경상사고,0,0,1,0,차대차 - 측면직각충돌,신호위반,건조,맑음,교차로 - 교차로안,승용,남,21세,상해없음,승용,남,59세,경상
2014110600100618,2014년 11월 6일 22시,목요일,인천광역시 남구 용현동,경상사고,0,0,1,0,차대사람 - 기타,보행자보호의무위반,건조,맑음,단일로 - 기타,승용,남,27세,상해없음,보행자,남,43세,경상
2014110600100619,2014년 11월 6일 22시,목요일,인천광역시 연수구 연수동,중상사고,0,4,5,0,차대차 - 추돌 - 주정차중,안전운전불이행,건조,맑음,단일로 - 기타,승용,여,32세,기타불명,승합,남,45세,중상
2014110600100640,2014년 11월 6일 23시,목요일,인천광역시 남구 용현동,중상사고,0,1,0,0,차대사람 - 기타,안전운전불이행,건조,흐림,단일로 - 기타,승용,남,18세,상해없음,보행자,여,76세,중상
2014110600100641,2014년 11월 6일 23시,목요일,인천광역시 연수구 송도동,경상사고,0,0,1,0,차대차 - 추돌 - 진행중,안전운전불이행,건조,맑음,단일로 - 기타,승용,남,23세,상해없음,승용,남,62세,상해없음
2014110700100020,2014년 11월 7일 00시,금요일,인천광역시 중구 중산동,부상신고사고,0,0,0,1,차량단독 - 공작물충돌,안전운전불이행,건조,맑음,교차로 - 교차로안,승용,남,36세,부상신고,,,,
2014110700100021,2014년 11월 7일 00시,금요일,인천광역시 남구 주안동,경상사고,0,0,2,0,차대차 - 측면직각충돌,중앙선침범,건조,맑음,단일로 - 기타,원동기,남,46세,상해없음,승용,남,58세,경상
2014110700100038,2014년 11월 7일 01시,금요일,인천광역시 부평구 부평동,경상사고,0,0,1,0,차대사람 - 보도통행중,기타,건조,맑음,단일로 - 기타,자전거,기타불명,기타불명,기타불명,보행자,남,62세,경상
2014110700100055,2014년 11월 7일 02시,금요일,인천광역시 부평구 청천동,경상사고,0,0,1,0,차대차 - 기타,안전운전불이행,건조,맑음,단일로 - 횡단보도부근,승합,남,27세,상해없음,승용,남,71세,경상
2014110700100188,2014년 11월 7일 08시,금요일,인천광역시 계양구 병방동,중상사고,0,1,2,0,차대차 - 추돌 - 주정차중,안전운전불이행,건조,맑음,단일로 - 기타,화물,남,54세,상해없음,화물,남,65세,중상
2014110700100242,2014년 11월 7일 10시,금요일,인천광역시 계양구 작전동,중상사고,0,1,0,0,차대차 - 정면충돌,안전운전불이행,건조,맑음,단일로 - 기타,자전거,남,17세,중상,승용,남,26세,상해없음
2014110700100330,2014년 11월 7일 13시,금요일,인천광역시 부평구 십정동,경상사고,0,0,1,0,차대사람 - 기타,안전운전불이행,건조,맑음,교차로 - 교차로부근,승용,남,54세,상해없음,보행자,남,7세,경상
2014110700100365,2014년 11월 7일 14시,금요일,인천광역시 부평구 산곡동,경상사고,0,0,1,0,차대사람 - 기타,안전운전불이행,건조,맑음,기타 - 기타,승용,여,48세,상해없음,보행자,여,60세,경상
2014110700100366,2014년 11월 7일 14시,금요일,인천광역시 계양구 효성동,중상사고,0,1,0,0,차대사람 - 기타,안전운전불이행,건조,맑음,교차로 - 교차로안,승용,여,46세,상해없음,보행자,남,92세,중상
2014110700100400,2014년 11월 7일 15시,금요일,인천광역시 남구 주안동,중상사고,0,1,0,0,차대차 - 추돌 - 진행중,안전운전불이행,건조,맑음,단일로 - 기타,화물,남,48세,상해없음,승용,남,58세,중상
2014110700100430,2014년 11월 7일 16시,금요일,인천광역시 중구 신흥동3가,경상사고,0,0,1,0,차대차 - 기타,안전운전불이행,건조,맑음,단일로 - 기타,화물,남,45세,상해없음,승용,남,67세,경상
2014110700100431,2014년 11월 7일 16시,금요일,인천광역시 남동구 논현동,경상사고,0,0,4,0,차대차 - 기타,안전거리미확보,건조,맑음,단일로 - 횡단보도부근,승용,남,68세,상해없음,승용,여,38세,경상
2014110700100432,2014년 11월 7일 16시,금요일,인천광역시 계양구 계산동,중상사고,0,1,0,0,차대차 - 정면충돌,신호위반,건조,맑음,교차로 - 교차로부근,이륜,남,32세,중상,승용,남,36세,상해없음
2014110700100479,2014년 11월 7일 17시,금요일,인천광역시 남구 문학동,경상사고,0,0,2,0,차대차 - 측면직각충돌,안전거리미확보,건조,맑음,교차로 - 교차로부근,승용,남,28세,경상,승합,남,54세,상해없음
2014110700100480,2014년 11월 7일 17시,금요일,인천광역시 부평구 부평동,경상사고,0,0,1,0,차대차 - 추돌 - 주정차중,안전운전불이행,건조,맑음,단일로 - 기타,화물,남,61세,상해없음,승용,남,61세,경상
2014110700100482,2014년 11월 7일 17시,금요일,인천광역시 부평구 부개동,경상사고,0,0,1,0,차대차 - 기타,안전운전불이행,건조,맑음,단일로 - 기타,승합,기타불명,기타불명,기타불명,자전거,남,10세,경상
2014110700100547,2014년 11월 7일 18시,금요일,인천광역시 남동구 구월동,경상사고,0,0,1,0,차대사람 - 횡단중,안전운전불이행,건조,맑음,단일로 - 기타,이륜,남,21세,상해없음,보행자,여,53세,경상
2014110700100548,2014년 11월 7일 18시,금요일,인천광역시 남동구 고잔동,중상사고,0,1,0,0,차대사람 - 횡단중,안전운전불이행,건조,맑음,단일로 - 기타,승용,남,56세,상해없음,보행자,남,51세,중상
2014110700100549,2014년 11월 7일 18시,금요일,인천광역시 서구 가정동,중상사고,0,1,1,0,차대차 - 측면직각충돌,신호위반,건조,맑음,단일로 - 기타,승용,남,18세,경상,승용,남,65세,중상
2014110700100550,2014년 11월 7일 18시,금요일,인천광역시 강화군 불은면,중상사고,0,1,0,0,차대사람 - 기타,안전운전불이행,건조,맑음,단일로 - 기타,화물,남,31세,상해없음,보행자,여,66세,중상
2014110700100604,2014년 11월 7일 19시,금요일,인천광역시 남구 학익동,경상사고,0,0,2,0,차대차 - 추돌 - 진행중,안전운전불이행,건조,맑음,단일로 - 기타,승용,기타불명,기타불명,기타불명,승용,남,50세,경상
2014110700100688,2014년 11월 7일 21시,금요일,인천광역시 부평구 십정동,중상사고,0,1,0,0,차대차 - 추돌 - 주정차중,안전운전불이행,건조,맑음,단일로 - 기타,원동기,남,49세,중상,승합,남,47세,기타불명
2014110700100720,2014년 11월 7일 22시,금요일,인천광역시 부평구 산곡동,경상사고,0,0,7,0,차대차 - 추돌 - 진행중,안전운전불이행,건조,맑음,교차로 - 교차로안,승용,남,23세,상해없음,승용,남,22세,경상
2014110700100721,2014년 11월 7일 22시,금요일,인천광역시 계양구 효성동,경상사고,0,0,2,0,차대차 - 추돌 - 진행중,안전운전불이행,건조,맑음,단일로 - 기타,승용,남,45세,상해없음,승용,남,44세,경상
2014110700100744,2014년 11월 7일 23시,금요일,인천광역시 부평구 부평동,중상사고,0,1,1,1,차대차 - 측면직각충돌,신호위반,건조,맑음,교차로 - 교차로안,승용,남,61세,상해없음,승용,남,24세,중상
2014110700100745,2014년 11월 7일 23시,금요일,인천광역시 남동구 간석동,중상사고,0,1,0,0,차대사람 - 횡단중,안전운전불이행,건조,맑음,단일로 - 횡단보도상,승용,남,53세,상해없음,보행자,남,22세,중상
2014110800100044,2014년 11월 8일 01시,토요일,인천광역시 중구 신흥동1가,경상사고,0,0,1,0,차대차 - 측면직각충돌,안전거리미확보,건조,맑음,교차로 - 교차로안,승용,남,53세,상해없음,건설기계,남,48세,상해없음
2014110800100045,2014년 11월 8일 01시,토요일,인천광역시 서구 불로동,경상사고,0,0,1,0,차대차 - 기타,안전운전불이행,건조,맑음,단일로 - 기타,승용,남,30세,상해없음,승용,남,32세,경상
2014110800100046,2014년 11월 8일 01시,토요일,인천광역시 남동구 장수동,중상사고,0,1,0,0,차대차 - 기타,안전운전불이행,건조,맑음,단일로 - 기타,승용,남,34세,상해없음,화물,남,53세,중상
2014110800100088,2014년 11월 8일 04시,토요일,인천광역시 서구 신현동,경상사고,0,0,2,0,차대차 - 추돌 - 주정차중,안전운전불이행,건조,맑음,교차로 - 교차로부근,승용,남,30세,상해없음,승용,남,57세,경상
2014110800100089,2014년 11월 8일 04시,토요일,인천광역시 연수구 청학동,중상사고,0,1,0,0,차대사람 - 횡단중,안전운전불이행,건조,맑음,단일로 - 기타,승용,남,65세,상해없음,보행자,남,87세,중상
2014110800100105,2014년 11월 8일 05시,토요일,인천광역시 남동구 간석동,중상사고,0,1,0,0,차대사람 - 횡단중,안전운전불이행,건조,맑음,단일로 - 기타,화물,남,42세,상해없음,보행자,남,65세,중상
2014110800100122,2014년 11월 8일 06시,토요일,인천광역시 남동구 간석동,경상사고,0,0,1,0,차대사람 - 기타,안전운전불이행,습기,맑음,단일로 - 기타,승용,남,50세,상해없음,보행자,남,59세,경상
2014110800100152,2014년 11월 8일 08시,토요일,인천광역시 남구 주안동,중상사고,0,3,5,0,차대차 - 측면직각충돌,신호위반,건조,맑음,교차로 - 교차로안,승용,남,24세,중상,승용,남,72세,경상
2014110800100153,2014년 11월 8일 08시,토요일,인천광역시 남동구 고잔동,경상사고,0,0,1,0,차대차 - 추돌 - 주정차중,안전운전불이행,건조,맑음,단일로 - 기타,승용,남,43세,상해없음,화물,남,58세,경상
2014110800100183,2014년 11월 8일 09시,토요일,인천광역시 계양구 작전동,부상신고사고,0,0,0,1,차대차 - 측면직각충돌,안전운전불이행,건조,맑음,교차로 - 교차로안,승용,여,51세,상해없음,자전거,남,12세,부상신고
2014110800100184,2014년 11월 8일 09시,토요일,인천광역시 부평구 일신동,경상사고,0,0,1,0,차대차 - 추돌 - 진행중,안전운전불이행,건조,맑음,단일로 - 기타,승용,남,62세,상해없음,승용,남,29세,경상
2014110800100206,2014년 11월 8일 10시,토요일,인천광역시 남동구 남촌동,중상사고,0,2,0,0,차대차 - 측면직각충돌,신호위반,건조,맑음,교차로 - 교차로안,화물,남,64세,중상,승용,남,48세,중상
2014110800100254,2014년 11월 8일 12시,토요일,인천광역시 서구 가좌동,경상사고,0,0,1,0,차대차 - 기타,안전운전불이행,건조,맑음,단일로 - 기타,화물,남,47세,상해없음,화물,남,47세,경상
2014110800100287,2014년 11월 8일 13시,토요일,인천광역시 남동구 구월동,중상사고,0,1,0,0,차대사람 - 횡단중,중앙선침범,건조,맑음,단일로 - 기타,승용,남,21세,상해없음,보행자,남,54세,중상
2014110800100288,2014년 11월 8일 13시,토요일,인천광역시 계양구 병방동,경상사고,0,0,1,0,차대차 - 측면직각충돌,안전운전불이행,건조,맑음,단일로 - 기타,승용,여,37세,상해없음,자전거,남,66세,경상
2014110800100384,2014년 11월 8일 16시,토요일,인천광역시 서구 가좌동,경상사고,0,0,1,0,차대차 - 기타,안전거리미확보,건조,맑음,단일로 - 기타,화물,남,46세,상해없음,승용,여,37세,경상
2014110800100422,2014년 11월 8일 17시,토요일,인천광역시 계양구 갈현동,경상사고,0,0,3,0,차대차 - 추돌 - 진행중,안전운전불이행,건조,맑음,단일로 - 기타,승용,남,66세,상해없음,승용,남,40세,경상
2014110800100423,2014년 11월 8일 17시,토요일,인천광역시 연수구 선학동,경상사고,0,0,1,0,차대사람 - 횡단중,보행자보호의무위반,건조,맑음,교차로 - 교차로부근,이륜,남,35세,상해없음,보행자,남,7세,경상
2014110800100486,2014년 11월 8일 18시,토요일,인천광역시 남구 주안동,경상사고,0,0,1,0,차대사람 - 기타,안전운전불이행,건조,맑음,교차로 - 교차로안,승용,남,18세,상해없음,보행자,남,48세,경상
2014110800100487,2014년 11월 8일 18시,토요일,인천광역시 남동구 논현동,경상사고,0,0,1,0,차대차 - 추돌 - 주정차중,안전운전불이행,건조,맑음,교차로 - 교차로부근,승용,남,29세,상해없음,승용,남,54세,경상
2014110800100488,2014년 11월 8일 18시,토요일,인천광역시 남동구 장수동,경상사고,0,0,1,0,차대차 - 측면직각충돌,안전거리미확보,건조,맑음,단일로 - 기타,승용,남,27세,상해없음,이륜,남,28세,경상
2014110800100650,2014년 11월 8일 23시,토요일,인천광역시 남구 학익동,중상사고,0,1,0,0,차대사람 - 기타,안전운전불이행,건조,맑음,교차로 - 교차로안,승용,남,55세,상해없음,보행자,남,54세,중상
2014110900100045,2014년 11월 9일 01시,일요일,인천광역시 서구 가좌동,중상사고,0,1,1,0,차대사람 - 차도통행중,안전운전불이행,건조,맑음,단일로 - 기타,승용,남,27세,경상,보행자,남,45세,중상
2014110900100099,2014년 11월 9일 06시,일요일,인천광역시 부평구 삼산동,중상사고,0,1,0,0,차대차 - 기타,안전운전불이행,건조,맑음,교차로 - 교차로안,승용,남,57세,상해없음,원동기,남,21세,중상
2014110900100108,2014년 11월 9일 07시,일요일,인천광역시 중구 을왕동,경상사고,0,0,3,0,차대차 - 기타,안전운전불이행,건조,맑음,단일로 - 기타,승용,남,53세,상해없음,승용,남,51세,경상
2014110900100140,2014년 11월 9일 09시,일요일,인천광역시 연수구 동춘동,중상사고,0,1,2,0,차대차 - 기타,중앙선침범,건조,맑음,단일로 - 기타,승합,남,64세,상해없음,승용,남,39세,경상
2014110900100202,2014년 11월 9일 12시,일요일,인천광역시 중구 인현동,경상사고,0,0,1,0,차대차 - 정면충돌,신호위반,건조,맑음,교차로 - 교차로안,승용,남,45세,상해없음,이륜,남,36세,경상
2014110900100240,2014년 11월 9일 13시,일요일,인천광역시 부평구 산곡동,중상사고,0,2,2,0,차대차 - 기타,안전운전불이행,건조,맑음,단일로 - 기타,승합,남,47세,상해없음,승용,여,24세,중상
2014110900100241,2014년 11월 9일 13시,일요일,인천광역시 남동구 구월동,경상사고,0,0,1,0,차대차 - 추돌 - 진행중,안전운전불이행,건조,맑음,단일로 - 기타,승용,남,38세,상해없음,승용,남,24세,경상
2014110900100305,2014년 11월 9일 15시,일요일,인천광역시 남구 주안동,경상사고,0,0,1,0,차대차 - 추돌 - 주정차중,안전운전불이행,건조,맑음,교차로 - 교차로안,화물,남,58세,상해없음,이륜,남,23세,경상
2014110900100337,2014년 11월 9일 16시,일요일,인천광역시 계양구 방축동,중상사고,0,1,0,0,차대사람 - 횡단중,안전운전불이행,건조,맑음,교차로 - 교차로안,승용,남,27세,상해없음,보행자,남,77세,중상
2014110900100368,2014년 11월 9일 17시,일요일,인천광역시 부평구 산곡동,경상사고,0,0,1,0,차대차 - 기타,신호위반,건조,맑음,교차로 - 교차로안,이륜,남,17세,상해없음,승용,여,38세,상해없음
2014110900100417,2014년 11월 9일 18시,일요일,인천광역시 서구 마전동,경상사고,0,0,1,0,차대사람 - 횡단중,보행자보호의무위반,건조,맑음,단일로 - 횡단보도상,기타불명,기타불명,기타불명,기타불명,보행자,남,12세,경상
2014110900100418,2014년 11월 9일 18시,일요일,인천광역시 강화군 강화읍,중상사고,0,1,0,0,차대차 - 추돌 - 진행중,안전운전불이행,건조,맑음,단일로 - 기타,승용,남,60세,상해없음,농기계,남,64세,중상
2014110900100456,2014년 11월 9일 19시,일요일,인천광역시 계양구 병방동,경상사고,0,0,2,0,차대차 - 기타,안전운전불이행,건조,맑음,교차로 - 교차로안,승용,남,30세,상해없음,승합,남,43세,상해없음
2014110900100492,2014년 11월 9일 20시,일요일,인천광역시 부평구 삼산동,경상사고,0,0,2,0,차대차 - 추돌 - 주정차중,안전운전불이행,건조,맑음,교차로 - 교차로부근,이륜,남,35세,상해없음,승용,남,30세,경상
2014110900100511,2014년 11월 9일 21시,일요일,인천광역시 남구 학익동,경상사고,0,0,1,0,차대사람 - 횡단중,안전운전불이행,건조,맑음,교차로 - 교차로부근,원동기,남,16세,상해없음,보행자,여,56세,경상
2014110900100512,2014년 11월 9일 21시,일요일,인천광역시 남구 도화동,중상사고,0,1,0,0,차대차 - 추돌 - 주정차중,안전운전불이행,건조,맑음,교차로 - 교차로부근,승용,남,47세,상해없음,승용,여,33세,중상
2014110900100535,2014년 11월 9일 22시,일요일,인천광역시 부평구 십정동,경상사고,0,0,2,0,차대사람 - 기타,안전운전불이행,건조,맑음,교차로 - 교차로안,화물,남,32세,경상,보행자,남,24세,경상
2014111000100011,2014년 11월 10일 00시,월요일,인천광역시 남구 문학동,중상사고,0,1,0,0,차대사람 - 보도통행중,안전운전불이행,건조,맑음,교차로 - 교차로부근,기타불명,기타불명,기타불명,기타불명,보행자,남,58세,중상
2014111000100054,2014년 11월 10일 06시,월요일,인천광역시 남동구 구월동,경상사고,0,0,1,0,차대차 - 기타,신호위반,건조,맑음,교차로 - 교차로안,승용,남,66세,상해없음,화물,남,37세,경상
2014111000100084,2014년 11월 10일 07시,월요일,인천광역시 중구 선화동,경상사고,0,0,2,0,차대차 - 기타,안전운전불이행,건조,맑음,단일로 - 기타,화물,남,53세,상해없음,승용,남,52세,경상
2014111000100085,2014년 11월 10일 07시,월요일,인천광역시 남동구 논현동,중상사고,0,1,0,0,차대차 - 추돌 - 주정차중,안전운전불이행,건조,맑음,교차로 - 교차로부근,자전거,남,18세,중상,화물,남,66세,상해없음
2014111000100086,2014년 11월 10일 07시,월요일,인천광역시 부평구 부평동,경상사고,0,0,2,0,차대차 - 추돌 - 주정차중,안전운전불이행,건조,맑음,교차로 - 교차로안,승용,남,32세,상해없음,승용,여,36세,경상