사고번호,사고일시,요일,시군구,사고내용,사망자수,중상자수,경상자수,부상신고자수,사고유형,법규위반,노면상태,기상상태,도로형태,가해운전자 차종,가해운전자 성별,가해운전자 연령,가해운전자 상해정도,피해운전자 차종,피해운전자 성별,피해운전자 연령,피해운전자 상해정도
2014111000100133,2014년 11월 10일 08시,월요일,인천광역시 서구 경서동,경상사고,0,0,1,1,차대차 - 기타,안전운전불이행,건조,맑음,단일로 - 기타,화물,남,41세,상해없음,이륜,남,40세,부상신고
2014111000100166,2014년 11월 10일 09시,월요일,인천광역시 연수구 송도동,경상사고,0,0,2,0,차대차 - 측면직각충돌,신호위반,건조,맑음,교차로 - 교차로안,승합,남,64세,상해없음,승용,여,34세,경상
2014111000100194,2014년 11월 10일 10시,월요일,인천광역시 중구 도원동,중상사고,0,1,0,0,차대차 - 측면직각충돌,안전거리미확보,건조,맑음,교차로 - 교차로부근,자전거,남,57세,중상,원동기,남,30세,상해없음
2014111000100195,2014년 11월 10일 10시,월요일,인천광역시 부평구 삼산동,경상사고,0,0,1,0,차대사람 - 기타,안전운전불이행,건조,맑음,단일로 - 횡단보도부근,승용,남,50세,상해없음,보행자,남,33세,경상
2014111000100224,2014년 11월 10일 11시,월요일,인천광역시 남동구 간석동,경상사고,0,0,1,1,차대사람 - 기타,안전운전불이행,건조,맑음,단일로 - 기타,승합,남,49세,상해없음,보행자,여,32세,경상
2014111000100225,2014년 11월 10일 11시,월요일,인천광역시 서구 공촌동,경상사고,0,0,2,0,차대차 - 측면직각충돌,안전운전불이행,건조,맑음,교차로 - 교차로안,승용,남,19세,상해없음,승용,여,27세,경상
2014111000100259,2014년 11월 10일 12시,월요일,인천광역시 남동구 논현동,경상사고,0,0,1,0,차대차 - 측면직각충돌,신호위반,건조,맑음,교차로 - 교차로안,승용,남,60세,상해없음,화물,남,65세,경상
2014111000100260,2014년 11월 10일 12시,월요일,인천광역시 강화군 양도면,경상사고,0,0,1,0,차대차 - 기타,중앙선침범,건조,맑음,단일로 - 기타,승용,남,22세,상해없음,승용,남,54세,경상
2014111000100285,2014년 11월 10일 13시,월요일,인천광역시 남동구 장수동,중상사고,0,1,0,0,차대차 - 추돌 - 진행중,안전운전불이행,건조,맑음,단일로 - 기타,건설기계,남,58세,상해없음,원동기,남,66세,중상
2014111000100286,2014년 11월 10일 13시,월요일,인천광역시 남동구 간석동,중상사고,0,1,0,0,차대차 - 추돌 - 주정차중,안전거리미확보,건조,맑음,단일로 - 기타,승합,남,30세,상해없음,원동기,남,54세,중상
2014111000100325,2014년 11월 10일 14시,월요일,인천광역시 부평구 갈산동,경상사고,0,0,1,0,차대차 - 기타,신호위반,건조,맑음,교차로 - 교차로안,자전거,남,77세,경상,승용,남,67세,상해없음
2014111000100524,2014년 11월 10일 18시,월요일,인천광역시 부평구 십정동,경상사고,0,0,1,0,차대차 - 기타,안전운전불이행,건조,맑음,단일로 - 기타,승용,남,56세,상해없음,승용,남,33세,경상
2014111000100560,2014년 11월 10일 19시,월요일,인천광역시 서구 마전동,경상사고,0,0,4,0,차대차 - 기타,안전운전불이행,건조,맑음,단일로 - 기타,승합,남,42세,상해없음,승합,남,38세,상해없음
2014111000100598,2014년 11월 10일 20시,월요일,인천광역시 남동구 만수동,경상사고,0,0,1,0,차대차 - 추돌 - 주정차중,안전운전불이행,건조,흐림,단일로 - 기타,승용,남,37세,상해없음,승용,여,50세,경상
2014111000100599,2014년 11월 10일 20시,월요일,인천광역시 계양구 계산동,경상사고,0,0,1,0,차대사람 - 기타,안전운전불이행,건조,맑음,단일로 - 기타,화물,남,29세,상해없음,보행자,여,77세,경상
2014111000100623,2014년 11월 10일 21시,월요일,인천광역시 동구 화수동,경상사고,0,0,4,0,차대차 - 추돌 - 진행중,안전운전불이행,건조,맑음,단일로 - 기타,승용,남,18세,상해없음,승용,남,49세,경상
2014111000100624,2014년 11월 10일 21시,월요일,인천광역시 연수구 청학동,중상사고,0,1,10,0,차대차 - 추돌 - 주정차중,안전운전불이행,건조,맑음,단일로 - 기타,승합,남,50세,상해없음,승합,남,53세,경상
2014111000100653,2014년 11월 10일 22시,월요일,인천광역시 부평구 부평동,중상사고,0,1,0,0,차대차 - 측면직각충돌,중앙선침범,건조,맑음,단일로 - 기타,원동기,남,37세,상해없음,원동기,남,27세,중상
2014111000100676,2014년 11월 10일 23시,월요일,인천광역시 부평구 부평동,경상사고,0,0,1,0,차대차 - 기타,안전거리미확보,건조,맑음,교차로 - 교차로부근,승용,남,54세,기타불명,이륜,남,26세,경상
2014111100100016,2014년 11월 11일 00시,화요일,인천광역시 남동구 구월동,중상사고,0,1,2,0,차대차 - 추돌 - 주정차중,안전운전불이행,건조,맑음,단일로 - 횡단보도상,승용,남,42세,경상,화물,남,50세,경상
2014111100100035,2014년 11월 11일 02시,화요일,인천광역시 부평구 산곡동,경상사고,0,0,1,0,차대차 - 기타,신호위반,건조,맑음,교차로 - 교차로안,승용,여,50세,상해없음,승용,남,62세,경상
2014111100100036,2014년 11월 11일 02시,화요일,인천광역시 계양구 작전동,중상사고,0,1,0,0,차대차 - 측면직각충돌,교차로운행방법위반,건조,맑음,교차로 - 교차로안,승용,남,33세,상해없음,승용,남,63세,중상
2014111100100103,2014년 11월 11일 07시,화요일,인천광역시 남구 도화동,경상사고,0,0,2,0,차대차 - 측면직각충돌,신호위반,건조,흐림,교차로 - 교차로안,승용,남,63세,상해없음,승용,남,49세,경상
2014111100100104,2014년 11월 11일 07시,화요일,인천광역시 남구 숭의동,중상사고,0,1,0,0,차대차 - 측면직각충돌,안전운전불이행,건조,맑음,단일로 - 기타,화물,남,33세,상해없음,승합,남,61세,중상
2014111100100105,2014년 11월 11일 07시,화요일,인천광역시 남동구 간석동,중상사고,0,1,3,0,차대차 - 기타,차로위반,건조,맑음,단일로 - 기타,승용,여,49세,상해없음,승합,여,54세,상해없음
2014111100100151,2014년 11월 11일 08시,화요일,인천광역시 남동구 구월동,경상사고,0,0,1,0,차대차 - 기타,안전운전불이행,건조,맑음,교차로 - 교차로안,승용,여,48세,상해없음,승용,여,50세,경상
2014111100100152,2014년 11월 11일 08시,화요일,인천광역시 강화군 강화읍,중상사고,0,1,0,0,차대사람 - 기타,안전운전불이행,건조,맑음,기타 - 기타,승용,여,47세,상해없음,보행자,남,66세,중상
2014111100100153,2014년 11월 11일 08시,화요일,인천광역시 강화군 길상면,경상사고,0,0,2,0,차대차 - 측면직각충돌,신호위반,건조,맑음,교차로 - 교차로안,승용,여,56세,경상,승합,남,66세,경상
2014111100100154,2014년 11월 11일 08시,화요일,인천광역시 부평구 삼산동,경상사고,0,0,1,0,차대차 - 추돌 - 진행중,안전거리미확보,건조,맑음,단일로 - 기타,승용,남,21세,상해없음,승용,여,48세,경상
2014111100100155,2014년 11월 11일 08시,화요일,인천광역시 남동구 서창동,사망사고,1,0,0,0,차량단독 - 공작물충돌,안전운전불이행,건조,맑음,단일로 - 기타,화물,남,72세,사망,,,,
2014111100100194,2014년 11월 11일 09시,화요일,인천광역시 남동구 만수동,경상사고,0,0,1,0,차대차 - 측면직각충돌,신호위반,건조,맑음,교차로 - 교차로안,승용,남,43세,상해없음,승용,여,36세,경상
2014111100100195,2014년 11월 11일 09시,화요일,인천광역시 남구 문학동,경상사고,0,0,1,0,차대차 - 추돌 - 진행중,안전운전불이행,건조,맑음,단일로 - 기타,승합,남,54세,상해없음,승용,남,37세,경상
2014111100100196,2014년 11월 11일 09시,화요일,인천광역시 남동구 논현동,경상사고,0,0,1,0,차대차 - 추돌 - 진행중,안전운전불이행,건조,맑음,단일로 - 기타,화물,남,42세,상해없음,승합,남,54세,경상
2014111100100265,2014년 11월 11일 12시,화요일,인천광역시 중구 인현동,중상사고,0,1,0,0,차대차 - 기타,중앙선침범,건조,맑음,단일로 - 기타,승합,남,41세,상해없음,승용,남,61세,상해없음
2014111100100266,2014년 11월 11일 12시,화요일,인천광역시 남구 관교동,경상사고,0,0,1,0,차대사람 - 횡단중,보행자보호의무위반,건조,맑음,단일로 - 횡단보도상,승용,남,63세,상해없음,보행자,여,46세,경상
2014111100100267,2014년 11월 11일 12시,화요일,인천광역시 부평구 청천동,경상사고,0,0,1,0,차대사람 - 길가장자리구역통행중,안전운전불이행,건조,맑음,단일로 - 기타,승용,여,61세,상해없음,보행자,여,23세,경상
2014111100100297,2014년 11월 11일 13시,화요일,인천광역시 남구 주안동,중상사고,0,1,2,0,차대차 - 기타,안전운전불이행,건조,맑음,교차로 - 교차로안,승용,남,25세,경상,승용,남,40세,중상
2014111100100298,2014년 11월 11일 13시,화요일,인천광역시 강화군 선원면,중상사고,0,1,0,0,차대차 - 정면충돌,중앙선침범,건조,맑음,단일로 - 기타,승용,남,64세,상해없음,승용,여,38세,중상
2014111100100322,2014년 11월 11일 14시,화요일,인천광역시 강화군 강화읍,경상사고,0,0,1,0,차대사람 - 기타,안전운전불이행,건조,맑음,기타 - 기타,승합,남,53세,상해없음,보행자,여,70세,경상
2014111100100347,2014년 11월 11일 15시,화요일,인천광역시 남구 도화동,중상사고,0,1,0,0,차대사람 - 횡단중,보행자보호의무위반,건조,맑음,단일로 - 횡단보도상,승용,여,66세,상해없음,보행자,남,79세,중상
2014111100100348,2014년 11월 11일 15시,화요일,인천광역시 부평구 청천동,경상사고,0,0,1,0,차대사람 - 횡단중,신호위반,건조,맑음,교차로 - 교차로부근,승용,남,35세,상해없음,보행자,남,13세,경상
2014111100100381,2014년 11월 11일 16시,화요일,인천광역시 부평구 산곡동,경상사고,0,0,1,0,차대차 - 기타,안전운전불이행,건조,맑음,단일로 - 기타,승용,남,38세,상해없음,승용,남,48세,경상
2014111100100382,2014년 11월 11일 16시,화요일,인천광역시 남동구 만수동,중상사고,0,1,1,0,차대차 - 추돌 - 주정차중,안전운전불이행,건조,맑음,단일로 - 기타,승용,남,51세,상해없음,화물,남,62세,중상
2014111100100383,2014년 11월 11일 16시,화요일,인천광역시 서구 불로동,중상사고,0,1,0,0,차대차 - 기타,안전운전불이행,건조,맑음,단일로 - 기타,승합,남,57세,상해없음,자전거,남,77세,중상
2014111100100384,2014년 11월 11일 16시,화요일,인천광역시 서구 당하동,중상사고,0,2,0,0,차대사람 - 기타,안전운전불이행,건조,기타,단일로 - 기타,자전거,남,14세,중상,보행자,남,14세,중상
2014111100100385,2014년 11월 11일 16시,화요일,인천광역시 부평구 갈산동,중상사고,0,1,0,0,차대차 - 기타,안전운전불이행,건조,맑음,교차로 - 교차로안,승합,남,42세,상해없음,자전거,남,69세,중상
2014111100100418,2014년 11월 11일 17시,화요일,인천광역시 부평구 부평동,중상사고,0,1,0,0,차대사람 - 횡단중,안전운전불이행,건조,맑음,단일로 - 기타,원동기,남,17세,상해없음,보행자,남,69세,중상
2014111100100419,2014년 11월 11일 17시,화요일,인천광역시 남동구 장수동,중상사고,0,1,1,0,차대차 - 추돌 - 주정차중,안전운전불이행,건조,맑음,단일로 - 기타,승용,남,51세,중상,화물,남,39세,경상
2014111100100529,2014년 11월 11일 19시,화요일,인천광역시 남구 주안동,부상신고사고,0,0,0,2,차대차 - 추돌 - 주정차중,안전운전불이행,건조,맑음,교차로 - 교차로안,승용,남,56세,상해없음,승용,남,42세,부상신고
2014111100100532,2014년 11월 11일 19시,화요일,인천광역시 계양구 귤현동,경상사고,0,0,1,0,차대차 - 정면충돌,중앙선침범,건조,맑음,교차로 - 교차로안,승용,남,53세,상해없음,승용,남,33세,경상
2014111100100533,2014년 11월 11일 19시,화요일,인천광역시 부평구 삼산동,부상신고사고,0,0,0,2,차대차 - 추돌 - 진행중,안전거리미확보,건조,맑음,단일로 - 기타,승용,남,47세,상해없음,승용,여,26세,상해없음
2014111100100564,2014년 11월 11일 20시,화요일,인천광역시 남동구 고잔동,중상사고,0,1,0,0,차대차 - 측면직각충돌,안전운전불이행,건조,맑음,단일로 - 기타,승용,남,29세,상해없음,자전거,남,38세,중상
2014111100100593,2014년 11월 11일 21시,화요일,인천광역시 남동구 남촌동,중상사고,0,2,0,0,차대차 - 정면충돌,중앙선침범,건조,맑음,교차로 - 교차로안,승용,남,52세,상해없음,화물,남,56세,중상
2014111100100617,2014년 11월 11일 22시,화요일,인천광역시 남구 문학동,경상사고,0,0,2,0,차대차 - 기타,교차로운행방법위반,건조,맑음,교차로 - 교차로안,승용,여,25세,상해없음,승용,남,39세,경상
2014111100100618,2014년 11월 11일 22시,화요일,인천광역시 남구 학익동,중상사고,0,1,0,0,차대차 - 기타,안전운전불이행,습기,비,기타 - 기타,승용,남,26세,상해없음,자전거,남,50세,중상
2014111100100619,2014년 11월 11일 22시,화요일,인천광역시 부평구 산곡동,경상사고,0,0,2,0,차대차 - 추돌 - 주정차중,안전운전불이행,습기,비,교차로 - 교차로부근,승용,남,33세,상해없음,승용,여,51세,경상
2014111100100620,2014년 11월 11일 22시,화요일,인천광역시 부평구 십정동,경상사고,0,0,1,0,차대차 - 추돌 - 주정차중,안전운전불이행,습기,비,교차로 - 교차로부근,승용,남,46세,상해없음,승용,남,51세,경상
2014111100100621,2014년 11월 11일 22시,화요일,인천광역시 서구 가정동,중상사고,0,1,0,0,차대사람 - 횡단중,안전운전불이행,습기,비,단일로 - 기타,승용,남,24세,상해없음,보행자,여,52세,중상
2014111100100656,2014년 11월 11일 23시,화요일,인천광역시 남구 주안동,중상사고,0,1,0,0,차대사람 - 차도통행중,안전운전불이행,습기,비,단일로 - 기타,화물,남,51세,상해없음,보행자,남,53세,중상
2014111100100657,2014년 11월 11일 23시,화요일,인천광역시 남동구 구월동,경상사고,0,0,1,0,차대차 - 추돌 - 주정차중,안전운전불이행,건조,맑음,단일로 - 기타,승용,남,37세,상해없음,승용,남,53세,경상
2014111100100658,2014년 11월 11일 23시,화요일,인천광역시 서구 가정동,경상사고,0,0,1,0,차대사람 - 차도통행중,안전운전불이행,습기,비,교차로 - 교차로안,이륜,남,22세,상해없음,보행자,남,17세,경상
2014111100100659,2014년 11월 11일 23시,화요일,인천광역시 계양구 계산동,경상사고,0,0,1,0,차대차 - 추돌 - 주정차중,안전운전불이행,습기,비,교차로 - 교차로부근,승용,여,41세,상해없음,승용,남,23세,기타불명
2014111100100660,2014년 11월 11일 23시,화요일,인천광역시 연수구 동춘동,사망사고,1,1,0,0,차대차 - 측면직각충돌,중앙선침범,습기,비,단일로 - 기타,승용,남,41세,사망,승용,남,55세,중상
2014111200100025,2014년 11월 12일 00시,수요일,인천광역시 서구 가좌동,중상사고,0,1,0,0,차대사람 - 횡단중,신호위반,습기,비,단일로 - 횡단보도상,승용,남,53세,상해없음,보행자,남,60세,중상
2014111200100026,2014년 11월 12일 00시,수요일,인천광역시 서구 대곡동,경상사고,0,0,1,0,차대차 - 기타,안전운전불이행,습기,비,교차로 - 교차로부근,기타불명,기타불명,기타불명,기타불명,승용,여,52세,경상
2014111200100089,2014년 11월 12일 05시,수요일,인천광역시 중구 신흥동1가,경상사고,0,0,1,0,차대차 - 측면직각충돌,신호위반,습기,비,교차로 - 교차로안,승용,남,54세,상해없음,승용,남,38세,상해없음
2014111200100143,2014년 11월 12일 07시,수요일,인천광역시 계양구 계산동,경상사고,0,0,2,0,차대차 - 추돌 - 진행중,안전운전불이행,건조,맑음,교차로 - 교차로부근,화물,남,32세,상해없음,화물,남,47세,상해없음
2014111200100144,2014년 11월 12일 07시,수요일,인천광역시 강화군 강화읍,부상신고사고,0,0,0,1,차대사람 - 기타,안전운전불이행,건조,맑음,단일로 - 기타,승용,남,78세,상해없음,보행자,남,16세,부상신고
2014111200100145,2014년 11월 12일 07시,수요일,인천광역시 부평구 부개동,경상사고,0,0,2,0,차대차 - 추돌 - 진행중,안전운전불이행,건조,맑음,교차로 - 교차로부근,승용,여,35세,상해없음,승용,남,40세,경상
2014111200100146,2014년 11월 12일 07시,수요일,인천광역시 부평구 부개동,경상사고,0,0,1,0,차대차 - 측면직각충돌,중앙선침범,건조,맑음,교차로 - 교차로부근,승용,남,53세,상해없음,승용,여,50세,경상
2014111200100230,2014년 11월 12일 09시,수요일,인천광역시 남동구 장수동,경상사고,0,0,1,0,차대차 - 기타,중앙선침범,건조,맑음,단일로 - 기타,승용,남,58세,상해없음,승용,남,69세,경상
2014111200100284,2014년 11월 12일 11시,수요일,인천광역시 남구 주안동,경상사고,0,0,2,0,차대차 - 기타,안전운전불이행,습기,흐림,교차로 - 교차로안,승용,여,57세,상해없음,승용,여,68세,경상
2014111200100285,2014년 11월 12일 11시,수요일,인천광역시 남동구 간석동,중상사고,0,1,0,0,차대차 - 기타,안전운전불이행,건조,흐림,교차로 - 교차로안,승용,남,58세,상해없음,이륜,남,36세,중상
2014111200100286,2014년 11월 12일 11시,수요일,인천광역시 계양구 효성동,중상사고,0,1,0,0,차대사람 - 횡단중,신호위반,건조,맑음,교차로 - 교차로안,승용,여,36세,상해없음,보행자,여,17세,중상
2014111200100318,2014년 11월 12일 12시,수요일,인천광역시 서구 경서동,경상사고,0,0,1,0,차대차 - 기타,안전운전불이행,건조,맑음,단일로 - 기타,승용,여,39세,상해없음,자전거,여,59세,경상
2014111200100319,2014년 11월 12일 12시,수요일,인천광역시 서구 연희동,중상사고,0,1,0,0,차대차 - 추돌 - 진행중,안전운전불이행,건조,맑음,단일로 - 기타,기타불명,기타불명,기타불명,기타불명,이륜,남,74세,중상
2014111200100416,2014년 11월 12일 15시,수요일,인천광역시 연수구 연수동,사망사고,1,0,0,0,차대사람 - 횡단중,안전운전불이행,건조,맑음,교차로 - 교차로부근,화물,남,50세,상해없음,보행자,남,47세,사망
2014111200100450,2014년 11월 12일 16시,수요일,인천광역시 계양구 병방동,중상사고,0,1,0,0,차대차 - 기타,안전운전불이행,건조,맑음,교차로 - 교차로안,승용,남,33세,상해없음,승합,남,57세,상해없음
2014111200100560,2014년 11월 12일 18시,수요일,인천광역시 중구 항동7가,중상사고,0,1,0,0,차대차 - 추돌 - 주정차중,안전운전불이행,건조,맑음,교차로 - 교차로부근,승용,여,62세,중상,특수,남,54세,상해없음
2014111200100561,2014년 11월 12일 18시,수요일,인천광역시 중구 전동,경상사고,0,0,3,0,차대차 - 추돌 - 주정차중,안전운전불이행,건조,흐림,단일로 - 기타,승용,남,51세,상해없음,승합,여,41세,경상
2014111200100562,2014년 11월 12일 18시,수요일,인천광역시 서구 석남동,중상사고,0,1,0,0,차대차 - 기타,안전운전불이행,건조,기타,단일로 - 기타,승합,남,48세,상해없음,이륜,남,30세,중상
2014111200100563,2014년 11월 12일 18시,수요일,인천광역시 계양구 계산동,중상사고,0,1,0,0,차대차 - 측면직각충돌,차로위반,건조,맑음,단일로 - 기타,승합,남,31세,상해없음,이륜,남,16세,중상
2014111200100564,2014년 11월 12일 18시,수요일,인천광역시 연수구 옥련동,경상사고,0,0,2,0,차대차 - 추돌 - 진행중,안전운전불이행,건조,맑음,단일로 - 기타,승용,남,29세,상해없음,승용,남,54세,경상
2014111200100565,2014년 11월 12일 18시,수요일,인천광역시 부평구 갈산동,중상사고,0,1,0,0,차대사람 - 횡단중,안전운전불이행,건조,맑음,단일로 - 기타,승용,남,68세,상해없음,보행자,여,77세,중상
2014111200100619,2014년 11월 12일 19시,수요일,인천광역시 남구 도화동,경상사고,0,0,3,0,차대차 - 측면직각충돌,안전운전불이행,건조,맑음,교차로 - 교차로부근,승용,남,65세,경상,승용,남,23세,경상
2014111200100620,2014년 11월 12일 19시,수요일,인천광역시 부평구 청천동,경상사고,0,0,1,0,차대차 - 기타,안전운전불이행,건조,맑음,단일로 - 횡단보도부근,승용,남,62세,상해없음,승용,남,46세,상해없음
2014111200100695,2014년 11월 12일 21시,수요일,인천광역시 부평구 부평동,경상사고,0,0,1,0,차대차 - 기타,안전거리미확보,건조,맑음,단일로 - 기타,승합,남,59세,상해없음,승합,남,56세,상해없음
2014111200100696,2014년 11월 12일 21시,수요일,인천광역시 서구 불로동,경상사고,0,0,1,0,차대사람 - 횡단중,안전운전불이행,건조,맑음,단일로 - 기타,승용,남,28세,상해없음,보행자,남,48세,경상
2014111200100728,2014년 11월 12일 22시,수요일,인천광역시 남구 도화동,경상사고,0,0,1,0,차대사람 - 기타,안전운전불이행,건조,맑음,단일로 - 기타,화물,남,56세,상해없음,보행자,여,51세,경상
2014111300100010,2014년 11월 13일 00시,목요일,인천광역시 중구 신흥동3가,중상사고,0,1,0,0,차대차 - 측면직각충돌,신호위반,건조,맑음,교차로 - 교차로안,승용,여,49세,상해없음,승용,남,51세,중상
2014111300100022,2014년 11월 13일 01시,목요일,인천광역시 남동구 구월동,중상사고,0,1,0,0,차대차 - 측면직각충돌,신호위반,건조,맑음,교차로 - 교차로안,승용,남,26세,상해없음,승용,여,46세,중상
2014111300100023,2014년 11월 13일 01시,목요일,인천광역시 남동구 구월동,경상사고,0,0,4,0,차량단독 - 공작물충돌,안전운전불이행,건조,맑음,단일로 - 기타,승용,남,19세,상해없음,,,,
2014111300100040,2014년 11월 13일 02시,목요일,인천광역시 서구 검암동,중상사고,0,1,0,0,차대차 - 측면직각충돌,안전운전불이행,건조,맑음,교차로 - 교차로안,승용,남,40세,상해없음,원동기,남,14세,중상
2014111300100071,2014년 11월 13일 06시,목요일,인천광역시 부평구 산곡동,경상사고,0,0,3,0,차대차 - 추돌 - 진행중,안전운전불이행,건조,맑음,교차로 - 교차로부근,승용,남,54세,상해없음,승용,남,44세,경상
2014111300100093,2014년 11월 13일 07시,목요일,인천광역시 남구 용현동,중상사고,0,1,0,0,차대사람 - 횡단중,보행자보호의무위반,건조,맑음,교차로 - 교차로안,승합,남,64세,상해없음,보행자,여,18세,중상
2014111300100094,2014년 11월 13일 07시,목요일,인천광역시 남동구 구월동,부상신고사고,0,0,0,1,차대차 - 측면직각충돌,신호위반,건조,맑음,교차로 - 교차로안,승용,남,56세,상해없음,승용,여,37세,부상신고
2014111300100141,2014년 11월 13일 08시,목요일,인천광역시 중구 운서동,중상사고,0,1,0,0,차대차 - 기타,안전운전불이행,건조,맑음,단일로 - 기타,승용,남,56세,상해없음,화물,여,44세,중상
2014111300100142,2014년 11월 13일 08시,목요일,인천광역시 서구 마전동,경상사고,0,0,1,0,차량단독 - 기타,안전운전불이행,건조,맑음,단일로 - 기타,승합,남,51세,상해없음,,,,
2014111300100143,2014년 11월 13일 08시,목요일,인천광역시 부평구 부개동,중상사고,0,1,0,0,차대사람 - 횡단중,보행자보호의무위반,건조,맑음,교차로 - 교차로안,승용,여,41세,상해없음,보행자,여,45세,중상
2014111300100206,2014년 11월 13일 10시,목요일,인천광역시 남동구 구월동,경상사고,0,0,2,0,차대차 - 측면직각충돌,안전거리미확보,건조,맑음,단일로 - 기타,승합,남,46세,상해없음,승용,남,67세,경상
2014111300100248,2014년 11월 13일 11시,목요일,인천광역시 남구 숭의동,중상사고,0,1,0,0,차대차 - 측면직각충돌,안전운전불이행,건조,맑음,단일로 - 기타,원동기,남,55세,상해없음,원동기,남,79세,중상
2014111300100315,2014년 11월 13일 13시,목요일,인천광역시 동구 송림동,중상사고,0,1,0,0,차대사람 - 횡단중,보행자보호의무위반,건조,맑음,단일로 - 횡단보도상,화물,남,60세,상해없음,보행자,남,32세,중상
2014111300100347,2014년 11월 13일 14시,목요일,인천광역시 남동구 간석동,중상사고,0,2,0,0,차대차 - 추돌 - 진행중,안전운전불이행,건조,맑음,단일로 - 기타,승용,남,65세,상해없음,승용,남,40세,중상
2014111300100386,2014년 11월 13일 15시,목요일,인천광역시 부평구 청천동,경상사고,0,0,1,0,차대차 - 측면직각충돌,안전거리미확보,건조,맑음,교차로 - 교차로부근,화물,남,64세,상해없음,승용,여,58세,경상
2014111300100387,2014년 11월 13일 15시,목요일,인천광역시 연수구 연수동,중상사고,0,1,0,0,차대사람 - 기타,안전운전불이행,건조,맑음,교차로 - 교차로부근,승용,남,37세,상해없음,보행자,여,76세,중상
2014111300100416,2014년 11월 13일 16시,목요일,인천광역시 계양구 작전동,중상사고,0,1,0,0,차대사람 - 횡단중,신호위반,건조,맑음,교차로 - 교차로안,승용,남,52세,상해없음,보행자,여,44세,중상
2014111300100463,2014년 11월 13일 17시,목요일,인천광역시 부평구 산곡동,중상사고,0,1,0,0,차대사람 - 기타,안전운전불이행,건조,맑음,단일로 - 기타,승용,남,60세,상해없음,보행자,남,74세,중상
2014111300100464,2014년 11월 13일 17시,목요일,인천광역시 서구 가정동,경상사고,0,0,1,0,차대차 - 추돌 - 진행중,중앙선침범,건조,맑음,단일로 - 기타,승용,여,43세,상해없음,승용,남,36세,경상
2014111300100465,2014년 11월 13일 17시,목요일,인천광역시 연수구 동춘동,사망사고,1,0,0,0,차대사람 - 기타,안전운전불이행,건조,맑음,단일로 - 기타,승용,남,63세,상해없음,보행자,남,92세,사망
2014111300100526,2014년 11월 13일 18시,목요일,인천광역시 동구 송림동,사망사고,1,0,0,0,차대차 - 측면직각충돌,안전운전불이행,건조,맑음,교차로 - 교차로부근,화물,남,56세,상해없음,자전거,남,72세,사망
2014111300100586,2014년 11월 13일 19시,목요일,인천광역시 부평구 산곡동,중상사고,0,1,0,0,차대차 - 기타,안전운전불이행,건조,맑음,단일로 - 기타,자전거,여,61세,중상,승용,남,26세,상해없음
2014111300100616,2014년 11월 13일 20시,목요일,인천광역시 부평구 부개동,중상사고,0,2,1,0,차대차 - 기타,중앙선침범,건조,맑음,단일로 - 기타,승용,여,45세,상해없음,승용,여,37세,경상
2014111300100643,2014년 11월 13일 21시,목요일,인천광역시 계양구 효성동,경상사고,0,0,1,0,차대차 - 측면직각충돌,안전운전불이행,건조,맑음,단일로 - 기타,승용,남,30세,상해없음,이륜,남,45세,경상
2014111300100644,2014년 11월 13일 21시,목요일,인천광역시 계양구 계산동,중상사고,0,1,1,0,차량단독 - 기타,기타,건조,맑음,단일로 - 기타,승합,남,53세,상해없음,,,,
2014111400100036,2014년 11월 14일 01시,금요일,인천광역시 서구 석남동,경상사고,0,0,1,0,차대차 - 측면직각충돌,과속,건조,맑음,교차로 - 교차로부근,승용,남,47세,상해없음,승용,남,65세,경상
2014111400100064,2014년 11월 14일 03시,금요일,인천광역시 남구 숭의동,경상사고,0,0,2,0,차대차 - 측면직각충돌,안전운전불이행,건조,맑음,단일로 - 기타,승용,남,45세,상해없음,승용,남,31세,경상
2014111400100075,2014년 11월 14일 04시,금요일,인천광역시 계양구 서운동,경상사고,0,0,1,0,차대차 - 추돌 - 진행중,안전운전불이행,습기,눈,단일로 - 기타,승용,남,28세,기타불명,화물,남,55세,경상
2014111400100088,2014년 11월 14일 05시,금요일,인천광역시 남구 숭의동,중상사고,0,1,0,0,차대사람 - 횡단중,안전운전불이행,습기,흐림,단일로 - 기타,승용,남,73세,상해없음,보행자,여,74세,중상
2014111400100089,2014년 11월 14일 05시,금요일,인천광역시 남구 숭의동,중상사고,0,1,0,0,차대차 - 기타,신호위반,건조,흐림,단일로 - 기타,승용,남,56세,상해없음,자전거,남,67세,중상
2014111400100090,2014년 11월 14일 05시,금요일,인천광역시 서구 백석동,중상사고,0,2,3,0,차대차 - 정면충돌,중앙선침범,건조,맑음,단일로 - 기타,화물,남,52세,상해없음,승용,남,52세,중상
2014111400100091,2014년 11월 14일 05시,금요일,인천광역시 서구 검암동,경상사고,0,0,3,0,차대차 - 기타,안전운전불이행,결빙,눈,단일로 - 기타,승합,남,50세,상해없음,화물,남,44세,상해없음
2014111400100092,2014년 11월 14일 05시,금요일,인천광역시 서구 백석동,중상사고,0,2,2,0,차대차 - 기타,안전거리미확보,결빙,흐림,미분류 - 미분류,화물,남,45세,중상,화물,남,32세,상해없음