사고번호,사고일시,요일,시군구,사고내용,사망자수,중상자수,경상자수,부상신고자수,사고유형,법규위반,노면상태,기상상태,도로형태,가해운전자 차종,가해운전자 성별,가해운전자 연령,가해운전자 상해정도,피해운전자 차종,피해운전자 성별,피해운전자 연령,피해운전자 상해정도
2014112200100783,2014년 11월 22일 23시,토요일,인천광역시 중구 운서동,중상사고,0,5,0,1,차대차 - 추돌 - 진행중,안전운전불이행,습기,안개,교차로 - 교차로부근,승용,남,27세,부상신고,화물,남,24세,중상
2014112200100784,2014년 11월 22일 23시,토요일,인천광역시 계양구 계산동,부상신고사고,0,0,0,1,차대차 - 추돌 - 진행중,신호위반,습기,흐림,교차로 - 교차로부근,이륜,남,19세,부상신고,승용,남,62세,상해없음
2014112300100025,2014년 11월 23일 00시,일요일,인천광역시 동구 화수동,중상사고,0,1,0,1,차대사람 - 기타,안전운전불이행,습기,맑음,단일로 - 횡단보도부근,승용,남,46세,상해없음,보행자,남,60세,중상
2014112300100069,2014년 11월 23일 03시,일요일,인천광역시 남구 도화동,경상사고,0,0,3,0,차대차 - 기타,신호위반,건조,맑음,단일로 - 기타,승용,남,25세,기타불명,승용,남,53세,경상
2014112300100109,2014년 11월 23일 06시,일요일,인천광역시 남동구 구월동,경상사고,0,0,1,0,차대차 - 측면직각충돌,안전운전불이행,건조,맑음,기타 - 기타,승용,남,26세,상해없음,이륜,남,25세,경상
2014112300100110,2014년 11월 23일 06시,일요일,인천광역시 남동구 만수동,중상사고,0,1,0,0,차대사람 - 횡단중,안전운전불이행,건조,흐림,단일로 - 기타,승용,남,39세,상해없음,보행자,남,76세,중상
2014112300100121,2014년 11월 23일 07시,일요일,인천광역시 계양구 병방동,경상사고,0,0,2,0,차대차 - 측면직각충돌,신호위반,습기,맑음,교차로 - 교차로안,승용,남,20세,경상,화물,남,46세,경상
2014112300100132,2014년 11월 23일 08시,일요일,인천광역시 남동구 간석동,중상사고,0,1,2,0,차대차 - 추돌 - 주정차중,안전운전불이행,건조,맑음,단일로 - 기타,승합,남,28세,상해없음,승용,남,53세,중상
2014112300100150,2014년 11월 23일 09시,일요일,인천광역시 중구 신흥동3가,경상사고,0,0,3,0,차대차 - 기타,신호위반,건조,맑음,교차로 - 교차로안,승용,남,61세,상해없음,승용,여,35세,경상
2014112300100151,2014년 11월 23일 09시,일요일,인천광역시 남구 도화동,경상사고,0,0,1,0,차대차 - 기타,안전운전불이행,건조,맑음,단일로 - 기타,승용,남,17세,상해없음,승용,여,52세,경상
2014112300100152,2014년 11월 23일 09시,일요일,인천광역시 서구 가정동,경상사고,0,0,1,0,차대사람 - 횡단중,신호위반,건조,맑음,단일로 - 횡단보도상,승용,남,48세,상해없음,보행자,여,27세,경상
2014112300100170,2014년 11월 23일 10시,일요일,인천광역시 남구 도화동,중상사고,0,1,0,0,차대사람 - 차도통행중,안전운전불이행,건조,맑음,단일로 - 기타,승합,남,61세,상해없음,보행자,여,84세,중상
2014112300100171,2014년 11월 23일 10시,일요일,인천광역시 강화군 화도면,경상사고,0,0,1,0,차대차 - 기타,안전운전불이행,건조,맑음,기타 - 기타,승용,여,59세,상해없음,화물,남,59세,경상
2014112300100194,2014년 11월 23일 11시,일요일,인천광역시 서구 가정동,중상사고,0,1,2,0,차대차 - 추돌 - 주정차중,안전운전불이행,건조,맑음,단일로 - 기타,이륜,남,22세,상해없음,승용,여,42세,경상
2014112300100215,2014년 11월 23일 12시,일요일,인천광역시 남구 문학동,경상사고,0,0,1,0,차대사람 - 횡단중,보행자보호의무위반,건조,맑음,교차로 - 교차로부근,승용,남,57세,상해없음,보행자,남,33세,경상
2014112300100216,2014년 11월 23일 12시,일요일,인천광역시 서구 석남동,경상사고,0,0,2,0,차대차 - 기타,중앙선침범,건조,맑음,단일로 - 기타,승용,남,56세,상해없음,승용,남,66세,경상
2014112300100296,2014년 11월 23일 15시,일요일,인천광역시 계양구 갈현동,경상사고,0,0,3,0,차대차 - 추돌 - 진행중,안전운전불이행,건조,맑음,교차로 - 교차로안,화물,남,69세,상해없음,승용,여,46세,경상
2014112300100297,2014년 11월 23일 15시,일요일,인천광역시 계양구 용종동,경상사고,0,0,1,0,차대차 - 측면직각충돌,안전운전불이행,건조,맑음,교차로 - 교차로안,승용,남,50세,상해없음,자전거,남,7세,경상
2014112300100315,2014년 11월 23일 16시,일요일,인천광역시 남구 숭의동,경상사고,0,0,1,0,차대사람 - 기타,안전운전불이행,건조,맑음,단일로 - 기타,승용,남,35세,상해없음,보행자,여,84세,경상
2014112300100358,2014년 11월 23일 17시,일요일,인천광역시 남구 학익동,경상사고,0,0,1,0,차대사람 - 보도통행중,기타,건조,맑음,기타 - 기타,승용,남,41세,상해없음,보행자,여,31세,경상
2014112300100359,2014년 11월 23일 17시,일요일,인천광역시 계양구 계산동,중상사고,0,1,0,0,차대차 - 측면직각충돌,안전거리미확보,건조,맑음,단일로 - 기타,승용,여,41세,상해없음,이륜,남,55세,중상
2014112300100360,2014년 11월 23일 17시,일요일,인천광역시 부평구 부평동,부상신고사고,0,0,0,1,차대사람 - 기타,기타,건조,맑음,교차로 - 교차로안,승용,남,52세,상해없음,보행자,남,9세,부상신고
2014112300100409,2014년 11월 23일 18시,일요일,인천광역시 남구 관교동,경상사고,0,0,1,0,차대차 - 측면직각충돌,안전운전불이행,건조,맑음,단일로 - 기타,화물,남,59세,상해없음,승합,남,62세,경상
2014112300100410,2014년 11월 23일 18시,일요일,인천광역시 부평구 부평동,중상사고,0,1,0,0,차대차 - 측면직각충돌,신호위반,건조,맑음,교차로 - 교차로부근,승용,남,47세,상해없음,원동기,남,22세,중상
2014112300100411,2014년 11월 23일 18시,일요일,인천광역시 부평구 청천동,경상사고,0,0,1,0,차대사람 - 횡단중,신호위반,건조,맑음,교차로 - 교차로부근,원동기,남,32세,상해없음,보행자,남,31세,경상
2014112300100454,2014년 11월 23일 19시,일요일,인천광역시 서구 심곡동,중상사고,0,1,0,0,차대사람 - 기타,안전운전불이행,건조,맑음,단일로 - 기타,이륜,남,16세,상해없음,보행자,남,72세,중상
2014112300100488,2014년 11월 23일 20시,일요일,인천광역시 남동구 구월동,경상사고,0,0,9,0,차대차 - 추돌 - 주정차중,안전운전불이행,건조,맑음,단일로 - 기타,승용,남,57세,경상,승용,남,60세,경상
2014112300100520,2014년 11월 23일 21시,일요일,인천광역시 연수구 송도동,부상신고사고,0,0,0,1,차대차 - 측면직각충돌,안전운전불이행,건조,맑음,교차로 - 교차로안,승용,남,34세,상해없음,자전거,남,6세,부상신고
2014112400100011,2014년 11월 24일 00시,월요일,인천광역시 연수구 연수동,경상사고,0,0,1,0,차대사람 - 횡단중,안전운전불이행,건조,맑음,교차로 - 교차로안,원동기,남,40세,상해없음,보행자,남,51세,경상
2014112400100036,2014년 11월 24일 03시,월요일,인천광역시 계양구 작전동,중상사고,0,2,1,0,차대차 - 추돌 - 진행중,안전운전불이행,건조,맑음,교차로 - 교차로부근,화물,남,54세,상해없음,승용,남,62세,경상
2014112400100038,2014년 11월 24일 04시,월요일,인천광역시 연수구 옥련동,중상사고,0,2,0,0,차대차 - 추돌 - 진행중,안전거리미확보,건조,맑음,단일로 - 기타,승용,남,30세,상해없음,승합,남,56세,중상
2014112400100078,2014년 11월 24일 06시,월요일,인천광역시 부평구 십정동,경상사고,0,0,1,0,차대차 - 측면직각충돌,안전운전불이행,건조,맑음,단일로 - 기타,화물,남,53세,경상,승합,남,53세,상해없음
2014112400100144,2014년 11월 24일 08시,월요일,인천광역시 서구 심곡동,중상사고,0,1,1,1,차대차 - 추돌 - 주정차중,안전거리미확보,건조,맑음,단일로 - 기타,승용,남,56세,상해없음,승용,남,57세,중상
2014112400100209,2014년 11월 24일 10시,월요일,인천광역시 서구 원창동,경상사고,0,0,1,0,차대차 - 기타,안전운전불이행,건조,맑음,단일로 - 기타,승용,남,45세,상해없음,승용,남,60세,경상
2014112400100237,2014년 11월 24일 11시,월요일,인천광역시 서구 마전동,경상사고,0,0,1,0,차대사람 - 기타,안전운전불이행,건조,맑음,단일로 - 기타,승합,남,48세,상해없음,보행자,여,51세,경상
2014112400100342,2014년 11월 24일 14시,월요일,인천광역시 부평구 구산동,경상사고,0,0,1,0,차대차 - 기타,차로위반,건조,맑음,단일로 - 기타,화물,남,56세,기타불명,승용,남,39세,경상
2014112400100373,2014년 11월 24일 15시,월요일,인천광역시 연수구 송도동,경상사고,0,0,2,0,차대차 - 측면직각충돌,신호위반,건조,맑음,교차로 - 교차로안,승용,여,53세,상해없음,승용,여,40세,경상
2014112400100416,2014년 11월 24일 16시,월요일,인천광역시 부평구 부평동,경상사고,0,0,2,0,차대사람 - 기타,안전운전불이행,건조,맑음,단일로 - 기타,승용,남,24세,상해없음,보행자,여,50세,경상
2014112400100483,2014년 11월 24일 17시,월요일,인천광역시 남구 주안동,중상사고,0,1,0,0,차대사람 - 기타,안전운전불이행,건조,맑음,단일로 - 기타,화물,남,53세,상해없음,보행자,여,72세,중상
2014112400100484,2014년 11월 24일 17시,월요일,인천광역시 남동구 간석동,중상사고,0,1,0,0,차대사람 - 횡단중,보행자보호의무위반,건조,맑음,단일로 - 횡단보도상,승용,여,59세,상해없음,보행자,여,59세,중상
2014112400100485,2014년 11월 24일 17시,월요일,인천광역시 서구 마전동,경상사고,0,0,2,0,차량단독 - 기타,안전운전불이행,건조,맑음,단일로 - 기타,승합,남,46세,상해없음,,,,
2014112400100625,2014년 11월 24일 19시,월요일,인천광역시 남구 주안동,경상사고,0,0,1,0,차대사람 - 기타,기타,건조,맑음,단일로 - 기타,승용,기타불명,기타불명,기타불명,보행자,여,28세,경상
2014112400100626,2014년 11월 24일 19시,월요일,인천광역시 부평구 청천동,경상사고,0,0,1,0,차대차 - 추돌 - 주정차중,안전운전불이행,건조,맑음,단일로 - 기타,승용,남,41세,상해없음,승용,여,43세,경상
2014112400100627,2014년 11월 24일 19시,월요일,인천광역시 부평구 갈산동,경상사고,0,0,3,0,차대차 - 측면직각충돌,차로위반,건조,맑음,단일로 - 기타,승용,여,52세,상해없음,승용,남,37세,경상
2014112400100694,2014년 11월 24일 21시,월요일,인천광역시 서구 마전동,경상사고,0,0,1,0,차대사람 - 보도통행중,기타,건조,맑음,단일로 - 기타,이륜,남,52세,상해없음,보행자,남,4세,경상
2014112400100742,2014년 11월 24일 22시,월요일,인천광역시 남구 주안동,경상사고,0,0,1,0,차대사람 - 기타,안전운전불이행,건조,맑음,교차로 - 교차로안,승용,남,42세,상해없음,보행자,남,43세,경상
2014112400100780,2014년 11월 24일 23시,월요일,인천광역시 중구 운서동,경상사고,0,0,2,0,차대차 - 측면직각충돌,신호위반,건조,맑음,교차로 - 교차로안,승용,남,35세,상해없음,승용,남,56세,경상
2014112500100032,2014년 11월 25일 00시,화요일,인천광역시 부평구 부평동,경상사고,0,0,1,0,차대차 - 기타,안전운전불이행,건조,맑음,단일로 - 횡단보도부근,승용,남,36세,상해없음,승용,남,51세,경상
2014112500100033,2014년 11월 25일 00시,화요일,인천광역시 서구 가정동,경상사고,0,0,2,0,차대차 - 추돌 - 주정차중,안전운전불이행,건조,맑음,단일로 - 기타,승용,남,17세,상해없음,승용,남,53세,상해없음
2014112500100062,2014년 11월 25일 02시,화요일,인천광역시 연수구 옥련동,경상사고,0,0,1,0,차대사람 - 횡단중,안전운전불이행,건조,맑음,단일로 - 횡단보도부근,승용,남,26세,상해없음,보행자,남,31세,경상
2014112500100118,2014년 11월 25일 07시,화요일,인천광역시 부평구 십정동,경상사고,0,0,1,0,차량단독 - 기타,기타,건조,맑음,단일로 - 기타,승합,남,57세,상해없음,,,,
2014112500100164,2014년 11월 25일 08시,화요일,인천광역시 중구 중산동,경상사고,0,0,1,0,차량단독 - 공작물충돌,안전운전불이행,건조,맑음,교차로 - 교차로안,승용,남,29세,상해없음,,,,
2014112500100200,2014년 11월 25일 09시,화요일,인천광역시 연수구 동춘동,경상사고,0,0,1,0,차대차 - 측면직각충돌,신호위반,건조,맑음,교차로 - 교차로부근,승용,남,23세,상해없음,승용,여,49세,경상
2014112500100280,2014년 11월 25일 12시,화요일,인천광역시 중구 운서동,경상사고,0,0,2,0,차대차 - 기타,기타,건조,맑음,교차로 - 교차로부근,승용,남,42세,상해없음,건설기계,남,43세,경상
2014112500100308,2014년 11월 25일 13시,화요일,인천광역시 남동구 간석동,경상사고,0,0,1,0,차대차 - 측면직각충돌,안전운전불이행,건조,맑음,교차로 - 교차로안,승용,남,43세,상해없음,자전거,남,86세,경상
2014112500100339,2014년 11월 25일 14시,화요일,인천광역시 남구 주안동,사망사고,1,0,0,0,차대사람 - 기타,안전운전불이행,건조,맑음,단일로 - 기타,건설기계,남,62세,상해없음,보행자,여,88세,사망
2014112500100340,2014년 11월 25일 14시,화요일,인천광역시 남구 학익동,경상사고,0,0,1,0,차대사람 - 기타,안전운전불이행,건조,맑음,단일로 - 기타,이륜,기타불명,기타불명,기타불명,보행자,남,54세,경상
2014112500100379,2014년 11월 25일 15시,화요일,인천광역시 남동구 구월동,경상사고,0,0,3,0,차대차 - 측면직각충돌,교차로운행방법위반,건조,맑음,교차로 - 교차로안,승합,남,66세,상해없음,승용,남,59세,경상
2014112500100380,2014년 11월 25일 15시,화요일,인천광역시 남동구 간석동,경상사고,0,0,4,0,차대차 - 추돌 - 진행중,안전운전불이행,건조,흐림,단일로 - 기타,화물,남,59세,상해없음,승용,남,32세,경상
2014112500100381,2014년 11월 25일 15시,화요일,인천광역시 부평구 부개동,경상사고,0,0,1,0,차량단독 - 기타,안전운전불이행,건조,맑음,교차로 - 교차로안,승용,남,59세,상해없음,,,,
2014112500100560,2014년 11월 25일 19시,화요일,인천광역시 중구 전동,중상사고,0,1,0,0,차대사람 - 기타,보행자보호의무위반,건조,맑음,단일로 - 기타,승용,여,49세,상해없음,보행자,남,73세,중상
2014112500100561,2014년 11월 25일 19시,화요일,인천광역시 남구 도화동,중상사고,0,1,0,0,차대사람 - 횡단중,신호위반,건조,맑음,단일로 - 기타,승용,여,57세,상해없음,보행자,여,64세,중상
2014112500100562,2014년 11월 25일 19시,화요일,인천광역시 계양구 동양동,중상사고,0,1,0,0,차대사람 - 횡단중,보행자보호의무위반,건조,맑음,교차로 - 교차로안,승용,여,47세,상해없음,보행자,남,41세,중상
2014112500100563,2014년 11월 25일 19시,화요일,인천광역시 중구 운서동,사망사고,1,0,0,0,차대사람 - 기타,안전운전불이행,건조,맑음,단일로 - 기타,승용,여,61세,상해없음,보행자,남,54세,사망
2014112500100587,2014년 11월 25일 20시,화요일,인천광역시 남동구 도림동,중상사고,0,1,0,0,차대차 - 측면직각충돌,신호위반,건조,맑음,교차로 - 교차로안,기타불명,기타불명,기타불명,기타불명,화물,남,46세,중상
2014112500100642,2014년 11월 25일 22시,화요일,인천광역시 계양구 병방동,경상사고,0,0,1,0,차대사람 - 횡단중,보행자보호의무위반,건조,맑음,교차로 - 교차로안,승용,여,50세,상해없음,보행자,여,22세,경상
2014112600100050,2014년 11월 26일 03시,수요일,인천광역시 부평구 구산동,중상사고,0,1,0,0,차량단독 - 공작물충돌,안전운전불이행,건조,맑음,단일로 - 기타,승용,남,47세,중상,,,,
2014112600100086,2014년 11월 26일 06시,수요일,인천광역시 부평구 부평동,경상사고,0,0,1,0,차대차 - 기타,안전운전불이행,건조,맑음,교차로 - 교차로안,승용,남,70세,상해없음,승용,남,44세,상해없음
2014112600100144,2014년 11월 26일 08시,수요일,인천광역시 서구 금곡동,경상사고,0,0,1,0,차대사람 - 기타,안전운전불이행,건조,맑음,단일로 - 기타,승합,남,53세,기타불명,보행자,남,17세,경상
2014112600100164,2014년 11월 26일 09시,수요일,인천광역시 남동구 간석동,경상사고,0,0,1,0,차대차 - 추돌 - 진행중,안전거리미확보,건조,맑음,교차로 - 교차로부근,승용,남,52세,상해없음,승용,남,38세,경상
2014112600100193,2014년 11월 26일 10시,수요일,인천광역시 남동구 논현동,중상사고,0,4,4,0,차대차 - 측면직각충돌,신호위반,건조,맑음,교차로 - 교차로안,승합,남,51세,상해없음,화물,남,42세,중상
2014112600100194,2014년 11월 26일 10시,수요일,인천광역시 남동구 논현동,경상사고,0,0,1,0,차대차 - 추돌 - 주정차중,안전운전불이행,건조,맑음,교차로 - 교차로안,승용,남,49세,상해없음,승용,남,47세,경상
2014112600100226,2014년 11월 26일 11시,수요일,인천광역시 남동구 구월동,경상사고,0,0,1,0,차대사람 - 차도통행중,안전운전불이행,건조,맑음,교차로 - 교차로부근,승용,여,45세,상해없음,보행자,여,30세,경상
2014112600100250,2014년 11월 26일 12시,수요일,인천광역시 남동구 남촌동,중상사고,0,1,1,0,차대차 - 추돌 - 주정차중,안전운전불이행,건조,맑음,단일로 - 기타,승합,남,55세,상해없음,화물,남,46세,중상
2014112600100251,2014년 11월 26일 12시,수요일,인천광역시 연수구 선학동,경상사고,0,0,1,0,차대차 - 추돌 - 진행중,안전운전불이행,건조,맑음,교차로 - 교차로안,승용,여,39세,상해없음,승용,여,30세,경상
2014112600100278,2014년 11월 26일 13시,수요일,인천광역시 계양구 작전동,중상사고,0,1,0,0,차대차 - 기타,안전거리미확보,건조,맑음,교차로 - 교차로안,기타불명,기타불명,기타불명,기타불명,이륜,남,51세,중상
2014112600100311,2014년 11월 26일 14시,수요일,인천광역시 남구 주안동,경상사고,0,0,2,0,차대차 - 기타,안전운전불이행,건조,맑음,단일로 - 기타,승합,남,58세,상해없음,화물,남,47세,상해없음
2014112600100312,2014년 11월 26일 14시,수요일,인천광역시 남동구 남촌동,경상사고,0,0,1,0,차대차 - 측면직각충돌,교차로운행방법위반,건조,맑음,교차로 - 교차로안,화물,남,59세,상해없음,이륜,남,49세,경상
2014112600100313,2014년 11월 26일 14시,수요일,인천광역시 서구 마전동,경상사고,0,0,1,0,차대사람 - 기타,기타,건조,맑음,단일로 - 기타,승합,남,40세,상해없음,보행자,여,78세,경상
2014112600100367,2014년 11월 26일 16시,수요일,인천광역시 남구 관교동,경상사고,0,0,1,0,차대차 - 기타,교차로운행방법위반,건조,맑음,교차로 - 교차로부근,승합,남,62세,상해없음,자전거,남,50세,경상
2014112600100368,2014년 11월 26일 16시,수요일,인천광역시 서구 가좌동,경상사고,0,0,1,0,차량단독 - 기타,안전운전불이행,건조,맑음,교차로 - 교차로부근,승합,여,48세,상해없음,,,,
2014112600100482,2014년 11월 26일 18시,수요일,인천광역시 부평구 산곡동,경상사고,0,0,1,0,차대차 - 기타,안전운전불이행,건조,맑음,단일로 - 기타,승용,남,62세,상해없음,이륜,남,17세,경상
2014112600100528,2014년 11월 26일 19시,수요일,인천광역시 부평구 산곡동,경상사고,0,0,1,0,차대차 - 추돌 - 진행중,안전거리미확보,건조,맑음,교차로 - 교차로부근,승용,남,53세,상해없음,승합,남,43세,경상
2014112600100529,2014년 11월 26일 19시,수요일,인천광역시 연수구 옥련동,중상사고,0,1,0,0,차대차 - 기타,안전거리미확보,건조,맑음,교차로 - 교차로부근,승용,남,54세,상해없음,자전거,남,30세,중상
2014112600100568,2014년 11월 26일 20시,수요일,인천광역시 남구 관교동,경상사고,0,0,1,0,차대차 - 추돌 - 진행중,안전운전불이행,건조,맑음,단일로 - 기타,화물,남,39세,상해없음,승용,여,44세,경상
2014112600100569,2014년 11월 26일 20시,수요일,인천광역시 남동구 논현동,중상사고,0,1,0,0,차대차 - 추돌 - 진행중,중앙선침범,건조,맑음,단일로 - 기타,승합,남,33세,상해없음,이륜,남,36세,중상
2014112600100606,2014년 11월 26일 21시,수요일,인천광역시 남구 주안동,경상사고,0,0,2,0,차대차 - 측면직각충돌,신호위반,건조,맑음,교차로 - 교차로안,승용,남,72세,상해없음,승용,남,53세,경상
2014112600100607,2014년 11월 26일 21시,수요일,인천광역시 남동구 구월동,경상사고,0,0,3,0,차대차 - 추돌 - 주정차중,안전운전불이행,건조,맑음,단일로 - 기타,승용,남,46세,상해없음,승용,남,45세,경상
2014112600100608,2014년 11월 26일 21시,수요일,인천광역시 계양구 계산동,중상사고,0,3,0,0,차대차 - 추돌 - 진행중,안전운전불이행,건조,맑음,교차로 - 교차로부근,승용,남,59세,상해없음,승용,남,51세,중상
2014112600100642,2014년 11월 26일 22시,수요일,인천광역시 부평구 십정동,경상사고,0,0,2,0,차대차 - 추돌 - 주정차중,안전운전불이행,건조,맑음,교차로 - 교차로부근,승용,남,37세,상해없음,승용,남,40세,경상
2014112600100643,2014년 11월 26일 22시,수요일,인천광역시 연수구 송도동,중상사고,0,1,0,0,차대차 - 기타,안전운전불이행,건조,맑음,교차로 - 교차로안,승용,남,49세,상해없음,이륜,남,18세,중상
2014112600100644,2014년 11월 26일 22시,수요일,인천광역시 연수구 송도동,경상사고,0,0,2,0,차대차 - 추돌 - 진행중,안전운전불이행,건조,맑음,단일로 - 기타,승용,남,48세,상해없음,승용,여,43세,경상
2014112600100668,2014년 11월 26일 23시,수요일,인천광역시 남동구 서창동,중상사고,0,1,2,0,차대차 - 추돌 - 진행중,안전운전불이행,건조,맑음,단일로 - 기타,승용,남,53세,상해없음,승용,남,26세,경상
2014112700100017,2014년 11월 27일 00시,목요일,인천광역시 계양구 계산동,중상사고,0,1,0,0,차대사람 - 횡단중,신호위반,건조,맑음,단일로 - 횡단보도상,승합,남,60세,상해없음,보행자,여,21세,중상
2014112700100036,2014년 11월 27일 01시,목요일,인천광역시 서구 석남동,중상사고,0,1,0,0,차대차 - 추돌 - 주정차중,안전운전불이행,건조,맑음,단일로 - 기타,승용,남,38세,상해없음,승용,남,45세,중상
2014112700100037,2014년 11월 27일 01시,목요일,인천광역시 연수구 송도동,경상사고,0,0,2,0,차대차 - 기타,신호위반,건조,맑음,교차로 - 교차로안,승용,남,32세,상해없음,이륜,남,16세,경상
2014112700100038,2014년 11월 27일 01시,목요일,인천광역시 부평구 부평동,경상사고,0,0,1,0,차대사람 - 길가장자리구역통행중,안전운전불이행,건조,흐림,단일로 - 기타,승용,남,40세,상해없음,보행자,여,20세,경상
2014112700100083,2014년 11월 27일 06시,목요일,인천광역시 남동구 간석동,중상사고,0,1,1,0,차대차 - 추돌 - 주정차중,안전운전불이행,건조,맑음,단일로 - 기타,승용,남,48세,상해없음,화물,남,46세,경상
2014112700100084,2014년 11월 27일 06시,목요일,인천광역시 남동구 도림동,경상사고,0,0,1,0,차대차 - 측면직각충돌,신호위반,건조,맑음,교차로 - 교차로안,승용,남,38세,상해없음,승용,남,26세,경상
2014112700100085,2014년 11월 27일 06시,목요일,인천광역시 연수구 선학동,중상사고,0,1,2,0,차대차 - 측면직각충돌,신호위반,건조,맑음,교차로 - 교차로안,승용,여,49세,중상,승용,남,50세,경상
2014112700100295,2014년 11월 27일 13시,목요일,인천광역시 남동구 서창동,경상사고,0,0,1,0,차대차 - 측면직각충돌,신호위반,건조,맑음,교차로 - 교차로안,승용,여,56세,상해없음,승용,남,56세,경상
2014112700100296,2014년 11월 27일 13시,목요일,인천광역시 연수구 송도동,경상사고,0,0,1,0,차대차 - 기타,신호위반,건조,맑음,교차로 - 교차로안,승용,남,51세,상해없음,승합,남,28세,경상
2014112700100329,2014년 11월 27일 14시,목요일,인천광역시 계양구 작전동,경상사고,0,0,1,0,차대차 - 측면직각충돌,안전운전불이행,건조,맑음,단일로 - 기타,승용,여,50세,상해없음,자전거,여,49세,경상
2014112700100330,2014년 11월 27일 14시,목요일,인천광역시 계양구 갈현동,경상사고,0,0,3,0,차대차 - 정면충돌,중앙선침범,건조,맑음,교차로 - 교차로부근,승용,여,55세,상해없음,승용,남,59세,경상
2014112700100331,2014년 11월 27일 14시,목요일,인천광역시 강화군 내가면,중상사고,0,2,0,0,차대차 - 측면직각충돌,안전운전불이행,건조,맑음,기타 - 기타,승용,남,60세,상해없음,이륜,남,63세,중상
2014112700100380,2014년 11월 27일 16시,목요일,인천광역시 남동구 구월동,경상사고,0,0,1,0,차대사람 - 기타,안전운전불이행,건조,맑음,단일로 - 기타,승합,남,65세,상해없음,보행자,여,50세,경상
2014112700100425,2014년 11월 27일 17시,목요일,인천광역시 계양구 효성동,경상사고,0,0,1,0,차대사람 - 기타,안전운전불이행,건조,맑음,단일로 - 기타,화물,남,47세,상해없음,보행자,남,56세,경상
2014112700100488,2014년 11월 27일 18시,목요일,인천광역시 부평구 청천동,중상사고,0,1,0,0,차대차 - 측면직각충돌,기타,건조,맑음,교차로 - 교차로안,승용,남,63세,상해없음,원동기,남,47세,중상
2014112700100489,2014년 11월 27일 18시,목요일,인천광역시 남동구 만수동,경상사고,0,0,1,0,차대차 - 기타,차로위반,건조,맑음,단일로 - 기타,승용,남,60세,상해없음,승용,남,50세,경상
2014112700100557,2014년 11월 27일 20시,목요일,인천광역시 동구 화평동,중상사고,0,1,0,0,차대차 - 추돌 - 주정차중,중앙선침범,건조,맑음,교차로 - 교차로부근,승용,남,43세,상해없음,승용,남,38세,중상
2014112700100558,2014년 11월 27일 20시,목요일,인천광역시 부평구 청천동,경상사고,0,0,1,0,차량단독 - 기타,기타,건조,맑음,교차로 - 교차로부근,승합,남,41세,상해없음,,,,
2014112700100559,2014년 11월 27일 20시,목요일,인천광역시 부평구 갈산동,경상사고,0,0,4,0,차대차 - 추돌 - 주정차중,안전운전불이행,건조,맑음,단일로 - 기타,승용,남,56세,상해없음,승용,남,26세,경상
2014112700100596,2014년 11월 27일 21시,목요일,인천광역시 남구 도화동,중상사고,0,1,0,0,차대사람 - 횡단중,안전운전불이행,건조,맑음,기타 - 기타,승용,여,46세,상해없음,보행자,남,60세,중상
2014112700100622,2014년 11월 27일 22시,목요일,인천광역시 부평구 산곡동,경상사고,0,0,1,0,차대차 - 측면직각충돌,교차로운행방법위반,건조,맑음,교차로 - 교차로안,승용,여,46세,상해없음,원동기,남,19세,경상
2014112700100623,2014년 11월 27일 22시,목요일,인천광역시 서구 원당동,경상사고,0,0,1,0,차대차 - 기타,안전운전불이행,건조,맑음,교차로 - 교차로부근,승용,남,56세,상해없음,승용,남,36세,경상
2014112800100023,2014년 11월 28일 00시,금요일,인천광역시 서구 당하동,중상사고,0,1,0,0,차대사람 - 횡단중,신호위반,습기,맑음,교차로 - 교차로부근,화물,남,62세,상해없음,보행자,여,51세,중상
2014112800100086,2014년 11월 28일 05시,금요일,인천광역시 중구 운서동,중상사고,0,4,0,0,차대차 - 측면직각충돌,중앙선침범,습기,흐림,단일로 - 기타,승용,남,21세,상해없음,승용,남,49세,중상
2014112800100087,2014년 11월 28일 05시,금요일,인천광역시 부평구 청천동,중상사고,0,1,0,0,차대사람 - 횡단중,안전운전불이행,건조,맑음,교차로 - 교차로부근,승용,남,57세,상해없음,보행자,남,66세,중상
2014112800100107,2014년 11월 28일 06시,금요일,인천광역시 남동구 만수동,경상사고,0,0,1,0,차대차 - 추돌 - 주정차중,안전운전불이행,건조,맑음,단일로 - 기타,이륜,남,29세,경상,승용,남,32세,상해없음
2014112800100130,2014년 11월 28일 07시,금요일,인천광역시 중구 운서동,중상사고,0,3,0,0,차대차 - 기타,안전운전불이행,건조,맑음,단일로 - 기타,승용,남,58세,상해없음,승용,남,52세,중상
2014112800100164,2014년 11월 28일 08시,금요일,인천광역시 중구 사동,경상사고,0,0,1,0,차대차 - 추돌 - 주정차중,안전운전불이행,습기,비,교차로 - 교차로부근,화물,남,24세,상해없음,승용,여,55세,경상
2014112800100165,2014년 11월 28일 08시,금요일,인천광역시 남구 문학동,경상사고,0,0,1,0,차대차 - 기타,중앙선침범,습기,비,단일로 - 기타,승용,남,62세,상해없음,승용,남,43세,경상