사고번호,사고일시,요일,시군구,사고내용,사망자수,중상자수,경상자수,부상신고자수,사고유형,법규위반,노면상태,기상상태,도로형태,가해운전자 차종,가해운전자 성별,가해운전자 연령,가해운전자 상해정도,피해운전자 차종,피해운전자 성별,피해운전자 연령,피해운전자 상해정도
2014120300100310,2014년 12월 3일 13시,수요일,인천광역시 부평구 삼산동,중상사고,0,1,0,0,차대사람 - 기타,안전운전불이행,습기,흐림,단일로 - 횡단보도상,승합,남,54세,상해없음,보행자,여,24세,중상
2014120300100358,2014년 12월 3일 15시,수요일,인천광역시 남동구 만수동,경상사고,0,0,2,0,차대차 - 정면충돌,교차로운행방법위반,건조,맑음,교차로 - 교차로안,승용,여,55세,상해없음,승용,여,45세,경상
2014120300100472,2014년 12월 3일 18시,수요일,인천광역시 남구 문학동,경상사고,0,0,4,0,차대차 - 측면직각충돌,안전거리미확보,건조,맑음,교차로 - 교차로부근,승용,남,30세,상해없음,승용,남,56세,상해없음
2014120300100474,2014년 12월 3일 18시,수요일,인천광역시 계양구 계산동,경상사고,0,0,2,0,차대사람 - 횡단중,신호위반,건조,맑음,단일로 - 기타,승용,남,23세,상해없음,보행자,남,51세,경상
2014120300100518,2014년 12월 3일 19시,수요일,인천광역시 남구 용현동,경상사고,0,0,1,0,차대사람 - 길가장자리구역통행중,안전운전불이행,건조,맑음,단일로 - 기타,기타불명,기타불명,기타불명,기타불명,보행자,남,17세,경상
2014120300100557,2014년 12월 3일 20시,수요일,인천광역시 남동구 구월동,중상사고,0,1,0,0,차대사람 - 횡단중,신호위반,건조,맑음,단일로 - 기타,승합,남,62세,상해없음,보행자,남,28세,중상
2014120300100558,2014년 12월 3일 20시,수요일,인천광역시 서구 공촌동,경상사고,0,0,1,0,차대차 - 기타,안전운전불이행,결빙,흐림,교차로 - 교차로부근,승용,여,31세,상해없음,이륜,남,33세,경상
2014120300100559,2014년 12월 3일 20시,수요일,인천광역시 서구 금곡동,경상사고,0,0,1,0,차대사람 - 기타,안전운전불이행,건조,맑음,단일로 - 기타,기타불명,기타불명,기타불명,기타불명,보행자,여,53세,경상
2014120300100596,2014년 12월 3일 21시,수요일,인천광역시 남동구 간석동,경상사고,0,0,1,0,차대차 - 측면직각충돌,안전운전불이행,건조,맑음,단일로 - 기타,승용,남,46세,상해없음,승합,남,25세,경상
2014120300100630,2014년 12월 3일 22시,수요일,인천광역시 남동구 간석동,중상사고,0,1,0,0,차대차 - 기타,안전운전불이행,습기,맑음,교차로 - 교차로안,기타불명,기타불명,기타불명,기타불명,이륜,남,38세,중상
2014120300100654,2014년 12월 3일 23시,수요일,인천광역시 계양구 서운동,경상사고,0,0,2,0,차대차 - 추돌 - 주정차중,안전운전불이행,건조,맑음,교차로 - 교차로부근,승용,남,54세,상해없음,승용,남,48세,상해없음
2014120400100025,2014년 12월 4일 00시,목요일,인천광역시 중구 운서동,경상사고,0,0,2,0,차대차 - 기타,안전운전불이행,건조,맑음,교차로 - 교차로안,승용,남,41세,상해없음,승용,남,60세,경상
2014120400100026,2014년 12월 4일 00시,목요일,인천광역시 남구 숭의동,중상사고,0,1,0,0,차대차 - 측면직각충돌,신호위반,건조,맑음,교차로 - 교차로안,승용,남,48세,상해없음,화물,여,58세,중상
2014120400100027,2014년 12월 4일 00시,목요일,인천광역시 남구 용현동,중상사고,0,1,0,0,차대차 - 기타,신호위반,건조,맑음,교차로 - 교차로안,승용,남,37세,상해없음,승용,여,54세,중상
2014120400100028,2014년 12월 4일 00시,목요일,인천광역시 연수구 송도동,중상사고,0,1,0,0,차대사람 - 차도통행중,안전운전불이행,결빙,눈,단일로 - 기타,승용,남,40세,상해없음,보행자,남,28세,중상
2014120400100045,2014년 12월 4일 01시,목요일,인천광역시 남동구 구월동,중상사고,0,1,0,0,차대사람 - 보도통행중,안전운전불이행,건조,맑음,단일로 - 기타,승용,남,49세,상해없음,보행자,여,21세,중상
2014120400100105,2014년 12월 4일 06시,목요일,인천광역시 부평구 산곡동,경상사고,0,0,1,0,차대사람 - 기타,안전운전불이행,건조,맑음,단일로 - 기타,기타불명,기타불명,기타불명,기타불명,보행자,남,19세,경상
2014120400100106,2014년 12월 4일 06시,목요일,인천광역시 남동구 간석동,중상사고,0,1,0,0,차대사람 - 기타,안전운전불이행,건조,맑음,교차로 - 교차로안,승용,남,52세,상해없음,보행자,여,57세,중상
2014120400100107,2014년 12월 4일 06시,목요일,인천광역시 연수구 동춘동,중상사고,0,1,0,0,차대사람 - 횡단중,신호위반,건조,맑음,단일로 - 횡단보도상,승용,남,31세,기타불명,보행자,여,49세,중상
2014120400100135,2014년 12월 4일 07시,목요일,인천광역시 남구 도화동,경상사고,0,0,1,0,차대사람 - 횡단중,신호위반,건조,맑음,교차로 - 교차로부근,승합,남,36세,상해없음,보행자,여,45세,경상
2014120400100234,2014년 12월 4일 10시,목요일,인천광역시 부평구 청천동,중상사고,0,1,0,0,차대사람 - 횡단중,보행자보호의무위반,건조,맑음,교차로 - 교차로안,승용,남,58세,상해없음,보행자,여,48세,중상
2014120400100235,2014년 12월 4일 10시,목요일,인천광역시 남동구 남촌동,중상사고,0,1,1,0,차대차 - 측면직각충돌,신호위반,건조,맑음,교차로 - 교차로안,승용,여,57세,경상,승용,남,50세,중상
2014120400100472,2014년 12월 4일 17시,목요일,인천광역시 서구 심곡동,경상사고,0,0,1,0,차대사람 - 길가장자리구역통행중,안전운전불이행,기타,맑음,단일로 - 기타,화물,기타불명,기타불명,기타불명,보행자,여,42세,경상
2014120400100544,2014년 12월 4일 18시,목요일,인천광역시 남동구 구월동,경상사고,0,0,1,0,차량단독 - 기타,안전운전불이행,건조,맑음,단일로 - 기타,승합,남,50세,상해없음,,,,
2014120400100580,2014년 12월 4일 19시,목요일,인천광역시 남구 학익동,경상사고,0,0,1,0,차대사람 - 보도통행중,보행자보호의무위반,건조,맑음,교차로 - 교차로안,승용,남,29세,상해없음,보행자,여,57세,경상
2014120400100581,2014년 12월 4일 19시,목요일,인천광역시 남동구 구월동,부상신고사고,0,0,0,1,차대차 - 기타,안전운전불이행,건조,맑음,단일로 - 기타,원동기,남,45세,부상신고,승용,남,51세,상해없음
2014120400100582,2014년 12월 4일 19시,목요일,인천광역시 서구 석남동,경상사고,0,0,1,0,차대사람 - 횡단중,신호위반,건조,맑음,단일로 - 횡단보도상,승용,남,53세,상해없음,보행자,남,59세,경상
2014120400100583,2014년 12월 4일 19시,목요일,인천광역시 서구 심곡동,중상사고,0,1,0,0,차대차 - 측면직각충돌,신호위반,습기,맑음,교차로 - 교차로안,원동기,남,18세,중상,승용,남,33세,상해없음
2014120400100584,2014년 12월 4일 19시,목요일,인천광역시 계양구 둑실동,경상사고,0,0,1,0,차대차 - 측면직각충돌,안전운전불이행,습기,맑음,교차로 - 교차로안,화물,남,60세,상해없음,승용,여,48세,경상
2014120400100585,2014년 12월 4일 19시,목요일,인천광역시 계양구 임학동,경상사고,0,0,1,0,차대차 - 측면직각충돌,안전운전불이행,습기,맑음,교차로 - 교차로안,승용,여,51세,상해없음,이륜,남,19세,경상
2014120400100586,2014년 12월 4일 19시,목요일,인천광역시 계양구 용종동,중상사고,0,1,0,0,차대사람 - 횡단중,안전운전불이행,건조,맑음,단일로 - 기타,승용,남,54세,상해없음,보행자,여,51세,중상
2014120400100625,2014년 12월 4일 20시,목요일,인천광역시 서구 오류동,경상사고,0,0,2,0,차대차 - 측면직각충돌,교차로운행방법위반,건조,맑음,교차로 - 교차로안,승용,남,30세,경상,승용,남,37세,경상
2014120400100654,2014년 12월 4일 21시,목요일,인천광역시 계양구 서운동,경상사고,0,0,1,0,차대차 - 측면직각충돌,안전운전불이행,건조,맑음,단일로 - 기타,승용,남,67세,상해없음,승합,남,63세,경상
2014120400100693,2014년 12월 4일 22시,목요일,인천광역시 서구 연희동,경상사고,0,0,3,0,차대차 - 추돌 - 주정차중,안전운전불이행,건조,맑음,단일로 - 기타,승용,남,62세,상해없음,승용,남,49세,경상
2014120400100723,2014년 12월 4일 23시,목요일,인천광역시 남구 용현동,중상사고,0,1,0,0,차대사람 - 기타,안전운전불이행,건조,맑음,단일로 - 기타,승용,남,51세,상해없음,보행자,여,25세,중상
2014120400100724,2014년 12월 4일 23시,목요일,인천광역시 남동구 장수동,경상사고,0,0,2,0,차대차 - 기타,신호위반,건조,맑음,교차로 - 교차로안,화물,남,25세,상해없음,승용,남,29세,경상
2014120400100725,2014년 12월 4일 23시,목요일,인천광역시 연수구 옥련동,경상사고,0,0,1,0,차대차 - 측면직각충돌,신호위반,건조,맑음,교차로 - 교차로안,승용,남,30세,상해없음,승용,남,51세,경상
2014120500100044,2014년 12월 5일 02시,금요일,인천광역시 남구 주안동,경상사고,0,0,1,0,차대차 - 추돌 - 주정차중,안전운전불이행,건조,맑음,교차로 - 교차로부근,승용,남,44세,상해없음,승용,남,44세,경상
2014120500100070,2014년 12월 5일 05시,금요일,인천광역시 계양구 계산동,중상사고,0,1,0,0,차대차 - 추돌 - 주정차중,안전운전불이행,건조,맑음,단일로 - 횡단보도부근,원동기,남,22세,중상,승용,남,44세,상해없음
2014120500100124,2014년 12월 5일 07시,금요일,인천광역시 남동구 구월동,경상사고,0,0,1,0,차대차 - 측면직각충돌,안전운전불이행,건조,맑음,기타 - 기타,승용,남,25세,상해없음,승용,남,35세,경상
2014120500100125,2014년 12월 5일 07시,금요일,인천광역시 서구 오류동,경상사고,0,0,1,0,차대사람 - 기타,신호위반,건조,맑음,단일로 - 횡단보도상,기타불명,기타불명,기타불명,기타불명,보행자,여,14세,경상
2014120500100172,2014년 12월 5일 08시,금요일,인천광역시 서구 가좌동,중상사고,0,1,0,0,차대사람 - 기타,중앙선침범,건조,맑음,단일로 - 기타,화물,남,54세,상해없음,보행자,남,56세,중상
2014120500100194,2014년 12월 5일 09시,금요일,인천광역시 부평구 부평동,경상사고,0,0,2,0,차대차 - 기타,직진우회전진행방해,건조,맑음,교차로 - 교차로부근,승합,남,54세,상해없음,승용,여,47세,경상
2014120500100195,2014년 12월 5일 09시,금요일,인천광역시 서구 경서동,경상사고,0,0,1,0,차대차 - 기타,안전거리미확보,건조,맑음,단일로 - 기타,승용,남,54세,상해없음,승용,남,41세,경상
2014120500100225,2014년 12월 5일 10시,금요일,인천광역시 연수구 옥련동,경상사고,0,0,1,0,차대차 - 기타,신호위반,건조,맑음,교차로 - 교차로안,승용,여,39세,상해없음,승용,남,54세,경상
2014120500100268,2014년 12월 5일 11시,금요일,인천광역시 남동구 만수동,경상사고,0,0,1,0,차대차 - 기타,신호위반,건조,맑음,교차로 - 교차로안,승용,남,68세,상해없음,화물,남,71세,경상
2014120500100308,2014년 12월 5일 12시,금요일,인천광역시 서구 오류동,경상사고,0,0,1,0,차대차 - 기타,교차로운행방법위반,건조,맑음,교차로 - 교차로안,화물,남,56세,상해없음,화물,남,22세,경상
2014120500100415,2014년 12월 5일 15시,금요일,인천광역시 서구 가정동,중상사고,0,1,0,0,차대차 - 측면직각충돌,신호위반,건조,맑음,교차로 - 교차로안,승용,남,45세,상해없음,화물,남,60세,중상
2014120500100416,2014년 12월 5일 15시,금요일,인천광역시 서구 가정동,경상사고,0,0,1,0,차대차 - 측면직각충돌,안전거리미확보,건조,맑음,단일로 - 기타,승합,남,63세,상해없음,승용,여,52세,경상
2014120500100493,2014년 12월 5일 17시,금요일,인천광역시 남동구 남촌동,경상사고,0,0,1,0,차대차 - 정면충돌,중앙선침범,건조,맑음,교차로 - 교차로부근,자전거,남,12세,경상,승합,남,60세,상해없음
2014120500100494,2014년 12월 5일 17시,금요일,인천광역시 남동구 간석동,중상사고,0,2,1,0,차대차 - 추돌 - 진행중,안전운전불이행,건조,맑음,단일로 - 기타,화물,여,52세,경상,화물,남,44세,중상
2014120500100495,2014년 12월 5일 17시,금요일,인천광역시 서구 원당동,경상사고,0,0,1,0,차대차 - 측면직각충돌,안전거리미확보,건조,맑음,단일로 - 기타,승합,남,58세,상해없음,이륜,남,48세,경상
2014120500100496,2014년 12월 5일 17시,금요일,인천광역시 계양구 계산동,경상사고,0,0,2,0,차대차 - 추돌 - 주정차중,안전운전불이행,건조,맑음,단일로 - 기타,승용,남,40세,상해없음,승용,남,36세,경상
2014120500100549,2014년 12월 5일 18시,금요일,인천광역시 중구 전동,경상사고,0,0,2,0,차대차 - 정면충돌,안전거리미확보,건조,맑음,단일로 - 기타,승용,남,49세,상해없음,승용,남,34세,경상
2014120500100550,2014년 12월 5일 18시,금요일,인천광역시 남동구 구월동,경상사고,0,0,1,0,차대차 - 측면직각충돌,안전운전불이행,건조,맑음,단일로 - 기타,자전거,남,24세,경상,화물,남,53세,상해없음
2014120500100551,2014년 12월 5일 18시,금요일,인천광역시 서구 마전동,중상사고,0,1,0,0,차대사람 - 길가장자리구역통행중,안전운전불이행,건조,맑음,단일로 - 기타,승용,여,54세,상해없음,보행자,여,71세,중상
2014120500100552,2014년 12월 5일 18시,금요일,인천광역시 서구 연희동,경상사고,0,0,1,0,차대차 - 기타,안전운전불이행,결빙,기타,단일로 - 기타,승용,남,53세,상해없음,이륜,남,42세,경상
2014120500100553,2014년 12월 5일 18시,금요일,인천광역시 계양구 병방동,중상사고,0,1,0,0,차대사람 - 횡단중,보행자보호의무위반,건조,맑음,교차로 - 교차로부근,승용,남,50세,상해없음,보행자,여,10세,중상
2014120500100629,2014년 12월 5일 20시,금요일,인천광역시 남동구 간석동,중상사고,0,1,0,0,차대사람 - 기타,안전운전불이행,건조,맑음,단일로 - 기타,승용,여,50세,상해없음,보행자,여,53세,중상
2014120500100630,2014년 12월 5일 20시,금요일,인천광역시 계양구 효성동,중상사고,0,1,0,0,차대차 - 측면직각충돌,교차로운행방법위반,습기,맑음,교차로 - 교차로안,승용,남,36세,상해없음,원동기,남,18세,중상
2014120500100690,2014년 12월 5일 21시,금요일,인천광역시 남구 관교동,경상사고,0,0,1,0,차대차 - 측면직각충돌,안전운전불이행,건조,맑음,기타 - 기타,승합,남,41세,상해없음,승용,남,24세,상해없음
2014120500100691,2014년 12월 5일 21시,금요일,인천광역시 남동구 구월동,중상사고,0,1,2,0,차대차 - 추돌 - 주정차중,안전거리미확보,건조,맑음,단일로 - 기타,승용,여,35세,상해없음,승용,여,43세,중상
2014120500100692,2014년 12월 5일 21시,금요일,인천광역시 서구 가정동,경상사고,0,0,1,0,차대사람 - 기타,안전운전불이행,건조,기타,단일로 - 기타,이륜,남,17세,상해없음,보행자,여,3세,경상
2014120500100693,2014년 12월 5일 21시,금요일,인천광역시 서구 연희동,경상사고,0,0,2,0,차대차 - 추돌 - 진행중,안전운전불이행,건조,맑음,단일로 - 기타,승용,여,37세,상해없음,승용,여,37세,경상
2014120500100694,2014년 12월 5일 21시,금요일,인천광역시 서구 가정동,중상사고,0,1,0,0,차대차 - 추돌 - 주정차중,안전운전불이행,건조,맑음,단일로 - 기타,승용,남,33세,상해없음,승용,여,42세,중상
2014120500100740,2014년 12월 5일 22시,금요일,인천광역시 남동구 간석동,경상사고,0,0,1,0,차대차 - 추돌 - 주정차중,안전운전불이행,건조,맑음,단일로 - 기타,화물,남,36세,상해없음,승용,남,33세,경상
2014120500100741,2014년 12월 5일 22시,금요일,인천광역시 서구 가정동,중상사고,0,2,3,0,차대차 - 추돌 - 주정차중,안전운전불이행,건조,맑음,교차로 - 교차로부근,승용,남,45세,상해없음,승용,남,55세,중상
2014120600100027,2014년 12월 6일 00시,토요일,인천광역시 남구 관교동,중상사고,0,1,2,0,차대차 - 측면직각충돌,신호위반,건조,맑음,교차로 - 교차로안,승합,여,41세,경상,승용,남,53세,중상
2014120600100028,2014년 12월 6일 00시,토요일,인천광역시 남동구 구월동,중상사고,0,1,0,0,차대사람 - 횡단중,안전운전불이행,건조,맑음,단일로 - 기타,승용,남,49세,상해없음,보행자,여,46세,중상
2014120600100059,2014년 12월 6일 01시,토요일,인천광역시 남구 문학동,중상사고,0,2,0,0,차대차 - 기타,안전운전불이행,건조,맑음,단일로 - 기타,승용,남,30세,상해없음,승용,남,46세,기타불명
2014120600100060,2014년 12월 6일 01시,토요일,인천광역시 남동구 도림동,경상사고,0,0,4,0,차대차 - 추돌 - 주정차중,안전운전불이행,건조,맑음,단일로 - 기타,승용,남,38세,상해없음,승용,남,64세,경상
2014120600100061,2014년 12월 6일 01시,토요일,인천광역시 남동구 남촌동,부상신고사고,0,0,0,1,차대차 - 추돌 - 진행중,안전운전불이행,건조,맑음,단일로 - 기타,승용,남,30세,부상신고,화물,남,36세,상해없음
2014120600100116,2014년 12월 6일 04시,토요일,인천광역시 남동구 구월동,중상사고,0,1,0,0,차대사람 - 횡단중,신호위반,건조,맑음,단일로 - 횡단보도상,승용,남,36세,상해없음,보행자,여,58세,중상
2014120600100122,2014년 12월 6일 05시,토요일,인천광역시 부평구 청천동,경상사고,0,0,2,0,차대차 - 추돌 - 주정차중,안전운전불이행,건조,흐림,교차로 - 교차로부근,승용,남,40세,상해없음,승용,남,50세,경상
2014120600100139,2014년 12월 6일 06시,토요일,인천광역시 계양구 계산동,경상사고,0,0,1,0,차대차 - 추돌 - 주정차중,안전운전불이행,건조,맑음,단일로 - 횡단보도부근,승용,남,31세,상해없음,승용,남,62세,경상
2014120600100156,2014년 12월 6일 07시,토요일,인천광역시 남동구 남촌동,경상사고,0,0,1,0,차대차 - 추돌 - 주정차중,안전운전불이행,건조,맑음,단일로 - 기타,화물,남,69세,상해없음,화물,남,52세,상해없음
2014120600100185,2014년 12월 6일 08시,토요일,인천광역시 서구 가정동,경상사고,0,0,2,0,차대차 - 기타,안전운전불이행,기타,맑음,단일로 - 기타,승합,남,59세,상해없음,승용,여,31세,경상
2014120600100237,2014년 12월 6일 10시,토요일,인천광역시 부평구 부평동,경상사고,0,0,1,0,차대차 - 측면직각충돌,안전운전불이행,건조,맑음,교차로 - 교차로안,승용,남,48세,상해없음,화물,남,24세,경상
2014120600100264,2014년 12월 6일 11시,토요일,인천광역시 계양구 작전동,중상사고,0,1,4,0,차대차 - 측면직각충돌,신호위반,건조,맑음,교차로 - 교차로안,승용,여,45세,상해없음,승용,남,44세,경상
2014120600100329,2014년 12월 6일 13시,토요일,인천광역시 서구 석남동,경상사고,0,0,1,0,차대사람 - 기타,안전운전불이행,건조,기타,기타 - 기타,화물,남,28세,상해없음,보행자,남,44세,경상
2014120600100356,2014년 12월 6일 14시,토요일,인천광역시 서구 연희동,경상사고,0,0,1,0,차대사람 - 횡단중,안전운전불이행,건조,맑음,단일로 - 횡단보도상,화물,기타불명,기타불명,기타불명,보행자,남,7세,경상
2014120600100443,2014년 12월 6일 16시,토요일,인천광역시 남동구 남촌동,경상사고,0,0,2,0,차대차 - 추돌 - 주정차중,안전운전불이행,건조,맑음,교차로 - 교차로부근,화물,남,48세,상해없음,승용,남,30세,경상
2014120600100486,2014년 12월 6일 17시,토요일,인천광역시 계양구 계산동,경상사고,0,0,1,0,차대사람 - 횡단중,안전운전불이행,건조,맑음,교차로 - 교차로안,승용,남,57세,상해없음,보행자,남,48세,경상
2014120600100577,2014년 12월 6일 19시,토요일,인천광역시 중구 신흥동3가,경상사고,0,0,1,0,차대차 - 기타,안전운전불이행,건조,맑음,교차로 - 교차로안,승용,남,38세,상해없음,승용,남,52세,상해없음
2014120600100578,2014년 12월 6일 19시,토요일,인천광역시 부평구 산곡동,경상사고,0,0,1,0,차대사람 - 횡단중,안전운전불이행,건조,맑음,단일로 - 기타,승용,남,48세,상해없음,보행자,남,59세,경상
2014120600100579,2014년 12월 6일 19시,토요일,인천광역시 계양구 용종동,경상사고,0,0,1,0,차대차 - 추돌 - 진행중,안전운전불이행,건조,맑음,단일로 - 기타,승용,여,58세,상해없음,승용,남,54세,상해없음
2014120600100624,2014년 12월 6일 20시,토요일,인천광역시 부평구 십정동,중상사고,0,1,0,0,차대사람 - 기타,안전운전불이행,건조,맑음,단일로 - 기타,승용,남,41세,상해없음,보행자,남,8세,중상
2014120600100645,2014년 12월 6일 21시,토요일,인천광역시 부평구 청천동,경상사고,0,0,1,0,차대차 - 추돌 - 주정차중,안전운전불이행,건조,맑음,단일로 - 기타,화물,남,57세,상해없음,승용,여,41세,경상
2014120600100646,2014년 12월 6일 21시,토요일,인천광역시 남동구 구월동,중상사고,0,1,0,1,차대차 - 측면직각충돌,신호위반,건조,맑음,교차로 - 교차로부근,승용,여,54세,상해없음,승용,여,40세,중상
2014120600100647,2014년 12월 6일 21시,토요일,인천광역시 서구 마전동,경상사고,0,0,1,0,차대차 - 추돌 - 진행중,안전거리미확보,건조,맑음,단일로 - 기타,승합,남,34세,상해없음,승용,남,52세,경상
2014120700100026,2014년 12월 7일 00시,일요일,인천광역시 남구 주안동,중상사고,0,1,0,0,차대사람 - 차도통행중,안전운전불이행,건조,맑음,교차로 - 교차로안,승용,남,50세,상해없음,보행자,남,71세,중상
2014120700100063,2014년 12월 7일 02시,일요일,인천광역시 남구 도화동,경상사고,0,0,4,0,차대차 - 추돌 - 주정차중,안전운전불이행,건조,맑음,교차로 - 교차로부근,승용,남,35세,상해없음,승용,남,51세,경상
2014120700100064,2014년 12월 7일 02시,일요일,인천광역시 계양구 작전동,경상사고,0,0,1,0,차대차 - 추돌 - 주정차중,안전운전불이행,건조,맑음,교차로 - 교차로안,승용,남,24세,상해없음,승용,남,30세,경상
2014120700100076,2014년 12월 7일 03시,일요일,인천광역시 남구 용현동,중상사고,0,3,0,0,차대차 - 측면직각충돌,직진우회전진행방해,건조,맑음,교차로 - 교차로안,승용,남,40세,상해없음,승용,남,39세,중상
2014120700100097,2014년 12월 7일 05시,일요일,인천광역시 연수구 연수동,중상사고,0,1,0,0,차대차 - 기타,신호위반,건조,맑음,교차로 - 교차로안,승용,남,70세,상해없음,승용,여,52세,중상
2014120700100098,2014년 12월 7일 05시,일요일,인천광역시 계양구 서운동,중상사고,0,1,0,0,차대차 - 기타,안전운전불이행,건조,맑음,단일로 - 기타,승용,남,20세,상해없음,승용,남,31세,상해없음
2014120700100111,2014년 12월 7일 06시,일요일,인천광역시 부평구 청천동,중상사고,0,1,0,0,차대차 - 정면충돌,신호위반,건조,맑음,교차로 - 교차로안,승용,남,53세,상해없음,승용,남,59세,중상
2014120700100194,2014년 12월 7일 12시,일요일,인천광역시 남구 도화동,중상사고,0,1,0,0,차대사람 - 횡단중,안전운전불이행,건조,맑음,단일로 - 횡단보도상,특수,남,21세,상해없음,보행자,남,72세,중상
2014120700100215,2014년 12월 7일 13시,일요일,인천광역시 남구 학익동,경상사고,0,0,1,0,차대사람 - 횡단중,보행자보호의무위반,건조,맑음,단일로 - 기타,승용,남,41세,상해없음,보행자,여,45세,경상
2014120700100216,2014년 12월 7일 13시,일요일,인천광역시 계양구 작전동,중상사고,0,1,4,0,차대차 - 추돌 - 주정차중,안전운전불이행,건조,맑음,단일로 - 기타,승용,남,44세,상해없음,승용,남,36세,중상
2014120700100239,2014년 12월 7일 14시,일요일,인천광역시 중구 신흥동2가,경상사고,0,0,1,0,차대차 - 추돌 - 주정차중,안전운전불이행,건조,맑음,단일로 - 기타,이륜,기타불명,기타불명,기타불명,승용,남,58세,경상
2014120700100240,2014년 12월 7일 14시,일요일,인천광역시 남동구 서창동,중상사고,0,1,0,0,차대차 - 기타,안전거리미확보,건조,맑음,단일로 - 기타,이륜,남,71세,중상,승용,남,44세,상해없음
2014120700100273,2014년 12월 7일 15시,일요일,인천광역시 남동구 구월동,경상사고,0,0,2,0,차대차 - 기타,안전거리미확보,건조,맑음,단일로 - 기타,승용,남,67세,상해없음,승용,남,72세,상해없음
2014120700100379,2014년 12월 7일 18시,일요일,인천광역시 남동구 만수동,중상사고,0,1,0,0,차대사람 - 기타,안전운전불이행,건조,흐림,단일로 - 기타,승용,남,49세,상해없음,보행자,여,72세,중상
2014120700100414,2014년 12월 7일 19시,일요일,인천광역시 연수구 연수동,중상사고,0,1,0,0,차대차 - 측면직각충돌,안전거리미확보,건조,맑음,교차로 - 교차로부근,승용,남,56세,상해없음,이륜,남,33세,중상
2014120700100488,2014년 12월 7일 22시,일요일,인천광역시 부평구 청천동,중상사고,0,1,0,0,차대차 - 기타,신호위반,습기,눈,교차로 - 교차로안,승용,여,42세,상해없음,승용,남,62세,중상
2014120800100017,2014년 12월 8일 00시,월요일,인천광역시 남동구 간석동,경상사고,0,0,1,0,차대차 - 기타,차로위반,습기,눈,교차로 - 교차로부근,승용,남,45세,상해없음,승용,남,61세,경상
2014120800100018,2014년 12월 8일 00시,월요일,인천광역시 부평구 갈산동,중상사고,0,1,1,0,차대차 - 측면직각충돌,신호위반,습기,눈,교차로 - 교차로안,승용,남,34세,상해없음,승용,남,54세,중상
2014120800100028,2014년 12월 8일 01시,월요일,인천광역시 남구 주안동,경상사고,0,0,1,0,차대차 - 추돌 - 진행중,안전운전불이행,적설,눈,교차로 - 교차로안,승용,남,27세,상해없음,승용,남,25세,경상
2014120800100046,2014년 12월 8일 03시,월요일,인천광역시 계양구 계산동,부상신고사고,0,0,0,1,차대사람 - 횡단중,안전운전불이행,건조,맑음,단일로 - 기타,승용,남,55세,상해없음,보행자,여,38세,부상신고
2014120800100053,2014년 12월 8일 04시,월요일,인천광역시 남구 주안동,경상사고,0,0,1,0,차대차 - 기타,안전운전불이행,적설,눈,단일로 - 기타,승용,남,25세,상해없음,승용,남,60세,경상
2014120800100183,2014년 12월 8일 08시,월요일,인천광역시 동구 만석동,경상사고,0,0,1,0,차대차 - 기타,신호위반,적설,맑음,교차로 - 교차로안,승합,남,51세,상해없음,승용,남,32세,경상
2014120800100184,2014년 12월 8일 08시,월요일,인천광역시 부평구 갈산동,경상사고,0,0,1,0,차대차 - 측면직각충돌,중앙선침범,결빙,흐림,교차로 - 교차로부근,승용,남,30세,상해없음,승합,남,40세,경상
2014120800100211,2014년 12월 8일 09시,월요일,인천광역시 동구 화수동,중상사고,0,1,0,0,차대차 - 기타,안전운전불이행,결빙,맑음,교차로 - 교차로부근,승용,여,44세,상해없음,승용,남,37세,상해없음
2014120800100212,2014년 12월 8일 09시,월요일,인천광역시 부평구 산곡동,경상사고,0,0,2,0,차대차 - 기타,안전운전불이행,결빙,맑음,단일로 - 기타,승용,남,52세,경상,승합,남,54세,상해없음
2014120800100245,2014년 12월 8일 10시,월요일,인천광역시 중구 신흥동1가,경상사고,0,0,1,0,차대사람 - 기타,안전운전불이행,건조,맑음,교차로 - 교차로부근,승용,기타불명,기타불명,기타불명,보행자,여,55세,경상
2014120800100288,2014년 12월 8일 12시,월요일,인천광역시 서구 왕길동,경상사고,0,0,3,0,차대차 - 추돌 - 진행중,기타,건조,맑음,단일로 - 기타,승합,남,63세,상해없음,화물,남,36세,경상
2014120800100289,2014년 12월 8일 12시,월요일,인천광역시 부평구 부평동,중상사고,0,1,0,0,차대사람 - 기타,안전운전불이행,건조,맑음,교차로 - 교차로안,화물,남,51세,상해없음,보행자,여,61세,중상
2014120800100320,2014년 12월 8일 13시,월요일,인천광역시 중구 운북동,경상사고,0,0,2,0,차대차 - 측면직각충돌,신호위반,습기,맑음,교차로 - 교차로안,승용,남,47세,상해없음,승용,남,35세,경상
2014120800100321,2014년 12월 8일 13시,월요일,인천광역시 남동구 남촌동,중상사고,0,1,1,0,차대차 - 측면직각충돌,신호위반,건조,맑음,교차로 - 교차로안,승용,남,45세,경상,승용,남,32세,중상
2014120800100322,2014년 12월 8일 13시,월요일,인천광역시 계양구 계산동,부상신고사고,0,0,0,1,차대차 - 추돌 - 진행중,안전운전불이행,결빙,맑음,단일로 - 기타,이륜,남,62세,부상신고,승용,남,49세,상해없음
2014120800100363,2014년 12월 8일 14시,월요일,인천광역시 동구 창영동,경상사고,0,0,1,0,차대차 - 추돌 - 주정차중,안전운전불이행,건조,맑음,교차로 - 교차로안,승용,남,69세,상해없음,승용,여,40세,경상