사고번호,사고일시,요일,시군구,사고내용,사망자수,중상자수,경상자수,부상신고자수,사고유형,법규위반,노면상태,기상상태,도로형태,가해운전자 차종,가해운전자 성별,가해운전자 연령,가해운전자 상해정도,피해운전자 차종,피해운전자 성별,피해운전자 연령,피해운전자 상해정도
2014120800100365,2014년 12월 8일 14시,월요일,인천광역시 남구 용현동,경상사고,0,0,2,0,차대차 - 추돌 - 주정차중,안전운전불이행,건조,맑음,단일로 - 기타,승용,여,29세,상해없음,화물,남,35세,경상
2014120800100366,2014년 12월 8일 14시,월요일,인천광역시 서구 가정동,경상사고,0,0,2,0,차대차 - 기타,안전운전불이행,건조,맑음,교차로 - 교차로안,승용,여,20세,상해없음,승용,남,32세,경상
2014120800100367,2014년 12월 8일 14시,월요일,인천광역시 부평구 부개동,경상사고,0,0,1,0,차대차 - 기타,안전운전불이행,건조,맑음,단일로 - 기타,승용,남,57세,상해없음,원동기,남,23세,경상
2014120800100483,2014년 12월 8일 17시,월요일,인천광역시 남구 도화동,경상사고,0,0,4,0,차대차 - 추돌 - 진행중,안전운전불이행,건조,흐림,단일로 - 기타,승용,남,72세,상해없음,승용,남,30세,경상
2014120800100484,2014년 12월 8일 17시,월요일,인천광역시 서구 가좌동,중상사고,0,1,0,0,차대사람 - 차도통행중,안전운전불이행,건조,맑음,단일로 - 기타,화물,남,60세,상해없음,보행자,여,54세,중상
2014120800100485,2014년 12월 8일 17시,월요일,인천광역시 계양구 병방동,경상사고,0,0,1,0,차대차 - 추돌 - 진행중,안전거리미확보,습기,맑음,단일로 - 기타,화물,남,27세,상해없음,승용,남,60세,경상
2014120800100486,2014년 12월 8일 17시,월요일,인천광역시 연수구 송도동,경상사고,0,0,1,0,차대차 - 기타,안전운전불이행,습기,맑음,단일로 - 기타,화물,남,56세,상해없음,승합,여,62세,경상
2014120800100550,2014년 12월 8일 18시,월요일,인천광역시 중구 운서동,경상사고,0,0,2,0,차대차 - 기타,안전거리미확보,건조,맑음,단일로 - 기타,승합,남,63세,상해없음,승용,남,30세,경상
2014120800100551,2014년 12월 8일 18시,월요일,인천광역시 남동구 고잔동,경상사고,0,0,1,0,차대차 - 추돌 - 주정차중,안전운전불이행,건조,맑음,단일로 - 기타,승용,남,53세,상해없음,승합,남,61세,경상
2014120800100552,2014년 12월 8일 18시,월요일,인천광역시 계양구 작전동,경상사고,0,0,3,0,차대차 - 정면충돌,중앙선침범,건조,맑음,교차로 - 교차로부근,승용,남,24세,상해없음,승용,남,28세,경상
2014120800100614,2014년 12월 8일 20시,월요일,인천광역시 남동구 간석동,중상사고,0,2,1,0,차대차 - 정면충돌,신호위반,건조,흐림,교차로 - 교차로안,승용,남,46세,상해없음,승용,남,31세,중상
2014120800100615,2014년 12월 8일 20시,월요일,인천광역시 연수구 동춘동,경상사고,0,0,1,0,차대사람 - 기타,안전운전불이행,건조,맑음,단일로 - 기타,승용,여,51세,상해없음,보행자,여,20세,경상
2014120800100643,2014년 12월 8일 21시,월요일,인천광역시 서구 불로동,경상사고,0,0,4,0,차대차 - 측면직각충돌,중앙선침범,결빙,맑음,단일로 - 기타,승용,남,18세,상해없음,승합,남,31세,경상
2014120800100675,2014년 12월 8일 22시,월요일,인천광역시 부평구 부평동,부상신고사고,0,0,0,1,차대차 - 측면직각충돌,안전운전불이행,건조,맑음,교차로 - 교차로부근,이륜,남,18세,상해없음,승용,남,64세,부상신고
2014120800100690,2014년 12월 8일 23시,월요일,인천광역시 중구 운서동,경상사고,0,0,2,0,차대차 - 추돌 - 진행중,차로위반,건조,맑음,교차로 - 교차로안,승용,남,61세,상해없음,승용,남,27세,경상
2014120800100691,2014년 12월 8일 23시,월요일,인천광역시 부평구 산곡동,경상사고,0,0,2,0,차대차 - 추돌 - 주정차중,안전거리미확보,건조,맑음,단일로 - 기타,승용,남,61세,상해없음,승용,남,53세,경상
2014120800100692,2014년 12월 8일 23시,월요일,인천광역시 남동구 간석동,경상사고,0,0,2,0,차대차 - 정면충돌,안전운전불이행,건조,맑음,교차로 - 교차로안,승용,남,44세,상해없음,승용,남,25세,경상
2014120800100693,2014년 12월 8일 23시,월요일,인천광역시 서구 경서동,경상사고,0,0,2,0,차대차 - 측면직각충돌,신호위반,건조,맑음,교차로 - 교차로안,승합,남,65세,상해없음,승합,남,58세,상해없음
2014120900100015,2014년 12월 9일 00시,화요일,인천광역시 남구 용현동,경상사고,0,0,1,0,차대사람 - 기타,안전운전불이행,건조,맑음,단일로 - 기타,기타불명,기타불명,기타불명,기타불명,보행자,남,28세,경상
2014120900100016,2014년 12월 9일 00시,화요일,인천광역시 연수구 청학동,경상사고,0,0,1,0,차대차 - 측면직각충돌,신호위반,건조,맑음,교차로 - 교차로안,승용,남,48세,상해없음,승용,남,63세,경상
2014120900100064,2014년 12월 9일 05시,화요일,인천광역시 남동구 간석동,경상사고,0,0,1,0,차대사람 - 차도통행중,안전운전불이행,건조,맑음,교차로 - 교차로부근,승용,남,62세,상해없음,보행자,남,41세,경상
2014120900100090,2014년 12월 9일 06시,화요일,인천광역시 남동구 간석동,경상사고,0,0,1,0,차대차 - 정면충돌,신호위반,건조,맑음,교차로 - 교차로안,승용,남,59세,상해없음,승용,남,60세,경상
2014120900100125,2014년 12월 9일 07시,화요일,인천광역시 동구 송림동,경상사고,0,0,1,0,차대사람 - 횡단중,신호위반,건조,맑음,단일로 - 횡단보도상,승용,남,45세,상해없음,보행자,여,38세,경상
2014120900100126,2014년 12월 9일 07시,화요일,인천광역시 부평구 십정동,경상사고,0,0,1,0,차대차 - 측면직각충돌,신호위반,건조,맑음,교차로 - 교차로안,승용,남,54세,상해없음,승용,남,53세,경상
2014120900100176,2014년 12월 9일 08시,화요일,인천광역시 남구 학익동,경상사고,0,0,1,0,차대사람 - 길가장자리구역통행중,안전운전불이행,건조,맑음,단일로 - 기타,승용,남,71세,상해없음,보행자,여,16세,경상
2014120900100177,2014년 12월 9일 08시,화요일,인천광역시 서구 가좌동,경상사고,0,0,3,0,차대차 - 측면직각충돌,신호위반,건조,맑음,교차로 - 교차로안,화물,남,34세,상해없음,승용,남,53세,경상
2014120900100178,2014년 12월 9일 08시,화요일,인천광역시 연수구 연수동,경상사고,0,0,1,0,차대사람 - 보도통행중,보행자보호의무위반,건조,맑음,단일로 - 횡단보도상,승용,여,43세,상해없음,보행자,여,15세,경상
2014120900100242,2014년 12월 9일 10시,화요일,인천광역시 서구 마전동,중상사고,0,2,0,0,차대차 - 측면직각충돌,안전운전불이행,건조,맑음,교차로 - 교차로안,승용,여,33세,상해없음,원동기,남,73세,중상
2014120900100273,2014년 12월 9일 11시,화요일,인천광역시 중구 운서동,경상사고,0,0,2,0,차대차 - 정면충돌,중앙선침범,건조,맑음,단일로 - 기타,승용,여,53세,경상,화물,남,50세,경상
2014120900100274,2014년 12월 9일 11시,화요일,인천광역시 강화군 양도면,사망사고,1,3,0,0,차대차 - 기타,교차로운행방법위반,건조,맑음,교차로 - 교차로안,화물,남,41세,중상,화물,남,63세,중상
2014120900100335,2014년 12월 9일 13시,화요일,인천광역시 계양구 효성동,경상사고,0,0,1,0,차대사람 - 횡단중,안전운전불이행,건조,맑음,교차로 - 교차로부근,승용,여,32세,상해없음,보행자,여,8세,경상
2014120900100370,2014년 12월 9일 14시,화요일,인천광역시 부평구 삼산동,중상사고,0,1,0,0,차대차 - 측면직각충돌,신호위반,건조,맑음,단일로 - 횡단보도상,승용,남,60세,상해없음,이륜,남,66세,중상
2014120900100420,2014년 12월 9일 16시,화요일,인천광역시 부평구 십정동,부상신고사고,0,0,0,1,차대차 - 기타,중앙선침범,건조,맑음,교차로 - 교차로부근,승용,남,65세,상해없음,원동기,남,44세,부상신고
2014120900100467,2014년 12월 9일 17시,화요일,인천광역시 남구 용현동,경상사고,0,0,1,0,차대사람 - 차도통행중,안전운전불이행,습기,맑음,단일로 - 기타,화물,남,37세,상해없음,보행자,여,70세,경상
2014120900100468,2014년 12월 9일 17시,화요일,인천광역시 남동구 만수동,부상신고사고,0,0,0,1,차대차 - 측면직각충돌,신호위반,건조,맑음,교차로 - 교차로안,이륜,남,22세,부상신고,승합,남,52세,상해없음
2014120900100469,2014년 12월 9일 17시,화요일,인천광역시 서구 오류동,경상사고,0,0,1,0,차대차 - 기타,안전운전불이행,건조,맑음,교차로 - 교차로안,승용,남,30세,상해없음,화물,남,44세,경상
2014120900100470,2014년 12월 9일 17시,화요일,인천광역시 서구 마전동,경상사고,0,0,1,0,차대차 - 추돌 - 주정차중,안전운전불이행,건조,맑음,단일로 - 기타,승용,여,49세,상해없음,승용,남,43세,경상
2014120900100471,2014년 12월 9일 17시,화요일,인천광역시 서구 가정동,중상사고,0,1,0,0,차대차 - 측면직각충돌,신호위반,건조,맑음,교차로 - 교차로안,승용,남,60세,상해없음,승용,여,48세,중상
2014120900100522,2014년 12월 9일 18시,화요일,인천광역시 남동구 논현동,경상사고,0,0,1,0,차대차 - 추돌 - 진행중,안전운전불이행,건조,맑음,교차로 - 교차로부근,승합,남,55세,상해없음,승용,여,41세,경상
2014120900100559,2014년 12월 9일 19시,화요일,인천광역시 남구 주안동,중상사고,0,1,0,0,차대차 - 측면직각충돌,중앙선침범,건조,맑음,기타 - 기타,승용,남,32세,상해없음,이륜,남,41세,중상
2014120900100560,2014년 12월 9일 19시,화요일,인천광역시 남구 용현동,경상사고,0,0,2,0,차대차 - 기타,안전운전불이행,건조,맑음,단일로 - 기타,승용,남,51세,상해없음,승용,남,43세,경상
2014120900100561,2014년 12월 9일 19시,화요일,인천광역시 남동구 만수동,사망사고,1,0,0,0,차대사람 - 기타,안전운전불이행,건조,맑음,단일로 - 기타,승용,남,50세,상해없음,보행자,여,68세,사망
2014120900100562,2014년 12월 9일 19시,화요일,인천광역시 서구 가정동,경상사고,0,0,1,0,차대사람 - 횡단중,신호위반,건조,맑음,교차로 - 교차로안,이륜,남,19세,상해없음,보행자,여,44세,경상
2014120900100563,2014년 12월 9일 19시,화요일,인천광역시 서구 경서동,경상사고,0,0,1,0,차대차 - 기타,안전운전불이행,건조,맑음,단일로 - 기타,승용,남,62세,상해없음,승용,남,42세,상해없음
2014120900100599,2014년 12월 9일 20시,화요일,인천광역시 남구 학익동,경상사고,0,0,1,0,차대차 - 기타,안전운전불이행,건조,맑음,단일로 - 기타,승합,남,64세,상해없음,승용,여,49세,경상
2014120900100600,2014년 12월 9일 20시,화요일,인천광역시 남구 주안동,경상사고,0,0,1,0,차대사람 - 기타,안전운전불이행,결빙,흐림,단일로 - 기타,기타불명,기타불명,기타불명,기타불명,보행자,남,63세,경상
2014120900100628,2014년 12월 9일 21시,화요일,인천광역시 중구 남북동,중상사고,0,1,0,0,차량단독 - 공작물충돌,안전운전불이행,건조,맑음,단일로 - 기타,승용,남,57세,중상,,,,
2014120900100629,2014년 12월 9일 21시,화요일,인천광역시 남동구 만수동,경상사고,0,0,1,0,차대차 - 추돌 - 진행중,안전운전불이행,건조,맑음,교차로 - 교차로안,승용,남,43세,상해없음,승용,남,49세,경상
2014120900100698,2014년 12월 9일 23시,화요일,인천광역시 서구 금곡동,경상사고,0,0,1,0,차량단독 - 기타,안전운전불이행,건조,맑음,단일로 - 기타,승합,남,57세,기타불명,,,,
2014120900100699,2014년 12월 9일 23시,화요일,인천광역시 부평구 삼산동,경상사고,0,0,1,0,차대사람 - 기타,안전운전불이행,습기,흐림,기타 - 기타,승용,남,51세,상해없음,보행자,남,30세,경상
2014121000100033,2014년 12월 10일 01시,수요일,인천광역시 부평구 부평동,중상사고,0,1,1,0,차대차 - 추돌 - 진행중,신호위반,건조,맑음,교차로 - 교차로안,승용,남,35세,상해없음,승용,남,54세,상해없음
2014121000100045,2014년 12월 10일 02시,수요일,인천광역시 부평구 산곡동,경상사고,0,0,1,0,차대사람 - 기타,안전운전불이행,건조,맑음,교차로 - 교차로부근,승용,남,29세,상해없음,보행자,여,53세,경상
2014121000100082,2014년 12월 10일 06시,수요일,인천광역시 연수구 동춘동,경상사고,0,0,1,0,차대차 - 측면직각충돌,신호위반,건조,맑음,교차로 - 교차로안,승용,남,28세,상해없음,건설기계,남,43세,경상
2014121000100184,2014년 12월 10일 09시,수요일,인천광역시 남구 용현동,중상사고,0,1,0,0,차대사람 - 횡단중,안전운전불이행,건조,맑음,교차로 - 교차로부근,화물,남,54세,상해없음,보행자,남,54세,중상
2014121000100185,2014년 12월 10일 09시,수요일,인천광역시 남동구 구월동,경상사고,0,0,1,0,차대사람 - 기타,안전운전불이행,건조,맑음,교차로 - 교차로안,화물,남,63세,상해없음,보행자,여,32세,경상
2014121000100186,2014년 12월 10일 09시,수요일,인천광역시 남동구 간석동,경상사고,0,0,1,0,차대차 - 기타,안전운전불이행,건조,맑음,단일로 - 기타,승용,여,40세,상해없음,승용,여,33세,경상
2014121000100221,2014년 12월 10일 10시,수요일,인천광역시 남구 도화동,부상신고사고,0,0,0,1,차량단독 - 기타,기타,건조,맑음,단일로 - 기타,승합,여,57세,상해없음,,,,
2014121000100246,2014년 12월 10일 11시,수요일,인천광역시 계양구 계산동,경상사고,0,0,1,0,차대차 - 측면직각충돌,안전운전불이행,건조,맑음,단일로 - 기타,승용,여,50세,상해없음,승용,남,59세,경상
2014121000100293,2014년 12월 10일 13시,수요일,인천광역시 서구 가정동,경상사고,0,0,1,0,차대차 - 추돌 - 진행중,교차로운행방법위반,건조,맑음,교차로 - 교차로안,화물,남,52세,상해없음,승용,여,53세,경상
2014121000100336,2014년 12월 10일 14시,수요일,인천광역시 부평구 부개동,중상사고,0,1,0,0,차대차 - 추돌 - 진행중,안전거리미확보,건조,맑음,단일로 - 기타,승용,여,50세,상해없음,승용,남,67세,중상
2014121000100357,2014년 12월 10일 15시,수요일,인천광역시 중구 운서동,경상사고,0,0,1,0,차대차 - 정면충돌,안전운전불이행,결빙,맑음,단일로 - 기타,승용,남,26세,상해없음,특수,남,51세,경상
2014121000100358,2014년 12월 10일 15시,수요일,인천광역시 남구 학익동,중상사고,0,1,0,0,차대차 - 기타,신호위반,건조,맑음,교차로 - 교차로안,승용,남,55세,상해없음,승용,여,41세,중상
2014121000100359,2014년 12월 10일 15시,수요일,인천광역시 서구 가좌동,중상사고,0,1,0,0,차량단독 - 공작물충돌,안전운전불이행,건조,맑음,교차로 - 교차로부근,승합,남,65세,상해없음,,,,
2014121000100360,2014년 12월 10일 15시,수요일,인천광역시 강화군 내가면,중상사고,0,1,0,0,차대차 - 기타,안전운전불이행,습기,흐림,단일로 - 기타,승용,남,57세,상해없음,이륜,남,80세,중상
2014121000100397,2014년 12월 10일 16시,수요일,인천광역시 부평구 산곡동,중상사고,0,1,0,0,차대차 - 기타,중앙선침범,건조,맑음,단일로 - 기타,승용,남,27세,상해없음,원동기,남,20세,중상
2014121000100569,2014년 12월 10일 19시,수요일,인천광역시 중구 항동7가,사망사고,1,0,0,0,차대사람 - 기타,안전운전불이행,습기,비,단일로 - 기타,화물,남,46세,상해없음,보행자,남,29세,사망
2014121000100570,2014년 12월 10일 19시,수요일,인천광역시 남구 주안동,중상사고,0,1,0,0,차대사람 - 횡단중,신호위반,습기,비,교차로 - 교차로안,화물,남,62세,상해없음,보행자,여,65세,중상
2014121000100571,2014년 12월 10일 19시,수요일,인천광역시 연수구 옥련동,경상사고,0,0,1,0,차대차 - 기타,중앙선침범,건조,맑음,단일로 - 기타,승용,여,43세,상해없음,화물,남,48세,경상
2014121000100572,2014년 12월 10일 19시,수요일,인천광역시 연수구 송도동,경상사고,0,0,1,0,차대차 - 측면직각충돌,신호위반,건조,맑음,교차로 - 교차로안,승용,여,52세,상해없음,승용,여,33세,경상
2014121000100573,2014년 12월 10일 19시,수요일,인천광역시 부평구 삼산동,경상사고,0,0,1,0,차대차 - 측면직각충돌,신호위반,건조,맑음,단일로 - 기타,화물,남,48세,상해없음,이륜,남,26세,경상
2014121000100616,2014년 12월 10일 20시,수요일,인천광역시 남동구 구월동,중상사고,0,1,0,0,차대차 - 측면직각충돌,중앙선침범,기타,비,단일로 - 기타,화물,여,40세,상해없음,이륜,남,45세,중상
2014121000100617,2014년 12월 10일 20시,수요일,인천광역시 연수구 연수동,중상사고,0,1,0,0,차대차 - 기타,안전운전불이행,습기,비,교차로 - 교차로안,승용,남,55세,상해없음,이륜,남,50세,중상
2014121000100670,2014년 12월 10일 21시,수요일,인천광역시 중구 운서동,경상사고,0,0,1,0,차대차 - 측면직각충돌,안전운전불이행,습기,맑음,교차로 - 교차로안,승용,여,58세,상해없음,승용,남,52세,경상
2014121000100671,2014년 12월 10일 21시,수요일,인천광역시 중구 운서동,경상사고,0,0,1,0,차대사람 - 기타,안전운전불이행,습기,비,기타 - 기타,승용,남,60세,상해없음,보행자,남,45세,경상
2014121000100672,2014년 12월 10일 21시,수요일,인천광역시 부평구 십정동,중상사고,0,1,0,0,차대차 - 측면직각충돌,안전운전불이행,습기,비,단일로 - 기타,승용,남,28세,상해없음,원동기,남,27세,중상
2014121000100673,2014년 12월 10일 21시,수요일,인천광역시 남동구 구월동,경상사고,0,0,1,0,차대차 - 추돌 - 주정차중,안전운전불이행,습기,비,단일로 - 기타,승용,남,52세,상해없음,승용,남,47세,경상
2014121000100674,2014년 12월 10일 21시,수요일,인천광역시 서구 마전동,경상사고,0,0,1,0,차대사람 - 횡단중,신호위반,습기,비,단일로 - 횡단보도상,승합,남,69세,상해없음,보행자,남,24세,경상
2014121000100712,2014년 12월 10일 22시,수요일,인천광역시 남동구 만수동,경상사고,0,0,2,0,차대차 - 추돌 - 주정차중,안전운전불이행,건조,맑음,교차로 - 교차로부근,승용,남,39세,상해없음,승용,남,57세,상해없음
2014121000100747,2014년 12월 10일 23시,수요일,인천광역시 부평구 십정동,중상사고,0,1,1,0,차대차 - 기타,안전운전불이행,건조,맑음,단일로 - 기타,승용,남,35세,상해없음,승용,남,32세,경상
2014121000100748,2014년 12월 10일 23시,수요일,인천광역시 연수구 연수동,중상사고,0,1,2,0,차대차 - 추돌 - 주정차중,안전운전불이행,습기,흐림,단일로 - 기타,승용,남,48세,상해없음,승용,남,29세,경상
2014121000100749,2014년 12월 10일 23시,수요일,인천광역시 연수구 송도동,경상사고,0,0,1,0,차대차 - 기타,안전운전불이행,습기,비,단일로 - 기타,승용,남,29세,상해없음,자전거,남,16세,경상
2014121100100026,2014년 12월 11일 00시,목요일,인천광역시 부평구 부평동,중상사고,0,1,0,0,차대사람 - 차도통행중,안전운전불이행,습기,비,단일로 - 기타,승용,남,22세,상해없음,보행자,남,27세,중상
2014121100100027,2014년 12월 11일 00시,목요일,인천광역시 부평구 십정동,중상사고,0,1,1,0,차대차 - 기타,신호위반,건조,흐림,교차로 - 교차로안,승용,남,31세,상해없음,승용,여,34세,중상
2014121100100028,2014년 12월 11일 00시,목요일,인천광역시 남동구 구월동,중상사고,0,1,0,0,차대사람 - 횡단중,보행자보호의무위반,건조,맑음,교차로 - 교차로부근,화물,남,36세,상해없음,보행자,여,55세,중상
2014121100100029,2014년 12월 11일 00시,목요일,인천광역시 서구 원창동,경상사고,0,0,2,0,차대차 - 기타,신호위반,건조,맑음,교차로 - 교차로안,승용,남,34세,상해없음,승용,남,40세,경상
2014121100100030,2014년 12월 11일 00시,목요일,인천광역시 서구 석남동,경상사고,0,0,1,0,차대차 - 추돌 - 진행중,안전운전불이행,건조,맑음,단일로 - 기타,승용,남,27세,상해없음,승용,남,47세,경상
2014121100100165,2014년 12월 11일 08시,목요일,인천광역시 남동구 고잔동,경상사고,0,0,1,0,차대차 - 측면직각충돌,중앙선침범,건조,맑음,교차로 - 교차로안,승용,남,39세,상해없음,승용,여,33세,경상
2014121100100166,2014년 12월 11일 08시,목요일,인천광역시 서구 연희동,경상사고,0,0,2,0,차대차 - 추돌 - 주정차중,안전거리미확보,건조,맑음,단일로 - 기타,화물,남,47세,상해없음,승용,남,32세,경상
2014121100100193,2014년 12월 11일 09시,목요일,인천광역시 남동구 논현동,경상사고,0,0,1,0,차대사람 - 기타,안전운전불이행,건조,맑음,단일로 - 기타,승용,여,49세,상해없음,보행자,여,63세,경상
2014121100100194,2014년 12월 11일 09시,목요일,인천광역시 계양구 계산동,경상사고,0,0,1,0,차대차 - 측면직각충돌,안전운전불이행,건조,맑음,교차로 - 교차로안,승용,남,48세,상해없음,승합,남,40세,경상
2014121100100262,2014년 12월 11일 12시,목요일,인천광역시 남구 용현동,경상사고,0,0,1,0,차대사람 - 차도통행중,교차로운행방법위반,건조,맑음,교차로 - 교차로안,승합,남,57세,상해없음,보행자,남,64세,경상
2014121100100263,2014년 12월 11일 12시,목요일,인천광역시 서구 가좌동,경상사고,0,0,2,0,차대차 - 측면직각충돌,차로위반,건조,맑음,단일로 - 기타,화물,남,31세,상해없음,승용,남,57세,경상
2014121100100264,2014년 12월 11일 12시,목요일,인천광역시 연수구 선학동,경상사고,0,0,2,0,차대차 - 기타,안전운전불이행,건조,맑음,단일로 - 기타,승용,여,40세,상해없음,승용,여,43세,경상
2014121100100293,2014년 12월 11일 13시,목요일,인천광역시 서구 공촌동,경상사고,0,0,2,0,차대차 - 기타,안전운전불이행,건조,맑음,단일로 - 기타,승용,남,61세,상해없음,승용,남,31세,경상
2014121100100362,2014년 12월 11일 16시,목요일,인천광역시 부평구 청천동,부상신고사고,0,0,0,1,차대차 - 기타,안전운전불이행,건조,맑음,교차로 - 교차로안,승용,여,45세,상해없음,자전거,남,57세,부상신고
2014121100100363,2014년 12월 11일 16시,목요일,인천광역시 계양구 효성동,경상사고,0,0,1,0,차대차 - 추돌 - 주정차중,안전운전불이행,건조,맑음,교차로 - 교차로부근,승용,남,60세,경상,승용,여,53세,상해없음
2014121100100396,2014년 12월 11일 17시,목요일,인천광역시 남구 주안동,경상사고,0,0,1,0,차대차 - 추돌 - 주정차중,안전운전불이행,건조,흐림,단일로 - 기타,승용,남,52세,상해없음,승용,여,50세,경상
2014121100100436,2014년 12월 11일 18시,목요일,인천광역시 부평구 부평동,중상사고,0,1,0,0,차대사람 - 횡단중,안전운전불이행,건조,맑음,교차로 - 교차로부근,승용,남,38세,상해없음,보행자,여,17세,중상
2014121100100437,2014년 12월 11일 18시,목요일,인천광역시 강화군 강화읍,경상사고,0,0,1,0,차대차 - 기타,안전운전불이행,건조,맑음,단일로 - 기타,기타불명,기타불명,기타불명,기타불명,승용,남,30세,경상
2014121100100438,2014년 12월 11일 18시,목요일,인천광역시 연수구 연수동,중상사고,0,1,0,0,차대사람 - 보도통행중,중앙선침범,건조,맑음,기타 - 기타,원동기,남,59세,상해없음,보행자,남,34세,중상
2014121100100439,2014년 12월 11일 18시,목요일,인천광역시 부평구 부평동,경상사고,0,0,5,0,차대차 - 추돌 - 주정차중,안전거리미확보,건조,맑음,단일로 - 기타,승용,남,60세,상해없음,승용,남,54세,경상
2014121100100472,2014년 12월 11일 19시,목요일,인천광역시 서구 가좌동,중상사고,0,1,0,0,차대사람 - 횡단중,보행자보호의무위반,건조,맑음,단일로 - 횡단보도상,승용,남,52세,상해없음,보행자,여,45세,중상
2014121100100503,2014년 12월 11일 20시,목요일,인천광역시 남구 주안동,중상사고,0,2,0,0,차대차 - 기타,신호위반,건조,맑음,단일로 - 기타,이륜,남,19세,상해없음,승용,남,60세,중상
2014121100100504,2014년 12월 11일 20시,목요일,인천광역시 부평구 부개동,중상사고,0,1,0,0,차대사람 - 기타,안전운전불이행,건조,맑음,단일로 - 기타,화물,남,30세,상해없음,보행자,남,50세,중상
2014121100100535,2014년 12월 11일 21시,목요일,인천광역시 남동구 논현동,경상사고,0,0,1,0,차대사람 - 기타,안전운전불이행,건조,맑음,단일로 - 기타,승용,남,51세,상해없음,보행자,남,40세,경상
2014121100100558,2014년 12월 11일 22시,목요일,인천광역시 남동구 간석동,중상사고,0,1,0,0,차대사람 - 횡단중,신호위반,건조,맑음,교차로 - 교차로부근,승용,남,60세,상해없음,보행자,여,56세,중상
2014121100100584,2014년 12월 11일 23시,목요일,인천광역시 남동구 남촌동,경상사고,0,0,2,0,차대사람 - 기타,안전운전불이행,건조,맑음,교차로 - 교차로안,승용,남,62세,상해없음,보행자,여,51세,경상
2014121100100585,2014년 12월 11일 23시,목요일,인천광역시 부평구 갈산동,중상사고,0,1,0,0,차대차 - 측면직각충돌,교차로운행방법위반,습기,흐림,교차로 - 교차로안,승용,남,24세,상해없음,승용,남,41세,중상
2014121200100020,2014년 12월 12일 00시,금요일,인천광역시 남동구 간석동,경상사고,0,0,2,0,차대차 - 추돌 - 주정차중,안전운전불이행,건조,맑음,단일로 - 기타,승용,남,33세,상해없음,승합,여,21세,경상
2014121200100036,2014년 12월 12일 01시,금요일,인천광역시 남동구 구월동,경상사고,0,0,1,1,차대차 - 기타,안전운전불이행,건조,맑음,기타 - 기타,승용,남,20세,기타불명,승용,남,53세,부상신고
2014121200100037,2014년 12월 12일 01시,금요일,인천광역시 서구 검암동,경상사고,0,0,1,0,차대차 - 기타,중앙선침범,건조,맑음,단일로 - 기타,건설기계,남,39세,상해없음,승용,남,44세,경상
2014121200100120,2014년 12월 12일 07시,금요일,인천광역시 남동구 간석동,중상사고,0,1,0,0,차대사람 - 기타,안전운전불이행,건조,맑음,단일로 - 기타,승용,남,48세,상해없음,보행자,남,17세,중상
2014121200100121,2014년 12월 12일 07시,금요일,인천광역시 남동구 논현동,경상사고,0,0,4,0,차대차 - 측면직각충돌,교차로운행방법위반,건조,맑음,교차로 - 교차로안,화물,남,65세,경상,승용,남,58세,경상
2014121200100193,2014년 12월 12일 09시,금요일,인천광역시 남동구 구월동,경상사고,0,0,1,0,차대사람 - 차도통행중,안전운전불이행,건조,맑음,단일로 - 기타,승용,남,46세,상해없음,보행자,여,19세,경상
2014121200100194,2014년 12월 12일 09시,금요일,인천광역시 서구 가좌동,경상사고,0,0,1,0,차대차 - 기타,안전운전불이행,건조,맑음,단일로 - 기타,화물,남,49세,상해없음,승용,남,46세,상해없음
2014121200100210,2014년 12월 12일 10시,금요일,인천광역시 남동구 간석동,경상사고,0,0,1,0,차대차 - 추돌 - 주정차중,안전운전불이행,건조,맑음,단일로 - 기타,이륜,남,34세,경상,화물,남,56세,상해없음
2014121200100244,2014년 12월 12일 11시,금요일,인천광역시 서구 석남동,중상사고,0,1,0,0,차대사람 - 기타,안전운전불이행,건조,맑음,교차로 - 교차로부근,승용,남,30세,상해없음,보행자,남,64세,중상
2014121200100366,2014년 12월 12일 15시,금요일,인천광역시 옹진군 영흥면,경상사고,0,0,1,0,차대차 - 정면충돌,중앙선침범,습기,눈,단일로 - 기타,화물,남,57세,상해없음,승용,남,35세,경상
2014121200100367,2014년 12월 12일 15시,금요일,인천광역시 서구 백석동,경상사고,0,0,2,0,차대차 - 기타,안전운전불이행,건조,맑음,단일로 - 기타,화물,남,39세,상해없음,승합,남,51세,상해없음
2014121200100411,2014년 12월 12일 16시,금요일,인천광역시 부평구 부평동,경상사고,0,0,3,0,차대차 - 기타,교차로운행방법위반,건조,맑음,교차로 - 교차로안,승용,여,37세,상해없음,승용,남,40세,경상
2014121200100412,2014년 12월 12일 16시,금요일,인천광역시 계양구 용종동,부상신고사고,0,0,0,1,차대차 - 측면직각충돌,안전운전불이행,결빙,눈,교차로 - 교차로부근,승용,남,51세,상해없음,자전거,남,12세,부상신고
2014121200100530,2014년 12월 12일 18시,금요일,인천광역시 남구 주안동,경상사고,0,0,1,0,차대차 - 기타,안전운전불이행,건조,맑음,교차로 - 교차로안,승용,남,37세,상해없음,승용,남,27세,경상
2014121200100578,2014년 12월 12일 19시,금요일,인천광역시 서구 연희동,중상사고,0,1,0,0,차대사람 - 기타,교차로운행방법위반,건조,맑음,교차로 - 교차로안,이륜,남,19세,상해없음,보행자,여,43세,중상