사고번호,사고일시,요일,시군구,사고내용,사망자수,중상자수,경상자수,부상신고자수,사고유형,법규위반,노면상태,기상상태,도로형태,가해운전자 차종,가해운전자 성별,가해운전자 연령,가해운전자 상해정도,피해운전자 차종,피해운전자 성별,피해운전자 연령,피해운전자 상해정도
2014121200100624,2014년 12월 12일 20시,금요일,인천광역시 중구 운서동,경상사고,0,0,1,0,차대차 - 추돌 - 주정차중,안전운전불이행,건조,맑음,교차로 - 교차로부근,승용,기타불명,기타불명,기타불명,승용,남,26세,경상
2014121200100625,2014년 12월 12일 20시,금요일,인천광역시 서구 가좌동,중상사고,0,1,0,0,차대차 - 추돌 - 진행중,안전운전불이행,기타,기타,교차로 - 교차로안,승용,남,46세,상해없음,승용,남,41세,중상
2014121200100659,2014년 12월 12일 21시,금요일,인천광역시 중구 운서동,경상사고,0,0,3,0,차대차 - 추돌 - 진행중,안전운전불이행,건조,맑음,단일로 - 기타,승용,남,31세,상해없음,화물,남,34세,경상
2014121200100688,2014년 12월 12일 22시,금요일,인천광역시 남동구 구월동,부상신고사고,0,0,0,1,차대사람 - 기타,안전운전불이행,건조,맑음,단일로 - 기타,승용,남,21세,상해없음,보행자,남,29세,부상신고
2014121200100689,2014년 12월 12일 22시,금요일,인천광역시 계양구 방축동,경상사고,0,0,1,0,차대사람 - 횡단중,신호위반,건조,맑음,교차로 - 교차로안,승용,남,42세,상해없음,보행자,남,18세,경상
2014121200100726,2014년 12월 12일 23시,금요일,인천광역시 남동구 장수동,중상사고,0,1,0,0,차대차 - 추돌 - 진행중,안전운전불이행,건조,맑음,단일로 - 기타,승합,남,44세,상해없음,승용,남,55세,중상
2014121200100727,2014년 12월 12일 23시,금요일,인천광역시 남동구 간석동,경상사고,0,0,8,0,차대차 - 정면충돌,중앙선침범,결빙,흐림,단일로 - 기타,승용,여,33세,상해없음,승합,남,28세,경상
2014121200100728,2014년 12월 12일 23시,금요일,인천광역시 서구 왕길동,경상사고,0,0,1,0,차대차 - 추돌 - 주정차중,안전운전불이행,건조,맑음,교차로 - 교차로부근,승용,남,45세,상해없음,승용,여,52세,경상
2014121300100035,2014년 12월 13일 00시,토요일,인천광역시 계양구 작전동,경상사고,0,0,1,0,차대사람 - 횡단중,안전운전불이행,건조,맑음,단일로 - 기타,승용,남,69세,상해없음,보행자,남,42세,경상
2014121300100036,2014년 12월 13일 00시,토요일,인천광역시 연수구 옥련동,경상사고,0,0,1,0,차대차 - 기타,안전운전불이행,건조,맑음,교차로 - 교차로안,특수,남,47세,상해없음,화물,남,54세,경상
2014121300100061,2014년 12월 13일 01시,토요일,인천광역시 부평구 청천동,부상신고사고,0,0,0,3,차대차 - 기타,신호위반,건조,맑음,교차로 - 교차로안,승용,여,53세,부상신고,승용,남,54세,부상신고
2014121300100082,2014년 12월 13일 02시,토요일,인천광역시 남동구 고잔동,중상사고,0,1,1,0,차대차 - 정면충돌,중앙선침범,건조,흐림,교차로 - 교차로부근,승용,남,31세,상해없음,승용,남,55세,경상
2014121300100083,2014년 12월 13일 02시,토요일,인천광역시 서구 석남동,경상사고,0,0,1,0,차대사람 - 기타,안전운전불이행,건조,맑음,기타 - 기타,승용,남,21세,상해없음,보행자,여,37세,경상
2014121300100105,2014년 12월 13일 03시,토요일,인천광역시 부평구 부개동,중상사고,0,1,0,0,차대사람 - 횡단중,신호위반,건조,맑음,단일로 - 횡단보도상,승용,남,54세,상해없음,보행자,남,54세,중상
2014121300100311,2014년 12월 13일 12시,토요일,인천광역시 남구 주안동,중상사고,0,1,0,0,차대사람 - 횡단중,안전운전불이행,건조,맑음,교차로 - 교차로안,승용,남,59세,상해없음,보행자,여,60세,중상
2014121300100384,2014년 12월 13일 14시,토요일,인천광역시 동구 송림동,중상사고,0,1,0,0,차대사람 - 횡단중,안전운전불이행,건조,맑음,기타 - 기타,화물,남,65세,상해없음,보행자,남,80세,중상
2014121300100385,2014년 12월 13일 14시,토요일,인천광역시 남동구 도림동,경상사고,0,0,2,0,차대차 - 기타,중앙선침범,건조,맑음,교차로 - 교차로부근,승용,남,24세,상해없음,승용,남,58세,경상
2014121300100450,2014년 12월 13일 16시,토요일,인천광역시 남동구 만수동,경상사고,0,0,2,0,차대차 - 측면직각충돌,직진우회전진행방해,건조,맑음,교차로 - 교차로안,승용,남,33세,경상,승용,남,56세,경상
2014121300100537,2014년 12월 13일 18시,토요일,인천광역시 남동구 논현동,경상사고,0,0,1,0,차대차 - 측면직각충돌,안전운전불이행,건조,맑음,교차로 - 교차로부근,이륜,남,42세,경상,승용,여,57세,상해없음
2014121300100538,2014년 12월 13일 18시,토요일,인천광역시 연수구 선학동,중상사고,0,1,0,0,차대사람 - 횡단중,보행자보호의무위반,건조,맑음,단일로 - 횡단보도상,승용,남,45세,상해없음,보행자,남,63세,중상
2014121300100604,2014년 12월 13일 20시,토요일,인천광역시 서구 가정동,중상사고,0,1,1,0,차대차 - 추돌 - 주정차중,안전운전불이행,건조,맑음,단일로 - 기타,화물,남,28세,중상,화물,남,54세,경상
2014121300100605,2014년 12월 13일 20시,토요일,인천광역시 연수구 선학동,중상사고,0,1,0,0,차대사람 - 횡단중,안전운전불이행,건조,맑음,교차로 - 교차로안,승용,남,53세,상해없음,보행자,남,51세,중상
2014121300100630,2014년 12월 13일 21시,토요일,인천광역시 부평구 부평동,중상사고,0,1,0,0,차대사람 - 횡단중,안전운전불이행,건조,맑음,단일로 - 기타,승용,남,48세,상해없음,보행자,여,28세,중상
2014121300100631,2014년 12월 13일 21시,토요일,인천광역시 부평구 부평동,경상사고,0,0,1,0,차대차 - 추돌 - 주정차중,안전운전불이행,건조,맑음,단일로 - 기타,승용,남,46세,상해없음,승합,남,52세,경상
2014121300100688,2014년 12월 13일 23시,토요일,인천광역시 남구 관교동,중상사고,0,1,0,0,차대사람 - 횡단중,안전운전불이행,건조,맑음,단일로 - 기타,승용,남,23세,상해없음,보행자,남,47세,중상
2014121300100689,2014년 12월 13일 23시,토요일,인천광역시 남동구 간석동,경상사고,0,0,1,0,차대차 - 측면직각충돌,중앙선침범,건조,맑음,단일로 - 기타,승용,남,23세,상해없음,승용,남,51세,상해없음
2014121300100690,2014년 12월 13일 23시,토요일,인천광역시 서구 검암동,사망사고,1,0,1,0,차대차 - 기타,중앙선침범,건조,기타,단일로 - 기타,승합,남,52세,사망,승용,여,51세,경상
2014121400100020,2014년 12월 14일 00시,일요일,인천광역시 남동구 만수동,경상사고,0,0,1,2,차대차 - 기타,교차로운행방법위반,건조,맑음,단일로 - 기타,승용,기타불명,기타불명,기타불명,승용,여,26세,부상신고
2014121400100045,2014년 12월 14일 01시,일요일,인천광역시 남동구 구월동,중상사고,0,1,0,0,차대차 - 추돌 - 주정차중,안전거리미확보,건조,맑음,단일로 - 기타,승용,여,49세,상해없음,승용,남,23세,중상
2014121400100046,2014년 12월 14일 01시,일요일,인천광역시 강화군 화도면,부상신고사고,0,0,0,2,차량단독 - 공작물충돌,안전운전불이행,결빙,맑음,단일로 - 기타,승용,남,19세,상해없음,,,,
2014121400100066,2014년 12월 14일 02시,일요일,인천광역시 남구 주안동,경상사고,0,0,1,0,차대차 - 기타,안전운전불이행,건조,맑음,단일로 - 기타,승용,남,26세,상해없음,승용,남,38세,경상
2014121400100067,2014년 12월 14일 02시,일요일,인천광역시 계양구 갈현동,부상신고사고,0,0,0,1,차대차 - 기타,중앙선침범,건조,맑음,단일로 - 기타,승용,남,27세,상해없음,승용,남,66세,부상신고
2014121400100068,2014년 12월 14일 02시,일요일,인천광역시 계양구 효성동,중상사고,0,1,1,0,차대차 - 측면직각충돌,안전운전불이행,건조,맑음,단일로 - 기타,승용,기타불명,기타불명,기타불명,승용,남,59세,경상
2014121400100087,2014년 12월 14일 03시,일요일,인천광역시 연수구 선학동,경상사고,0,0,1,0,차대사람 - 기타,안전운전불이행,건조,맑음,단일로 - 기타,승용,남,52세,상해없음,보행자,여,30세,경상
2014121400100088,2014년 12월 14일 03시,일요일,인천광역시 남동구 서창동,경상사고,0,0,1,1,차대차 - 기타,안전운전불이행,건조,맑음,단일로 - 기타,승용,남,16세,상해없음,승용,남,47세,경상
2014121400100096,2014년 12월 14일 04시,일요일,인천광역시 부평구 십정동,경상사고,0,0,2,0,차대차 - 기타,신호위반,건조,맑음,교차로 - 교차로안,승용,남,24세,경상,승용,남,58세,경상
2014121400100110,2014년 12월 14일 05시,일요일,인천광역시 계양구 작전동,중상사고,0,1,1,0,차대차 - 측면직각충돌,신호위반,건조,맑음,교차로 - 교차로안,승용,남,31세,상해없음,승용,남,64세,경상
2014121400100127,2014년 12월 14일 06시,일요일,인천광역시 서구 마전동,부상신고사고,0,0,0,1,차대차 - 측면직각충돌,안전운전불이행,건조,맑음,단일로 - 기타,승용,남,30세,상해없음,승용,남,45세,상해없음
2014121400100159,2014년 12월 14일 09시,일요일,인천광역시 서구 검암동,중상사고,0,1,0,0,차대사람 - 횡단중,안전운전불이행,건조,맑음,단일로 - 기타,화물,남,51세,상해없음,보행자,남,28세,중상
2014121400100184,2014년 12월 14일 10시,일요일,인천광역시 중구 북성동1가,중상사고,0,1,0,0,차대사람 - 차도통행중,안전운전불이행,건조,맑음,교차로 - 교차로부근,승합,남,44세,상해없음,보행자,여,54세,중상
2014121400100185,2014년 12월 14일 10시,일요일,인천광역시 남동구 만수동,중상사고,0,1,0,0,차대사람 - 기타,안전운전불이행,건조,맑음,단일로 - 횡단보도부근,승용,남,59세,상해없음,보행자,여,52세,중상
2014121400100215,2014년 12월 14일 12시,일요일,인천광역시 계양구 계산동,중상사고,0,2,5,0,차대차 - 추돌 - 주정차중,안전운전불이행,건조,맑음,단일로 - 기타,화물,남,54세,상해없음,승용,남,45세,경상
2014121400100237,2014년 12월 14일 13시,일요일,인천광역시 남구 도화동,중상사고,0,1,1,0,차대차 - 측면직각충돌,안전운전불이행,건조,맑음,교차로 - 교차로안,승용,남,37세,상해없음,원동기,남,38세,경상
2014121400100238,2014년 12월 14일 13시,일요일,인천광역시 남동구 구월동,경상사고,0,0,1,0,차대차 - 기타,안전운전불이행,기타,눈,단일로 - 기타,승용,남,18세,상해없음,승용,남,40세,경상
2014121400100323,2014년 12월 14일 16시,일요일,인천광역시 서구 심곡동,중상사고,0,1,0,0,차대사람 - 기타,안전운전불이행,결빙,맑음,교차로 - 교차로안,승용,여,41세,상해없음,보행자,여,26세,중상
2014121400100354,2014년 12월 14일 17시,일요일,인천광역시 남동구 만수동,중상사고,0,1,1,0,차대사람 - 횡단중,신호위반,건조,맑음,단일로 - 횡단보도상,승용,여,46세,상해없음,보행자,남,39세,중상
2014121400100355,2014년 12월 14일 17시,일요일,인천광역시 남동구 장수동,중상사고,0,1,0,0,차대차 - 측면직각충돌,신호위반,건조,맑음,교차로 - 교차로안,승용,남,43세,상해없음,승용,남,42세,중상
2014121400100390,2014년 12월 14일 18시,일요일,인천광역시 남구 주안동,경상사고,0,0,1,0,차대차 - 추돌 - 진행중,안전운전불이행,건조,맑음,교차로 - 교차로부근,승용,남,61세,상해없음,승용,남,55세,경상
2014121400100428,2014년 12월 14일 19시,일요일,인천광역시 계양구 계산동,경상사고,0,0,1,0,차대사람 - 횡단중,신호위반,건조,맑음,단일로 - 횡단보도상,기타불명,기타불명,기타불명,기타불명,보행자,남,26세,경상
2014121400100429,2014년 12월 14일 19시,일요일,인천광역시 계양구 귤현동,중상사고,0,2,2,0,차대차 - 측면직각충돌,안전거리미확보,건조,맑음,단일로 - 기타,승용,여,45세,중상,승합,남,52세,중상
2014121400100459,2014년 12월 14일 20시,일요일,인천광역시 남동구 구월동,경상사고,0,0,2,0,차대차 - 측면직각충돌,안전운전불이행,건조,맑음,단일로 - 기타,승용,남,28세,경상,승합,남,56세,상해없음
2014121400100460,2014년 12월 14일 20시,일요일,인천광역시 서구 심곡동,중상사고,0,1,0,0,차대차 - 기타,안전운전불이행,습기,기타,단일로 - 기타,승용,기타불명,기타불명,기타불명,이륜,남,19세,중상
2014121400100524,2014년 12월 14일 23시,일요일,인천광역시 부평구 갈산동,경상사고,0,0,1,0,차대사람 - 횡단중,신호위반,건조,맑음,교차로 - 교차로안,승용,남,55세,상해없음,보행자,여,56세,경상
2014121500100008,2014년 12월 15일 00시,월요일,인천광역시 계양구 계산동,중상사고,0,1,0,0,차대사람 - 횡단중,보행자보호의무위반,건조,맑음,교차로 - 교차로안,승용,여,55세,상해없음,보행자,남,56세,중상
2014121500100043,2014년 12월 15일 05시,월요일,인천광역시 남동구 논현동,경상사고,0,0,1,0,차대차 - 측면직각충돌,신호위반,습기,맑음,교차로 - 교차로안,화물,남,49세,상해없음,승용,남,41세,경상
2014121500100044,2014년 12월 15일 05시,월요일,인천광역시 부평구 삼산동,중상사고,0,2,0,0,차대차 - 추돌 - 주정차중,안전운전불이행,건조,맑음,교차로 - 교차로부근,승용,남,60세,상해없음,승용,남,55세,중상
2014121500100065,2014년 12월 15일 06시,월요일,인천광역시 계양구 작전동,경상사고,0,0,3,0,차대차 - 측면직각충돌,직진우회전진행방해,건조,맑음,교차로 - 교차로안,승용,남,45세,경상,승용,남,64세,경상
2014121500100066,2014년 12월 15일 06시,월요일,인천광역시 연수구 연수동,중상사고,0,1,0,0,차대사람 - 기타,안전운전불이행,건조,맑음,단일로 - 횡단보도부근,승용,남,53세,상해없음,보행자,남,38세,중상
2014121500100067,2014년 12월 15일 06시,월요일,인천광역시 남동구 남촌동,경상사고,0,0,1,0,차대차 - 측면직각충돌,안전거리미확보,건조,흐림,단일로 - 기타,승용,남,42세,상해없음,승용,남,48세,경상
2014121500100068,2014년 12월 15일 06시,월요일,인천광역시 남동구 도림동,경상사고,0,0,1,0,차대차 - 기타,차로위반,건조,맑음,단일로 - 기타,특수,남,47세,상해없음,승용,여,47세,경상
2014121500100096,2014년 12월 15일 07시,월요일,인천광역시 남동구 만수동,부상신고사고,0,0,0,1,차대사람 - 기타,안전운전불이행,건조,맑음,단일로 - 기타,승용,기타불명,기타불명,기타불명,보행자,여,13세,부상신고
2014121500100097,2014년 12월 15일 07시,월요일,인천광역시 서구 왕길동,경상사고,0,0,2,0,차대차 - 추돌 - 주정차중,안전거리미확보,건조,맑음,단일로 - 기타,승용,남,55세,상해없음,승용,남,60세,상해없음
2014121500100134,2014년 12월 15일 08시,월요일,인천광역시 남구 주안동,경상사고,0,0,2,0,차대차 - 측면직각충돌,안전운전불이행,건조,맑음,단일로 - 교량,원동기,남,75세,상해없음,승용,여,26세,경상
2014121500100168,2014년 12월 15일 09시,월요일,인천광역시 부평구 부평동,경상사고,0,0,1,0,차대사람 - 횡단중,보행자보호의무위반,건조,맑음,교차로 - 교차로부근,기타불명,기타불명,기타불명,기타불명,보행자,남,16세,경상
2014121500100169,2014년 12월 15일 09시,월요일,인천광역시 계양구 계산동,경상사고,0,0,1,0,차량단독 - 기타,기타,건조,맑음,단일로 - 기타,승합,남,33세,상해없음,,,,
2014121500100170,2014년 12월 15일 09시,월요일,인천광역시 강화군 불은면,사망사고,1,0,1,0,차대차 - 기타,중앙선침범,습기,흐림,단일로 - 기타,승용,여,29세,사망,승용,남,57세,경상
2014121500100195,2014년 12월 15일 10시,월요일,인천광역시 서구 석남동,중상사고,0,1,0,0,차대사람 - 기타,안전운전불이행,건조,흐림,단일로 - 기타,화물,남,34세,상해없음,보행자,여,79세,중상
2014121500100252,2014년 12월 15일 12시,월요일,인천광역시 남동구 도림동,경상사고,0,0,1,0,차대차 - 기타,안전거리미확보,습기,비,단일로 - 기타,승용,남,67세,상해없음,승용,여,36세,경상
2014121500100283,2014년 12월 15일 13시,월요일,인천광역시 남동구 논현동,경상사고,0,0,1,0,차대차 - 측면직각충돌,안전운전불이행,습기,맑음,교차로 - 교차로안,승용,여,46세,상해없음,승용,여,59세,경상
2014121500100284,2014년 12월 15일 13시,월요일,인천광역시 강화군 길상면,경상사고,0,0,1,0,차대차 - 기타,안전운전불이행,건조,맑음,교차로 - 교차로안,승용,남,61세,상해없음,승용,남,54세,상해없음
2014121500100309,2014년 12월 15일 14시,월요일,인천광역시 계양구 병방동,경상사고,0,0,1,1,차대차 - 측면직각충돌,안전거리미확보,습기,비,단일로 - 기타,화물,기타불명,기타불명,기타불명,승용,여,20세,경상
2014121500100339,2014년 12월 15일 15시,월요일,인천광역시 남동구 고잔동,중상사고,0,1,0,0,차대차 - 측면직각충돌,안전운전불이행,습기,비,교차로 - 교차로안,이륜,남,52세,중상,승합,남,30세,상해없음
2014121500100340,2014년 12월 15일 15시,월요일,인천광역시 강화군 강화읍,중상사고,0,2,2,0,차대차 - 기타,중앙선침범,습기,눈,단일로 - 교량,승용,남,19세,경상,승용,남,51세,경상
2014121500100369,2014년 12월 15일 16시,월요일,인천광역시 동구 화수동,중상사고,0,1,0,0,차대사람 - 차도통행중,안전운전불이행,건조,맑음,단일로 - 기타,화물,남,29세,상해없음,보행자,여,70세,중상
2014121500100456,2014년 12월 15일 18시,월요일,인천광역시 남동구 구월동,경상사고,0,0,1,0,차량단독 - 기타,안전운전불이행,습기,비,단일로 - 기타,승합,남,44세,상해없음,,,,
2014121500100457,2014년 12월 15일 18시,월요일,인천광역시 서구 대곡동,중상사고,0,1,0,0,차대사람 - 기타,안전운전불이행,건조,맑음,단일로 - 기타,승합,남,55세,상해없음,보행자,여,53세,중상
2014121500100516,2014년 12월 15일 19시,월요일,인천광역시 남구 주안동,경상사고,0,0,1,0,차대차 - 기타,안전거리미확보,습기,비,단일로 - 기타,승용,남,73세,상해없음,승합,남,65세,상해없음
2014121500100517,2014년 12월 15일 19시,월요일,인천광역시 남구 주안동,경상사고,0,0,1,0,차대차 - 기타,안전운전불이행,습기,비,교차로 - 교차로부근,승합,남,52세,상해없음,승용,남,54세,상해없음
2014121500100518,2014년 12월 15일 19시,월요일,인천광역시 연수구 청학동,중상사고,0,1,0,0,차대사람 - 횡단중,보행자보호의무위반,습기,비,교차로 - 교차로안,승용,남,56세,상해없음,보행자,여,62세,중상
2014121500100519,2014년 12월 15일 19시,월요일,인천광역시 부평구 부개동,경상사고,0,0,1,0,차대차 - 추돌 - 주정차중,안전거리미확보,습기,비,단일로 - 기타,화물,남,59세,상해없음,승용,남,47세,경상
2014121500100555,2014년 12월 15일 20시,월요일,인천광역시 동구 송림동,부상신고사고,0,0,0,1,차대차 - 측면직각충돌,안전운전불이행,습기,비,단일로 - 기타,승용,기타불명,기타불명,기타불명,이륜,남,53세,부상신고
2014121500100556,2014년 12월 15일 20시,월요일,인천광역시 남동구 논현동,경상사고,0,0,1,0,차대사람 - 횡단중,안전운전불이행,습기,비,단일로 - 횡단보도상,승용,남,44세,상해없음,보행자,여,19세,경상
2014121500100557,2014년 12월 15일 20시,월요일,인천광역시 부평구 부개동,경상사고,0,0,1,0,차대사람 - 횡단중,신호위반,습기,비,단일로 - 횡단보도상,이륜,남,58세,상해없음,보행자,여,36세,경상
2014121500100607,2014년 12월 15일 21시,월요일,인천광역시 남동구 논현동,경상사고,0,0,2,0,차대차 - 측면직각충돌,차로위반,습기,비,단일로 - 기타,승용,여,56세,상해없음,승용,남,54세,경상
2014121500100649,2014년 12월 15일 22시,월요일,인천광역시 계양구 임학동,중상사고,0,1,0,0,차대사람 - 기타,안전운전불이행,건조,맑음,단일로 - 기타,승용,기타불명,기타불명,기타불명,보행자,여,50세,중상
2014121500100673,2014년 12월 15일 23시,월요일,인천광역시 서구 신현동,중상사고,0,1,0,0,차대사람 - 기타,안전운전불이행,건조,맑음,단일로 - 기타,승용,남,54세,상해없음,보행자,남,41세,중상
2014121600100032,2014년 12월 16일 01시,화요일,인천광역시 부평구 청천동,중상사고,0,1,0,0,차대차 - 기타,안전운전불이행,습기,맑음,단일로 - 기타,기타불명,기타불명,기타불명,기타불명,승용,남,58세,중상
2014121600100090,2014년 12월 16일 06시,화요일,인천광역시 부평구 청천동,부상신고사고,0,0,0,1,차대차 - 기타,안전운전불이행,건조,맑음,교차로 - 교차로부근,자전거,남,78세,부상신고,승합,남,35세,상해없음
2014121600100113,2014년 12월 16일 07시,화요일,인천광역시 남동구 구월동,중상사고,0,1,0,0,차대사람 - 기타,안전운전불이행,건조,흐림,교차로 - 교차로부근,승용,남,39세,상해없음,보행자,여,38세,중상
2014121600100114,2014년 12월 16일 07시,화요일,인천광역시 서구 원창동,경상사고,0,0,1,0,차대차 - 측면직각충돌,신호위반,건조,맑음,교차로 - 교차로안,승용,남,31세,상해없음,승용,여,46세,경상
2014121600100115,2014년 12월 16일 07시,화요일,인천광역시 계양구 용종동,중상사고,0,1,0,0,차대사람 - 횡단중,보행자보호의무위반,건조,맑음,교차로 - 교차로안,승합,남,60세,상해없음,보행자,여,55세,중상
2014121600100205,2014년 12월 16일 11시,화요일,인천광역시 남구 주안동,중상사고,0,1,0,0,차대사람 - 횡단중,안전운전불이행,건조,맑음,단일로 - 기타,승용,여,55세,상해없음,보행자,여,88세,중상
2014121600100232,2014년 12월 16일 12시,화요일,인천광역시 남구 용현동,경상사고,0,0,1,0,차대사람 - 길가장자리구역통행중,안전운전불이행,건조,맑음,단일로 - 기타,승용,남,23세,상해없음,보행자,남,24세,경상
2014121600100233,2014년 12월 16일 12시,화요일,인천광역시 부평구 부평동,경상사고,0,0,1,0,차대차 - 측면직각충돌,교차로운행방법위반,기타,맑음,교차로 - 교차로안,화물,남,51세,상해없음,자전거,남,78세,경상
2014121600100293,2014년 12월 16일 14시,화요일,인천광역시 동구 송림동,중상사고,0,1,2,0,차대차 - 측면직각충돌,안전운전불이행,건조,흐림,교차로 - 교차로안,승용,남,29세,경상,승용,여,59세,중상
2014121600100345,2014년 12월 16일 16시,화요일,인천광역시 남동구 간석동,경상사고,0,0,2,0,차대차 - 추돌 - 주정차중,안전운전불이행,건조,맑음,교차로 - 교차로부근,승용,남,33세,상해없음,승용,여,40세,경상
2014121600100430,2014년 12월 16일 18시,화요일,인천광역시 계양구 평동,사망사고,1,1,1,0,차대차 - 추돌 - 주정차중,안전운전불이행,건조,맑음,단일로 - 기타,승용,여,38세,상해없음,건설기계,남,31세,기타불명
2014121600100431,2014년 12월 16일 18시,화요일,인천광역시 계양구 계산동,중상사고,0,2,0,0,차대차 - 추돌 - 진행중,안전운전불이행,습기,흐림,교차로 - 교차로안,화물,남,50세,중상,화물,남,53세,상해없음
2014121600100432,2014년 12월 16일 18시,화요일,인천광역시 계양구 계산동,경상사고,0,0,1,0,차대사람 - 횡단중,안전운전불이행,건조,맑음,단일로 - 기타,승용,남,42세,상해없음,보행자,남,16세,경상
2014121600100466,2014년 12월 16일 19시,화요일,인천광역시 남구 숭의동,중상사고,0,1,0,0,차대사람 - 횡단중,안전운전불이행,건조,맑음,단일로 - 기타,승용,남,49세,상해없음,보행자,남,49세,중상
2014121600100499,2014년 12월 16일 20시,화요일,인천광역시 남구 관교동,경상사고,0,0,1,0,차대사람 - 보도통행중,보행자보호의무위반,건조,맑음,교차로 - 교차로부근,승용,남,29세,상해없음,보행자,여,24세,경상
2014121600100585,2014년 12월 16일 23시,화요일,인천광역시 남구 주안동,경상사고,0,0,1,0,차대사람 - 기타,안전운전불이행,건조,맑음,교차로 - 교차로안,승용,남,26세,상해없음,보행자,남,62세,경상
2014121600100586,2014년 12월 16일 23시,화요일,인천광역시 부평구 부평동,중상사고,0,1,0,0,차대차 - 측면직각충돌,중앙선침범,건조,맑음,단일로 - 교량,승용,남,22세,상해없음,이륜,남,31세,중상
2014121600100587,2014년 12월 16일 23시,화요일,인천광역시 계양구 귤현동,중상사고,0,1,0,0,차량단독 - 공작물충돌,안전운전불이행,건조,맑음,교차로 - 교차로안,승용,남,53세,중상,,,,
2014121700100012,2014년 12월 17일 00시,수요일,인천광역시 연수구 선학동,경상사고,0,0,4,0,차대차 - 측면직각충돌,신호위반,건조,맑음,교차로 - 교차로안,승용,남,31세,상해없음,승용,남,54세,경상
2014121700100027,2014년 12월 17일 02시,수요일,인천광역시 부평구 구산동,경상사고,0,0,6,0,차대차 - 측면직각충돌,안전운전불이행,건조,맑음,교차로 - 교차로부근,승용,남,58세,상해없음,승합,남,45세,경상
2014121700100051,2014년 12월 17일 05시,수요일,인천광역시 남구 학익동,사망사고,1,0,1,0,차대차 - 기타,신호위반,건조,맑음,교차로 - 교차로안,화물,남,29세,사망,승용,남,48세,상해없음
2014121700100079,2014년 12월 17일 07시,수요일,인천광역시 남구 주안동,경상사고,0,0,2,0,차대차 - 기타,안전운전불이행,건조,맑음,교차로 - 교차로안,승합,남,49세,경상,승용,남,30세,경상
2014121700100080,2014년 12월 17일 07시,수요일,인천광역시 남동구 수산동,경상사고,0,0,1,0,차대차 - 추돌 - 진행중,안전거리미확보,건조,맑음,단일로 - 기타,건설기계,남,51세,상해없음,승용,남,31세,경상
2014121700100136,2014년 12월 17일 08시,수요일,인천광역시 남동구 논현동,경상사고,0,0,1,0,차대사람 - 횡단중,보행자보호의무위반,건조,맑음,단일로 - 횡단보도상,기타불명,기타불명,기타불명,기타불명,보행자,남,24세,경상
2014121700100163,2014년 12월 17일 09시,수요일,인천광역시 중구 운서동,경상사고,0,0,1,0,차대사람 - 기타,안전운전불이행,건조,맑음,기타 - 기타,승용,남,24세,상해없음,보행자,남,45세,경상
2014121700100164,2014년 12월 17일 09시,수요일,인천광역시 계양구 작전동,중상사고,0,1,0,0,차대차 - 측면직각충돌,신호위반,건조,맑음,교차로 - 교차로안,승용,남,44세,상해없음,승용,남,55세,중상
2014121700100203,2014년 12월 17일 11시,수요일,인천광역시 남동구 도림동,중상사고,0,2,0,0,차대사람 - 기타,보행자보호의무위반,건조,맑음,교차로 - 교차로부근,화물,남,45세,상해없음,보행자,남,29세,중상
2014121700100258,2014년 12월 17일 13시,수요일,인천광역시 계양구 계산동,경상사고,0,0,1,0,차대차 - 추돌 - 주정차중,안전운전불이행,건조,맑음,미분류 - 미분류,승용,여,45세,상해없음,승용,남,32세,경상
2014121700100280,2014년 12월 17일 14시,수요일,인천광역시 부평구 산곡동,중상사고,0,1,0,0,차대사람 - 기타,안전운전불이행,건조,맑음,교차로 - 교차로부근,승용,여,42세,상해없음,보행자,남,74세,중상
2014121700100281,2014년 12월 17일 14시,수요일,인천광역시 남동구 논현동,중상사고,0,2,0,0,차대차 - 측면직각충돌,직진우회전진행방해,건조,맑음,교차로 - 교차로안,승용,여,46세,상해없음,이륜,남,18세,중상
2014121700100308,2014년 12월 17일 15시,수요일,인천광역시 중구 항동7가,중상사고,0,2,0,0,차대차 - 측면직각충돌,신호위반,건조,맑음,교차로 - 교차로안,승용,여,50세,상해없음,승용,남,42세,중상
2014121700100309,2014년 12월 17일 15시,수요일,인천광역시 남동구 구월동,경상사고,0,0,2,0,차대차 - 기타,신호위반,건조,맑음,교차로 - 교차로안,승용,여,48세,상해없음,승용,여,26세,경상
2014121700100310,2014년 12월 17일 15시,수요일,인천광역시 남동구 남촌동,중상사고,0,1,0,0,차대차 - 추돌 - 진행중,안전거리미확보,건조,맑음,단일로 - 기타,승용,남,24세,상해없음,승용,남,32세,중상
2014121700100311,2014년 12월 17일 15시,수요일,인천광역시 계양구 계산동,중상사고,0,1,0,0,차대사람 - 기타,기타,건조,맑음,기타 - 기타,화물,남,47세,상해없음,보행자,여,80세,중상
2014121700100345,2014년 12월 17일 16시,수요일,인천광역시 계양구 계산동,경상사고,0,0,1,0,차대차 - 추돌 - 진행중,안전운전불이행,건조,맑음,단일로 - 기타,승용,남,49세,상해없음,승용,여,27세,경상