사고번호,사고일시,요일,시군구,사고내용,사망자수,중상자수,경상자수,부상신고자수,사고유형,법규위반,노면상태,기상상태,도로형태,가해운전자 차종,가해운전자 성별,가해운전자 연령,가해운전자 상해정도,피해운전자 차종,피해운전자 성별,피해운전자 연령,피해운전자 상해정도
2014122200100016,2014년 12월 22일 01시,월요일,인천광역시 부평구 부평동,경상사고,0,0,3,0,차대차 - 추돌 - 진행중,중앙선침범,결빙,흐림,단일로 - 기타,승용,남,29세,기타불명,승용,여,53세,경상
2014122200100058,2014년 12월 22일 06시,월요일,인천광역시 남구 숭의동,중상사고,0,1,0,0,차대차 - 정면충돌,신호위반,결빙,맑음,교차로 - 교차로안,승용,남,56세,상해없음,승용,여,44세,중상
2014122200100059,2014년 12월 22일 06시,월요일,인천광역시 남구 도화동,경상사고,0,0,1,0,차대사람 - 기타,안전운전불이행,적설,눈,단일로 - 기타,기타불명,기타불명,기타불명,기타불명,보행자,여,31세,경상
2014122200100079,2014년 12월 22일 07시,월요일,인천광역시 중구 신흥동1가,경상사고,0,0,1,0,차대차 - 추돌 - 진행중,안전운전불이행,적설,눈,교차로 - 교차로부근,화물,남,62세,상해없음,승용,남,31세,경상
2014122200100080,2014년 12월 22일 07시,월요일,인천광역시 남구 도화동,경상사고,0,0,1,0,차대사람 - 기타,보행자보호의무위반,건조,맑음,기타 - 기타,승용,남,29세,상해없음,보행자,여,37세,경상
2014122200100081,2014년 12월 22일 07시,월요일,인천광역시 남구 용현동,경상사고,0,0,1,0,차대사람 - 기타,안전운전불이행,결빙,맑음,기타 - 기타,승합,남,43세,상해없음,보행자,여,29세,경상
2014122200100120,2014년 12월 22일 08시,월요일,인천광역시 남구 관교동,중상사고,0,1,0,0,차대사람 - 기타,안전운전불이행,결빙,눈,단일로 - 횡단보도상,승합,남,60세,상해없음,보행자,여,16세,중상
2014122200100121,2014년 12월 22일 08시,월요일,인천광역시 부평구 부평동,경상사고,0,0,13,2,차대차 - 추돌 - 주정차중,안전거리미확보,결빙,흐림,단일로 - 기타,승합,남,46세,상해없음,승합,남,56세,상해없음
2014122200100122,2014년 12월 22일 08시,월요일,인천광역시 남동구 장수동,경상사고,0,0,2,0,차대차 - 측면직각충돌,안전거리미확보,건조,맑음,단일로 - 기타,승합,남,37세,상해없음,승용,여,38세,경상
2014122200100154,2014년 12월 22일 09시,월요일,인천광역시 강화군 강화읍,경상사고,0,0,1,0,차대차 - 기타,중앙선침범,적설,맑음,단일로 - 기타,승용,여,38세,상해없음,화물,남,47세,경상
2014122200100155,2014년 12월 22일 09시,월요일,인천광역시 부평구 부평동,경상사고,0,0,1,0,차대차 - 추돌 - 주정차중,안전운전불이행,결빙,눈,단일로 - 기타,승용,남,30세,상해없음,승용,남,28세,경상
2014122200100287,2014년 12월 22일 14시,월요일,인천광역시 서구 당하동,경상사고,0,0,1,0,차대사람 - 횡단중,기타,건조,맑음,단일로 - 기타,승용,남,38세,상해없음,보행자,남,7세,경상
2014122200100313,2014년 12월 22일 15시,월요일,인천광역시 남동구 만수동,경상사고,0,0,3,0,차대차 - 추돌 - 주정차중,차로위반,건조,맑음,단일로 - 기타,승용,남,45세,상해없음,승용,남,38세,경상
2014122200100354,2014년 12월 22일 16시,월요일,인천광역시 부평구 청천동,중상사고,0,1,0,0,차대차 - 추돌 - 진행중,신호위반,건조,맑음,교차로 - 교차로안,화물,남,46세,상해없음,승용,남,45세,중상
2014122200100433,2014년 12월 22일 18시,월요일,인천광역시 서구 석남동,경상사고,0,0,1,0,차대차 - 측면직각충돌,신호위반,건조,맑음,단일로 - 기타,승용,남,55세,상해없음,승합,남,60세,경상
2014122200100527,2014년 12월 22일 21시,월요일,인천광역시 계양구 갈현동,경상사고,0,0,3,0,차대차 - 추돌 - 주정차중,안전운전불이행,건조,맑음,교차로 - 교차로부근,승용,남,34세,상해없음,승용,남,31세,경상
2014122200100528,2014년 12월 22일 21시,월요일,인천광역시 부평구 부평동,부상신고사고,0,0,0,1,차대차 - 측면직각충돌,차로위반,건조,맑음,단일로 - 기타,승용,남,32세,상해없음,승용,여,31세,부상신고
2014122200100529,2014년 12월 22일 21시,월요일,인천광역시 부평구 부평동,부상신고사고,0,0,0,1,차대차 - 추돌 - 진행중,안전거리미확보,건조,맑음,교차로 - 교차로안,승용,남,32세,상해없음,승용,여,44세,부상신고
2014122200100558,2014년 12월 22일 22시,월요일,인천광역시 남구 주안동,중상사고,0,1,0,0,차대사람 - 기타,보행자보호의무위반,건조,맑음,단일로 - 횡단보도상,승용,남,54세,상해없음,보행자,여,69세,중상
2014122200100559,2014년 12월 22일 22시,월요일,인천광역시 남동구 간석동,경상사고,0,0,2,0,차대차 - 측면직각충돌,신호위반,건조,맑음,교차로 - 교차로안,승용,여,51세,상해없음,승용,남,23세,경상
2014122300100061,2014년 12월 23일 03시,화요일,인천광역시 남구 주안동,경상사고,0,0,1,0,차대차 - 정면충돌,안전운전불이행,건조,맑음,단일로 - 기타,승용,남,21세,상해없음,승용,남,59세,상해없음
2014122300100062,2014년 12월 23일 03시,화요일,인천광역시 남동구 논현동,중상사고,0,2,1,0,차대차 - 추돌 - 진행중,안전운전불이행,건조,맑음,교차로 - 교차로부근,승용,남,29세,상해없음,승용,여,38세,중상
2014122300100063,2014년 12월 23일 03시,화요일,인천광역시 계양구 서운동,경상사고,0,0,2,0,차대차 - 추돌 - 진행중,안전운전불이행,기타,흐림,단일로 - 교량,승용,남,53세,상해없음,승용,여,28세,경상
2014122300100083,2014년 12월 23일 05시,화요일,인천광역시 서구 가좌동,중상사고,0,1,0,0,차대차 - 측면직각충돌,과속,건조,맑음,단일로 - 기타,승용,남,64세,중상,승합,남,53세,상해없음
2014122300100106,2014년 12월 23일 06시,화요일,인천광역시 남동구 구월동,경상사고,0,0,1,0,차대사람 - 횡단중,안전운전불이행,건조,맑음,단일로 - 기타,이륜,남,25세,상해없음,보행자,남,53세,경상
2014122300100129,2014년 12월 23일 07시,화요일,인천광역시 연수구 동춘동,경상사고,0,0,1,0,차대차 - 추돌 - 주정차중,안전운전불이행,습기,흐림,단일로 - 기타,화물,남,44세,상해없음,승용,남,53세,경상
2014122300100197,2014년 12월 23일 09시,화요일,인천광역시 연수구 옥련동,경상사고,0,0,1,0,차대차 - 기타,신호위반,건조,맑음,교차로 - 교차로안,승용,여,43세,상해없음,화물,여,72세,경상
2014122300100226,2014년 12월 23일 10시,화요일,인천광역시 남동구 구월동,중상사고,0,1,2,0,차대차 - 추돌 - 주정차중,안전운전불이행,건조,맑음,단일로 - 기타,화물,남,57세,상해없음,승용,남,52세,경상
2014122300100271,2014년 12월 23일 12시,화요일,인천광역시 중구 신흥동3가,중상사고,0,1,0,0,차대차 - 기타,안전운전불이행,건조,맑음,교차로 - 교차로부근,화물,기타불명,기타불명,기타불명,화물,남,49세,중상
2014122300100272,2014년 12월 23일 12시,화요일,인천광역시 서구 백석동,부상신고사고,0,0,0,1,차대차 - 추돌 - 주정차중,안전거리미확보,습기,흐림,단일로 - 기타,승용,남,59세,상해없음,화물,남,51세,부상신고
2014122300100292,2014년 12월 23일 13시,화요일,인천광역시 중구 신흥동3가,경상사고,0,0,1,0,차대차 - 기타,안전운전불이행,건조,맑음,교차로 - 교차로안,승용,남,46세,상해없음,자전거,남,58세,경상
2014122300100314,2014년 12월 23일 14시,화요일,인천광역시 부평구 부개동,중상사고,0,1,0,0,차대차 - 측면직각충돌,중앙선침범,건조,맑음,단일로 - 기타,화물,남,51세,상해없음,원동기,남,54세,중상
2014122300100337,2014년 12월 23일 15시,화요일,인천광역시 연수구 동춘동,경상사고,0,0,1,0,차대사람 - 횡단중,안전운전불이행,건조,기타,기타 - 기타,기타불명,기타불명,기타불명,기타불명,보행자,여,8세,경상
2014122300100366,2014년 12월 23일 16시,화요일,인천광역시 남구 주안동,경상사고,0,0,1,0,차대사람 - 기타,안전운전불이행,건조,맑음,단일로 - 기타,승용,여,45세,상해없음,보행자,여,46세,경상
2014122300100406,2014년 12월 23일 17시,화요일,인천광역시 중구 항동7가,경상사고,0,0,3,0,차대차 - 기타,중앙선침범,건조,맑음,교차로 - 교차로부근,승용,남,30세,상해없음,승용,여,34세,경상
2014122300100408,2014년 12월 23일 17시,화요일,인천광역시 남구 도화동,중상사고,0,1,3,0,차대차 - 추돌 - 진행중,안전운전불이행,건조,맑음,단일로 - 기타,화물,남,33세,상해없음,화물,남,50세,경상
2014122300100459,2014년 12월 23일 18시,화요일,인천광역시 중구 운서동,중상사고,0,1,0,0,차대사람 - 기타,신호위반,건조,맑음,교차로 - 교차로안,승용,남,61세,상해없음,보행자,여,12세,중상
2014122300100460,2014년 12월 23일 18시,화요일,인천광역시 남구 주안동,경상사고,0,0,1,0,차대사람 - 길가장자리구역통행중,안전운전불이행,건조,맑음,단일로 - 기타,승용,여,30세,상해없음,보행자,여,36세,경상
2014122300100498,2014년 12월 23일 19시,화요일,인천광역시 중구 운서동,경상사고,0,0,1,0,차대차 - 기타,안전운전불이행,건조,맑음,교차로 - 교차로부근,승용,여,39세,상해없음,화물,남,45세,상해없음
2014122300100499,2014년 12월 23일 19시,화요일,인천광역시 서구 경서동,경상사고,0,0,3,0,차대차 - 기타,안전운전불이행,건조,맑음,단일로 - 기타,승용,남,35세,경상,승용,남,28세,경상
2014122300100614,2014년 12월 23일 22시,화요일,인천광역시 남동구 간석동,경상사고,0,0,1,0,차대차 - 추돌 - 진행중,안전거리미확보,건조,맑음,단일로 - 기타,승용,남,36세,상해없음,승용,여,54세,경상
2014122300100615,2014년 12월 23일 22시,화요일,인천광역시 서구 심곡동,중상사고,0,2,2,0,차대차 - 정면충돌,중앙선침범,건조,맑음,단일로 - 기타,승용,남,21세,상해없음,승용,남,61세,중상
2014122300100616,2014년 12월 23일 22시,화요일,인천광역시 서구 가좌동,경상사고,0,0,1,0,차대차 - 기타,안전거리미확보,건조,맑음,교차로 - 교차로안,승용,남,57세,경상,승합,남,52세,상해없음
2014122300100618,2014년 12월 23일 22시,화요일,인천광역시 남구 문학동,경상사고,0,0,5,0,차대차 - 추돌 - 진행중,안전운전불이행,건조,맑음,단일로 - 기타,승용,남,45세,상해없음,승용,여,51세,경상
2014122300100657,2014년 12월 23일 23시,화요일,인천광역시 서구 공촌동,경상사고,0,0,2,0,차대차 - 기타,안전운전불이행,습기,맑음,단일로 - 기타,승용,남,63세,상해없음,승용,남,53세,경상
2014122300100658,2014년 12월 23일 23시,화요일,인천광역시 서구 가좌동,경상사고,0,0,1,0,차량단독 - 기타,안전운전불이행,건조,맑음,단일로 - 기타,승합,남,51세,상해없음,,,,
2014122300100659,2014년 12월 23일 23시,화요일,인천광역시 계양구 서운동,중상사고,0,2,1,0,차대차 - 추돌 - 진행중,안전운전불이행,건조,맑음,단일로 - 기타,승용,남,53세,경상,승용,여,45세,중상
2014122400100036,2014년 12월 24일 01시,수요일,인천광역시 서구 석남동,경상사고,0,0,1,0,차대사람 - 길가장자리구역통행중,안전운전불이행,기타,기타,단일로 - 기타,이륜,기타불명,기타불명,기타불명,보행자,여,40세,경상
2014122400100092,2014년 12월 24일 06시,수요일,인천광역시 서구 백석동,경상사고,0,0,1,0,차대차 - 추돌 - 진행중,안전운전불이행,습기,흐림,교차로 - 교차로부근,화물,남,58세,상해없음,화물,남,61세,경상
2014122400100149,2014년 12월 24일 08시,수요일,인천광역시 남동구 구월동,중상사고,0,1,3,0,차대차 - 추돌 - 주정차중,안전운전불이행,건조,맑음,단일로 - 기타,화물,남,51세,상해없음,승용,남,44세,중상
2014122400100150,2014년 12월 24일 08시,수요일,인천광역시 남동구 논현동,중상사고,0,1,0,0,차대사람 - 기타,안전운전불이행,건조,맑음,단일로 - 기타,승용,여,49세,상해없음,보행자,여,23세,중상
2014122400100151,2014년 12월 24일 08시,수요일,인천광역시 남동구 구월동,경상사고,0,0,3,0,차대차 - 측면직각충돌,안전거리미확보,건조,맑음,단일로 - 기타,승용,남,50세,상해없음,승용,남,31세,경상
2014122400100197,2014년 12월 24일 10시,수요일,인천광역시 남동구 간석동,경상사고,0,0,1,0,차대차 - 측면직각충돌,안전운전불이행,건조,맑음,교차로 - 교차로부근,승용,여,26세,상해없음,화물,남,46세,경상
2014122400100198,2014년 12월 24일 10시,수요일,인천광역시 남동구 장수동,경상사고,0,0,2,0,차대차 - 측면직각충돌,교차로운행방법위반,건조,맑음,교차로 - 교차로안,승합,여,44세,상해없음,승용,여,51세,경상
2014122400100199,2014년 12월 24일 10시,수요일,인천광역시 남동구 구월동,경상사고,0,0,1,0,차대사람 - 기타,안전운전불이행,건조,맑음,단일로 - 기타,승합,남,63세,상해없음,보행자,남,67세,경상
2014122400100222,2014년 12월 24일 11시,수요일,인천광역시 서구 가좌동,경상사고,0,0,1,0,차대차 - 기타,안전거리미확보,건조,맑음,교차로 - 교차로안,화물,남,42세,상해없음,승용,남,47세,경상
2014122400100223,2014년 12월 24일 11시,수요일,인천광역시 부평구 구산동,중상사고,0,1,0,0,차대사람 - 기타,안전운전불이행,건조,맑음,교차로 - 교차로부근,화물,남,39세,상해없음,보행자,남,74세,중상
2014122400100287,2014년 12월 24일 13시,수요일,인천광역시 연수구 청학동,경상사고,0,0,1,0,차대사람 - 길가장자리구역통행중,안전운전불이행,건조,맑음,단일로 - 기타,승용,남,56세,상해없음,보행자,남,35세,경상
2014122400100320,2014년 12월 24일 14시,수요일,인천광역시 남구 주안동,중상사고,0,1,0,0,차대사람 - 보도통행중,보행자보호의무위반,건조,맑음,교차로 - 교차로부근,승용,남,48세,상해없음,보행자,여,63세,중상
2014122400100354,2014년 12월 24일 15시,수요일,인천광역시 서구 가정동,경상사고,0,0,1,0,차대차 - 기타,안전운전불이행,건조,맑음,단일로 - 기타,승용,여,33세,상해없음,이륜,남,42세,경상
2014122400100395,2014년 12월 24일 16시,수요일,인천광역시 부평구 청천동,경상사고,0,0,1,0,차대차 - 추돌 - 진행중,안전운전불이행,건조,맑음,기타 - 기타,승용,남,46세,상해없음,화물,남,29세,경상
2014122400100396,2014년 12월 24일 16시,수요일,인천광역시 서구 가좌동,중상사고,0,1,0,0,차대차 - 기타,안전운전불이행,건조,맑음,교차로 - 교차로부근,화물,남,53세,상해없음,원동기,남,18세,중상
2014122400100441,2014년 12월 24일 17시,수요일,인천광역시 남구 용현동,사망사고,1,0,0,0,차대사람 - 기타,안전운전불이행,건조,흐림,교차로 - 교차로안,건설기계,남,50세,상해없음,보행자,남,76세,사망
2014122400100508,2014년 12월 24일 18시,수요일,인천광역시 남구 문학동,사망사고,1,0,0,0,차대사람 - 기타,안전운전불이행,건조,맑음,교차로 - 교차로안,승용,여,40세,상해없음,보행자,남,72세,사망
2014122400100509,2014년 12월 24일 18시,수요일,인천광역시 남동구 구월동,중상사고,0,1,0,0,차대사람 - 길가장자리구역통행중,신호위반,건조,맑음,교차로 - 교차로안,화물,남,31세,상해없음,보행자,남,48세,중상
2014122400100510,2014년 12월 24일 18시,수요일,인천광역시 남동구 구월동,경상사고,0,0,1,0,차대차 - 기타,안전운전불이행,건조,맑음,교차로 - 교차로부근,승용,남,18세,상해없음,승용,여,32세,경상
2014122400100511,2014년 12월 24일 18시,수요일,인천광역시 남동구 만수동,경상사고,0,0,1,0,차대차 - 추돌 - 주정차중,안전운전불이행,건조,맑음,단일로 - 기타,승용,남,52세,상해없음,승용,여,56세,경상
2014122400100512,2014년 12월 24일 18시,수요일,인천광역시 서구 검암동,중상사고,0,1,0,0,차대사람 - 기타,안전운전불이행,건조,맑음,단일로 - 기타,자전거,남,14세,상해없음,보행자,여,25세,중상
2014122400100583,2014년 12월 24일 19시,수요일,인천광역시 서구 원당동,중상사고,0,1,1,0,차대사람 - 횡단중,안전운전불이행,건조,맑음,단일로 - 기타,승용,남,23세,상해없음,보행자,여,13세,경상
2014122400100584,2014년 12월 24일 19시,수요일,인천광역시 연수구 동춘동,경상사고,0,0,1,0,차대차 - 기타,안전운전불이행,건조,맑음,교차로 - 교차로부근,승용,남,61세,상해없음,승용,남,49세,경상
2014122400100633,2014년 12월 24일 20시,수요일,인천광역시 남구 학익동,경상사고,0,0,1,0,차대차 - 기타,안전운전불이행,건조,맑음,단일로 - 기타,승용,남,43세,상해없음,원동기,남,17세,경상
2014122400100634,2014년 12월 24일 20시,수요일,인천광역시 부평구 청천동,경상사고,0,0,1,0,차대차 - 추돌 - 진행중,안전거리미확보,건조,맑음,단일로 - 기타,승용,남,41세,상해없음,승용,여,54세,경상
2014122400100635,2014년 12월 24일 20시,수요일,인천광역시 남동구 만수동,중상사고,0,1,0,0,차대사람 - 횡단중,보행자보호의무위반,건조,흐림,교차로 - 교차로안,승용,여,31세,상해없음,보행자,남,40세,중상
2014122400100729,2014년 12월 24일 23시,수요일,인천광역시 남구 문학동,경상사고,0,0,1,0,차량단독 - 기타,안전운전불이행,건조,맑음,단일로 - 기타,승용,남,53세,상해없음,,,,
2014122400100730,2014년 12월 24일 23시,수요일,인천광역시 연수구 청학동,경상사고,0,0,1,0,차대사람 - 기타,안전운전불이행,건조,맑음,단일로 - 기타,승용,남,33세,상해없음,보행자,남,54세,경상
2014122500100025,2014년 12월 25일 00시,목요일,인천광역시 남구 용현동,중상사고,0,1,0,0,차대차 - 기타,안전운전불이행,건조,흐림,단일로 - 기타,기타불명,기타불명,기타불명,기타불명,승용,남,60세,상해없음
2014122500100026,2014년 12월 25일 00시,목요일,인천광역시 부평구 부평동,경상사고,0,0,1,0,차대사람 - 기타,안전운전불이행,건조,맑음,단일로 - 기타,승용,남,43세,상해없음,보행자,남,24세,경상
2014122500100027,2014년 12월 25일 00시,목요일,인천광역시 부평구 부평동,부상신고사고,0,0,0,1,차대차 - 기타,안전운전불이행,건조,맑음,단일로 - 기타,원동기,남,19세,부상신고,승용,남,42세,상해없음
2014122500100028,2014년 12월 25일 00시,목요일,인천광역시 서구 석남동,경상사고,0,0,1,0,차대차 - 기타,중앙선침범,건조,맑음,단일로 - 기타,승용,남,23세,상해없음,이륜,남,33세,경상
2014122500100046,2014년 12월 25일 01시,목요일,인천광역시 부평구 부평동,경상사고,0,0,1,0,차대차 - 기타,안전운전불이행,건조,맑음,단일로 - 기타,승합,남,56세,상해없음,승용,여,56세,경상
2014122500100047,2014년 12월 25일 01시,목요일,인천광역시 서구 경서동,중상사고,0,1,0,0,차량단독 - 전도전복,안전운전불이행,건조,맑음,단일로 - 기타,승용,남,26세,상해없음,,,,
2014122500100069,2014년 12월 25일 02시,목요일,인천광역시 남구 주안동,경상사고,0,0,2,0,차대차 - 기타,안전운전불이행,건조,흐림,단일로 - 기타,승용,남,19세,상해없음,승용,남,29세,경상
2014122500100085,2014년 12월 25일 03시,목요일,인천광역시 남구 학익동,중상사고,0,1,0,0,차대사람 - 기타,안전운전불이행,건조,맑음,단일로 - 기타,승용,남,26세,상해없음,보행자,남,58세,중상
2014122500100138,2014년 12월 25일 07시,목요일,인천광역시 계양구 장기동,중상사고,0,1,1,0,차대차 - 추돌 - 진행중,안전운전불이행,습기,흐림,교차로 - 교차로부근,화물,남,60세,중상,건설기계,남,42세,경상
2014122500100149,2014년 12월 25일 08시,목요일,인천광역시 남동구 구월동,경상사고,0,0,1,0,차대차 - 측면직각충돌,안전운전불이행,건조,맑음,교차로 - 교차로부근,승용,남,23세,상해없음,승용,남,49세,경상
2014122500100150,2014년 12월 25일 08시,목요일,인천광역시 연수구 송도동,중상사고,0,1,1,0,차대차 - 기타,신호위반,건조,맑음,교차로 - 교차로안,승용,여,58세,상해없음,승용,남,60세,경상
2014122500100195,2014년 12월 25일 10시,목요일,인천광역시 계양구 계산동,경상사고,0,0,1,0,차대사람 - 차도통행중,안전운전불이행,건조,맑음,단일로 - 기타,승용,남,29세,상해없음,보행자,여,26세,경상
2014122500100196,2014년 12월 25일 10시,목요일,인천광역시 계양구 계산동,경상사고,0,0,1,0,차대사람 - 보도통행중,기타,기타,맑음,단일로 - 기타,자전거,기타불명,기타불명,기타불명,보행자,여,90세 이상,경상
2014122500100205,2014년 12월 25일 11시,목요일,인천광역시 서구 연희동,경상사고,0,0,1,0,차대차 - 추돌 - 주정차중,안전거리미확보,건조,맑음,단일로 - 기타,승용,남,30세,상해없음,승용,여,43세,경상
2014122500100206,2014년 12월 25일 11시,목요일,인천광역시 계양구 장기동,중상사고,0,2,0,0,차대차 - 측면직각충돌,신호위반,건조,맑음,교차로 - 교차로안,승용,남,63세,중상,건설기계,남,45세,중상
2014122500100223,2014년 12월 25일 12시,목요일,인천광역시 남동구 수산동,경상사고,0,0,1,0,차대차 - 측면직각충돌,신호위반,건조,맑음,교차로 - 교차로안,이륜,남,17세,경상,화물,남,40세,상해없음
2014122500100331,2014년 12월 25일 16시,목요일,인천광역시 서구 신현동,경상사고,0,0,1,0,차대차 - 측면직각충돌,안전거리미확보,건조,맑음,단일로 - 기타,승합,남,47세,상해없음,승용,여,42세,경상
2014122500100383,2014년 12월 25일 18시,목요일,인천광역시 중구 신흥동3가,중상사고,0,1,0,0,차대차 - 기타,안전운전불이행,건조,맑음,단일로 - 횡단보도상,화물,남,53세,상해없음,자전거,남,68세,중상
2014122500100384,2014년 12월 25일 18시,목요일,인천광역시 남동구 간석동,부상신고사고,0,0,0,1,차대차 - 측면직각충돌,안전운전불이행,건조,맑음,교차로 - 교차로안,이륜,남,31세,부상신고,화물,남,59세,상해없음
2014122500100385,2014년 12월 25일 18시,목요일,인천광역시 남동구 간석동,부상신고사고,0,0,0,1,차대차 - 측면직각충돌,신호위반,건조,맑음,교차로 - 교차로안,승용,남,57세,상해없음,이륜,남,19세,부상신고
2014122500100419,2014년 12월 25일 19시,목요일,인천광역시 남동구 논현동,중상사고,0,1,0,0,차대사람 - 차도통행중,안전운전불이행,건조,맑음,단일로 - 기타,승합,남,49세,상해없음,보행자,남,15세,중상
2014122500100420,2014년 12월 25일 19시,목요일,인천광역시 계양구 계산동,경상사고,0,0,1,0,차대차 - 측면직각충돌,안전운전불이행,건조,맑음,단일로 - 기타,승용,남,26세,상해없음,승합,남,56세,상해없음
2014122500100421,2014년 12월 25일 19시,목요일,인천광역시 계양구 작전동,경상사고,0,0,5,0,차대차 - 측면직각충돌,신호위반,건조,맑음,교차로 - 교차로안,화물,남,54세,상해없음,승용,남,54세,경상
2014122600100015,2014년 12월 26일 00시,금요일,인천광역시 남동구 구월동,경상사고,0,0,2,0,차대차 - 기타,중앙선침범,건조,맑음,단일로 - 기타,승용,남,26세,상해없음,승용,여,45세,경상
2014122600100039,2014년 12월 26일 03시,금요일,인천광역시 남동구 구월동,경상사고,0,0,2,0,차대차 - 측면직각충돌,신호위반,건조,맑음,교차로 - 교차로안,승용,남,25세,상해없음,승용,남,33세,경상
2014122600100075,2014년 12월 26일 06시,금요일,인천광역시 남동구 수산동,경상사고,0,0,2,0,차대차 - 기타,안전운전불이행,건조,맑음,단일로 - 기타,승용,남,45세,상해없음,승용,남,57세,경상
2014122600100101,2014년 12월 26일 07시,금요일,인천광역시 중구 신흥동3가,경상사고,0,0,1,0,차대사람 - 기타,안전운전불이행,건조,흐림,단일로 - 횡단보도부근,기타불명,기타불명,기타불명,기타불명,보행자,남,29세,경상
2014122600100102,2014년 12월 26일 07시,금요일,인천광역시 계양구 용종동,중상사고,0,1,0,0,차대차 - 측면직각충돌,안전운전불이행,건조,맑음,교차로 - 교차로부근,승용,남,32세,상해없음,자전거,남,17세,중상
2014122600100150,2014년 12월 26일 08시,금요일,인천광역시 남동구 만수동,경상사고,0,0,2,0,차대차 - 기타,중앙선침범,건조,맑음,단일로 - 기타,승용,남,62세,상해없음,승합,여,52세,경상
2014122600100151,2014년 12월 26일 08시,금요일,인천광역시 서구 경서동,경상사고,0,0,1,0,차대차 - 기타,기타,건조,맑음,교차로 - 교차로부근,승용,남,41세,상해없음,이륜,남,42세,경상
2014122600100348,2014년 12월 26일 14시,금요일,인천광역시 서구 가정동,경상사고,0,0,2,0,차대차 - 기타,신호위반,건조,맑음,교차로 - 교차로부근,승합,남,65세,상해없음,승합,남,44세,상해없음
2014122600100381,2014년 12월 26일 15시,금요일,인천광역시 부평구 산곡동,경상사고,0,0,2,0,차대차 - 기타,안전운전불이행,건조,맑음,단일로 - 기타,승합,남,72세,상해없음,승용,여,39세,경상
2014122600100382,2014년 12월 26일 15시,금요일,인천광역시 서구 당하동,경상사고,0,0,1,0,차대차 - 측면직각충돌,안전운전불이행,건조,맑음,단일로 - 기타,화물,남,47세,상해없음,승용,남,29세,경상
2014122600100415,2014년 12월 26일 16시,금요일,인천광역시 부평구 삼산동,중상사고,0,1,0,0,차대사람 - 횡단중,안전운전불이행,건조,맑음,단일로 - 기타,승용,남,57세,상해없음,보행자,남,13세,중상
2014122600100455,2014년 12월 26일 17시,금요일,인천광역시 남동구 논현동,경상사고,0,0,1,0,차대차 - 추돌 - 주정차중,안전운전불이행,건조,맑음,단일로 - 기타,승용,남,53세,상해없음,승용,남,43세,경상
2014122600100456,2014년 12월 26일 17시,금요일,인천광역시 남동구 구월동,경상사고,0,0,1,0,차량단독 - 기타,안전운전불이행,건조,맑음,단일로 - 기타,승합,남,54세,상해없음,,,,
2014122600100457,2014년 12월 26일 17시,금요일,인천광역시 연수구 선학동,경상사고,0,0,1,0,차대사람 - 횡단중,안전운전불이행,건조,맑음,교차로 - 교차로안,승용,남,37세,상해없음,보행자,남,53세,경상
2014122600100458,2014년 12월 26일 17시,금요일,인천광역시 부평구 갈산동,중상사고,0,1,4,0,차대차 - 추돌 - 진행중,안전거리미확보,건조,맑음,미분류 - 미분류,승용,남,47세,상해없음,승용,남,64세,중상
2014122600100513,2014년 12월 26일 18시,금요일,인천광역시 연수구 선학동,경상사고,0,0,2,0,차대차 - 측면직각충돌,안전거리미확보,건조,맑음,단일로 - 기타,승용,남,41세,상해없음,승용,여,46세,경상
2014122600100555,2014년 12월 26일 19시,금요일,인천광역시 서구 신현동,경상사고,0,0,1,0,차대차 - 측면직각충돌,안전운전불이행,건조,맑음,단일로 - 기타,승용,남,35세,상해없음,승용,남,47세,경상
2014122600100579,2014년 12월 26일 20시,금요일,인천광역시 부평구 십정동,경상사고,0,0,2,0,차대차 - 기타,안전운전불이행,건조,맑음,단일로 - 기타,승용,남,32세,상해없음,승용,남,57세,경상
2014122600100621,2014년 12월 26일 21시,금요일,인천광역시 남구 숭의동,경상사고,0,0,1,0,차대사람 - 횡단중,신호위반,건조,맑음,단일로 - 기타,이륜,남,17세,상해없음,보행자,여,22세,경상
2014122600100622,2014년 12월 26일 21시,금요일,인천광역시 서구 연희동,중상사고,0,1,0,0,차대차 - 기타,안전거리미확보,건조,맑음,단일로 - 기타,승용,남,55세,상해없음,이륜,남,18세,중상
2014122600100678,2014년 12월 26일 22시,금요일,인천광역시 남구 주안동,중상사고,0,1,1,0,차대차 - 기타,안전운전불이행,건조,맑음,단일로 - 기타,이륜,남,26세,상해없음,승합,남,39세,상해없음
2014122600100679,2014년 12월 26일 22시,금요일,인천광역시 부평구 부평동,경상사고,0,0,2,0,차대차 - 추돌 - 진행중,안전운전불이행,건조,맑음,단일로 - 기타,승용,남,36세,상해없음,승용,남,46세,경상
2014122600100680,2014년 12월 26일 22시,금요일,인천광역시 남동구 구월동,중상사고,0,1,0,0,차대사람 - 기타,안전운전불이행,건조,맑음,교차로 - 교차로부근,승용,남,63세,상해없음,보행자,남,57세,중상
2014122600100681,2014년 12월 26일 22시,금요일,인천광역시 서구 연희동,경상사고,0,0,1,0,차대차 - 측면직각충돌,신호위반,건조,맑음,교차로 - 교차로안,승용,남,24세,상해없음,승용,남,51세,경상