사고번호,사고일시,요일,시군구,사고내용,사망자수,중상자수,경상자수,부상신고자수,사고유형,법규위반,노면상태,기상상태,도로형태,가해운전자 차종,가해운전자 성별,가해운전자 연령,가해운전자 상해정도,피해운전자 차종,피해운전자 성별,피해운전자 연령,피해운전자 상해정도
2014122600100682,2014년 12월 26일 22시,금요일,인천광역시 서구 왕길동,경상사고,0,0,3,0,차대차 - 기타,신호위반,건조,맑음,교차로 - 교차로안,승용,남,27세,상해없음,승용,남,55세,경상
2014122600100711,2014년 12월 26일 23시,금요일,인천광역시 부평구 산곡동,경상사고,0,0,1,0,차대차 - 정면충돌,안전운전불이행,건조,맑음,단일로 - 횡단보도부근,승용,남,27세,상해없음,승용,남,39세,경상
2014122600100712,2014년 12월 26일 23시,금요일,인천광역시 남동구 구월동,중상사고,0,2,0,0,차대차 - 추돌 - 주정차중,안전운전불이행,건조,맑음,교차로 - 교차로부근,승용,남,40세,상해없음,승용,남,50세,중상
2014122600100713,2014년 12월 26일 23시,금요일,인천광역시 남동구 간석동,경상사고,0,0,3,0,차대차 - 측면직각충돌,교차로운행방법위반,건조,맑음,교차로 - 교차로부근,화물,남,52세,상해없음,승용,남,22세,경상
2014122600100714,2014년 12월 26일 23시,금요일,인천광역시 서구 심곡동,경상사고,0,0,1,0,차대차 - 기타,안전운전불이행,기타,기타,단일로 - 기타,승합,남,44세,상해없음,승용,여,47세,경상
2014122700100029,2014년 12월 27일 00시,토요일,인천광역시 남구 용현동,중상사고,0,1,2,0,차대차 - 추돌 - 진행중,안전운전불이행,건조,맑음,교차로 - 교차로부근,승용,남,27세,상해없음,승용,남,62세,경상
2014122700100030,2014년 12월 27일 00시,토요일,인천광역시 서구 공촌동,경상사고,0,0,2,0,차대차 - 추돌 - 주정차중,안전운전불이행,습기,맑음,교차로 - 교차로안,승용,남,59세,상해없음,승용,남,46세,경상
2014122700100082,2014년 12월 27일 02시,토요일,인천광역시 계양구 계산동,중상사고,0,1,0,0,차대사람 - 횡단중,안전운전불이행,건조,맑음,단일로 - 횡단보도상,승용,남,52세,상해없음,보행자,남,44세,중상
2014122700100083,2014년 12월 27일 02시,토요일,인천광역시 연수구 옥련동,경상사고,0,0,1,0,차대차 - 기타,안전운전불이행,건조,맑음,단일로 - 기타,승용,남,41세,상해없음,승용,남,50세,경상
2014122700100095,2014년 12월 27일 03시,토요일,인천광역시 연수구 옥련동,중상사고,0,1,0,0,차대사람 - 기타,안전운전불이행,건조,맑음,단일로 - 기타,승용,남,34세,상해없음,보행자,여,21세,중상
2014122700100096,2014년 12월 27일 03시,토요일,인천광역시 남구 학익동,중상사고,0,1,0,1,차대차 - 기타,중앙선침범,건조,맑음,단일로 - 기타,승용,여,43세,상해없음,승용,남,55세,중상
2014122700100119,2014년 12월 27일 05시,토요일,인천광역시 남동구 구월동,경상사고,0,0,2,0,차대차 - 추돌 - 주정차중,안전운전불이행,건조,맑음,교차로 - 교차로부근,승용,남,40세,상해없음,승용,남,56세,경상
2014122700100137,2014년 12월 27일 06시,토요일,인천광역시 남구 주안동,경상사고,0,0,2,0,차대차 - 추돌 - 진행중,안전운전불이행,건조,맑음,교차로 - 교차로부근,승용,여,39세,상해없음,승용,남,50세,경상
2014122700100138,2014년 12월 27일 06시,토요일,인천광역시 남동구 구월동,중상사고,0,1,0,0,차대차 - 측면직각충돌,교차로운행방법위반,건조,맑음,교차로 - 교차로안,건설기계,남,47세,상해없음,이륜,남,45세,중상
2014122700100200,2014년 12월 27일 09시,토요일,인천광역시 부평구 산곡동,경상사고,0,0,5,2,차대차 - 기타,교차로운행방법위반,건조,맑음,교차로 - 교차로안,승용,여,60세,상해없음,승용,남,56세,경상
2014122700100201,2014년 12월 27일 09시,토요일,인천광역시 서구 마전동,경상사고,0,0,1,0,차대사람 - 횡단중,중앙선침범,건조,맑음,교차로 - 교차로부근,승용,남,56세,상해없음,보행자,남,60세,경상
2014122700100221,2014년 12월 27일 10시,토요일,인천광역시 부평구 부평동,중상사고,0,1,0,0,차대사람 - 기타,안전운전불이행,건조,맑음,단일로 - 기타,승합,남,48세,상해없음,보행자,남,79세,중상
2014122700100222,2014년 12월 27일 10시,토요일,인천광역시 연수구 송도동,경상사고,0,0,1,0,차대차 - 기타,불법유턴,건조,맑음,단일로 - 기타,승용,남,53세,상해없음,승용,남,29세,경상
2014122700100274,2014년 12월 27일 12시,토요일,인천광역시 연수구 옥련동,경상사고,0,0,1,0,차대사람 - 기타,안전운전불이행,건조,맑음,단일로 - 기타,승용,남,40세,상해없음,보행자,여,19세,경상
2014122700100326,2014년 12월 27일 14시,토요일,인천광역시 남동구 만수동,부상신고사고,0,0,0,1,차대차 - 기타,교차로운행방법위반,건조,맑음,교차로 - 교차로안,원동기,남,18세,부상신고,승용,남,49세,상해없음
2014122700100327,2014년 12월 27일 14시,토요일,인천광역시 계양구 작전동,경상사고,0,0,5,0,차대차 - 측면직각충돌,차로위반,건조,맑음,교차로 - 교차로안,승합,남,61세,상해없음,승용,여,38세,경상
2014122700100355,2014년 12월 27일 15시,토요일,인천광역시 동구 송현동,중상사고,0,1,0,0,차대차 - 추돌 - 진행중,안전운전불이행,건조,맑음,단일로 - 기타,화물,남,49세,상해없음,자전거,남,36세,중상
2014122700100420,2014년 12월 27일 17시,토요일,인천광역시 남구 주안동,경상사고,0,0,1,0,차대차 - 기타,중앙선침범,건조,맑음,단일로 - 기타,승용,남,48세,상해없음,이륜,남,38세,경상
2014122700100421,2014년 12월 27일 17시,토요일,인천광역시 남동구 구월동,경상사고,0,0,1,0,차대차 - 측면직각충돌,신호위반,건조,맑음,교차로 - 교차로안,승용,여,55세,상해없음,승용,남,54세,상해없음
2014122700100422,2014년 12월 27일 17시,토요일,인천광역시 남동구 논현동,경상사고,0,0,3,0,차대차 - 추돌 - 주정차중,안전운전불이행,건조,맑음,단일로 - 기타,승용,남,51세,상해없음,승용,남,39세,경상
2014122700100497,2014년 12월 27일 19시,토요일,인천광역시 계양구 용종동,경상사고,0,0,1,0,차대차 - 측면직각충돌,안전거리미확보,건조,맑음,교차로 - 교차로안,승용,남,35세,기타불명,승용,여,40세,경상
2014122700100555,2014년 12월 27일 21시,토요일,인천광역시 부평구 청천동,중상사고,0,1,0,0,차대사람 - 횡단중,신호위반,건조,맑음,교차로 - 교차로안,승용,남,68세,상해없음,보행자,남,26세,중상
2014122800100025,2014년 12월 28일 00시,일요일,인천광역시 부평구 구산동,부상신고사고,0,0,0,1,차대차 - 기타,안전운전불이행,건조,맑음,단일로 - 기타,승용,남,31세,상해없음,승용,남,31세,부상신고
2014122800100026,2014년 12월 28일 00시,일요일,인천광역시 남동구 구월동,경상사고,0,0,1,0,차량단독 - 공작물충돌,안전운전불이행,건조,맑음,단일로 - 기타,승용,남,62세,상해없음,,,,
2014122800100027,2014년 12월 28일 00시,일요일,인천광역시 남동구 만수동,중상사고,0,1,1,0,차대사람 - 차도통행중,안전운전불이행,건조,맑음,교차로 - 교차로부근,승용,남,58세,상해없음,보행자,남,31세,중상
2014122800100028,2014년 12월 28일 00시,일요일,인천광역시 남동구 만수동,경상사고,0,0,2,0,차대차 - 측면직각충돌,신호위반,건조,맑음,교차로 - 교차로안,승용,남,76세,상해없음,승용,남,57세,경상
2014122800100058,2014년 12월 28일 01시,일요일,인천광역시 부평구 부평동,경상사고,0,0,1,0,차대사람 - 기타,안전운전불이행,건조,맑음,단일로 - 기타,승용,남,55세,상해없음,보행자,남,27세,경상
2014122800100100,2014년 12월 28일 04시,일요일,인천광역시 부평구 십정동,경상사고,0,0,1,0,차량단독 - 공작물충돌,안전운전불이행,결빙,안개,단일로 - 기타,승용,남,48세,상해없음,,,,
2014122800100101,2014년 12월 28일 04시,일요일,인천광역시 연수구 송도동,사망사고,1,0,0,0,차량단독 - 공작물충돌,안전운전불이행,습기,맑음,단일로 - 기타,승용,남,29세,사망,,,,
2014122800100110,2014년 12월 28일 05시,일요일,인천광역시 중구 운북동,경상사고,0,0,1,0,차량단독 - 도로외이탈 - 기타,안전운전불이행,건조,맑음,단일로 - 기타,승용,남,49세,상해없음,,,,
2014122800100132,2014년 12월 28일 07시,일요일,인천광역시 남동구 만수동,부상신고사고,0,0,0,1,차대차 - 기타,안전거리미확보,건조,맑음,단일로 - 기타,이륜,남,31세,부상신고,화물,남,48세,상해없음
2014122800100155,2014년 12월 28일 09시,일요일,인천광역시 서구 가정동,경상사고,0,0,2,0,차대차 - 기타,안전운전불이행,건조,흐림,교차로 - 교차로부근,승합,남,56세,상해없음,승용,여,33세,경상
2014122800100179,2014년 12월 28일 10시,일요일,인천광역시 연수구 동춘동,경상사고,0,0,1,0,차량단독 - 기타,안전운전불이행,건조,맑음,교차로 - 교차로부근,승합,남,44세,상해없음,,,,
2014122800100180,2014년 12월 28일 10시,일요일,인천광역시 부평구 부개동,중상사고,0,1,0,0,차대차 - 측면직각충돌,안전운전불이행,건조,흐림,단일로 - 기타,승용,남,58세,상해없음,승합,남,52세,상해없음
2014122800100272,2014년 12월 28일 15시,일요일,인천광역시 부평구 청천동,경상사고,0,0,1,0,차대차 - 측면직각충돌,안전운전불이행,건조,맑음,단일로 - 기타,승용,남,60세,상해없음,승용,남,29세,경상
2014122800100273,2014년 12월 28일 15시,일요일,인천광역시 남동구 만수동,부상신고사고,0,0,0,1,차량단독 - 기타,안전운전불이행,건조,맑음,단일로 - 기타,승합,남,53세,상해없음,,,,
2014122800100360,2014년 12월 28일 18시,일요일,인천광역시 남동구 만수동,중상사고,0,1,0,0,차대사람 - 기타,안전운전불이행,건조,맑음,단일로 - 기타,승용,여,38세,상해없음,보행자,여,45세,중상
2014122800100396,2014년 12월 28일 19시,일요일,인천광역시 남동구 구월동,경상사고,0,0,1,0,차대차 - 기타,안전운전불이행,건조,맑음,단일로 - 기타,승용,남,49세,상해없음,이륜,남,19세,경상
2014122800100415,2014년 12월 28일 20시,일요일,인천광역시 남동구 논현동,중상사고,0,1,6,0,차대차 - 추돌 - 주정차중,안전운전불이행,건조,맑음,단일로 - 기타,승용,남,50세,상해없음,승용,남,24세,경상
2014122800100416,2014년 12월 28일 20시,일요일,인천광역시 남동구 만수동,중상사고,0,1,0,0,차대차 - 정면충돌,안전운전불이행,건조,맑음,교차로 - 교차로부근,승용,남,29세,상해없음,승용,남,33세,중상
2014122800100417,2014년 12월 28일 20시,일요일,인천광역시 연수구 연수동,경상사고,0,0,2,0,차대사람 - 횡단중,안전운전불이행,건조,맑음,단일로 - 기타,이륜,남,41세,경상,보행자,남,25세,경상
2014122800100418,2014년 12월 28일 20시,일요일,인천광역시 연수구 옥련동,경상사고,0,0,1,0,차대차 - 측면직각충돌,신호위반,건조,맑음,교차로 - 교차로안,승용,남,62세,상해없음,승용,남,25세,경상
2014122800100445,2014년 12월 28일 21시,일요일,인천광역시 부평구 산곡동,경상사고,0,0,1,0,차대사람 - 기타,안전운전불이행,건조,맑음,단일로 - 기타,승용,남,56세,상해없음,보행자,남,16세,경상
2014122800100446,2014년 12월 28일 21시,일요일,인천광역시 연수구 연수동,중상사고,0,1,0,0,차대차 - 측면직각충돌,중앙선침범,건조,맑음,단일로 - 기타,승용,남,44세,상해없음,이륜,남,20세,중상
2014122800100469,2014년 12월 28일 22시,일요일,인천광역시 남구 용현동,경상사고,0,0,1,0,차대차 - 기타,안전운전불이행,건조,맑음,단일로 - 기타,승용,남,34세,상해없음,이륜,남,33세,경상
2014122800100470,2014년 12월 28일 22시,일요일,인천광역시 남동구 구월동,경상사고,0,0,3,0,차대차 - 측면직각충돌,차로위반,건조,맑음,교차로 - 교차로부근,승용,여,37세,상해없음,승용,남,32세,경상
2014122800100471,2014년 12월 28일 22시,일요일,인천광역시 계양구 효성동,경상사고,0,0,4,0,차대차 - 측면직각충돌,신호위반,건조,맑음,교차로 - 교차로안,승합,남,55세,상해없음,승용,남,55세,상해없음
2014122800100486,2014년 12월 28일 23시,일요일,인천광역시 부평구 구산동,경상사고,0,0,1,0,차대차 - 추돌 - 주정차중,안전운전불이행,건조,맑음,단일로 - 기타,승용,남,34세,상해없음,승합,남,41세,경상
2014122900100030,2014년 12월 29일 01시,월요일,인천광역시 서구 공촌동,경상사고,0,0,2,0,차대차 - 추돌 - 진행중,안전운전불이행,건조,맑음,단일로 - 기타,승용,남,52세,상해없음,화물,남,31세,경상
2014122900100041,2014년 12월 29일 04시,월요일,인천광역시 계양구 오류동,중상사고,0,1,0,0,차량단독 - 공작물충돌,안전운전불이행,건조,맑음,단일로 - 기타,승용,남,29세,상해없음,,,,
2014122900100163,2014년 12월 29일 09시,월요일,인천광역시 부평구 청천동,경상사고,0,0,2,0,차대차 - 측면직각충돌,신호위반,건조,맑음,교차로 - 교차로안,승용,남,54세,상해없음,승용,남,45세,경상
2014122900100222,2014년 12월 29일 11시,월요일,인천광역시 계양구 계산동,경상사고,0,0,1,0,차대차 - 추돌 - 주정차중,안전운전불이행,건조,맑음,단일로 - 기타,건설기계,남,60세,상해없음,화물,남,56세,경상
2014122900100267,2014년 12월 29일 13시,월요일,인천광역시 남동구 만수동,중상사고,0,3,0,0,차대차 - 측면직각충돌,신호위반,건조,맑음,교차로 - 교차로안,승용,남,71세,상해없음,승용,여,53세,중상
2014122900100400,2014년 12월 29일 17시,월요일,인천광역시 연수구 송도동,중상사고,0,1,1,0,차대차 - 측면직각충돌,안전운전불이행,건조,맑음,교차로 - 교차로안,승용,남,32세,상해없음,승용,여,26세,경상
2014122900100508,2014년 12월 29일 19시,월요일,인천광역시 남구 도화동,경상사고,0,0,1,0,차대사람 - 기타,안전운전불이행,건조,맑음,단일로 - 기타,승용,남,55세,상해없음,보행자,여,22세,경상
2014122900100549,2014년 12월 29일 20시,월요일,인천광역시 서구 석남동,경상사고,0,0,1,0,차대차 - 측면직각충돌,안전운전불이행,건조,맑음,교차로 - 교차로안,승용,여,51세,상해없음,이륜,남,27세,경상
2014122900100592,2014년 12월 29일 21시,월요일,인천광역시 남구 학익동,경상사고,0,0,1,0,차대차 - 추돌 - 주정차중,안전운전불이행,건조,맑음,기타 - 기타,승용,남,60세,상해없음,승용,남,61세,경상
2014122900100624,2014년 12월 29일 22시,월요일,인천광역시 남동구 논현동,중상사고,0,1,0,0,차대차 - 기타,안전운전불이행,건조,맑음,교차로 - 교차로부근,승용,남,53세,상해없음,이륜,남,43세,중상
2014122900100625,2014년 12월 29일 22시,월요일,인천광역시 계양구 동양동,중상사고,0,1,0,0,차대차 - 측면직각충돌,중앙선침범,건조,맑음,단일로 - 기타,승용,남,38세,상해없음,승용,남,42세,중상
2014122900100667,2014년 12월 29일 23시,월요일,인천광역시 중구 신흥동3가,중상사고,0,1,1,0,차대차 - 추돌 - 진행중,안전거리미확보,건조,맑음,교차로 - 교차로부근,승용,남,62세,상해없음,승용,남,44세,경상
2014122900100668,2014년 12월 29일 23시,월요일,인천광역시 남동구 간석동,경상사고,0,0,1,0,차대차 - 측면직각충돌,안전운전불이행,건조,맑음,교차로 - 교차로안,승용,남,40세,상해없음,승용,남,47세,상해없음
2014122900100669,2014년 12월 29일 23시,월요일,인천광역시 계양구 계산동,중상사고,0,2,1,0,차대차 - 기타,중앙선침범,건조,맑음,단일로 - 기타,승용,남,21세,상해없음,승용,남,48세,경상
2014123000100017,2014년 12월 30일 00시,화요일,인천광역시 남구 학익동,경상사고,0,0,1,0,차대사람 - 기타,안전운전불이행,건조,맑음,교차로 - 교차로안,승합,남,61세,상해없음,보행자,여,49세,경상
2014123000100018,2014년 12월 30일 00시,화요일,인천광역시 부평구 청천동,경상사고,0,0,2,0,차대차 - 측면직각충돌,차로위반,건조,맑음,단일로 - 기타,승용,남,62세,상해없음,원동기,남,17세,경상
2014123000100019,2014년 12월 30일 00시,화요일,인천광역시 부평구 부개동,중상사고,0,2,3,0,차대차 - 추돌 - 주정차중,안전운전불이행,건조,맑음,단일로 - 기타,화물,남,63세,상해없음,승용,남,41세,중상
2014123000100040,2014년 12월 30일 01시,화요일,인천광역시 남동구 간석동,경상사고,0,0,1,0,차대차 - 측면직각충돌,안전거리미확보,건조,맑음,단일로 - 기타,승용,남,52세,상해없음,이륜,남,21세,경상
2014123000100041,2014년 12월 30일 01시,화요일,인천광역시 계양구 작전동,중상사고,0,1,1,0,차대차 - 기타,신호위반,건조,맑음,교차로 - 교차로안,승용,남,56세,상해없음,승용,남,66세,경상
2014123000100062,2014년 12월 30일 02시,화요일,인천광역시 서구 가정동,경상사고,0,0,1,0,차대차 - 추돌 - 진행중,안전운전불이행,건조,맑음,단일로 - 기타,승용,남,26세,상해없음,승용,남,37세,경상
2014123000100074,2014년 12월 30일 03시,화요일,인천광역시 부평구 청천동,경상사고,0,0,1,0,차대차 - 측면직각충돌,신호위반,건조,맑음,교차로 - 교차로안,승용,남,41세,상해없음,승용,남,52세,경상
2014123000100087,2014년 12월 30일 04시,화요일,인천광역시 남동구 만수동,경상사고,0,0,1,0,차대사람 - 기타,안전운전불이행,건조,맑음,교차로 - 교차로안,승용,남,58세,상해없음,보행자,여,28세,경상
2014123000100100,2014년 12월 30일 05시,화요일,인천광역시 남동구 구월동,중상사고,0,1,0,0,차대사람 - 횡단중,안전운전불이행,건조,맑음,교차로 - 교차로안,승용,남,70세,상해없음,보행자,남,32세,중상
2014123000100118,2014년 12월 30일 06시,화요일,인천광역시 남동구 구월동,중상사고,0,1,0,0,차대사람 - 기타,보행자보호의무위반,건조,맑음,단일로 - 횡단보도상,승용,여,27세,상해없음,보행자,남,49세,중상
2014123000100119,2014년 12월 30일 06시,화요일,인천광역시 서구 신현동,경상사고,0,0,1,0,차대사람 - 기타,보행자보호의무위반,건조,흐림,교차로 - 교차로부근,승용,남,56세,상해없음,보행자,남,64세,경상
2014123000100145,2014년 12월 30일 07시,화요일,인천광역시 계양구 용종동,중상사고,0,2,1,0,차대차 - 추돌 - 주정차중,안전운전불이행,습기,맑음,단일로 - 기타,승용,남,30세,상해없음,승용,남,33세,중상
2014123000100179,2014년 12월 30일 08시,화요일,인천광역시 남구 용현동,경상사고,0,0,1,0,차대차 - 기타,안전거리미확보,건조,맑음,교차로 - 교차로부근,승용,여,30세,상해없음,승용,여,39세,경상
2014123000100282,2014년 12월 30일 11시,화요일,인천광역시 계양구 계산동,중상사고,0,1,2,0,차대차 - 측면직각충돌,신호위반,건조,맑음,교차로 - 교차로안,승용,남,53세,상해없음,승합,남,53세,경상
2014123000100317,2014년 12월 30일 12시,화요일,인천광역시 계양구 계산동,경상사고,0,0,1,0,차대사람 - 차도통행중,안전운전불이행,건조,맑음,단일로 - 기타,승용,남,56세,상해없음,보행자,남,51세,경상
2014123000100426,2014년 12월 30일 15시,화요일,인천광역시 남동구 간석동,경상사고,0,0,1,0,차대차 - 기타,안전거리미확보,건조,맑음,단일로 - 기타,화물,남,30세,상해없음,승용,남,58세,상해없음
2014123000100453,2014년 12월 30일 16시,화요일,인천광역시 남구 도화동,경상사고,0,0,3,0,차대사람 - 횡단중,신호위반,건조,맑음,교차로 - 교차로부근,화물,여,59세,상해없음,보행자,여,74세,경상
2014123000100497,2014년 12월 30일 17시,화요일,인천광역시 남구 주안동,중상사고,0,1,0,0,차대사람 - 횡단중,안전운전불이행,건조,맑음,교차로 - 교차로부근,승용,남,47세,상해없음,보행자,남,14세,중상
2014123000100548,2014년 12월 30일 18시,화요일,인천광역시 중구 신흥동2가,중상사고,0,1,0,0,차대차 - 기타,안전거리미확보,건조,맑음,교차로 - 교차로부근,승용,남,74세,상해없음,이륜,남,71세,중상
2014123000100582,2014년 12월 30일 19시,화요일,인천광역시 남구 숭의동,중상사고,0,1,0,0,차대차 - 기타,안전거리미확보,건조,맑음,단일로 - 기타,건설기계,남,44세,상해없음,승용,남,48세,중상
2014123000100584,2014년 12월 30일 19시,화요일,인천광역시 연수구 청학동,중상사고,0,1,0,0,차대사람 - 횡단중,보행자보호의무위반,건조,맑음,교차로 - 교차로부근,화물,남,31세,상해없음,보행자,여,54세,중상
2014123000100628,2014년 12월 30일 20시,화요일,인천광역시 남구 주안동,경상사고,0,0,3,0,차대사람 - 횡단중,안전운전불이행,건조,맑음,단일로 - 기타,화물,남,60세,상해없음,보행자,여,45세,경상
2014123000100660,2014년 12월 30일 21시,화요일,인천광역시 연수구 연수동,중상사고,0,1,3,0,차대차 - 기타,중앙선침범,건조,맑음,교차로 - 교차로부근,승용,남,52세,상해없음,승용,남,64세,경상
2014123000100693,2014년 12월 30일 22시,화요일,인천광역시 중구 송월동1가,경상사고,0,0,1,0,차대사람 - 길가장자리구역통행중,안전운전불이행,건조,맑음,단일로 - 기타,승용,여,55세,상해없음,보행자,남,52세,경상
2014123000100694,2014년 12월 30일 22시,화요일,인천광역시 중구 사동,경상사고,0,0,1,0,차대차 - 추돌 - 진행중,안전운전불이행,건조,흐림,교차로 - 교차로부근,화물,남,46세,상해없음,승용,남,39세,경상
2014123000100695,2014년 12월 30일 22시,화요일,인천광역시 부평구 청천동,중상사고,0,1,0,0,차대사람 - 기타,안전운전불이행,건조,맑음,단일로 - 기타,화물,남,45세,상해없음,보행자,여,54세,중상
2014123000100696,2014년 12월 30일 22시,화요일,인천광역시 남동구 간석동,경상사고,0,0,3,0,차대차 - 추돌 - 주정차중,안전운전불이행,건조,맑음,교차로 - 교차로안,승용,남,30세,상해없음,승용,남,55세,경상
2014123000100697,2014년 12월 30일 22시,화요일,인천광역시 남동구 구월동,중상사고,0,1,0,0,차대사람 - 횡단중,보행자보호의무위반,건조,맑음,단일로 - 기타,기타불명,기타불명,기타불명,기타불명,보행자,여,79세,중상
2014123000100698,2014년 12월 30일 22시,화요일,인천광역시 서구 석남동,경상사고,0,0,1,0,차대차 - 기타,신호위반,건조,맑음,단일로 - 기타,승용,남,54세,상해없음,승용,남,36세,경상
2014123000100699,2014년 12월 30일 22시,화요일,인천광역시 연수구 옥련동,경상사고,0,0,1,0,차대차 - 기타,안전운전불이행,건조,맑음,단일로 - 기타,승용,남,34세,상해없음,승합,남,57세,경상
2014123000100734,2014년 12월 30일 23시,화요일,인천광역시 남구 학익동,경상사고,0,0,1,0,차대차 - 추돌 - 진행중,안전거리미확보,건조,맑음,교차로 - 교차로부근,승용,남,54세,상해없음,승용,남,60세,경상
2014123000100735,2014년 12월 30일 23시,화요일,인천광역시 남동구 구월동,경상사고,0,0,3,0,차대차 - 측면직각충돌,안전운전불이행,건조,맑음,교차로 - 교차로부근,승용,남,50세,상해없음,승용,여,43세,경상
2014123000100736,2014년 12월 30일 23시,화요일,인천광역시 서구 연희동,경상사고,0,0,1,0,차대차 - 추돌 - 진행중,안전거리미확보,건조,맑음,단일로 - 기타,승용,남,43세,상해없음,승용,남,39세,경상
2014123000100737,2014년 12월 30일 23시,화요일,인천광역시 연수구 옥련동,경상사고,0,0,2,0,차대차 - 기타,안전운전불이행,습기,흐림,교차로 - 교차로부근,승용,남,22세,상해없음,승용,남,56세,경상
2014123000100738,2014년 12월 30일 23시,화요일,인천광역시 연수구 선학동,중상사고,0,1,0,0,차대차 - 기타,안전운전불이행,건조,맑음,단일로 - 기타,승용,남,51세,상해없음,승용,남,58세,중상
2014123100100046,2014년 12월 31일 01시,수요일,인천광역시 남구 문학동,경상사고,0,0,1,0,차대차 - 측면직각충돌,신호위반,건조,맑음,교차로 - 교차로부근,승용,남,41세,상해없음,이륜,남,37세,경상
2014123100100047,2014년 12월 31일 01시,수요일,인천광역시 계양구 효성동,경상사고,0,0,3,0,차대차 - 측면직각충돌,신호위반,건조,맑음,교차로 - 교차로안,승용,여,48세,상해없음,승용,남,52세,경상
2014123100100048,2014년 12월 31일 01시,수요일,인천광역시 계양구 계산동,경상사고,0,0,1,0,차대차 - 측면직각충돌,신호위반,건조,맑음,교차로 - 교차로안,특수,남,43세,상해없음,승용,남,67세,경상
2014123100100073,2014년 12월 31일 03시,수요일,인천광역시 계양구 효성동,경상사고,0,0,1,0,차대차 - 측면직각충돌,신호위반,건조,맑음,교차로 - 교차로안,승용,남,55세,상해없음,승용,남,50세,경상
2014123100100121,2014년 12월 31일 07시,수요일,인천광역시 남동구 만수동,경상사고,0,0,1,0,차대차 - 추돌 - 주정차중,안전운전불이행,습기,눈,교차로 - 교차로부근,승합,남,45세,상해없음,승용,여,48세,경상
2014123100100149,2014년 12월 31일 08시,수요일,인천광역시 연수구 연수동,중상사고,0,1,0,0,차대사람 - 횡단중,보행자보호의무위반,건조,맑음,단일로 - 횡단보도상,승합,남,56세,상해없음,보행자,여,27세,중상
2014123100100150,2014년 12월 31일 08시,수요일,인천광역시 부평구 부평동,중상사고,0,1,0,0,차대사람 - 횡단중,안전운전불이행,건조,맑음,기타 - 기타,화물,남,42세,상해없음,보행자,여,29세,중상
2014123100100218,2014년 12월 31일 10시,수요일,인천광역시 남동구 구월동,중상사고,0,1,0,0,차대사람 - 길가장자리구역통행중,안전운전불이행,건조,맑음,기타 - 기타,화물,남,41세,상해없음,보행자,여,86세,중상
2014123100100260,2014년 12월 31일 12시,수요일,인천광역시 동구 송현동,중상사고,0,1,0,0,차대사람 - 횡단중,안전운전불이행,건조,맑음,교차로 - 교차로부근,화물,남,32세,상해없음,보행자,여,23세,중상
2014123100100261,2014년 12월 31일 12시,수요일,인천광역시 남구 주안동,중상사고,0,1,1,0,차대사람 - 횡단중,신호위반,건조,맑음,단일로 - 기타,승용,여,58세,상해없음,보행자,여,19세,경상
2014123100100357,2014년 12월 31일 15시,수요일,인천광역시 서구 가좌동,중상사고,0,1,0,0,차대사람 - 기타,안전운전불이행,건조,맑음,단일로 - 기타,승합,남,71세,상해없음,보행자,남,52세,중상
2014123100100392,2014년 12월 31일 16시,수요일,인천광역시 서구 석남동,중상사고,0,1,0,0,차대차 - 기타,안전운전불이행,건조,맑음,교차로 - 교차로안,화물,남,57세,상해없음,원동기,남,22세,중상
2014123100100393,2014년 12월 31일 16시,수요일,인천광역시 서구 공촌동,중상사고,0,1,0,0,차대차 - 기타,안전운전불이행,기타,맑음,단일로 - 기타,승용,기타불명,기타불명,기타불명,승용,여,27세,중상
2014123100100432,2014년 12월 31일 17시,수요일,인천광역시 남구 숭의동,경상사고,0,0,3,0,차대차 - 추돌 - 진행중,안전운전불이행,건조,맑음,교차로 - 교차로안,승용,남,50세,상해없음,승용,남,28세,경상
2014123100100484,2014년 12월 31일 18시,수요일,인천광역시 남동구 만수동,중상사고,0,1,0,0,차대사람 - 기타,안전운전불이행,건조,맑음,교차로 - 교차로부근,승합,남,62세,상해없음,보행자,여,62세,중상
2014123100100585,2014년 12월 31일 20시,수요일,인천광역시 중구 율목동,경상사고,0,0,1,0,차대사람 - 기타,안전운전불이행,건조,맑음,단일로 - 기타,승용,남,45세,상해없음,보행자,남,54세,경상
2014123100100586,2014년 12월 31일 20시,수요일,인천광역시 계양구 계산동,경상사고,0,0,2,0,차대차 - 추돌 - 진행중,안전거리미확보,건조,맑음,단일로 - 기타,승용,남,32세,상해없음,승용,남,34세,경상
2014123100100648,2014년 12월 31일 22시,수요일,인천광역시 남구 용현동,중상사고,0,1,0,0,차대사람 - 횡단중,안전운전불이행,건조,맑음,단일로 - 기타,원동기,남,16세,상해없음,보행자,여,53세,중상
2014123100100649,2014년 12월 31일 22시,수요일,인천광역시 남구 주안동,경상사고,0,0,1,0,차대사람 - 기타,안전운전불이행,건조,맑음,단일로 - 기타,승용,남,31세,상해없음,보행자,남,43세,경상
2014123100100683,2014년 12월 31일 23시,수요일,인천광역시 서구 석남동,경상사고,0,0,1,0,차대차 - 기타,안전운전불이행,건조,맑음,교차로 - 교차로부근,기타불명,기타불명,기타불명,기타불명,승용,남,26세,경상